strategy_id,strategy_code,strategy,description,transformation_specification,baseline_strategy_id
0,BASE,Strategy TX:BASE,,TX:BASE,1
6003,PFLO:NDC_2,NDC 2.0 (2020  Start) tuned manually,NDC with start date of 2020; reflects original specification of NDC 2.0. Customized for better alignment with `UGA mapping NDC with other gov documents 2025_01_10_amp`,TX:AGRC:INC_CONSERVATION_AGRICULTURE_STRATEGY_NDC_2|TX:AGRC:INC_PRODUCTIVITY_STRATEGY_NDC_2|TX:ENTC:DEC_LOSSES_STRATEGY_NDC_2|TX:ENTC:TARGET_RENEWABLE_ELEC_STRATEGY_NDC_2|TX:FRST:INCREASE_SEQUESTRATION_NDC_2|TX:INEN:INC_EFFICIENCY_ENERGY_STRATEGY_NDC_2|TX:INEN:SHIFT_FUEL_HEAT_STRATEGY_NDC_2|TX:IPPU:DEC_CLINKER_STRATEGY_NDC_2|TX:IPPU:DEC_HFCS_STRATEGY_NDC_2|TX:LNDU:DEC_DEFORESTATION_STRATEGY_NDC_2|TX:LNDU:DEC_WETLAND_LOSS_NDC_2|TX:LNDU:INC_REFORESTATION_STRATEGY_NDC_2|TX:LNDU:INC_SILVOPASTURE_NDC_2|TX:LNDU:SET_FORESTS_SECONDARY_MAX_NDC_2|TX:LNDU:SET_WETLANDS_MINIMUM_NDC_2|TX:LVST:DEC_ENTERIC_FERMENTATION_STRATEGY_NDC_2|TX:LVST:INC_PRODUCTIVITY_STRATEGY_NDC_2|TX:SCOE:DEC_DEMAND_HEAT_STRATEGY_NDC_2|TX:SCOE:INC_EFFICIENCY_APPLIANCE_STRATEGY_NDC_2|TX:SCOE:INC_EFFICIENCY_HEAT_NDC_2|TX:SCOE:SHIFT_FUEL_HEAT_STRATEGY_NDC_2|TX:SCOE:SHIFT_FUEL_HEAT_STRATEGY_NDC_2_HGL|TX:TRNS:INC_EFFICIENCY_NON_ELECTRIC_STRATEGY_NDC_2|TX:TRNS:SHIFT_FUEL_LIGHT_DUTY_ALT_FUELS_NDC_2|TX:TRNS:SHIFT_FUEL_MEDIUM_DUTY_STRATEGY_NDC_2|TX:TRNS:SHIFT_FUEL_POWERED_BIKES_STRATEGY_NDC_2|TX:TRNS:SHIFT_FUEL_RAIL_STRATEGY_NDC_2|TX:TRNS:SHIFT_MODE_FREIGHT_STRATEGY_NDC_2|TX:TRNS:SHIFT_MODE_PASSENGER_STRATEGY_NDC_2|TX:TRWW:INC_COMPLIANCE_SEPTIC_STRATEGY_NDC_2|TX:WALI:INC_TREATMENT_INDUSTRIAL_STRATEGY_NDC_2|TX:WALI:INC_TREATMENT_RURAL_STRATEGY_NDC_2|TX:WALI:INC_TREATMENT_URBAN_STRATEGY_NDC_2|TX:WASO:DEC_CONSUMER_FOOD_WASTE_STRATEGY_NDC_2|TX:WASO:INC_ANAEROBIC_AND_COMPOST_STRATEGY_NDC_2|TX:WASO:INC_CAPTURE_BIOGAS_STRATEGY_NDC_2|TX:WASO:INC_LANDFILLING_STRATEGY_NDC_2|TX:WASO:INC_RECYCLING_STRATEGY_NDC_2,0
6004,PFLO:NDC_25,NDC 2.0 with a 2025 start tuned manually,see name,TX:AGRC:INC_CONSERVATION_AGRICULTURE_STRATEGY_NDC_25|TX:AGRC:INC_PRODUCTIVITY_STRATEGY_NDC_25|TX:ENTC:DEC_LOSSES_STRATEGY_NDC_25|TX:ENTC:TARGET_RENEWABLE_ELEC_STRATEGY_NDC_25|TX:FRST:INCREASE_SEQUESTRATION_NDC_25|TX:INEN:INC_EFFICIENCY_ENERGY_STRATEGY_NDC_25|TX:INEN:SHIFT_FUEL_HEAT_STRATEGY_NDC_25|TX:IPPU:DEC_CLINKER_STRATEGY_NDC_25|TX:IPPU:DEC_HFCS_STRATEGY_NDC_25|TX:LNDU:DEC_DEFORESTATION_STRATEGY_NDC_25|TX:LNDU:DEC_WETLAND_LOSS_NDC_25|TX:LNDU:INC_REFORESTATION_STRATEGY_NDC_25|TX:LNDU:INC_SILVOPASTURE_NDC_25|TX:LNDU:SET_FORESTS_SECONDARY_MAX_NDC_25|TX:LNDU:SET_WETLANDS_MINIMUM_NDC_25|TX:LVST:DEC_ENTERIC_FERMENTATION_STRATEGY_NDC_25|TX:LVST:INC_PRODUCTIVITY_STRATEGY_NDC_25|TX:SCOE:DEC_DEMAND_HEAT_STRATEGY_NDC_25|TX:SCOE:INC_EFFICIENCY_APPLIANCE_STRATEGY_NDC_25|TX:SCOE:INC_EFFICIENCY_HEAT_NDC_25|TX:SCOE:SHIFT_FUEL_HEAT_STRATEGY_NDC_25|TX:SCOE:SHIFT_FUEL_HEAT_STRATEGY_NDC_25_HGL|TX:TRNS:INC_EFFICIENCY_NON_ELECTRIC_STRATEGY_NDC_25|TX:TRNS:SHIFT_FUEL_LIGHT_DUTY_ALT_FUELS_NDC_25|TX:TRNS:SHIFT_FUEL_MEDIUM_DUTY_STRATEGY_NDC_25|TX:TRNS:SHIFT_FUEL_POWERED_BIKES_STRATEGY_NDC_25|TX:TRNS:SHIFT_FUEL_RAIL_STRATEGY_NDC_25|TX:TRNS:SHIFT_MODE_FREIGHT_STRATEGY_NDC_25|TX:TRNS:SHIFT_MODE_PASSENGER_STRATEGY_NDC_25|TX:TRWW:INC_COMPLIANCE_SEPTIC_STRATEGY_NDC_25|TX:WALI:INC_TREATMENT_INDUSTRIAL_STRATEGY_NDC_25|TX:WALI:INC_TREATMENT_RURAL_STRATEGY_NDC_25|TX:WALI:INC_TREATMENT_URBAN_STRATEGY_NDC_25|TX:WASO:DEC_CONSUMER_FOOD_WASTE_STRATEGY_NDC_25|TX:WASO:INC_ANAEROBIC_AND_COMPOST_STRATEGY_NDC_25|TX:WASO:INC_CAPTURE_BIOGAS_STRATEGY_NDC_25|TX:WASO:INC_LANDFILLING_STRATEGY_NDC_25|TX:WASO:INC_RECYCLING_STRATEGY_NDC_25,0
6005,PFLO:NDC_25_UNCONDITIONAL,NDC 2.0 Unconditional based on Table 2-55 from NDC Technical Report (Zutari),,TX:SCOE:DEC_DEMAND_HEAT_STRATEGY_NDC_25|TX:SCOE:INC_EFFICIENCY_HEAT_NDC_25|TX:SCOE:SHIFT_FUEL_HEAT_STRATEGY_NDC_25|TX:WASO:INC_ANAEROBIC_AND_COMPOST_STRATEGY_NDC_25_UNC|TX:WASO:INC_CAPTURE_BIOGAS_STRATEGY_NDC_25|TX:WASO:INC_LANDFILLING_STRATEGY_NDC_25_UNC,0
6006,PFLO:NDC_25_UNCONDITIONAL_CE,NDC 2.0 Unconditional based on cost effective measures from tornado,,TX:AGRC:INC_PRODUCTIVITY_STRATEGY_NDC_25|TX:IPPU:DEC_CLINKER_STRATEGY_NDC_25|TX:LNDU:DEC_DEFORESTATION_STRATEGY_NDC_25|TX:LNDU:DEC_WETLAND_LOSS_NDC_25|TX:LNDU:SET_WETLANDS_MINIMUM_NDC_25|TX:SCOE:DEC_DEMAND_HEAT_STRATEGY_NDC_25|TX:SCOE:INC_EFFICIENCY_HEAT_NDC_25|TX:SCOE:SHIFT_FUEL_HEAT_STRATEGY_NDC_25|TX:WASO:INC_ANAEROBIC_AND_COMPOST_STRATEGY_NDC_25|TX:WASO:INC_CAPTURE_BIOGAS_STRATEGY_NDC_25|TX:WASO:INC_LANDFILLING_STRATEGY_NDC_25,0
6007,PFLO:HBLE,HBLE,High Benefits Low Emissions,TX:AGRC:DEC_CH4_RICE_STRATEGY_NZ|TX:AGRC:DEC_LOSSES_SUPPLY_CHAIN_STRATEGY_NZ|TX:AGRC:INC_CONSERVATION_AGRICULTURE_STRATEGY_NZ|TX:AGRC:INC_PRODUCTIVITY_STRATEGY_NZ|TX:ENTC:DEC_LOSSES_STRATEGY_NZ|TX:ENTC:TARGET_CLEAN_HYDROGEN_STRATEGY_NZ|TX:ENTC:TARGET_RENEWABLE_ELEC_STRATEGY_NZ|TX:FGTV:DEC_LEAKS_STRATEGY_NZ|TX:FRST:INCREASE_SEQUESTRATION_NZ|TX:INEN:INC_EFFICIENCY_ENERGY_STRATEGY_NZ|TX:INEN:SHIFT_FUEL_HEAT_STRATEGY_NZ|TX:IPPU:DEC_CLINKER_STRATEGY_NZ|TX:IPPU:DEC_HFCS_STRATEGY_NZ|TX:IPPU:DEC_N2O_STRATEGY_NZ|TX:IPPU:DEC_OTHER_FCS_STRATEGY_NZ|TX:IPPU:DEC_PFCS_STRATEGY_NZ|TX:LNDU:DEC_DEFORESTATION_STRATEGY_NZ|TX:LNDU:DEC_WETLAND_LOSS_NZ|TX:LNDU:INC_REFORESTATION_STRATEGY_NZ|TX:LNDU:INC_SILVOPASTURE|TX:LNDU:SET_FORESTS_SECONDARY_MAX_NZ|TX:LNDU:SET_WETLANDS_MINIMUM_NZ|TX:LSMM:INC_CAPTURE_BIOGAS_STRATEGY_NZ|TX:LSMM:INC_MANAGEMENT_CATTLE_PIGS_STRATEGY_NZ|TX:LSMM:INC_MANAGEMENT_OTHER_STRATEGY_NZ|TX:LSMM:INC_MANAGEMENT_POULTRY_STRATEGY_NZ|TX:LVST:DEC_ENTERIC_FERMENTATION_STRATEGY_NZ|TX:LVST:INC_PRODUCTIVITY_STRATEGY_NZ|TX:PFLO:INC_HEALTHIER_DIETS|TX:PFLO:INC_IND_CCS_STRATEGY_NZ|TX:SCOE:DEC_DEMAND_HEAT_STRATEGY_NZ|TX:SCOE:INC_EFFICIENCY_APPLIANCE_STRATEGY_NZ|TX:SCOE:INC_EFFICIENCY_HEAT_NZ|TX:SCOE:SHIFT_FUEL_HEAT_STRATEGY_NZ|TX:TRDE:DEC_DEMAND_STRATEGY_NZ|TX:TRNS:INC_EFFICIENCY_ELECTRIC_STRATEGY_NZ|TX:TRNS:INC_EFFICIENCY_NON_ELECTRIC_STRATEGY_NZ|TX:TRNS:INC_OCCUPANCY_LIGHT_DUTY_STRATEGY_NZ|TX:TRNS:SHIFT_FUEL_LIGHT_DUTY_STRATEGY_NZ|TX:TRNS:SHIFT_FUEL_MARITIME_STRATEGY_NZ|TX:TRNS:SHIFT_FUEL_MEDIUM_DUTY_STRATEGY_NZ|TX:TRNS:SHIFT_FUEL_POWERED_BIKES_STRATEGY_NZ|TX:TRNS:SHIFT_FUEL_RAIL_STRATEGY_NZ|TX:TRNS:SHIFT_MODE_FREIGHT_STRATEGY_NZ|TX:TRNS:SHIFT_MODE_PASSENGER_STRATEGY_NZ|TX:TRNS:SHIFT_MODE_REGIONAL_STRATEGY_NZ|TX:TRWW:INC_CAPTURE_BIOGAS_STRATEGY_NZ|TX:TRWW:INC_COMPLIANCE_SEPTIC_STRATEGY_NZ|TX:WALI:INC_TREATMENT_INDUSTRIAL_STRATEGY_NZ|TX:WALI:INC_TREATMENT_RURAL_STRATEGY_NZ|TX:WALI:INC_TREATMENT_URBAN_STRATEGY_NZ|TX:WASO:DEC_CONSUMER_FOOD_WASTE_STRATEGY_NZ|TX:WASO:INC_ANAEROBIC_AND_COMPOST_STRATEGY_NZ|TX:WASO:INC_CAPTURE_BIOGAS_STRATEGY_NZ|TX:WASO:INC_ENERGY_FROM_BIOGAS_STRATEGY_NZ|TX:WASO:INC_ENERGY_FROM_INCINERATION_STRATEGY_NZ|TX:WASO:INC_LANDFILLING_STRATEGY_NZ|TX:WASO:INC_RECYCLING_STRATEGY_NZ,0
6008,PFLO:NDC_25_PAM_01B_INF,NDC 2.0 with a 2025 start tuned manually with overwriting from upper strategies for PAM 01b,,TX:AGRC:INC_CONSERVATION_AGRICULTURE_STRATEGY_NDC_25|TX:AGRC:INC_PRODUCTIVITY_STRATEGY_NDC_25|TX:ENTC:DEC_LOSSES_STRATEGY_NDC_25|TX:ENTC:TARGET_RENEWABLE_ELEC_STRATEGY_NDC_25|TX:FRST:INCREASE_SEQUESTRATION_NDC_25|TX:INEN:INC_EFFICIENCY_ENERGY_STRATEGY_NDC_25|TX:INEN:SHIFT_FUEL_HEAT_STRATEGY_NDC_25|TX:IPPU:DEC_CLINKER_STRATEGY_NDC_25|TX:IPPU:DEC_HFCS_STRATEGY_NDC_25|TX:LNDU:DEC_DEFORESTATION_STRATEGY_NDC_25|TX:LNDU:DEC_WETLAND_LOSS_NDC_25|TX:LNDU:INC_REFORESTATION_STRATEGY_NDC_25|TX:LNDU:INC_SILVOPASTURE_NDC_25|TX:LNDU:SET_FORESTS_SECONDARY_MAX_NDC_25|TX:LNDU:SET_WETLANDS_MINIMUM_NDC_25|TX:LVST:DEC_ENTERIC_FERMENTATION_STRATEGY_NDC_25|TX:LVST:INC_PRODUCTIVITY_STRATEGY_NDC_25|TX:SCOE:DEC_DEMAND_HEAT_STRATEGY_NDC_25|TX:SCOE:INC_EFFICIENCY_APPLIANCE_STRATEGY_NDC_25|TX:SCOE:INC_EFFICIENCY_HEAT_NDC_25|TX:SCOE:SHIFT_FUEL_HEAT_STRATEGY_NDC_25|TX:SCOE:SHIFT_FUEL_HEAT_STRATEGY_NDC_25_HGL|TX:TRNS:INC_EFFICIENCY_NON_ELECTRIC_STRATEGY_NDC_25|TX:TRNS:SHIFT_FUEL_LIGHT_DUTY_ALT_FUELS_NDC_25|TX:TRNS:SHIFT_FUEL_MEDIUM_DUTY_STRATEGY_NDC_25|TX:TRNS:SHIFT_FUEL_POWERED_BIKES_STRATEGY_NDC_25|TX:TRNS:SHIFT_FUEL_RAIL_STRATEGY_NDC_25|TX:TRNS:SHIFT_MODE_FREIGHT_STRATEGY_NDC_25|TX:TRNS:SHIFT_MODE_PASSENGER_STRATEGY_NDC_25|TX:TRWW:INC_COMPLIANCE_SEPTIC_STRATEGY_NDC_25|TX:WALI:INC_TREATMENT_INDUSTRIAL_STRATEGY_NDC_25|TX:WALI:INC_TREATMENT_RURAL_STRATEGY_NDC_25|TX:WALI:INC_TREATMENT_URBAN_STRATEGY_NDC_25|TX:WASO:DEC_CONSUMER_FOOD_WASTE_STRATEGY_NDC_25|TX:WASO:INC_ANAEROBIC_AND_COMPOST_STRATEGY_NDC_25|TX:WASO:INC_CAPTURE_BIOGAS_STRATEGY_NDC_25|TX:WASO:INC_LANDFILLING_STRATEGY_NDC_25|TX:WASO:INC_RECYCLING_STRATEGY_NDC_25,0
6009,PFLO:NDC_25_PAM_01B_SUP,NDC 2.0 with a 2025 start tuned manually with removing from lower strategies for PAM 01b,,TX:AGRC:INC_CONSERVATION_AGRICULTURE_STRATEGY_NDC_25|TX:AGRC:INC_PRODUCTIVITY_STRATEGY_NDC_25|TX:ENTC:DEC_LOSSES_STRATEGY_NDC_25|TX:ENTC:TARGET_RENEWABLE_ELEC_STRATEGY_NDC_25|TX:FRST:INCREASE_SEQUESTRATION_NDC_25|TX:INEN:INC_EFFICIENCY_ENERGY_STRATEGY_NDC_25|TX:INEN:SHIFT_FUEL_HEAT_STRATEGY_NDC_25|TX:IPPU:DEC_CLINKER_STRATEGY_NDC_25|TX:IPPU:DEC_HFCS_STRATEGY_NDC_25|TX:LNDU:DEC_DEFORESTATION_STRATEGY_NDC_25|TX:LNDU:DEC_WETLAND_LOSS_NDC_25|TX:LNDU:INC_REFORESTATION_STRATEGY_NDC_25|TX:LNDU:INC_SILVOPASTURE_NDC_25|TX:LNDU:SET_FORESTS_SECONDARY_MAX_NDC_25|TX:LNDU:SET_WETLANDS_MINIMUM_NDC_25|TX:LVST:DEC_ENTERIC_FERMENTATION_STRATEGY_NDC_25|TX:LVST:INC_PRODUCTIVITY_STRATEGY_NDC_25|TX:SCOE:DEC_DEMAND_HEAT_STRATEGY_NDC_25|TX:SCOE:INC_EFFICIENCY_APPLIANCE_STRATEGY_NDC_25|TX:SCOE:INC_EFFICIENCY_HEAT_NDC_25|TX:SCOE:SHIFT_FUEL_HEAT_STRATEGY_NDC_25|TX:SCOE:SHIFT_FUEL_HEAT_STRATEGY_NDC_25_HGL|TX:TRNS:INC_EFFICIENCY_NON_ELECTRIC_STRATEGY_NDC_25|TX:TRNS:SHIFT_FUEL_LIGHT_DUTY_ALT_FUELS_NDC_25|TX:TRNS:SHIFT_FUEL_MEDIUM_DUTY_STRATEGY_NDC_25|TX:TRNS:SHIFT_FUEL_POWERED_BIKES_STRATEGY_NDC_25|TX:TRNS:SHIFT_FUEL_RAIL_STRATEGY_NDC_25|TX:TRNS:SHIFT_MODE_FREIGHT_STRATEGY_NDC_25|TX:TRNS:SHIFT_MODE_PASSENGER_STRATEGY_NDC_25|TX:TRWW:INC_COMPLIANCE_SEPTIC_STRATEGY_NDC_25|TX:WALI:INC_TREATMENT_INDUSTRIAL_STRATEGY_NDC_25|TX:WALI:INC_TREATMENT_RURAL_STRATEGY_NDC_25|TX:WALI:INC_TREATMENT_URBAN_STRATEGY_NDC_25|TX:WASO:DEC_CONSUMER_FOOD_WASTE_STRATEGY_NDC_25|TX:WASO:INC_ANAEROBIC_AND_COMPOST_STRATEGY_NDC_25|TX:WASO:INC_CAPTURE_BIOGAS_STRATEGY_NDC_25|TX:WASO:INC_LANDFILLING_STRATEGY_NDC_25|TX:WASO:INC_RECYCLING_STRATEGY_NDC_25|TX:AGRC:DEC_CH4_RICE_STRATEGY_NZ,0
6010,PFLO:NDC_25_PAM_02.03_INF,NDC 2.0 with a 2025 start tuned manually with overwriting from upper strategies for PAM 02.03,,TX:AGRC:INC_CONSERVATION_AGRICULTURE_STRATEGY_NDC_25|TX:ENTC:DEC_LOSSES_STRATEGY_NDC_25|TX:ENTC:TARGET_RENEWABLE_ELEC_STRATEGY_NDC_25|TX:FRST:INCREASE_SEQUESTRATION_NDC_25|TX:INEN:INC_EFFICIENCY_ENERGY_STRATEGY_NDC_25|TX:INEN:SHIFT_FUEL_HEAT_STRATEGY_NDC_25|TX:IPPU:DEC_CLINKER_STRATEGY_NDC_25|TX:IPPU:DEC_HFCS_STRATEGY_NDC_25|TX:LNDU:DEC_WETLAND_LOSS_NDC_25|TX:LNDU:INC_REFORESTATION_STRATEGY_NDC_25|TX:LNDU:INC_SILVOPASTURE_NDC_25|TX:LNDU:SET_FORESTS_SECONDARY_MAX_NDC_25|TX:LNDU:SET_WETLANDS_MINIMUM_NDC_25|TX:LVST:DEC_ENTERIC_FERMENTATION_STRATEGY_NDC_25|TX:LVST:INC_PRODUCTIVITY_STRATEGY_NDC_25|TX:SCOE:DEC_DEMAND_HEAT_STRATEGY_NDC_25|TX:SCOE:INC_EFFICIENCY_APPLIANCE_STRATEGY_NDC_25|TX:SCOE:INC_EFFICIENCY_HEAT_NDC_25|TX:SCOE:SHIFT_FUEL_HEAT_STRATEGY_NDC_25|TX:SCOE:SHIFT_FUEL_HEAT_STRATEGY_NDC_25_HGL|TX:TRNS:INC_EFFICIENCY_NON_ELECTRIC_STRATEGY_NDC_25|TX:TRNS:SHIFT_FUEL_LIGHT_DUTY_ALT_FUELS_NDC_25|TX:TRNS:SHIFT_FUEL_MEDIUM_DUTY_STRATEGY_NDC_25|TX:TRNS:SHIFT_FUEL_POWERED_BIKES_STRATEGY_NDC_25|TX:TRNS:SHIFT_FUEL_RAIL_STRATEGY_NDC_25|TX:TRNS:SHIFT_MODE_FREIGHT_STRATEGY_NDC_25|TX:TRNS:SHIFT_MODE_PASSENGER_STRATEGY_NDC_25|TX:TRWW:INC_COMPLIANCE_SEPTIC_STRATEGY_NDC_25|TX:WALI:INC_TREATMENT_INDUSTRIAL_STRATEGY_NDC_25|TX:WALI:INC_TREATMENT_RURAL_STRATEGY_NDC_25|TX:WALI:INC_TREATMENT_URBAN_STRATEGY_NDC_25|TX:WASO:DEC_CONSUMER_FOOD_WASTE_STRATEGY_NDC_25|TX:WASO:INC_ANAEROBIC_AND_COMPOST_STRATEGY_NDC_25|TX:WASO:INC_CAPTURE_BIOGAS_STRATEGY_NDC_25|TX:WASO:INC_LANDFILLING_STRATEGY_NDC_25|TX:WASO:INC_RECYCLING_STRATEGY_NDC_25,0
6011,PFLO:NDC_25_PAM_02.03_SUP,NDC 2.0 with a 2025 start tuned manually with removing from lower strategies for PAM 02.03,,TX:AGRC:INC_CONSERVATION_AGRICULTURE_STRATEGY_NDC_25|TX:AGRC:INC_PRODUCTIVITY_STRATEGY_NZ|TX:ENTC:DEC_LOSSES_STRATEGY_NDC_25|TX:ENTC:TARGET_RENEWABLE_ELEC_STRATEGY_NDC_25|TX:FRST:INCREASE_SEQUESTRATION_NDC_25|TX:INEN:INC_EFFICIENCY_ENERGY_STRATEGY_NDC_25|TX:INEN:SHIFT_FUEL_HEAT_STRATEGY_NDC_25|TX:IPPU:DEC_CLINKER_STRATEGY_NDC_25|TX:IPPU:DEC_HFCS_STRATEGY_NDC_25|TX:LNDU:DEC_DEFORESTATION_STRATEGY_NZ|TX:LNDU:DEC_WETLAND_LOSS_NDC_25|TX:LNDU:INC_REFORESTATION_STRATEGY_NDC_25|TX:LNDU:INC_SILVOPASTURE_NDC_25|TX:LNDU:SET_FORESTS_SECONDARY_MAX_NDC_25|TX:LNDU:SET_WETLANDS_MINIMUM_NDC_25|TX:LVST:DEC_ENTERIC_FERMENTATION_STRATEGY_NDC_25|TX:LVST:INC_PRODUCTIVITY_STRATEGY_NDC_25|TX:SCOE:DEC_DEMAND_HEAT_STRATEGY_NDC_25|TX:SCOE:INC_EFFICIENCY_APPLIANCE_STRATEGY_NDC_25|TX:SCOE:INC_EFFICIENCY_HEAT_NDC_25|TX:SCOE:SHIFT_FUEL_HEAT_STRATEGY_NDC_25|TX:SCOE:SHIFT_FUEL_HEAT_STRATEGY_NDC_25_HGL|TX:TRNS:INC_EFFICIENCY_NON_ELECTRIC_STRATEGY_NDC_25|TX:TRNS:SHIFT_FUEL_LIGHT_DUTY_ALT_FUELS_NDC_25|TX:TRNS:SHIFT_FUEL_MEDIUM_DUTY_STRATEGY_NDC_25|TX:TRNS:SHIFT_FUEL_POWERED_BIKES_STRATEGY_NDC_25|TX:TRNS:SHIFT_FUEL_RAIL_STRATEGY_NDC_25|TX:TRNS:SHIFT_MODE_FREIGHT_STRATEGY_NDC_25|TX:TRNS:SHIFT_MODE_PASSENGER_STRATEGY_NDC_25|TX:TRWW:INC_COMPLIANCE_SEPTIC_STRATEGY_NDC_25|TX:WALI:INC_TREATMENT_INDUSTRIAL_STRATEGY_NDC_25|TX:WALI:INC_TREATMENT_RURAL_STRATEGY_NDC_25|TX:WALI:INC_TREATMENT_URBAN_STRATEGY_NDC_25|TX:WASO:DEC_CONSUMER_FOOD_WASTE_STRATEGY_NDC_25|TX:WASO:INC_ANAEROBIC_AND_COMPOST_STRATEGY_NDC_25|TX:WASO:INC_CAPTURE_BIOGAS_STRATEGY_NDC_25|TX:WASO:INC_LANDFILLING_STRATEGY_NDC_25|TX:WASO:INC_RECYCLING_STRATEGY_NDC_25,0
6012,PFLO:NDC_25_PAM_02B_INF,NDC 2.0 with a 2025 start tuned manually with overwriting from upper strategies for PAM 02b,,TX:AGRC:INC_CONSERVATION_AGRICULTURE_STRATEGY_NDC_25|TX:AGRC:INC_PRODUCTIVITY_STRATEGY_NDC_25|TX:ENTC:DEC_LOSSES_STRATEGY_NDC_25|TX:ENTC:TARGET_RENEWABLE_ELEC_STRATEGY_NDC_25|TX:FRST:INCREASE_SEQUESTRATION_NDC_25|TX:INEN:INC_EFFICIENCY_ENERGY_STRATEGY_NDC_25|TX:INEN:SHIFT_FUEL_HEAT_STRATEGY_NDC_25|TX:IPPU:DEC_CLINKER_STRATEGY_NDC_25|TX:IPPU:DEC_HFCS_STRATEGY_NDC_25|TX:LNDU:DEC_DEFORESTATION_STRATEGY_NDC_25|TX:LNDU:DEC_WETLAND_LOSS_NDC_25|TX:LNDU:INC_REFORESTATION_STRATEGY_NDC_25|TX:LNDU:INC_SILVOPASTURE_NDC_25|TX:LNDU:SET_FORESTS_SECONDARY_MAX_NDC_25|TX:LNDU:SET_WETLANDS_MINIMUM_NDC_25|TX:LVST:DEC_ENTERIC_FERMENTATION_STRATEGY_NDC_25|TX:LVST:INC_PRODUCTIVITY_STRATEGY_NDC_25|TX:SCOE:DEC_DEMAND_HEAT_STRATEGY_NDC_25|TX:SCOE:INC_EFFICIENCY_APPLIANCE_STRATEGY_NDC_25|TX:SCOE:INC_EFFICIENCY_HEAT_NDC_25|TX:SCOE:SHIFT_FUEL_HEAT_STRATEGY_NDC_25|TX:SCOE:SHIFT_FUEL_HEAT_STRATEGY_NDC_25_HGL|TX:TRNS:INC_EFFICIENCY_NON_ELECTRIC_STRATEGY_NDC_25|TX:TRNS:SHIFT_FUEL_LIGHT_DUTY_ALT_FUELS_NDC_25|TX:TRNS:SHIFT_FUEL_MEDIUM_DUTY_STRATEGY_NDC_25|TX:TRNS:SHIFT_FUEL_POWERED_BIKES_STRATEGY_NDC_25|TX:TRNS:SHIFT_FUEL_RAIL_STRATEGY_NDC_25|TX:TRNS:SHIFT_MODE_FREIGHT_STRATEGY_NDC_25|TX:TRNS:SHIFT_MODE_PASSENGER_STRATEGY_NDC_25|TX:TRWW:INC_COMPLIANCE_SEPTIC_STRATEGY_NDC_25|TX:WALI:INC_TREATMENT_INDUSTRIAL_STRATEGY_NDC_25|TX:WALI:INC_TREATMENT_RURAL_STRATEGY_NDC_25|TX:WALI:INC_TREATMENT_URBAN_STRATEGY_NDC_25|TX:WASO:DEC_CONSUMER_FOOD_WASTE_STRATEGY_NDC_25|TX:WASO:INC_ANAEROBIC_AND_COMPOST_STRATEGY_NDC_25|TX:WASO:INC_CAPTURE_BIOGAS_STRATEGY_NDC_25|TX:WASO:INC_LANDFILLING_STRATEGY_NDC_25|TX:WASO:INC_RECYCLING_STRATEGY_NDC_25,0
6013,PFLO:NDC_25_PAM_02B_SUP,NDC 2.0 with a 2025 start tuned manually with removing from lower strategies for PAM 02b,,TX:AGRC:INC_CONSERVATION_AGRICULTURE_STRATEGY_NDC_25|TX:AGRC:INC_PRODUCTIVITY_STRATEGY_NDC_25|TX:ENTC:DEC_LOSSES_STRATEGY_NDC_25|TX:ENTC:TARGET_RENEWABLE_ELEC_STRATEGY_NDC_25|TX:FRST:INCREASE_SEQUESTRATION_NDC_25|TX:INEN:INC_EFFICIENCY_ENERGY_STRATEGY_NDC_25|TX:INEN:SHIFT_FUEL_HEAT_STRATEGY_NDC_25|TX:IPPU:DEC_CLINKER_STRATEGY_NDC_25|TX:IPPU:DEC_HFCS_STRATEGY_NDC_25|TX:LNDU:DEC_DEFORESTATION_STRATEGY_NDC_25|TX:LNDU:DEC_WETLAND_LOSS_NDC_25|TX:LNDU:INC_REFORESTATION_STRATEGY_NDC_25|TX:LNDU:INC_SILVOPASTURE_NDC_25|TX:LNDU:SET_FORESTS_SECONDARY_MAX_NDC_25|TX:LNDU:SET_WETLANDS_MINIMUM_NDC_25|TX:LVST:DEC_ENTERIC_FERMENTATION_STRATEGY_NDC_25|TX:LVST:INC_PRODUCTIVITY_STRATEGY_NDC_25|TX:SCOE:DEC_DEMAND_HEAT_STRATEGY_NDC_25|TX:SCOE:INC_EFFICIENCY_APPLIANCE_STRATEGY_NDC_25|TX:SCOE:INC_EFFICIENCY_HEAT_NDC_25|TX:SCOE:SHIFT_FUEL_HEAT_STRATEGY_NDC_25|TX:SCOE:SHIFT_FUEL_HEAT_STRATEGY_NDC_25_HGL|TX:TRNS:INC_EFFICIENCY_NON_ELECTRIC_STRATEGY_NDC_25|TX:TRNS:SHIFT_FUEL_LIGHT_DUTY_ALT_FUELS_NDC_25|TX:TRNS:SHIFT_FUEL_MEDIUM_DUTY_STRATEGY_NDC_25|TX:TRNS:SHIFT_FUEL_POWERED_BIKES_STRATEGY_NDC_25|TX:TRNS:SHIFT_FUEL_RAIL_STRATEGY_NDC_25|TX:TRNS:SHIFT_MODE_FREIGHT_STRATEGY_NDC_25|TX:TRNS:SHIFT_MODE_PASSENGER_STRATEGY_NDC_25|TX:TRWW:INC_COMPLIANCE_SEPTIC_STRATEGY_NDC_25|TX:WALI:INC_TREATMENT_INDUSTRIAL_STRATEGY_NDC_25|TX:WALI:INC_TREATMENT_RURAL_STRATEGY_NDC_25|TX:WALI:INC_TREATMENT_URBAN_STRATEGY_NDC_25|TX:WASO:DEC_CONSUMER_FOOD_WASTE_STRATEGY_NDC_25|TX:WASO:INC_ANAEROBIC_AND_COMPOST_STRATEGY_NDC_25|TX:WASO:INC_CAPTURE_BIOGAS_STRATEGY_NDC_25|TX:WASO:INC_LANDFILLING_STRATEGY_NDC_25|TX:WASO:INC_RECYCLING_STRATEGY_NDC_25|TX:AGRC:DEC_LOSSES_SUPPLY_CHAIN_STRATEGY_NZ,0
6014,PFLO:NDC_25_PAM_04.06.07_INF,NDC 2.0 with a 2025 start tuned manually with overwriting from upper strategies for PAM 04.06.07,,TX:AGRC:INC_CONSERVATION_AGRICULTURE_STRATEGY_NDC_25|TX:AGRC:INC_PRODUCTIVITY_STRATEGY_NDC_25|TX:ENTC:DEC_LOSSES_STRATEGY_NDC_25|TX:ENTC:TARGET_RENEWABLE_ELEC_STRATEGY_NDC_25|TX:INEN:INC_EFFICIENCY_ENERGY_STRATEGY_NDC_25|TX:INEN:SHIFT_FUEL_HEAT_STRATEGY_NDC_25|TX:IPPU:DEC_CLINKER_STRATEGY_NDC_25|TX:IPPU:DEC_HFCS_STRATEGY_NDC_25|TX:LNDU:DEC_DEFORESTATION_STRATEGY_NDC_25|TX:LNDU:DEC_WETLAND_LOSS_NDC_25|TX:LNDU:INC_SILVOPASTURE_NDC_25|TX:LNDU:SET_WETLANDS_MINIMUM_NDC_25|TX:LVST:DEC_ENTERIC_FERMENTATION_STRATEGY_NDC_25|TX:LVST:INC_PRODUCTIVITY_STRATEGY_NDC_25|TX:SCOE:DEC_DEMAND_HEAT_STRATEGY_NDC_25|TX:SCOE:INC_EFFICIENCY_APPLIANCE_STRATEGY_NDC_25|TX:SCOE:INC_EFFICIENCY_HEAT_NDC_25|TX:SCOE:SHIFT_FUEL_HEAT_STRATEGY_NDC_25|TX:SCOE:SHIFT_FUEL_HEAT_STRATEGY_NDC_25_HGL|TX:TRNS:INC_EFFICIENCY_NON_ELECTRIC_STRATEGY_NDC_25|TX:TRNS:SHIFT_FUEL_LIGHT_DUTY_ALT_FUELS_NDC_25|TX:TRNS:SHIFT_FUEL_MEDIUM_DUTY_STRATEGY_NDC_25|TX:TRNS:SHIFT_FUEL_POWERED_BIKES_STRATEGY_NDC_25|TX:TRNS:SHIFT_FUEL_RAIL_STRATEGY_NDC_25|TX:TRNS:SHIFT_MODE_FREIGHT_STRATEGY_NDC_25|TX:TRNS:SHIFT_MODE_PASSENGER_STRATEGY_NDC_25|TX:TRWW:INC_COMPLIANCE_SEPTIC_STRATEGY_NDC_25|TX:WALI:INC_TREATMENT_INDUSTRIAL_STRATEGY_NDC_25|TX:WALI:INC_TREATMENT_RURAL_STRATEGY_NDC_25|TX:WALI:INC_TREATMENT_URBAN_STRATEGY_NDC_25|TX:WASO:DEC_CONSUMER_FOOD_WASTE_STRATEGY_NDC_25|TX:WASO:INC_ANAEROBIC_AND_COMPOST_STRATEGY_NDC_25|TX:WASO:INC_CAPTURE_BIOGAS_STRATEGY_NDC_25|TX:WASO:INC_LANDFILLING_STRATEGY_NDC_25|TX:WASO:INC_RECYCLING_STRATEGY_NDC_25,0
6015,PFLO:NDC_25_PAM_04.06.07_SUP,NDC 2.0 with a 2025 start tuned manually with removing from lower strategies for PAM 04.06.07,,TX:AGRC:INC_CONSERVATION_AGRICULTURE_STRATEGY_NDC_25|TX:AGRC:INC_PRODUCTIVITY_STRATEGY_NDC_25|TX:ENTC:DEC_LOSSES_STRATEGY_NDC_25|TX:ENTC:TARGET_RENEWABLE_ELEC_STRATEGY_NDC_25|TX:FRST:INCREASE_SEQUESTRATION_NZ|TX:INEN:INC_EFFICIENCY_ENERGY_STRATEGY_NDC_25|TX:INEN:SHIFT_FUEL_HEAT_STRATEGY_NDC_25|TX:IPPU:DEC_CLINKER_STRATEGY_NDC_25|TX:IPPU:DEC_HFCS_STRATEGY_NDC_25|TX:LNDU:DEC_DEFORESTATION_STRATEGY_NDC_25|TX:LNDU:DEC_WETLAND_LOSS_NDC_25|TX:LNDU:INC_REFORESTATION_STRATEGY_NZ|TX:LNDU:INC_SILVOPASTURE_NDC_25|TX:LNDU:SET_FORESTS_SECONDARY_MAX_NZ|TX:LNDU:SET_WETLANDS_MINIMUM_NDC_25|TX:LVST:DEC_ENTERIC_FERMENTATION_STRATEGY_NDC_25|TX:LVST:INC_PRODUCTIVITY_STRATEGY_NDC_25|TX:SCOE:DEC_DEMAND_HEAT_STRATEGY_NDC_25|TX:SCOE:INC_EFFICIENCY_APPLIANCE_STRATEGY_NDC_25|TX:SCOE:INC_EFFICIENCY_HEAT_NDC_25|TX:SCOE:SHIFT_FUEL_HEAT_STRATEGY_NDC_25|TX:SCOE:SHIFT_FUEL_HEAT_STRATEGY_NDC_25_HGL|TX:TRNS:INC_EFFICIENCY_NON_ELECTRIC_STRATEGY_NDC_25|TX:TRNS:SHIFT_FUEL_LIGHT_DUTY_ALT_FUELS_NDC_25|TX:TRNS:SHIFT_FUEL_MEDIUM_DUTY_STRATEGY_NDC_25|TX:TRNS:SHIFT_FUEL_POWERED_BIKES_STRATEGY_NDC_25|TX:TRNS:SHIFT_FUEL_RAIL_STRATEGY_NDC_25|TX:TRNS:SHIFT_MODE_FREIGHT_STRATEGY_NDC_25|TX:TRNS:SHIFT_MODE_PASSENGER_STRATEGY_NDC_25|TX:TRWW:INC_COMPLIANCE_SEPTIC_STRATEGY_NDC_25|TX:WALI:INC_TREATMENT_INDUSTRIAL_STRATEGY_NDC_25|TX:WALI:INC_TREATMENT_RURAL_STRATEGY_NDC_25|TX:WALI:INC_TREATMENT_URBAN_STRATEGY_NDC_25|TX:WASO:DEC_CONSUMER_FOOD_WASTE_STRATEGY_NDC_25|TX:WASO:INC_ANAEROBIC_AND_COMPOST_STRATEGY_NDC_25|TX:WASO:INC_CAPTURE_BIOGAS_STRATEGY_NDC_25|TX:WASO:INC_LANDFILLING_STRATEGY_NDC_25|TX:WASO:INC_RECYCLING_STRATEGY_NDC_25,0
6016,PFLO:NDC_25_PAM_05_INF,NDC 2.0 with a 2025 start tuned manually with overwriting from upper strategies for PAM 05,,TX:AGRC:INC_CONSERVATION_AGRICULTURE_STRATEGY_NDC_25|TX:AGRC:INC_PRODUCTIVITY_STRATEGY_NDC_25|TX:ENTC:DEC_LOSSES_STRATEGY_NDC_25|TX:ENTC:TARGET_RENEWABLE_ELEC_STRATEGY_NDC_25|TX:FRST:INCREASE_SEQUESTRATION_NDC_25|TX:INEN:INC_EFFICIENCY_ENERGY_STRATEGY_NDC_25|TX:INEN:SHIFT_FUEL_HEAT_STRATEGY_NDC_25|TX:IPPU:DEC_CLINKER_STRATEGY_NDC_25|TX:IPPU:DEC_HFCS_STRATEGY_NDC_25|TX:LNDU:DEC_DEFORESTATION_STRATEGY_NDC_25|TX:LNDU:DEC_WETLAND_LOSS_NDC_25|TX:LNDU:INC_REFORESTATION_STRATEGY_NDC_25|TX:LNDU:INC_SILVOPASTURE_NDC_25|TX:LNDU:SET_FORESTS_SECONDARY_MAX_NDC_25|TX:LNDU:SET_WETLANDS_MINIMUM_NDC_25|TX:LVST:DEC_ENTERIC_FERMENTATION_STRATEGY_NDC_25|TX:LVST:INC_PRODUCTIVITY_STRATEGY_NDC_25|TX:SCOE:INC_EFFICIENCY_APPLIANCE_STRATEGY_NDC_25|TX:SCOE:INC_EFFICIENCY_HEAT_NDC_25|TX:SCOE:SHIFT_FUEL_HEAT_STRATEGY_NDC_25|TX:SCOE:SHIFT_FUEL_HEAT_STRATEGY_NDC_25_HGL|TX:TRNS:INC_EFFICIENCY_NON_ELECTRIC_STRATEGY_NDC_25|TX:TRNS:SHIFT_FUEL_LIGHT_DUTY_ALT_FUELS_NDC_25|TX:TRNS:SHIFT_FUEL_MEDIUM_DUTY_STRATEGY_NDC_25|TX:TRNS:SHIFT_FUEL_POWERED_BIKES_STRATEGY_NDC_25|TX:TRNS:SHIFT_FUEL_RAIL_STRATEGY_NDC_25|TX:TRNS:SHIFT_MODE_FREIGHT_STRATEGY_NDC_25|TX:TRNS:SHIFT_MODE_PASSENGER_STRATEGY_NDC_25|TX:TRWW:INC_COMPLIANCE_SEPTIC_STRATEGY_NDC_25|TX:WALI:INC_TREATMENT_INDUSTRIAL_STRATEGY_NDC_25|TX:WALI:INC_TREATMENT_RURAL_STRATEGY_NDC_25|TX:WALI:INC_TREATMENT_URBAN_STRATEGY_NDC_25|TX:WASO:DEC_CONSUMER_FOOD_WASTE_STRATEGY_NDC_25|TX:WASO:INC_ANAEROBIC_AND_COMPOST_STRATEGY_NDC_25|TX:WASO:INC_CAPTURE_BIOGAS_STRATEGY_NDC_25|TX:WASO:INC_LANDFILLING_STRATEGY_NDC_25|TX:WASO:INC_RECYCLING_STRATEGY_NDC_25,0
6017,PFLO:NDC_25_PAM_05_SUP,NDC 2.0 with a 2025 start tuned manually with removing from lower strategies for PAM 05,,TX:AGRC:INC_CONSERVATION_AGRICULTURE_STRATEGY_NDC_25|TX:AGRC:INC_PRODUCTIVITY_STRATEGY_NDC_25|TX:ENTC:DEC_LOSSES_STRATEGY_NDC_25|TX:ENTC:TARGET_RENEWABLE_ELEC_STRATEGY_NDC_25|TX:FRST:INCREASE_SEQUESTRATION_NDC_25|TX:INEN:INC_EFFICIENCY_ENERGY_STRATEGY_NDC_25|TX:INEN:SHIFT_FUEL_HEAT_STRATEGY_NDC_25|TX:IPPU:DEC_CLINKER_STRATEGY_NDC_25|TX:IPPU:DEC_HFCS_STRATEGY_NDC_25|TX:LNDU:DEC_DEFORESTATION_STRATEGY_NDC_25|TX:LNDU:DEC_WETLAND_LOSS_NDC_25|TX:LNDU:INC_REFORESTATION_STRATEGY_NDC_25|TX:LNDU:INC_SILVOPASTURE_NDC_25|TX:LNDU:SET_FORESTS_SECONDARY_MAX_NDC_25|TX:LNDU:SET_WETLANDS_MINIMUM_NDC_25|TX:LVST:DEC_ENTERIC_FERMENTATION_STRATEGY_NDC_25|TX:LVST:INC_PRODUCTIVITY_STRATEGY_NDC_25|TX:SCOE:DEC_DEMAND_HEAT_STRATEGY_NZ|TX:SCOE:INC_EFFICIENCY_APPLIANCE_STRATEGY_NDC_25|TX:SCOE:INC_EFFICIENCY_HEAT_NDC_25|TX:SCOE:SHIFT_FUEL_HEAT_STRATEGY_NDC_25|TX:SCOE:SHIFT_FUEL_HEAT_STRATEGY_NDC_25_HGL|TX:TRNS:INC_EFFICIENCY_NON_ELECTRIC_STRATEGY_NDC_25|TX:TRNS:SHIFT_FUEL_LIGHT_DUTY_ALT_FUELS_NDC_25|TX:TRNS:SHIFT_FUEL_MEDIUM_DUTY_STRATEGY_NDC_25|TX:TRNS:SHIFT_FUEL_POWERED_BIKES_STRATEGY_NDC_25|TX:TRNS:SHIFT_FUEL_RAIL_STRATEGY_NDC_25|TX:TRNS:SHIFT_MODE_FREIGHT_STRATEGY_NDC_25|TX:TRNS:SHIFT_MODE_PASSENGER_STRATEGY_NDC_25|TX:TRWW:INC_COMPLIANCE_SEPTIC_STRATEGY_NDC_25|TX:WALI:INC_TREATMENT_INDUSTRIAL_STRATEGY_NDC_25|TX:WALI:INC_TREATMENT_RURAL_STRATEGY_NDC_25|TX:WALI:INC_TREATMENT_URBAN_STRATEGY_NDC_25|TX:WASO:DEC_CONSUMER_FOOD_WASTE_STRATEGY_NDC_25|TX:WASO:INC_ANAEROBIC_AND_COMPOST_STRATEGY_NDC_25|TX:WASO:INC_CAPTURE_BIOGAS_STRATEGY_NDC_25|TX:WASO:INC_LANDFILLING_STRATEGY_NDC_25|TX:WASO:INC_RECYCLING_STRATEGY_NDC_25,0
6018,PFLO:NDC_25_PAM_08_INF,NDC 2.0 with a 2025 start tuned manually with overwriting from upper strategies for PAM 08,,TX:AGRC:INC_CONSERVATION_AGRICULTURE_STRATEGY_NDC_25|TX:AGRC:INC_PRODUCTIVITY_STRATEGY_NDC_25|TX:ENTC:DEC_LOSSES_STRATEGY_NDC_25|TX:ENTC:TARGET_RENEWABLE_ELEC_STRATEGY_NDC_25|TX:FRST:INCREASE_SEQUESTRATION_NDC_25|TX:INEN:INC_EFFICIENCY_ENERGY_STRATEGY_NDC_25|TX:INEN:SHIFT_FUEL_HEAT_STRATEGY_NDC_25|TX:IPPU:DEC_CLINKER_STRATEGY_NDC_25|TX:IPPU:DEC_HFCS_STRATEGY_NDC_25|TX:LNDU:DEC_DEFORESTATION_STRATEGY_NDC_25|TX:LNDU:DEC_WETLAND_LOSS_NDC_25|TX:LNDU:INC_REFORESTATION_STRATEGY_NDC_25|TX:LNDU:INC_SILVOPASTURE_NDC_25|TX:LNDU:SET_FORESTS_SECONDARY_MAX_NDC_25|TX:LNDU:SET_WETLANDS_MINIMUM_NDC_25|TX:LVST:DEC_ENTERIC_FERMENTATION_STRATEGY_NDC_25|TX:LVST:INC_PRODUCTIVITY_STRATEGY_NDC_25|TX:SCOE:DEC_DEMAND_HEAT_STRATEGY_NDC_25|TX:SCOE:INC_EFFICIENCY_APPLIANCE_STRATEGY_NDC_25|TX:SCOE:SHIFT_FUEL_HEAT_STRATEGY_NDC_25|TX:SCOE:SHIFT_FUEL_HEAT_STRATEGY_NDC_25_HGL|TX:TRNS:INC_EFFICIENCY_NON_ELECTRIC_STRATEGY_NDC_25|TX:TRNS:SHIFT_FUEL_LIGHT_DUTY_ALT_FUELS_NDC_25|TX:TRNS:SHIFT_FUEL_MEDIUM_DUTY_STRATEGY_NDC_25|TX:TRNS:SHIFT_FUEL_POWERED_BIKES_STRATEGY_NDC_25|TX:TRNS:SHIFT_FUEL_RAIL_STRATEGY_NDC_25|TX:TRNS:SHIFT_MODE_FREIGHT_STRATEGY_NDC_25|TX:TRNS:SHIFT_MODE_PASSENGER_STRATEGY_NDC_25|TX:TRWW:INC_COMPLIANCE_SEPTIC_STRATEGY_NDC_25|TX:WALI:INC_TREATMENT_INDUSTRIAL_STRATEGY_NDC_25|TX:WALI:INC_TREATMENT_RURAL_STRATEGY_NDC_25|TX:WALI:INC_TREATMENT_URBAN_STRATEGY_NDC_25|TX:WASO:DEC_CONSUMER_FOOD_WASTE_STRATEGY_NDC_25|TX:WASO:INC_ANAEROBIC_AND_COMPOST_STRATEGY_NDC_25|TX:WASO:INC_CAPTURE_BIOGAS_STRATEGY_NDC_25|TX:WASO:INC_LANDFILLING_STRATEGY_NDC_25|TX:WASO:INC_RECYCLING_STRATEGY_NDC_25,0
6019,PFLO:NDC_25_PAM_08_SUP,NDC 2.0 with a 2025 start tuned manually with removing from lower strategies for PAM 08,,TX:AGRC:INC_CONSERVATION_AGRICULTURE_STRATEGY_NDC_25|TX:AGRC:INC_PRODUCTIVITY_STRATEGY_NDC_25|TX:ENTC:DEC_LOSSES_STRATEGY_NDC_25|TX:ENTC:TARGET_RENEWABLE_ELEC_STRATEGY_NDC_25|TX:FRST:INCREASE_SEQUESTRATION_NDC_25|TX:INEN:INC_EFFICIENCY_ENERGY_STRATEGY_NDC_25|TX:INEN:SHIFT_FUEL_HEAT_STRATEGY_NDC_25|TX:IPPU:DEC_CLINKER_STRATEGY_NDC_25|TX:IPPU:DEC_HFCS_STRATEGY_NDC_25|TX:LNDU:DEC_DEFORESTATION_STRATEGY_NDC_25|TX:LNDU:DEC_WETLAND_LOSS_NDC_25|TX:LNDU:INC_REFORESTATION_STRATEGY_NDC_25|TX:LNDU:INC_SILVOPASTURE_NDC_25|TX:LNDU:SET_FORESTS_SECONDARY_MAX_NDC_25|TX:LNDU:SET_WETLANDS_MINIMUM_NDC_25|TX:LVST:DEC_ENTERIC_FERMENTATION_STRATEGY_NDC_25|TX:LVST:INC_PRODUCTIVITY_STRATEGY_NDC_25|TX:SCOE:DEC_DEMAND_HEAT_STRATEGY_NDC_25|TX:SCOE:INC_EFFICIENCY_APPLIANCE_STRATEGY_NDC_25|TX:SCOE:INC_EFFICIENCY_HEAT_NZ|TX:SCOE:SHIFT_FUEL_HEAT_STRATEGY_NDC_25|TX:SCOE:SHIFT_FUEL_HEAT_STRATEGY_NDC_25_HGL|TX:TRNS:INC_EFFICIENCY_NON_ELECTRIC_STRATEGY_NDC_25|TX:TRNS:SHIFT_FUEL_LIGHT_DUTY_ALT_FUELS_NDC_25|TX:TRNS:SHIFT_FUEL_MEDIUM_DUTY_STRATEGY_NDC_25|TX:TRNS:SHIFT_FUEL_POWERED_BIKES_STRATEGY_NDC_25|TX:TRNS:SHIFT_FUEL_RAIL_STRATEGY_NDC_25|TX:TRNS:SHIFT_MODE_FREIGHT_STRATEGY_NDC_25|TX:TRNS:SHIFT_MODE_PASSENGER_STRATEGY_NDC_25|TX:TRWW:INC_COMPLIANCE_SEPTIC_STRATEGY_NDC_25|TX:WALI:INC_TREATMENT_INDUSTRIAL_STRATEGY_NDC_25|TX:WALI:INC_TREATMENT_RURAL_STRATEGY_NDC_25|TX:WALI:INC_TREATMENT_URBAN_STRATEGY_NDC_25|TX:WASO:DEC_CONSUMER_FOOD_WASTE_STRATEGY_NDC_25|TX:WASO:INC_ANAEROBIC_AND_COMPOST_STRATEGY_NDC_25|TX:WASO:INC_CAPTURE_BIOGAS_STRATEGY_NDC_25|TX:WASO:INC_LANDFILLING_STRATEGY_NDC_25|TX:WASO:INC_RECYCLING_STRATEGY_NDC_25,0
6020,PFLO:NDC_25_PAM_09B_INF,NDC 2.0 with a 2025 start tuned manually with overwriting from upper strategies for PAM 09b,,TX:AGRC:INC_CONSERVATION_AGRICULTURE_STRATEGY_NDC_25|TX:AGRC:INC_PRODUCTIVITY_STRATEGY_NDC_25|TX:ENTC:DEC_LOSSES_STRATEGY_NDC_25|TX:ENTC:TARGET_RENEWABLE_ELEC_STRATEGY_NDC_25|TX:FRST:INCREASE_SEQUESTRATION_NDC_25|TX:INEN:INC_EFFICIENCY_ENERGY_STRATEGY_NDC_25|TX:INEN:SHIFT_FUEL_HEAT_STRATEGY_NDC_25|TX:IPPU:DEC_CLINKER_STRATEGY_NDC_25|TX:IPPU:DEC_HFCS_STRATEGY_NDC_25|TX:LNDU:DEC_DEFORESTATION_STRATEGY_NDC_25|TX:LNDU:DEC_WETLAND_LOSS_NDC_25|TX:LNDU:INC_REFORESTATION_STRATEGY_NDC_25|TX:LNDU:INC_SILVOPASTURE_NDC_25|TX:LNDU:SET_FORESTS_SECONDARY_MAX_NDC_25|TX:LNDU:SET_WETLANDS_MINIMUM_NDC_25|TX:LVST:DEC_ENTERIC_FERMENTATION_STRATEGY_NDC_25|TX:LVST:INC_PRODUCTIVITY_STRATEGY_NDC_25|TX:SCOE:DEC_DEMAND_HEAT_STRATEGY_NDC_25|TX:SCOE:INC_EFFICIENCY_APPLIANCE_STRATEGY_NDC_25|TX:SCOE:INC_EFFICIENCY_HEAT_NDC_25|TX:SCOE:SHIFT_FUEL_HEAT_STRATEGY_NDC_25|TX:SCOE:SHIFT_FUEL_HEAT_STRATEGY_NDC_25_HGL|TX:TRNS:INC_EFFICIENCY_NON_ELECTRIC_STRATEGY_NDC_25|TX:TRNS:SHIFT_FUEL_LIGHT_DUTY_ALT_FUELS_NDC_25|TX:TRNS:SHIFT_FUEL_MEDIUM_DUTY_STRATEGY_NDC_25|TX:TRNS:SHIFT_FUEL_POWERED_BIKES_STRATEGY_NDC_25|TX:TRNS:SHIFT_FUEL_RAIL_STRATEGY_NDC_25|TX:TRNS:SHIFT_MODE_FREIGHT_STRATEGY_NDC_25|TX:TRNS:SHIFT_MODE_PASSENGER_STRATEGY_NDC_25|TX:TRWW:INC_COMPLIANCE_SEPTIC_STRATEGY_NDC_25|TX:WALI:INC_TREATMENT_INDUSTRIAL_STRATEGY_NDC_25|TX:WALI:INC_TREATMENT_RURAL_STRATEGY_NDC_25|TX:WALI:INC_TREATMENT_URBAN_STRATEGY_NDC_25|TX:WASO:DEC_CONSUMER_FOOD_WASTE_STRATEGY_NDC_25|TX:WASO:INC_ANAEROBIC_AND_COMPOST_STRATEGY_NDC_25|TX:WASO:INC_CAPTURE_BIOGAS_STRATEGY_NDC_25|TX:WASO:INC_LANDFILLING_STRATEGY_NDC_25|TX:WASO:INC_RECYCLING_STRATEGY_NDC_25,0
6021,PFLO:NDC_25_PAM_09B_SUP,NDC 2.0 with a 2025 start tuned manually with removing from lower strategies for PAM 09b,,TX:AGRC:INC_CONSERVATION_AGRICULTURE_STRATEGY_NDC_25|TX:AGRC:INC_PRODUCTIVITY_STRATEGY_NDC_25|TX:ENTC:DEC_LOSSES_STRATEGY_NDC_25|TX:ENTC:TARGET_RENEWABLE_ELEC_STRATEGY_NDC_25|TX:FRST:INCREASE_SEQUESTRATION_NDC_25|TX:INEN:INC_EFFICIENCY_ENERGY_STRATEGY_NDC_25|TX:INEN:SHIFT_FUEL_HEAT_STRATEGY_NDC_25|TX:IPPU:DEC_CLINKER_STRATEGY_NDC_25|TX:IPPU:DEC_HFCS_STRATEGY_NDC_25|TX:LNDU:DEC_DEFORESTATION_STRATEGY_NDC_25|TX:LNDU:DEC_WETLAND_LOSS_NDC_25|TX:LNDU:INC_REFORESTATION_STRATEGY_NDC_25|TX:LNDU:INC_SILVOPASTURE_NDC_25|TX:LNDU:SET_FORESTS_SECONDARY_MAX_NDC_25|TX:LNDU:SET_WETLANDS_MINIMUM_NDC_25|TX:LVST:DEC_ENTERIC_FERMENTATION_STRATEGY_NDC_25|TX:LVST:INC_PRODUCTIVITY_STRATEGY_NDC_25|TX:SCOE:DEC_DEMAND_HEAT_STRATEGY_NDC_25|TX:SCOE:INC_EFFICIENCY_APPLIANCE_STRATEGY_NDC_25|TX:SCOE:INC_EFFICIENCY_HEAT_NDC_25|TX:SCOE:SHIFT_FUEL_HEAT_STRATEGY_NDC_25|TX:SCOE:SHIFT_FUEL_HEAT_STRATEGY_NDC_25_HGL|TX:TRNS:INC_EFFICIENCY_NON_ELECTRIC_STRATEGY_NDC_25|TX:TRNS:SHIFT_FUEL_LIGHT_DUTY_ALT_FUELS_NDC_25|TX:TRNS:SHIFT_FUEL_MEDIUM_DUTY_STRATEGY_NDC_25|TX:TRNS:SHIFT_FUEL_POWERED_BIKES_STRATEGY_NDC_25|TX:TRNS:SHIFT_FUEL_RAIL_STRATEGY_NDC_25|TX:TRNS:SHIFT_MODE_FREIGHT_STRATEGY_NDC_25|TX:TRNS:SHIFT_MODE_PASSENGER_STRATEGY_NDC_25|TX:TRWW:INC_COMPLIANCE_SEPTIC_STRATEGY_NDC_25|TX:WALI:INC_TREATMENT_INDUSTRIAL_STRATEGY_NDC_25|TX:WALI:INC_TREATMENT_RURAL_STRATEGY_NDC_25|TX:WALI:INC_TREATMENT_URBAN_STRATEGY_NDC_25|TX:WASO:DEC_CONSUMER_FOOD_WASTE_STRATEGY_NDC_25|TX:WASO:INC_ANAEROBIC_AND_COMPOST_STRATEGY_NDC_25|TX:WASO:INC_CAPTURE_BIOGAS_STRATEGY_NDC_25|TX:WASO:INC_LANDFILLING_STRATEGY_NDC_25|TX:WASO:INC_RECYCLING_STRATEGY_NDC_25|TX:LSMM:INC_CAPTURE_BIOGAS_STRATEGY_NZ|TX:LSMM:INC_MANAGEMENT_CATTLE_PIGS_STRATEGY_NZ|TX:LSMM:INC_MANAGEMENT_OTHER_STRATEGY_NZ|TX:LSMM:INC_MANAGEMENT_POULTRY_STRATEGY_NZ,0
6022,PFLO:NDC_25_PAM_09_INF,NDC 2.0 with a 2025 start tuned manually with overwriting from upper strategies for PAM 09,,TX:AGRC:INC_CONSERVATION_AGRICULTURE_STRATEGY_NDC_25|TX:AGRC:INC_PRODUCTIVITY_STRATEGY_NDC_25|TX:ENTC:DEC_LOSSES_STRATEGY_NDC_25|TX:ENTC:TARGET_RENEWABLE_ELEC_STRATEGY_NDC_25|TX:FRST:INCREASE_SEQUESTRATION_NDC_25|TX:INEN:INC_EFFICIENCY_ENERGY_STRATEGY_NDC_25|TX:INEN:SHIFT_FUEL_HEAT_STRATEGY_NDC_25|TX:IPPU:DEC_CLINKER_STRATEGY_NDC_25|TX:IPPU:DEC_HFCS_STRATEGY_NDC_25|TX:LNDU:DEC_DEFORESTATION_STRATEGY_NDC_25|TX:LNDU:DEC_WETLAND_LOSS_NDC_25|TX:LNDU:INC_REFORESTATION_STRATEGY_NDC_25|TX:LNDU:SET_FORESTS_SECONDARY_MAX_NDC_25|TX:LNDU:SET_WETLANDS_MINIMUM_NDC_25|TX:SCOE:DEC_DEMAND_HEAT_STRATEGY_NDC_25|TX:SCOE:INC_EFFICIENCY_APPLIANCE_STRATEGY_NDC_25|TX:SCOE:INC_EFFICIENCY_HEAT_NDC_25|TX:SCOE:SHIFT_FUEL_HEAT_STRATEGY_NDC_25|TX:SCOE:SHIFT_FUEL_HEAT_STRATEGY_NDC_25_HGL|TX:TRNS:INC_EFFICIENCY_NON_ELECTRIC_STRATEGY_NDC_25|TX:TRNS:SHIFT_FUEL_LIGHT_DUTY_ALT_FUELS_NDC_25|TX:TRNS:SHIFT_FUEL_MEDIUM_DUTY_STRATEGY_NDC_25|TX:TRNS:SHIFT_FUEL_POWERED_BIKES_STRATEGY_NDC_25|TX:TRNS:SHIFT_FUEL_RAIL_STRATEGY_NDC_25|TX:TRNS:SHIFT_MODE_FREIGHT_STRATEGY_NDC_25|TX:TRNS:SHIFT_MODE_PASSENGER_STRATEGY_NDC_25|TX:TRWW:INC_COMPLIANCE_SEPTIC_STRATEGY_NDC_25|TX:WALI:INC_TREATMENT_INDUSTRIAL_STRATEGY_NDC_25|TX:WALI:INC_TREATMENT_RURAL_STRATEGY_NDC_25|TX:WALI:INC_TREATMENT_URBAN_STRATEGY_NDC_25|TX:WASO:DEC_CONSUMER_FOOD_WASTE_STRATEGY_NDC_25|TX:WASO:INC_ANAEROBIC_AND_COMPOST_STRATEGY_NDC_25|TX:WASO:INC_CAPTURE_BIOGAS_STRATEGY_NDC_25|TX:WASO:INC_LANDFILLING_STRATEGY_NDC_25|TX:WASO:INC_RECYCLING_STRATEGY_NDC_25,0
6023,PFLO:NDC_25_PAM_09_SUP,NDC 2.0 with a 2025 start tuned manually with removing from lower strategies for PAM 09,,TX:AGRC:INC_CONSERVATION_AGRICULTURE_STRATEGY_NDC_25|TX:AGRC:INC_PRODUCTIVITY_STRATEGY_NDC_25|TX:ENTC:DEC_LOSSES_STRATEGY_NDC_25|TX:ENTC:TARGET_RENEWABLE_ELEC_STRATEGY_NDC_25|TX:FRST:INCREASE_SEQUESTRATION_NDC_25|TX:INEN:INC_EFFICIENCY_ENERGY_STRATEGY_NDC_25|TX:INEN:SHIFT_FUEL_HEAT_STRATEGY_NDC_25|TX:IPPU:DEC_CLINKER_STRATEGY_NDC_25|TX:IPPU:DEC_HFCS_STRATEGY_NDC_25|TX:LNDU:DEC_DEFORESTATION_STRATEGY_NDC_25|TX:LNDU:DEC_WETLAND_LOSS_NDC_25|TX:LNDU:INC_REFORESTATION_STRATEGY_NDC_25|TX:LNDU:INC_SILVOPASTURE|TX:LNDU:SET_FORESTS_SECONDARY_MAX_NDC_25|TX:LNDU:SET_WETLANDS_MINIMUM_NDC_25|TX:LVST:DEC_ENTERIC_FERMENTATION_STRATEGY_NZ|TX:LVST:INC_PRODUCTIVITY_STRATEGY_NZ|TX:SCOE:DEC_DEMAND_HEAT_STRATEGY_NDC_25|TX:SCOE:INC_EFFICIENCY_APPLIANCE_STRATEGY_NDC_25|TX:SCOE:INC_EFFICIENCY_HEAT_NDC_25|TX:SCOE:SHIFT_FUEL_HEAT_STRATEGY_NDC_25|TX:SCOE:SHIFT_FUEL_HEAT_STRATEGY_NDC_25_HGL|TX:TRNS:INC_EFFICIENCY_NON_ELECTRIC_STRATEGY_NDC_25|TX:TRNS:SHIFT_FUEL_LIGHT_DUTY_ALT_FUELS_NDC_25|TX:TRNS:SHIFT_FUEL_MEDIUM_DUTY_STRATEGY_NDC_25|TX:TRNS:SHIFT_FUEL_POWERED_BIKES_STRATEGY_NDC_25|TX:TRNS:SHIFT_FUEL_RAIL_STRATEGY_NDC_25|TX:TRNS:SHIFT_MODE_FREIGHT_STRATEGY_NDC_25|TX:TRNS:SHIFT_MODE_PASSENGER_STRATEGY_NDC_25|TX:TRWW:INC_COMPLIANCE_SEPTIC_STRATEGY_NDC_25|TX:WALI:INC_TREATMENT_INDUSTRIAL_STRATEGY_NDC_25|TX:WALI:INC_TREATMENT_RURAL_STRATEGY_NDC_25|TX:WALI:INC_TREATMENT_URBAN_STRATEGY_NDC_25|TX:WASO:DEC_CONSUMER_FOOD_WASTE_STRATEGY_NDC_25|TX:WASO:INC_ANAEROBIC_AND_COMPOST_STRATEGY_NDC_25|TX:WASO:INC_CAPTURE_BIOGAS_STRATEGY_NDC_25|TX:WASO:INC_LANDFILLING_STRATEGY_NDC_25|TX:WASO:INC_RECYCLING_STRATEGY_NDC_25,0
6024,PFLO:NDC_25_PAM_10_INF,NDC 2.0 with a 2025 start tuned manually with overwriting from upper strategies for PAM 10,,TX:AGRC:INC_CONSERVATION_AGRICULTURE_STRATEGY_NDC_25|TX:AGRC:INC_PRODUCTIVITY_STRATEGY_NDC_25|TX:ENTC:DEC_LOSSES_STRATEGY_NDC_25|TX:ENTC:TARGET_RENEWABLE_ELEC_STRATEGY_NDC_25|TX:FRST:INCREASE_SEQUESTRATION_NDC_25|TX:INEN:INC_EFFICIENCY_ENERGY_STRATEGY_NDC_25|TX:INEN:SHIFT_FUEL_HEAT_STRATEGY_NDC_25|TX:IPPU:DEC_CLINKER_STRATEGY_NDC_25|TX:IPPU:DEC_HFCS_STRATEGY_NDC_25|TX:LNDU:DEC_DEFORESTATION_STRATEGY_NDC_25|TX:LNDU:DEC_WETLAND_LOSS_NDC_25|TX:LNDU:INC_REFORESTATION_STRATEGY_NDC_25|TX:LNDU:INC_SILVOPASTURE_NDC_25|TX:LNDU:SET_FORESTS_SECONDARY_MAX_NDC_25|TX:LVST:DEC_ENTERIC_FERMENTATION_STRATEGY_NDC_25|TX:LVST:INC_PRODUCTIVITY_STRATEGY_NDC_25|TX:SCOE:DEC_DEMAND_HEAT_STRATEGY_NDC_25|TX:SCOE:INC_EFFICIENCY_APPLIANCE_STRATEGY_NDC_25|TX:SCOE:INC_EFFICIENCY_HEAT_NDC_25|TX:SCOE:SHIFT_FUEL_HEAT_STRATEGY_NDC_25|TX:SCOE:SHIFT_FUEL_HEAT_STRATEGY_NDC_25_HGL|TX:TRNS:INC_EFFICIENCY_NON_ELECTRIC_STRATEGY_NDC_25|TX:TRNS:SHIFT_FUEL_LIGHT_DUTY_ALT_FUELS_NDC_25|TX:TRNS:SHIFT_FUEL_MEDIUM_DUTY_STRATEGY_NDC_25|TX:TRNS:SHIFT_FUEL_POWERED_BIKES_STRATEGY_NDC_25|TX:TRNS:SHIFT_FUEL_RAIL_STRATEGY_NDC_25|TX:TRNS:SHIFT_MODE_FREIGHT_STRATEGY_NDC_25|TX:TRNS:SHIFT_MODE_PASSENGER_STRATEGY_NDC_25|TX:TRWW:INC_COMPLIANCE_SEPTIC_STRATEGY_NDC_25|TX:WALI:INC_TREATMENT_INDUSTRIAL_STRATEGY_NDC_25|TX:WALI:INC_TREATMENT_RURAL_STRATEGY_NDC_25|TX:WALI:INC_TREATMENT_URBAN_STRATEGY_NDC_25|TX:WASO:DEC_CONSUMER_FOOD_WASTE_STRATEGY_NDC_25|TX:WASO:INC_ANAEROBIC_AND_COMPOST_STRATEGY_NDC_25|TX:WASO:INC_CAPTURE_BIOGAS_STRATEGY_NDC_25|TX:WASO:INC_LANDFILLING_STRATEGY_NDC_25|TX:WASO:INC_RECYCLING_STRATEGY_NDC_25,0
6025,PFLO:NDC_25_PAM_10_SUP,NDC 2.0 with a 2025 start tuned manually with removing from lower strategies for PAM 10,,TX:AGRC:INC_CONSERVATION_AGRICULTURE_STRATEGY_NDC_25|TX:AGRC:INC_PRODUCTIVITY_STRATEGY_NDC_25|TX:ENTC:DEC_LOSSES_STRATEGY_NDC_25|TX:ENTC:TARGET_RENEWABLE_ELEC_STRATEGY_NDC_25|TX:FRST:INCREASE_SEQUESTRATION_NDC_25|TX:INEN:INC_EFFICIENCY_ENERGY_STRATEGY_NDC_25|TX:INEN:SHIFT_FUEL_HEAT_STRATEGY_NDC_25|TX:IPPU:DEC_CLINKER_STRATEGY_NDC_25|TX:IPPU:DEC_HFCS_STRATEGY_NDC_25|TX:LNDU:DEC_DEFORESTATION_STRATEGY_NDC_25|TX:LNDU:DEC_WETLAND_LOSS_NDC_25|TX:LNDU:INC_REFORESTATION_STRATEGY_NDC_25|TX:LNDU:INC_SILVOPASTURE_NDC_25|TX:LNDU:SET_FORESTS_SECONDARY_MAX_NDC_25|TX:LNDU:SET_WETLANDS_MINIMUM_NZ|TX:LVST:DEC_ENTERIC_FERMENTATION_STRATEGY_NDC_25|TX:LVST:INC_PRODUCTIVITY_STRATEGY_NDC_25|TX:SCOE:DEC_DEMAND_HEAT_STRATEGY_NDC_25|TX:SCOE:INC_EFFICIENCY_APPLIANCE_STRATEGY_NDC_25|TX:SCOE:INC_EFFICIENCY_HEAT_NDC_25|TX:SCOE:SHIFT_FUEL_HEAT_STRATEGY_NDC_25|TX:SCOE:SHIFT_FUEL_HEAT_STRATEGY_NDC_25_HGL|TX:TRNS:INC_EFFICIENCY_NON_ELECTRIC_STRATEGY_NDC_25|TX:TRNS:SHIFT_FUEL_LIGHT_DUTY_ALT_FUELS_NDC_25|TX:TRNS:SHIFT_FUEL_MEDIUM_DUTY_STRATEGY_NDC_25|TX:TRNS:SHIFT_FUEL_POWERED_BIKES_STRATEGY_NDC_25|TX:TRNS:SHIFT_FUEL_RAIL_STRATEGY_NDC_25|TX:TRNS:SHIFT_MODE_FREIGHT_STRATEGY_NDC_25|TX:TRNS:SHIFT_MODE_PASSENGER_STRATEGY_NDC_25|TX:TRWW:INC_COMPLIANCE_SEPTIC_STRATEGY_NDC_25|TX:WALI:INC_TREATMENT_INDUSTRIAL_STRATEGY_NDC_25|TX:WALI:INC_TREATMENT_RURAL_STRATEGY_NDC_25|TX:WALI:INC_TREATMENT_URBAN_STRATEGY_NDC_25|TX:WASO:DEC_CONSUMER_FOOD_WASTE_STRATEGY_NDC_25|TX:WASO:INC_ANAEROBIC_AND_COMPOST_STRATEGY_NDC_25|TX:WASO:INC_CAPTURE_BIOGAS_STRATEGY_NDC_25|TX:WASO:INC_LANDFILLING_STRATEGY_NDC_25|TX:WASO:INC_RECYCLING_STRATEGY_NDC_25,0
6026,PFLO:NDC_25_PAM_12_INF,NDC 2.0 with a 2025 start tuned manually with overwriting from upper strategies for PAM 12,,TX:AGRC:INC_CONSERVATION_AGRICULTURE_STRATEGY_NDC_25|TX:AGRC:INC_PRODUCTIVITY_STRATEGY_NDC_25|TX:ENTC:DEC_LOSSES_STRATEGY_NDC_25|TX:ENTC:TARGET_RENEWABLE_ELEC_STRATEGY_NDC_25|TX:FRST:INCREASE_SEQUESTRATION_NDC_25|TX:INEN:INC_EFFICIENCY_ENERGY_STRATEGY_NDC_25|TX:INEN:SHIFT_FUEL_HEAT_STRATEGY_NDC_25|TX:IPPU:DEC_CLINKER_STRATEGY_NDC_25|TX:IPPU:DEC_HFCS_STRATEGY_NDC_25|TX:LNDU:DEC_DEFORESTATION_STRATEGY_NDC_25|TX:LNDU:DEC_WETLAND_LOSS_NDC_25|TX:LNDU:INC_REFORESTATION_STRATEGY_NDC_25|TX:LNDU:INC_SILVOPASTURE_NDC_25|TX:LNDU:SET_FORESTS_SECONDARY_MAX_NDC_25|TX:LNDU:SET_WETLANDS_MINIMUM_NDC_25|TX:LVST:DEC_ENTERIC_FERMENTATION_STRATEGY_NDC_25|TX:LVST:INC_PRODUCTIVITY_STRATEGY_NDC_25|TX:SCOE:DEC_DEMAND_HEAT_STRATEGY_NDC_25|TX:SCOE:INC_EFFICIENCY_APPLIANCE_STRATEGY_NDC_25|TX:SCOE:INC_EFFICIENCY_HEAT_NDC_25|TX:SCOE:SHIFT_FUEL_HEAT_STRATEGY_NDC_25|TX:SCOE:SHIFT_FUEL_HEAT_STRATEGY_NDC_25_HGL|TX:TRNS:INC_EFFICIENCY_NON_ELECTRIC_STRATEGY_NDC_25|TX:TRNS:SHIFT_FUEL_LIGHT_DUTY_ALT_FUELS_NDC_25|TX:TRNS:SHIFT_FUEL_MEDIUM_DUTY_STRATEGY_NDC_25|TX:TRNS:SHIFT_FUEL_POWERED_BIKES_STRATEGY_NDC_25|TX:TRNS:SHIFT_FUEL_RAIL_STRATEGY_NDC_25|TX:TRNS:SHIFT_MODE_FREIGHT_STRATEGY_NDC_25|TX:TRNS:SHIFT_MODE_PASSENGER_STRATEGY_NDC_25|TX:TRWW:INC_COMPLIANCE_SEPTIC_STRATEGY_NDC_25|TX:WALI:INC_TREATMENT_INDUSTRIAL_STRATEGY_NDC_25|TX:WALI:INC_TREATMENT_RURAL_STRATEGY_NDC_25|TX:WALI:INC_TREATMENT_URBAN_STRATEGY_NDC_25|TX:WASO:DEC_CONSUMER_FOOD_WASTE_STRATEGY_NDC_25|TX:WASO:INC_ANAEROBIC_AND_COMPOST_STRATEGY_NDC_25|TX:WASO:INC_CAPTURE_BIOGAS_STRATEGY_NDC_25|TX:WASO:INC_LANDFILLING_STRATEGY_NDC_25|TX:WASO:INC_RECYCLING_STRATEGY_NDC_25,0
6027,PFLO:NDC_25_PAM_12_SUP,NDC 2.0 with a 2025 start tuned manually with removing from lower strategies for PAM 12,,TX:AGRC:INC_CONSERVATION_AGRICULTURE_STRATEGY_NDC_25|TX:AGRC:INC_PRODUCTIVITY_STRATEGY_NDC_25|TX:ENTC:DEC_LOSSES_STRATEGY_NDC_25|TX:ENTC:TARGET_RENEWABLE_ELEC_STRATEGY_NDC_25|TX:FRST:INCREASE_SEQUESTRATION_NDC_25|TX:INEN:INC_EFFICIENCY_ENERGY_STRATEGY_NDC_25|TX:INEN:SHIFT_FUEL_HEAT_STRATEGY_NDC_25|TX:IPPU:DEC_CLINKER_STRATEGY_NDC_25|TX:IPPU:DEC_HFCS_STRATEGY_NDC_25|TX:LNDU:DEC_DEFORESTATION_STRATEGY_NDC_25|TX:LNDU:DEC_WETLAND_LOSS_NDC_25|TX:LNDU:INC_REFORESTATION_STRATEGY_NDC_25|TX:LNDU:INC_SILVOPASTURE_NDC_25|TX:LNDU:SET_FORESTS_SECONDARY_MAX_NDC_25|TX:LNDU:SET_WETLANDS_MINIMUM_NDC_25|TX:LVST:DEC_ENTERIC_FERMENTATION_STRATEGY_NDC_25|TX:LVST:INC_PRODUCTIVITY_STRATEGY_NDC_25|TX:SCOE:DEC_DEMAND_HEAT_STRATEGY_NDC_25|TX:SCOE:INC_EFFICIENCY_APPLIANCE_STRATEGY_NDC_25|TX:SCOE:INC_EFFICIENCY_HEAT_NDC_25|TX:SCOE:SHIFT_FUEL_HEAT_STRATEGY_NDC_25|TX:SCOE:SHIFT_FUEL_HEAT_STRATEGY_NDC_25_HGL|TX:TRNS:INC_EFFICIENCY_NON_ELECTRIC_STRATEGY_NDC_25|TX:TRNS:SHIFT_FUEL_LIGHT_DUTY_ALT_FUELS_NDC_25|TX:TRNS:SHIFT_FUEL_MEDIUM_DUTY_STRATEGY_NDC_25|TX:TRNS:SHIFT_FUEL_POWERED_BIKES_STRATEGY_NDC_25|TX:TRNS:SHIFT_FUEL_RAIL_STRATEGY_NDC_25|TX:TRNS:SHIFT_MODE_FREIGHT_STRATEGY_NDC_25|TX:TRNS:SHIFT_MODE_PASSENGER_STRATEGY_NDC_25|TX:TRWW:INC_COMPLIANCE_SEPTIC_STRATEGY_NDC_25|TX:WALI:INC_TREATMENT_INDUSTRIAL_STRATEGY_NDC_25|TX:WALI:INC_TREATMENT_RURAL_STRATEGY_NDC_25|TX:WALI:INC_TREATMENT_URBAN_STRATEGY_NDC_25|TX:WASO:DEC_CONSUMER_FOOD_WASTE_STRATEGY_NDC_25|TX:WASO:INC_ANAEROBIC_AND_COMPOST_STRATEGY_NDC_25|TX:WASO:INC_CAPTURE_BIOGAS_STRATEGY_NDC_25|TX:WASO:INC_LANDFILLING_STRATEGY_NDC_25|TX:WASO:INC_RECYCLING_STRATEGY_NDC_25|TX:ENTC:TARGET_RENEWABLE_ELEC_STRATEGY_NZ,0
6028,PFLO:NDC_25_PAM_13_INF,NDC 2.0 with a 2025 start tuned manually with overwriting from upper strategies for PAM 13,,TX:AGRC:INC_CONSERVATION_AGRICULTURE_STRATEGY_NDC_25|TX:AGRC:INC_PRODUCTIVITY_STRATEGY_NDC_25|TX:ENTC:TARGET_RENEWABLE_ELEC_STRATEGY_NDC_25|TX:FRST:INCREASE_SEQUESTRATION_NDC_25|TX:INEN:INC_EFFICIENCY_ENERGY_STRATEGY_NDC_25|TX:INEN:SHIFT_FUEL_HEAT_STRATEGY_NDC_25|TX:IPPU:DEC_CLINKER_STRATEGY_NDC_25|TX:IPPU:DEC_HFCS_STRATEGY_NDC_25|TX:LNDU:DEC_DEFORESTATION_STRATEGY_NDC_25|TX:LNDU:DEC_WETLAND_LOSS_NDC_25|TX:LNDU:INC_REFORESTATION_STRATEGY_NDC_25|TX:LNDU:INC_SILVOPASTURE_NDC_25|TX:LNDU:SET_FORESTS_SECONDARY_MAX_NDC_25|TX:LNDU:SET_WETLANDS_MINIMUM_NDC_25|TX:LVST:DEC_ENTERIC_FERMENTATION_STRATEGY_NDC_25|TX:LVST:INC_PRODUCTIVITY_STRATEGY_NDC_25|TX:SCOE:DEC_DEMAND_HEAT_STRATEGY_NDC_25|TX:SCOE:INC_EFFICIENCY_APPLIANCE_STRATEGY_NDC_25|TX:SCOE:INC_EFFICIENCY_HEAT_NDC_25|TX:SCOE:SHIFT_FUEL_HEAT_STRATEGY_NDC_25|TX:SCOE:SHIFT_FUEL_HEAT_STRATEGY_NDC_25_HGL|TX:TRNS:INC_EFFICIENCY_NON_ELECTRIC_STRATEGY_NDC_25|TX:TRNS:SHIFT_FUEL_LIGHT_DUTY_ALT_FUELS_NDC_25|TX:TRNS:SHIFT_FUEL_MEDIUM_DUTY_STRATEGY_NDC_25|TX:TRNS:SHIFT_FUEL_POWERED_BIKES_STRATEGY_NDC_25|TX:TRNS:SHIFT_FUEL_RAIL_STRATEGY_NDC_25|TX:TRNS:SHIFT_MODE_FREIGHT_STRATEGY_NDC_25|TX:TRNS:SHIFT_MODE_PASSENGER_STRATEGY_NDC_25|TX:TRWW:INC_COMPLIANCE_SEPTIC_STRATEGY_NDC_25|TX:WALI:INC_TREATMENT_INDUSTRIAL_STRATEGY_NDC_25|TX:WALI:INC_TREATMENT_RURAL_STRATEGY_NDC_25|TX:WALI:INC_TREATMENT_URBAN_STRATEGY_NDC_25|TX:WASO:DEC_CONSUMER_FOOD_WASTE_STRATEGY_NDC_25|TX:WASO:INC_ANAEROBIC_AND_COMPOST_STRATEGY_NDC_25|TX:WASO:INC_CAPTURE_BIOGAS_STRATEGY_NDC_25|TX:WASO:INC_LANDFILLING_STRATEGY_NDC_25|TX:WASO:INC_RECYCLING_STRATEGY_NDC_25,0
6029,PFLO:NDC_25_PAM_13_SUP,NDC 2.0 with a 2025 start tuned manually with removing from lower strategies for PAM 13,,TX:AGRC:INC_CONSERVATION_AGRICULTURE_STRATEGY_NDC_25|TX:AGRC:INC_PRODUCTIVITY_STRATEGY_NDC_25|TX:ENTC:DEC_LOSSES_STRATEGY_NZ|TX:ENTC:TARGET_RENEWABLE_ELEC_STRATEGY_NDC_25|TX:FRST:INCREASE_SEQUESTRATION_NDC_25|TX:INEN:INC_EFFICIENCY_ENERGY_STRATEGY_NDC_25|TX:INEN:SHIFT_FUEL_HEAT_STRATEGY_NDC_25|TX:IPPU:DEC_CLINKER_STRATEGY_NDC_25|TX:IPPU:DEC_HFCS_STRATEGY_NDC_25|TX:LNDU:DEC_DEFORESTATION_STRATEGY_NDC_25|TX:LNDU:DEC_WETLAND_LOSS_NDC_25|TX:LNDU:INC_REFORESTATION_STRATEGY_NDC_25|TX:LNDU:INC_SILVOPASTURE_NDC_25|TX:LNDU:SET_FORESTS_SECONDARY_MAX_NDC_25|TX:LNDU:SET_WETLANDS_MINIMUM_NDC_25|TX:LVST:DEC_ENTERIC_FERMENTATION_STRATEGY_NDC_25|TX:LVST:INC_PRODUCTIVITY_STRATEGY_NDC_25|TX:SCOE:DEC_DEMAND_HEAT_STRATEGY_NDC_25|TX:SCOE:INC_EFFICIENCY_APPLIANCE_STRATEGY_NDC_25|TX:SCOE:INC_EFFICIENCY_HEAT_NDC_25|TX:SCOE:SHIFT_FUEL_HEAT_STRATEGY_NDC_25|TX:SCOE:SHIFT_FUEL_HEAT_STRATEGY_NDC_25_HGL|TX:TRNS:INC_EFFICIENCY_NON_ELECTRIC_STRATEGY_NDC_25|TX:TRNS:SHIFT_FUEL_LIGHT_DUTY_ALT_FUELS_NDC_25|TX:TRNS:SHIFT_FUEL_MEDIUM_DUTY_STRATEGY_NDC_25|TX:TRNS:SHIFT_FUEL_POWERED_BIKES_STRATEGY_NDC_25|TX:TRNS:SHIFT_FUEL_RAIL_STRATEGY_NDC_25|TX:TRNS:SHIFT_MODE_FREIGHT_STRATEGY_NDC_25|TX:TRNS:SHIFT_MODE_PASSENGER_STRATEGY_NDC_25|TX:TRWW:INC_COMPLIANCE_SEPTIC_STRATEGY_NDC_25|TX:WALI:INC_TREATMENT_INDUSTRIAL_STRATEGY_NDC_25|TX:WALI:INC_TREATMENT_RURAL_STRATEGY_NDC_25|TX:WALI:INC_TREATMENT_URBAN_STRATEGY_NDC_25|TX:WASO:DEC_CONSUMER_FOOD_WASTE_STRATEGY_NDC_25|TX:WASO:INC_ANAEROBIC_AND_COMPOST_STRATEGY_NDC_25|TX:WASO:INC_CAPTURE_BIOGAS_STRATEGY_NDC_25|TX:WASO:INC_LANDFILLING_STRATEGY_NDC_25|TX:WASO:INC_RECYCLING_STRATEGY_NDC_25,0
6030,PFLO:NDC_25_PAM_15_INF,NDC 2.0 with a 2025 start tuned manually with overwriting from upper strategies for PAM 15,,TX:AGRC:INC_CONSERVATION_AGRICULTURE_STRATEGY_NDC_25|TX:AGRC:INC_PRODUCTIVITY_STRATEGY_NDC_25|TX:ENTC:DEC_LOSSES_STRATEGY_NDC_25|TX:ENTC:TARGET_RENEWABLE_ELEC_STRATEGY_NDC_25|TX:FRST:INCREASE_SEQUESTRATION_NDC_25|TX:INEN:SHIFT_FUEL_HEAT_STRATEGY_NDC_25|TX:IPPU:DEC_CLINKER_STRATEGY_NDC_25|TX:IPPU:DEC_HFCS_STRATEGY_NDC_25|TX:LNDU:DEC_DEFORESTATION_STRATEGY_NDC_25|TX:LNDU:DEC_WETLAND_LOSS_NDC_25|TX:LNDU:INC_REFORESTATION_STRATEGY_NDC_25|TX:LNDU:INC_SILVOPASTURE_NDC_25|TX:LNDU:SET_FORESTS_SECONDARY_MAX_NDC_25|TX:LNDU:SET_WETLANDS_MINIMUM_NDC_25|TX:LVST:DEC_ENTERIC_FERMENTATION_STRATEGY_NDC_25|TX:LVST:INC_PRODUCTIVITY_STRATEGY_NDC_25|TX:SCOE:DEC_DEMAND_HEAT_STRATEGY_NDC_25|TX:SCOE:INC_EFFICIENCY_APPLIANCE_STRATEGY_NDC_25|TX:SCOE:INC_EFFICIENCY_HEAT_NDC_25|TX:SCOE:SHIFT_FUEL_HEAT_STRATEGY_NDC_25|TX:SCOE:SHIFT_FUEL_HEAT_STRATEGY_NDC_25_HGL|TX:TRNS:INC_EFFICIENCY_NON_ELECTRIC_STRATEGY_NDC_25|TX:TRNS:SHIFT_FUEL_LIGHT_DUTY_ALT_FUELS_NDC_25|TX:TRNS:SHIFT_FUEL_MEDIUM_DUTY_STRATEGY_NDC_25|TX:TRNS:SHIFT_FUEL_POWERED_BIKES_STRATEGY_NDC_25|TX:TRNS:SHIFT_FUEL_RAIL_STRATEGY_NDC_25|TX:TRNS:SHIFT_MODE_FREIGHT_STRATEGY_NDC_25|TX:TRNS:SHIFT_MODE_PASSENGER_STRATEGY_NDC_25|TX:TRWW:INC_COMPLIANCE_SEPTIC_STRATEGY_NDC_25|TX:WALI:INC_TREATMENT_INDUSTRIAL_STRATEGY_NDC_25|TX:WALI:INC_TREATMENT_RURAL_STRATEGY_NDC_25|TX:WALI:INC_TREATMENT_URBAN_STRATEGY_NDC_25|TX:WASO:DEC_CONSUMER_FOOD_WASTE_STRATEGY_NDC_25|TX:WASO:INC_ANAEROBIC_AND_COMPOST_STRATEGY_NDC_25|TX:WASO:INC_CAPTURE_BIOGAS_STRATEGY_NDC_25|TX:WASO:INC_LANDFILLING_STRATEGY_NDC_25|TX:WASO:INC_RECYCLING_STRATEGY_NDC_25,0
6031,PFLO:NDC_25_PAM_15_SUP,NDC 2.0 with a 2025 start tuned manually with removing from lower strategies for PAM 15,,TX:AGRC:INC_CONSERVATION_AGRICULTURE_STRATEGY_NDC_25|TX:AGRC:INC_PRODUCTIVITY_STRATEGY_NDC_25|TX:ENTC:DEC_LOSSES_STRATEGY_NDC_25|TX:ENTC:TARGET_RENEWABLE_ELEC_STRATEGY_NDC_25|TX:FRST:INCREASE_SEQUESTRATION_NDC_25|TX:INEN:INC_EFFICIENCY_ENERGY_STRATEGY_NZ|TX:INEN:SHIFT_FUEL_HEAT_STRATEGY_NDC_25|TX:IPPU:DEC_CLINKER_STRATEGY_NDC_25|TX:IPPU:DEC_HFCS_STRATEGY_NDC_25|TX:LNDU:DEC_DEFORESTATION_STRATEGY_NDC_25|TX:LNDU:DEC_WETLAND_LOSS_NDC_25|TX:LNDU:INC_REFORESTATION_STRATEGY_NDC_25|TX:LNDU:INC_SILVOPASTURE_NDC_25|TX:LNDU:SET_FORESTS_SECONDARY_MAX_NDC_25|TX:LNDU:SET_WETLANDS_MINIMUM_NDC_25|TX:LVST:DEC_ENTERIC_FERMENTATION_STRATEGY_NDC_25|TX:LVST:INC_PRODUCTIVITY_STRATEGY_NDC_25|TX:SCOE:DEC_DEMAND_HEAT_STRATEGY_NDC_25|TX:SCOE:INC_EFFICIENCY_APPLIANCE_STRATEGY_NDC_25|TX:SCOE:INC_EFFICIENCY_HEAT_NDC_25|TX:SCOE:SHIFT_FUEL_HEAT_STRATEGY_NDC_25|TX:SCOE:SHIFT_FUEL_HEAT_STRATEGY_NDC_25_HGL|TX:TRNS:INC_EFFICIENCY_NON_ELECTRIC_STRATEGY_NDC_25|TX:TRNS:SHIFT_FUEL_LIGHT_DUTY_ALT_FUELS_NDC_25|TX:TRNS:SHIFT_FUEL_MEDIUM_DUTY_STRATEGY_NDC_25|TX:TRNS:SHIFT_FUEL_POWERED_BIKES_STRATEGY_NDC_25|TX:TRNS:SHIFT_FUEL_RAIL_STRATEGY_NDC_25|TX:TRNS:SHIFT_MODE_FREIGHT_STRATEGY_NDC_25|TX:TRNS:SHIFT_MODE_PASSENGER_STRATEGY_NDC_25|TX:TRWW:INC_COMPLIANCE_SEPTIC_STRATEGY_NDC_25|TX:WALI:INC_TREATMENT_INDUSTRIAL_STRATEGY_NDC_25|TX:WALI:INC_TREATMENT_RURAL_STRATEGY_NDC_25|TX:WALI:INC_TREATMENT_URBAN_STRATEGY_NDC_25|TX:WASO:DEC_CONSUMER_FOOD_WASTE_STRATEGY_NDC_25|TX:WASO:INC_ANAEROBIC_AND_COMPOST_STRATEGY_NDC_25|TX:WASO:INC_CAPTURE_BIOGAS_STRATEGY_NDC_25|TX:WASO:INC_LANDFILLING_STRATEGY_NDC_25|TX:WASO:INC_RECYCLING_STRATEGY_NDC_25,0
6032,PFLO:NDC_25_PAM_16.31_INF,NDC 2.0 with a 2025 start tuned manually with overwriting from upper strategies for PAM 16.31,,TX:AGRC:INC_CONSERVATION_AGRICULTURE_STRATEGY_NDC_25|TX:AGRC:INC_PRODUCTIVITY_STRATEGY_NDC_25|TX:ENTC:DEC_LOSSES_STRATEGY_NDC_25|TX:ENTC:TARGET_RENEWABLE_ELEC_STRATEGY_NDC_25|TX:FRST:INCREASE_SEQUESTRATION_NDC_25|TX:INEN:INC_EFFICIENCY_ENERGY_STRATEGY_NDC_25|TX:IPPU:DEC_CLINKER_STRATEGY_NDC_25|TX:IPPU:DEC_HFCS_STRATEGY_NDC_25|TX:LNDU:DEC_DEFORESTATION_STRATEGY_NDC_25|TX:LNDU:DEC_WETLAND_LOSS_NDC_25|TX:LNDU:INC_REFORESTATION_STRATEGY_NDC_25|TX:LNDU:INC_SILVOPASTURE_NDC_25|TX:LNDU:SET_FORESTS_SECONDARY_MAX_NDC_25|TX:LNDU:SET_WETLANDS_MINIMUM_NDC_25|TX:LVST:DEC_ENTERIC_FERMENTATION_STRATEGY_NDC_25|TX:LVST:INC_PRODUCTIVITY_STRATEGY_NDC_25|TX:SCOE:DEC_DEMAND_HEAT_STRATEGY_NDC_25|TX:SCOE:INC_EFFICIENCY_APPLIANCE_STRATEGY_NDC_25|TX:SCOE:INC_EFFICIENCY_HEAT_NDC_25|TX:SCOE:SHIFT_FUEL_HEAT_STRATEGY_NDC_25|TX:SCOE:SHIFT_FUEL_HEAT_STRATEGY_NDC_25_HGL|TX:TRNS:INC_EFFICIENCY_NON_ELECTRIC_STRATEGY_NDC_25|TX:TRNS:SHIFT_FUEL_LIGHT_DUTY_ALT_FUELS_NDC_25|TX:TRNS:SHIFT_FUEL_MEDIUM_DUTY_STRATEGY_NDC_25|TX:TRNS:SHIFT_FUEL_POWERED_BIKES_STRATEGY_NDC_25|TX:TRNS:SHIFT_FUEL_RAIL_STRATEGY_NDC_25|TX:TRNS:SHIFT_MODE_FREIGHT_STRATEGY_NDC_25|TX:TRNS:SHIFT_MODE_PASSENGER_STRATEGY_NDC_25|TX:TRWW:INC_COMPLIANCE_SEPTIC_STRATEGY_NDC_25|TX:WALI:INC_TREATMENT_INDUSTRIAL_STRATEGY_NDC_25|TX:WALI:INC_TREATMENT_RURAL_STRATEGY_NDC_25|TX:WALI:INC_TREATMENT_URBAN_STRATEGY_NDC_25|TX:WASO:DEC_CONSUMER_FOOD_WASTE_STRATEGY_NDC_25|TX:WASO:INC_ANAEROBIC_AND_COMPOST_STRATEGY_NDC_25|TX:WASO:INC_CAPTURE_BIOGAS_STRATEGY_NDC_25|TX:WASO:INC_LANDFILLING_STRATEGY_NDC_25|TX:WASO:INC_RECYCLING_STRATEGY_NDC_25,0
6033,PFLO:NDC_25_PAM_16.31_SUP,NDC 2.0 with a 2025 start tuned manually with removing from lower strategies for PAM 16.31,,TX:AGRC:INC_CONSERVATION_AGRICULTURE_STRATEGY_NDC_25|TX:AGRC:INC_PRODUCTIVITY_STRATEGY_NDC_25|TX:ENTC:DEC_LOSSES_STRATEGY_NDC_25|TX:ENTC:TARGET_RENEWABLE_ELEC_STRATEGY_NDC_25|TX:FRST:INCREASE_SEQUESTRATION_NDC_25|TX:INEN:INC_EFFICIENCY_ENERGY_STRATEGY_NDC_25|TX:INEN:SHIFT_FUEL_HEAT_STRATEGY_NZ|TX:IPPU:DEC_CLINKER_STRATEGY_NDC_25|TX:IPPU:DEC_HFCS_STRATEGY_NDC_25|TX:LNDU:DEC_DEFORESTATION_STRATEGY_NDC_25|TX:LNDU:DEC_WETLAND_LOSS_NDC_25|TX:LNDU:INC_REFORESTATION_STRATEGY_NDC_25|TX:LNDU:INC_SILVOPASTURE_NDC_25|TX:LNDU:SET_FORESTS_SECONDARY_MAX_NDC_25|TX:LNDU:SET_WETLANDS_MINIMUM_NDC_25|TX:LVST:DEC_ENTERIC_FERMENTATION_STRATEGY_NDC_25|TX:LVST:INC_PRODUCTIVITY_STRATEGY_NDC_25|TX:SCOE:DEC_DEMAND_HEAT_STRATEGY_NDC_25|TX:SCOE:INC_EFFICIENCY_APPLIANCE_STRATEGY_NDC_25|TX:SCOE:INC_EFFICIENCY_HEAT_NDC_25|TX:SCOE:SHIFT_FUEL_HEAT_STRATEGY_NDC_25|TX:SCOE:SHIFT_FUEL_HEAT_STRATEGY_NDC_25_HGL|TX:TRNS:INC_EFFICIENCY_NON_ELECTRIC_STRATEGY_NDC_25|TX:TRNS:SHIFT_FUEL_LIGHT_DUTY_ALT_FUELS_NDC_25|TX:TRNS:SHIFT_FUEL_MEDIUM_DUTY_STRATEGY_NDC_25|TX:TRNS:SHIFT_FUEL_POWERED_BIKES_STRATEGY_NDC_25|TX:TRNS:SHIFT_FUEL_RAIL_STRATEGY_NDC_25|TX:TRNS:SHIFT_MODE_FREIGHT_STRATEGY_NDC_25|TX:TRNS:SHIFT_MODE_PASSENGER_STRATEGY_NDC_25|TX:TRWW:INC_COMPLIANCE_SEPTIC_STRATEGY_NDC_25|TX:WALI:INC_TREATMENT_INDUSTRIAL_STRATEGY_NDC_25|TX:WALI:INC_TREATMENT_RURAL_STRATEGY_NDC_25|TX:WALI:INC_TREATMENT_URBAN_STRATEGY_NDC_25|TX:WASO:DEC_CONSUMER_FOOD_WASTE_STRATEGY_NDC_25|TX:WASO:INC_ANAEROBIC_AND_COMPOST_STRATEGY_NDC_25|TX:WASO:INC_CAPTURE_BIOGAS_STRATEGY_NDC_25|TX:WASO:INC_LANDFILLING_STRATEGY_NDC_25|TX:WASO:INC_RECYCLING_STRATEGY_NDC_25,0
6034,PFLO:NDC_25_PAM_17.17B_INF,NDC 2.0 with a 2025 start tuned manually with overwriting from upper strategies for PAM 17.17B,,TX:AGRC:INC_CONSERVATION_AGRICULTURE_STRATEGY_NDC_25|TX:AGRC:INC_PRODUCTIVITY_STRATEGY_NDC_25|TX:ENTC:DEC_LOSSES_STRATEGY_NDC_25|TX:ENTC:TARGET_RENEWABLE_ELEC_STRATEGY_NDC_25|TX:FRST:INCREASE_SEQUESTRATION_NDC_25|TX:INEN:INC_EFFICIENCY_ENERGY_STRATEGY_NDC_25|TX:INEN:SHIFT_FUEL_HEAT_STRATEGY_NDC_25|TX:IPPU:DEC_CLINKER_STRATEGY_NDC_25|TX:IPPU:DEC_HFCS_STRATEGY_NDC_25|TX:LNDU:DEC_DEFORESTATION_STRATEGY_NDC_25|TX:LNDU:DEC_WETLAND_LOSS_NDC_25|TX:LNDU:INC_REFORESTATION_STRATEGY_NDC_25|TX:LNDU:INC_SILVOPASTURE_NDC_25|TX:LNDU:SET_FORESTS_SECONDARY_MAX_NDC_25|TX:LNDU:SET_WETLANDS_MINIMUM_NDC_25|TX:LVST:DEC_ENTERIC_FERMENTATION_STRATEGY_NDC_25|TX:LVST:INC_PRODUCTIVITY_STRATEGY_NDC_25|TX:SCOE:DEC_DEMAND_HEAT_STRATEGY_NDC_25|TX:SCOE:INC_EFFICIENCY_HEAT_NDC_25|TX:SCOE:SHIFT_FUEL_HEAT_STRATEGY_NDC_25|TX:SCOE:SHIFT_FUEL_HEAT_STRATEGY_NDC_25_HGL|TX:TRNS:INC_EFFICIENCY_NON_ELECTRIC_STRATEGY_NDC_25|TX:TRNS:SHIFT_FUEL_LIGHT_DUTY_ALT_FUELS_NDC_25|TX:TRNS:SHIFT_FUEL_MEDIUM_DUTY_STRATEGY_NDC_25|TX:TRNS:SHIFT_FUEL_POWERED_BIKES_STRATEGY_NDC_25|TX:TRNS:SHIFT_FUEL_RAIL_STRATEGY_NDC_25|TX:TRNS:SHIFT_MODE_FREIGHT_STRATEGY_NDC_25|TX:TRNS:SHIFT_MODE_PASSENGER_STRATEGY_NDC_25|TX:TRWW:INC_COMPLIANCE_SEPTIC_STRATEGY_NDC_25|TX:WALI:INC_TREATMENT_INDUSTRIAL_STRATEGY_NDC_25|TX:WALI:INC_TREATMENT_RURAL_STRATEGY_NDC_25|TX:WALI:INC_TREATMENT_URBAN_STRATEGY_NDC_25|TX:WASO:DEC_CONSUMER_FOOD_WASTE_STRATEGY_NDC_25|TX:WASO:INC_ANAEROBIC_AND_COMPOST_STRATEGY_NDC_25|TX:WASO:INC_CAPTURE_BIOGAS_STRATEGY_NDC_25|TX:WASO:INC_LANDFILLING_STRATEGY_NDC_25|TX:WASO:INC_RECYCLING_STRATEGY_NDC_25,0
6035,PFLO:NDC_25_PAM_17.17B_SUP,NDC 2.0 with a 2025 start tuned manually with removing from lower strategies for PAM 17.17B,,TX:AGRC:INC_CONSERVATION_AGRICULTURE_STRATEGY_NDC_25|TX:AGRC:INC_PRODUCTIVITY_STRATEGY_NDC_25|TX:ENTC:DEC_LOSSES_STRATEGY_NDC_25|TX:ENTC:TARGET_RENEWABLE_ELEC_STRATEGY_NDC_25|TX:FRST:INCREASE_SEQUESTRATION_NDC_25|TX:INEN:INC_EFFICIENCY_ENERGY_STRATEGY_NDC_25|TX:INEN:SHIFT_FUEL_HEAT_STRATEGY_NDC_25|TX:IPPU:DEC_CLINKER_STRATEGY_NDC_25|TX:IPPU:DEC_HFCS_STRATEGY_NDC_25|TX:LNDU:DEC_DEFORESTATION_STRATEGY_NDC_25|TX:LNDU:DEC_WETLAND_LOSS_NDC_25|TX:LNDU:INC_REFORESTATION_STRATEGY_NDC_25|TX:LNDU:INC_SILVOPASTURE_NDC_25|TX:LNDU:SET_FORESTS_SECONDARY_MAX_NDC_25|TX:LNDU:SET_WETLANDS_MINIMUM_NDC_25|TX:LVST:DEC_ENTERIC_FERMENTATION_STRATEGY_NDC_25|TX:LVST:INC_PRODUCTIVITY_STRATEGY_NDC_25|TX:SCOE:DEC_DEMAND_HEAT_STRATEGY_NDC_25|TX:SCOE:INC_EFFICIENCY_APPLIANCE_STRATEGY_NZ|TX:SCOE:INC_EFFICIENCY_HEAT_NDC_25|TX:SCOE:SHIFT_FUEL_HEAT_STRATEGY_NDC_25|TX:SCOE:SHIFT_FUEL_HEAT_STRATEGY_NDC_25_HGL|TX:TRNS:INC_EFFICIENCY_NON_ELECTRIC_STRATEGY_NDC_25|TX:TRNS:SHIFT_FUEL_LIGHT_DUTY_ALT_FUELS_NDC_25|TX:TRNS:SHIFT_FUEL_MEDIUM_DUTY_STRATEGY_NDC_25|TX:TRNS:SHIFT_FUEL_POWERED_BIKES_STRATEGY_NDC_25|TX:TRNS:SHIFT_FUEL_RAIL_STRATEGY_NDC_25|TX:TRNS:SHIFT_MODE_FREIGHT_STRATEGY_NDC_25|TX:TRNS:SHIFT_MODE_PASSENGER_STRATEGY_NDC_25|TX:TRWW:INC_COMPLIANCE_SEPTIC_STRATEGY_NDC_25|TX:WALI:INC_TREATMENT_INDUSTRIAL_STRATEGY_NDC_25|TX:WALI:INC_TREATMENT_RURAL_STRATEGY_NDC_25|TX:WALI:INC_TREATMENT_URBAN_STRATEGY_NDC_25|TX:WASO:DEC_CONSUMER_FOOD_WASTE_STRATEGY_NDC_25|TX:WASO:INC_ANAEROBIC_AND_COMPOST_STRATEGY_NDC_25|TX:WASO:INC_CAPTURE_BIOGAS_STRATEGY_NDC_25|TX:WASO:INC_LANDFILLING_STRATEGY_NDC_25|TX:WASO:INC_RECYCLING_STRATEGY_NDC_25,0
6036,PFLO:NDC_25_PAM_18.19_INF,NDC 2.0 with a 2025 start tuned manually with overwriting from upper strategies for PAM 18.19,,TX:AGRC:INC_CONSERVATION_AGRICULTURE_STRATEGY_NDC_25|TX:AGRC:INC_PRODUCTIVITY_STRATEGY_NDC_25|TX:ENTC:DEC_LOSSES_STRATEGY_NDC_25|TX:ENTC:TARGET_RENEWABLE_ELEC_STRATEGY_NDC_25|TX:FRST:INCREASE_SEQUESTRATION_NDC_25|TX:INEN:INC_EFFICIENCY_ENERGY_STRATEGY_NDC_25|TX:INEN:SHIFT_FUEL_HEAT_STRATEGY_NDC_25|TX:IPPU:DEC_CLINKER_STRATEGY_NDC_25|TX:IPPU:DEC_HFCS_STRATEGY_NDC_25|TX:LNDU:DEC_DEFORESTATION_STRATEGY_NDC_25|TX:LNDU:DEC_WETLAND_LOSS_NDC_25|TX:LNDU:INC_REFORESTATION_STRATEGY_NDC_25|TX:LNDU:INC_SILVOPASTURE_NDC_25|TX:LNDU:SET_FORESTS_SECONDARY_MAX_NDC_25|TX:LNDU:SET_WETLANDS_MINIMUM_NDC_25|TX:LVST:DEC_ENTERIC_FERMENTATION_STRATEGY_NDC_25|TX:LVST:INC_PRODUCTIVITY_STRATEGY_NDC_25|TX:SCOE:DEC_DEMAND_HEAT_STRATEGY_NDC_25|TX:SCOE:INC_EFFICIENCY_APPLIANCE_STRATEGY_NDC_25|TX:SCOE:INC_EFFICIENCY_HEAT_NDC_25|TX:TRNS:INC_EFFICIENCY_NON_ELECTRIC_STRATEGY_NDC_25|TX:TRNS:SHIFT_FUEL_LIGHT_DUTY_ALT_FUELS_NDC_25|TX:TRNS:SHIFT_FUEL_MEDIUM_DUTY_STRATEGY_NDC_25|TX:TRNS:SHIFT_FUEL_POWERED_BIKES_STRATEGY_NDC_25|TX:TRNS:SHIFT_FUEL_RAIL_STRATEGY_NDC_25|TX:TRNS:SHIFT_MODE_FREIGHT_STRATEGY_NDC_25|TX:TRNS:SHIFT_MODE_PASSENGER_STRATEGY_NDC_25|TX:TRWW:INC_COMPLIANCE_SEPTIC_STRATEGY_NDC_25|TX:WALI:INC_TREATMENT_INDUSTRIAL_STRATEGY_NDC_25|TX:WALI:INC_TREATMENT_RURAL_STRATEGY_NDC_25|TX:WALI:INC_TREATMENT_URBAN_STRATEGY_NDC_25|TX:WASO:DEC_CONSUMER_FOOD_WASTE_STRATEGY_NDC_25|TX:WASO:INC_ANAEROBIC_AND_COMPOST_STRATEGY_NDC_25|TX:WASO:INC_CAPTURE_BIOGAS_STRATEGY_NDC_25|TX:WASO:INC_LANDFILLING_STRATEGY_NDC_25|TX:WASO:INC_RECYCLING_STRATEGY_NDC_25,0
6037,PFLO:NDC_25_PAM_18.19_SUP,NDC 2.0 with a 2025 start tuned manually with removing from lower strategies for PAM 18.19,,TX:AGRC:INC_CONSERVATION_AGRICULTURE_STRATEGY_NDC_25|TX:AGRC:INC_PRODUCTIVITY_STRATEGY_NDC_25|TX:ENTC:DEC_LOSSES_STRATEGY_NDC_25|TX:ENTC:TARGET_RENEWABLE_ELEC_STRATEGY_NDC_25|TX:FRST:INCREASE_SEQUESTRATION_NDC_25|TX:INEN:INC_EFFICIENCY_ENERGY_STRATEGY_NDC_25|TX:INEN:SHIFT_FUEL_HEAT_STRATEGY_NDC_25|TX:IPPU:DEC_CLINKER_STRATEGY_NDC_25|TX:IPPU:DEC_HFCS_STRATEGY_NDC_25|TX:LNDU:DEC_DEFORESTATION_STRATEGY_NDC_25|TX:LNDU:DEC_WETLAND_LOSS_NDC_25|TX:LNDU:INC_REFORESTATION_STRATEGY_NDC_25|TX:LNDU:INC_SILVOPASTURE_NDC_25|TX:LNDU:SET_FORESTS_SECONDARY_MAX_NDC_25|TX:LNDU:SET_WETLANDS_MINIMUM_NDC_25|TX:LVST:DEC_ENTERIC_FERMENTATION_STRATEGY_NDC_25|TX:LVST:INC_PRODUCTIVITY_STRATEGY_NDC_25|TX:SCOE:DEC_DEMAND_HEAT_STRATEGY_NDC_25|TX:SCOE:INC_EFFICIENCY_APPLIANCE_STRATEGY_NDC_25|TX:SCOE:INC_EFFICIENCY_HEAT_NDC_25|TX:SCOE:SHIFT_FUEL_HEAT_STRATEGY_NZ|TX:SCOE:SHIFT_FUEL_HEAT_STRATEGY_NZ|TX:TRNS:INC_EFFICIENCY_NON_ELECTRIC_STRATEGY_NDC_25|TX:TRNS:SHIFT_FUEL_LIGHT_DUTY_ALT_FUELS_NDC_25|TX:TRNS:SHIFT_FUEL_MEDIUM_DUTY_STRATEGY_NDC_25|TX:TRNS:SHIFT_FUEL_POWERED_BIKES_STRATEGY_NDC_25|TX:TRNS:SHIFT_FUEL_RAIL_STRATEGY_NDC_25|TX:TRNS:SHIFT_MODE_FREIGHT_STRATEGY_NDC_25|TX:TRNS:SHIFT_MODE_PASSENGER_STRATEGY_NDC_25|TX:TRWW:INC_COMPLIANCE_SEPTIC_STRATEGY_NDC_25|TX:WALI:INC_TREATMENT_INDUSTRIAL_STRATEGY_NDC_25|TX:WALI:INC_TREATMENT_RURAL_STRATEGY_NDC_25|TX:WALI:INC_TREATMENT_URBAN_STRATEGY_NDC_25|TX:WASO:DEC_CONSUMER_FOOD_WASTE_STRATEGY_NDC_25|TX:WASO:INC_ANAEROBIC_AND_COMPOST_STRATEGY_NDC_25|TX:WASO:INC_CAPTURE_BIOGAS_STRATEGY_NDC_25|TX:WASO:INC_LANDFILLING_STRATEGY_NDC_25|TX:WASO:INC_RECYCLING_STRATEGY_NDC_25,0
6038,PFLO:NDC_25_PAM_21_INF,NDC 2.0 with a 2025 start tuned manually with overwriting from upper strategies for PAM 21,,TX:AGRC:INC_CONSERVATION_AGRICULTURE_STRATEGY_NDC_25|TX:AGRC:INC_PRODUCTIVITY_STRATEGY_NDC_25|TX:ENTC:DEC_LOSSES_STRATEGY_NDC_25|TX:ENTC:TARGET_RENEWABLE_ELEC_STRATEGY_NDC_25|TX:FRST:INCREASE_SEQUESTRATION_NDC_25|TX:INEN:INC_EFFICIENCY_ENERGY_STRATEGY_NDC_25|TX:INEN:SHIFT_FUEL_HEAT_STRATEGY_NDC_25|TX:IPPU:DEC_CLINKER_STRATEGY_NDC_25|TX:IPPU:DEC_HFCS_STRATEGY_NDC_25|TX:LNDU:DEC_DEFORESTATION_STRATEGY_NDC_25|TX:LNDU:DEC_WETLAND_LOSS_NDC_25|TX:LNDU:INC_REFORESTATION_STRATEGY_NDC_25|TX:LNDU:INC_SILVOPASTURE_NDC_25|TX:LNDU:SET_FORESTS_SECONDARY_MAX_NDC_25|TX:LNDU:SET_WETLANDS_MINIMUM_NDC_25|TX:LVST:DEC_ENTERIC_FERMENTATION_STRATEGY_NDC_25|TX:LVST:INC_PRODUCTIVITY_STRATEGY_NDC_25|TX:SCOE:DEC_DEMAND_HEAT_STRATEGY_NDC_25|TX:SCOE:INC_EFFICIENCY_APPLIANCE_STRATEGY_NDC_25|TX:SCOE:INC_EFFICIENCY_HEAT_NDC_25|TX:SCOE:SHIFT_FUEL_HEAT_STRATEGY_NDC_25|TX:SCOE:SHIFT_FUEL_HEAT_STRATEGY_NDC_25_HGL|TX:TRNS:SHIFT_FUEL_LIGHT_DUTY_ALT_FUELS_NDC_25|TX:TRNS:SHIFT_FUEL_MEDIUM_DUTY_STRATEGY_NDC_25|TX:TRNS:SHIFT_FUEL_POWERED_BIKES_STRATEGY_NDC_25|TX:TRNS:SHIFT_FUEL_RAIL_STRATEGY_NDC_25|TX:TRNS:SHIFT_MODE_FREIGHT_STRATEGY_NDC_25|TX:TRNS:SHIFT_MODE_PASSENGER_STRATEGY_NDC_25|TX:TRWW:INC_COMPLIANCE_SEPTIC_STRATEGY_NDC_25|TX:WALI:INC_TREATMENT_INDUSTRIAL_STRATEGY_NDC_25|TX:WALI:INC_TREATMENT_RURAL_STRATEGY_NDC_25|TX:WALI:INC_TREATMENT_URBAN_STRATEGY_NDC_25|TX:WASO:DEC_CONSUMER_FOOD_WASTE_STRATEGY_NDC_25|TX:WASO:INC_ANAEROBIC_AND_COMPOST_STRATEGY_NDC_25|TX:WASO:INC_CAPTURE_BIOGAS_STRATEGY_NDC_25|TX:WASO:INC_LANDFILLING_STRATEGY_NDC_25|TX:WASO:INC_RECYCLING_STRATEGY_NDC_25,0
6039,PFLO:NDC_25_PAM_21_SUP,NDC 2.0 with a 2025 start tuned manually with removing from lower strategies for PAM 21,,TX:AGRC:INC_CONSERVATION_AGRICULTURE_STRATEGY_NDC_25|TX:AGRC:INC_PRODUCTIVITY_STRATEGY_NDC_25|TX:ENTC:DEC_LOSSES_STRATEGY_NDC_25|TX:ENTC:TARGET_RENEWABLE_ELEC_STRATEGY_NDC_25|TX:FRST:INCREASE_SEQUESTRATION_NDC_25|TX:INEN:INC_EFFICIENCY_ENERGY_STRATEGY_NDC_25|TX:INEN:SHIFT_FUEL_HEAT_STRATEGY_NDC_25|TX:IPPU:DEC_CLINKER_STRATEGY_NDC_25|TX:IPPU:DEC_HFCS_STRATEGY_NDC_25|TX:LNDU:DEC_DEFORESTATION_STRATEGY_NDC_25|TX:LNDU:DEC_WETLAND_LOSS_NDC_25|TX:LNDU:INC_REFORESTATION_STRATEGY_NDC_25|TX:LNDU:INC_SILVOPASTURE_NDC_25|TX:LNDU:SET_FORESTS_SECONDARY_MAX_NDC_25|TX:LNDU:SET_WETLANDS_MINIMUM_NDC_25|TX:LVST:DEC_ENTERIC_FERMENTATION_STRATEGY_NDC_25|TX:LVST:INC_PRODUCTIVITY_STRATEGY_NDC_25|TX:SCOE:DEC_DEMAND_HEAT_STRATEGY_NDC_25|TX:SCOE:INC_EFFICIENCY_APPLIANCE_STRATEGY_NDC_25|TX:SCOE:INC_EFFICIENCY_HEAT_NDC_25|TX:SCOE:SHIFT_FUEL_HEAT_STRATEGY_NDC_25|TX:SCOE:SHIFT_FUEL_HEAT_STRATEGY_NDC_25_HGL|TX:TRNS:INC_EFFICIENCY_NON_ELECTRIC_STRATEGY_NZ|TX:TRNS:SHIFT_FUEL_LIGHT_DUTY_ALT_FUELS_NDC_25|TX:TRNS:SHIFT_FUEL_MEDIUM_DUTY_STRATEGY_NDC_25|TX:TRNS:SHIFT_FUEL_POWERED_BIKES_STRATEGY_NDC_25|TX:TRNS:SHIFT_FUEL_RAIL_STRATEGY_NDC_25|TX:TRNS:SHIFT_MODE_FREIGHT_STRATEGY_NDC_25|TX:TRNS:SHIFT_MODE_PASSENGER_STRATEGY_NDC_25|TX:TRWW:INC_COMPLIANCE_SEPTIC_STRATEGY_NDC_25|TX:WALI:INC_TREATMENT_INDUSTRIAL_STRATEGY_NDC_25|TX:WALI:INC_TREATMENT_RURAL_STRATEGY_NDC_25|TX:WALI:INC_TREATMENT_URBAN_STRATEGY_NDC_25|TX:WASO:DEC_CONSUMER_FOOD_WASTE_STRATEGY_NDC_25|TX:WASO:INC_ANAEROBIC_AND_COMPOST_STRATEGY_NDC_25|TX:WASO:INC_CAPTURE_BIOGAS_STRATEGY_NDC_25|TX:WASO:INC_LANDFILLING_STRATEGY_NDC_25|TX:WASO:INC_RECYCLING_STRATEGY_NDC_25|TX:TRNS:INC_EFFICIENCY_ELECTRIC_STRATEGY_NZ,0
6040,PFLO:NDC_25_PAM_22_INF,NDC 2.0 with a 2025 start tuned manually with overwriting from upper strategies for PAM 22,,TX:AGRC:INC_CONSERVATION_AGRICULTURE_STRATEGY_NDC_25|TX:AGRC:INC_PRODUCTIVITY_STRATEGY_NDC_25|TX:ENTC:DEC_LOSSES_STRATEGY_NDC_25|TX:ENTC:TARGET_RENEWABLE_ELEC_STRATEGY_NDC_25|TX:FRST:INCREASE_SEQUESTRATION_NDC_25|TX:INEN:INC_EFFICIENCY_ENERGY_STRATEGY_NDC_25|TX:INEN:SHIFT_FUEL_HEAT_STRATEGY_NDC_25|TX:IPPU:DEC_CLINKER_STRATEGY_NDC_25|TX:IPPU:DEC_HFCS_STRATEGY_NDC_25|TX:LNDU:DEC_DEFORESTATION_STRATEGY_NDC_25|TX:LNDU:DEC_WETLAND_LOSS_NDC_25|TX:LNDU:INC_REFORESTATION_STRATEGY_NDC_25|TX:LNDU:INC_SILVOPASTURE_NDC_25|TX:LNDU:SET_FORESTS_SECONDARY_MAX_NDC_25|TX:LNDU:SET_WETLANDS_MINIMUM_NDC_25|TX:LVST:DEC_ENTERIC_FERMENTATION_STRATEGY_NDC_25|TX:LVST:INC_PRODUCTIVITY_STRATEGY_NDC_25|TX:SCOE:DEC_DEMAND_HEAT_STRATEGY_NDC_25|TX:SCOE:INC_EFFICIENCY_APPLIANCE_STRATEGY_NDC_25|TX:SCOE:INC_EFFICIENCY_HEAT_NDC_25|TX:SCOE:SHIFT_FUEL_HEAT_STRATEGY_NDC_25|TX:SCOE:SHIFT_FUEL_HEAT_STRATEGY_NDC_25_HGL|TX:TRNS:INC_EFFICIENCY_NON_ELECTRIC_STRATEGY_NDC_25|TX:TRNS:SHIFT_FUEL_MEDIUM_DUTY_STRATEGY_NDC_25|TX:TRNS:SHIFT_FUEL_RAIL_STRATEGY_NDC_25|TX:TRNS:SHIFT_MODE_FREIGHT_STRATEGY_NDC_25|TX:TRNS:SHIFT_MODE_PASSENGER_STRATEGY_NDC_25|TX:TRWW:INC_COMPLIANCE_SEPTIC_STRATEGY_NDC_25|TX:WALI:INC_TREATMENT_INDUSTRIAL_STRATEGY_NDC_25|TX:WALI:INC_TREATMENT_RURAL_STRATEGY_NDC_25|TX:WALI:INC_TREATMENT_URBAN_STRATEGY_NDC_25|TX:WASO:DEC_CONSUMER_FOOD_WASTE_STRATEGY_NDC_25|TX:WASO:INC_ANAEROBIC_AND_COMPOST_STRATEGY_NDC_25|TX:WASO:INC_CAPTURE_BIOGAS_STRATEGY_NDC_25|TX:WASO:INC_LANDFILLING_STRATEGY_NDC_25|TX:WASO:INC_RECYCLING_STRATEGY_NDC_25,0
6041,PFLO:NDC_25_PAM_22_SUP,NDC 2.0 with a 2025 start tuned manually with removing from lower strategies for PAM 22,,TX:AGRC:INC_CONSERVATION_AGRICULTURE_STRATEGY_NDC_25|TX:AGRC:INC_PRODUCTIVITY_STRATEGY_NDC_25|TX:ENTC:DEC_LOSSES_STRATEGY_NDC_25|TX:ENTC:TARGET_RENEWABLE_ELEC_STRATEGY_NDC_25|TX:FRST:INCREASE_SEQUESTRATION_NDC_25|TX:INEN:INC_EFFICIENCY_ENERGY_STRATEGY_NDC_25|TX:INEN:SHIFT_FUEL_HEAT_STRATEGY_NDC_25|TX:IPPU:DEC_CLINKER_STRATEGY_NDC_25|TX:IPPU:DEC_HFCS_STRATEGY_NDC_25|TX:LNDU:DEC_DEFORESTATION_STRATEGY_NDC_25|TX:LNDU:DEC_WETLAND_LOSS_NDC_25|TX:LNDU:INC_REFORESTATION_STRATEGY_NDC_25|TX:LNDU:INC_SILVOPASTURE_NDC_25|TX:LNDU:SET_FORESTS_SECONDARY_MAX_NDC_25|TX:LNDU:SET_WETLANDS_MINIMUM_NDC_25|TX:LVST:DEC_ENTERIC_FERMENTATION_STRATEGY_NDC_25|TX:LVST:INC_PRODUCTIVITY_STRATEGY_NDC_25|TX:SCOE:DEC_DEMAND_HEAT_STRATEGY_NDC_25|TX:SCOE:INC_EFFICIENCY_APPLIANCE_STRATEGY_NDC_25|TX:SCOE:INC_EFFICIENCY_HEAT_NDC_25|TX:SCOE:SHIFT_FUEL_HEAT_STRATEGY_NDC_25|TX:SCOE:SHIFT_FUEL_HEAT_STRATEGY_NDC_25_HGL|TX:TRNS:INC_EFFICIENCY_NON_ELECTRIC_STRATEGY_NDC_25|TX:TRNS:SHIFT_FUEL_MEDIUM_DUTY_STRATEGY_NDC_25|TX:TRNS:SHIFT_FUEL_RAIL_STRATEGY_NDC_25|TX:TRNS:SHIFT_MODE_FREIGHT_STRATEGY_NDC_25|TX:TRNS:SHIFT_MODE_PASSENGER_STRATEGY_NDC_25|TX:TRWW:INC_COMPLIANCE_SEPTIC_STRATEGY_NDC_25|TX:WALI:INC_TREATMENT_INDUSTRIAL_STRATEGY_NDC_25|TX:WALI:INC_TREATMENT_RURAL_STRATEGY_NDC_25|TX:WALI:INC_TREATMENT_URBAN_STRATEGY_NDC_25|TX:WASO:DEC_CONSUMER_FOOD_WASTE_STRATEGY_NDC_25|TX:WASO:INC_ANAEROBIC_AND_COMPOST_STRATEGY_NDC_25|TX:WASO:INC_CAPTURE_BIOGAS_STRATEGY_NDC_25|TX:WASO:INC_LANDFILLING_STRATEGY_NDC_25|TX:WASO:INC_RECYCLING_STRATEGY_NDC_25,0
6042,PFLO:NDC_25_PAM_23.24.25.26_INF,NDC 2.0 with a 2025 start tuned manually with overwriting from upper strategies for PAM 23.24.25.26,,TX:AGRC:INC_CONSERVATION_AGRICULTURE_STRATEGY_NDC_25|TX:AGRC:INC_PRODUCTIVITY_STRATEGY_NDC_25|TX:ENTC:DEC_LOSSES_STRATEGY_NDC_25|TX:ENTC:TARGET_RENEWABLE_ELEC_STRATEGY_NDC_25|TX:FRST:INCREASE_SEQUESTRATION_NDC_25|TX:INEN:INC_EFFICIENCY_ENERGY_STRATEGY_NDC_25|TX:INEN:SHIFT_FUEL_HEAT_STRATEGY_NDC_25|TX:IPPU:DEC_CLINKER_STRATEGY_NDC_25|TX:IPPU:DEC_HFCS_STRATEGY_NDC_25|TX:LNDU:DEC_DEFORESTATION_STRATEGY_NDC_25|TX:LNDU:DEC_WETLAND_LOSS_NDC_25|TX:LNDU:INC_REFORESTATION_STRATEGY_NDC_25|TX:LNDU:INC_SILVOPASTURE_NDC_25|TX:LNDU:SET_FORESTS_SECONDARY_MAX_NDC_25|TX:LNDU:SET_WETLANDS_MINIMUM_NDC_25|TX:LVST:DEC_ENTERIC_FERMENTATION_STRATEGY_NDC_25|TX:LVST:INC_PRODUCTIVITY_STRATEGY_NDC_25|TX:SCOE:DEC_DEMAND_HEAT_STRATEGY_NDC_25|TX:SCOE:INC_EFFICIENCY_APPLIANCE_STRATEGY_NDC_25|TX:SCOE:INC_EFFICIENCY_HEAT_NDC_25|TX:SCOE:SHIFT_FUEL_HEAT_STRATEGY_NDC_25|TX:SCOE:SHIFT_FUEL_HEAT_STRATEGY_NDC_25_HGL|TX:TRNS:INC_EFFICIENCY_NON_ELECTRIC_STRATEGY_NDC_25|TX:TRNS:SHIFT_FUEL_LIGHT_DUTY_ALT_FUELS_NDC_25|TX:TRNS:SHIFT_FUEL_MEDIUM_DUTY_STRATEGY_NDC_25|TX:TRNS:SHIFT_FUEL_POWERED_BIKES_STRATEGY_NDC_25|TX:TRWW:INC_COMPLIANCE_SEPTIC_STRATEGY_NDC_25|TX:WALI:INC_TREATMENT_INDUSTRIAL_STRATEGY_NDC_25|TX:WALI:INC_TREATMENT_RURAL_STRATEGY_NDC_25|TX:WALI:INC_TREATMENT_URBAN_STRATEGY_NDC_25|TX:WASO:DEC_CONSUMER_FOOD_WASTE_STRATEGY_NDC_25|TX:WASO:INC_ANAEROBIC_AND_COMPOST_STRATEGY_NDC_25|TX:WASO:INC_CAPTURE_BIOGAS_STRATEGY_NDC_25|TX:WASO:INC_LANDFILLING_STRATEGY_NDC_25|TX:WASO:INC_RECYCLING_STRATEGY_NDC_25,0
6043,PFLO:NDC_25_PAM_23.24.25.26_SUP,NDC 2.0 with a 2025 start tuned manually with removing from lower strategies for PAM 23.24.25.26,,TX:AGRC:INC_CONSERVATION_AGRICULTURE_STRATEGY_NDC_25|TX:AGRC:INC_PRODUCTIVITY_STRATEGY_NDC_25|TX:ENTC:DEC_LOSSES_STRATEGY_NDC_25|TX:ENTC:TARGET_RENEWABLE_ELEC_STRATEGY_NDC_25|TX:FRST:INCREASE_SEQUESTRATION_NDC_25|TX:INEN:INC_EFFICIENCY_ENERGY_STRATEGY_NDC_25|TX:INEN:SHIFT_FUEL_HEAT_STRATEGY_NDC_25|TX:IPPU:DEC_CLINKER_STRATEGY_NDC_25|TX:IPPU:DEC_HFCS_STRATEGY_NDC_25|TX:LNDU:DEC_DEFORESTATION_STRATEGY_NDC_25|TX:LNDU:DEC_WETLAND_LOSS_NDC_25|TX:LNDU:INC_REFORESTATION_STRATEGY_NDC_25|TX:LNDU:INC_SILVOPASTURE_NDC_25|TX:LNDU:SET_FORESTS_SECONDARY_MAX_NDC_25|TX:LNDU:SET_WETLANDS_MINIMUM_NDC_25|TX:LVST:DEC_ENTERIC_FERMENTATION_STRATEGY_NDC_25|TX:LVST:INC_PRODUCTIVITY_STRATEGY_NDC_25|TX:SCOE:DEC_DEMAND_HEAT_STRATEGY_NDC_25|TX:SCOE:INC_EFFICIENCY_APPLIANCE_STRATEGY_NDC_25|TX:SCOE:INC_EFFICIENCY_HEAT_NDC_25|TX:SCOE:SHIFT_FUEL_HEAT_STRATEGY_NDC_25|TX:SCOE:SHIFT_FUEL_HEAT_STRATEGY_NDC_25_HGL|TX:TRNS:INC_EFFICIENCY_NON_ELECTRIC_STRATEGY_NDC_25|TX:TRNS:SHIFT_FUEL_LIGHT_DUTY_ALT_FUELS_NDC_25|TX:TRNS:SHIFT_FUEL_MEDIUM_DUTY_STRATEGY_NDC_25|TX:TRNS:SHIFT_FUEL_POWERED_BIKES_STRATEGY_NDC_25|TX:TRNS:SHIFT_FUEL_RAIL_STRATEGY_NZ|TX:TRNS:SHIFT_MODE_FREIGHT_STRATEGY_NZ|TX:TRNS:SHIFT_MODE_PASSENGER_STRATEGY_NZ|TX:TRWW:INC_COMPLIANCE_SEPTIC_STRATEGY_NDC_25|TX:WALI:INC_TREATMENT_INDUSTRIAL_STRATEGY_NDC_25|TX:WALI:INC_TREATMENT_RURAL_STRATEGY_NDC_25|TX:WALI:INC_TREATMENT_URBAN_STRATEGY_NDC_25|TX:WASO:DEC_CONSUMER_FOOD_WASTE_STRATEGY_NDC_25|TX:WASO:INC_ANAEROBIC_AND_COMPOST_STRATEGY_NDC_25|TX:WASO:INC_CAPTURE_BIOGAS_STRATEGY_NDC_25|TX:WASO:INC_LANDFILLING_STRATEGY_NDC_25|TX:WASO:INC_RECYCLING_STRATEGY_NDC_25|TX:TRDE:DEC_DEMAND_STRATEGY_NZ|TX:TRNS:INC_OCCUPANCY_LIGHT_DUTY_STRATEGY_NZ|TX:TRNS:SHIFT_MODE_REGIONAL_STRATEGY_NZ,0
6044,PFLO:NDC_25_PAM_27_INF,NDC 2.0 with a 2025 start tuned manually with overwriting from upper strategies for PAM 27,,TX:AGRC:INC_CONSERVATION_AGRICULTURE_STRATEGY_NDC_25|TX:AGRC:INC_PRODUCTIVITY_STRATEGY_NDC_25|TX:ENTC:DEC_LOSSES_STRATEGY_NDC_25|TX:ENTC:TARGET_RENEWABLE_ELEC_STRATEGY_NDC_25|TX:FRST:INCREASE_SEQUESTRATION_NDC_25|TX:INEN:INC_EFFICIENCY_ENERGY_STRATEGY_NDC_25|TX:INEN:SHIFT_FUEL_HEAT_STRATEGY_NDC_25|TX:IPPU:DEC_CLINKER_STRATEGY_NDC_25|TX:IPPU:DEC_HFCS_STRATEGY_NDC_25|TX:LNDU:DEC_DEFORESTATION_STRATEGY_NDC_25|TX:LNDU:DEC_WETLAND_LOSS_NDC_25|TX:LNDU:INC_REFORESTATION_STRATEGY_NDC_25|TX:LNDU:INC_SILVOPASTURE_NDC_25|TX:LNDU:SET_FORESTS_SECONDARY_MAX_NDC_25|TX:LNDU:SET_WETLANDS_MINIMUM_NDC_25|TX:LVST:DEC_ENTERIC_FERMENTATION_STRATEGY_NDC_25|TX:LVST:INC_PRODUCTIVITY_STRATEGY_NDC_25|TX:SCOE:DEC_DEMAND_HEAT_STRATEGY_NDC_25|TX:SCOE:INC_EFFICIENCY_APPLIANCE_STRATEGY_NDC_25|TX:SCOE:INC_EFFICIENCY_HEAT_NDC_25|TX:SCOE:SHIFT_FUEL_HEAT_STRATEGY_NDC_25|TX:SCOE:SHIFT_FUEL_HEAT_STRATEGY_NDC_25_HGL|TX:TRNS:INC_EFFICIENCY_NON_ELECTRIC_STRATEGY_NDC_25|TX:TRNS:SHIFT_FUEL_LIGHT_DUTY_ALT_FUELS_NDC_25|TX:TRNS:SHIFT_FUEL_MEDIUM_DUTY_STRATEGY_NDC_25|TX:TRNS:SHIFT_FUEL_RAIL_STRATEGY_NDC_25|TX:TRNS:SHIFT_MODE_FREIGHT_STRATEGY_NDC_25|TX:TRNS:SHIFT_MODE_PASSENGER_STRATEGY_NDC_25|TX:TRWW:INC_COMPLIANCE_SEPTIC_STRATEGY_NDC_25|TX:WALI:INC_TREATMENT_INDUSTRIAL_STRATEGY_NDC_25|TX:WALI:INC_TREATMENT_RURAL_STRATEGY_NDC_25|TX:WALI:INC_TREATMENT_URBAN_STRATEGY_NDC_25|TX:WASO:DEC_CONSUMER_FOOD_WASTE_STRATEGY_NDC_25|TX:WASO:INC_ANAEROBIC_AND_COMPOST_STRATEGY_NDC_25|TX:WASO:INC_CAPTURE_BIOGAS_STRATEGY_NDC_25|TX:WASO:INC_LANDFILLING_STRATEGY_NDC_25|TX:WASO:INC_RECYCLING_STRATEGY_NDC_25,0
6045,PFLO:NDC_25_PAM_27_SUP,NDC 2.0 with a 2025 start tuned manually with removing from lower strategies for PAM 27,,TX:AGRC:INC_CONSERVATION_AGRICULTURE_STRATEGY_NDC_25|TX:AGRC:INC_PRODUCTIVITY_STRATEGY_NDC_25|TX:ENTC:DEC_LOSSES_STRATEGY_NDC_25|TX:ENTC:TARGET_RENEWABLE_ELEC_STRATEGY_NDC_25|TX:FRST:INCREASE_SEQUESTRATION_NDC_25|TX:INEN:INC_EFFICIENCY_ENERGY_STRATEGY_NDC_25|TX:INEN:SHIFT_FUEL_HEAT_STRATEGY_NDC_25|TX:IPPU:DEC_CLINKER_STRATEGY_NDC_25|TX:IPPU:DEC_HFCS_STRATEGY_NDC_25|TX:LNDU:DEC_DEFORESTATION_STRATEGY_NDC_25|TX:LNDU:DEC_WETLAND_LOSS_NDC_25|TX:LNDU:INC_REFORESTATION_STRATEGY_NDC_25|TX:LNDU:INC_SILVOPASTURE_NDC_25|TX:LNDU:SET_FORESTS_SECONDARY_MAX_NDC_25|TX:LNDU:SET_WETLANDS_MINIMUM_NDC_25|TX:LVST:DEC_ENTERIC_FERMENTATION_STRATEGY_NDC_25|TX:LVST:INC_PRODUCTIVITY_STRATEGY_NDC_25|TX:SCOE:DEC_DEMAND_HEAT_STRATEGY_NDC_25|TX:SCOE:INC_EFFICIENCY_APPLIANCE_STRATEGY_NDC_25|TX:SCOE:INC_EFFICIENCY_HEAT_NDC_25|TX:SCOE:SHIFT_FUEL_HEAT_STRATEGY_NDC_25|TX:SCOE:SHIFT_FUEL_HEAT_STRATEGY_NDC_25_HGL|TX:TRNS:INC_EFFICIENCY_NON_ELECTRIC_STRATEGY_NDC_25|TX:TRNS:SHIFT_FUEL_LIGHT_DUTY_ALT_FUELS_NDC_25|TX:TRNS:SHIFT_FUEL_MEDIUM_DUTY_STRATEGY_NDC_25|TX:TRNS:SHIFT_FUEL_LIGHT_DUTY_STRATEGY_NZ|TX:TRNS:SHIFT_FUEL_RAIL_STRATEGY_NDC_25|TX:TRNS:SHIFT_MODE_FREIGHT_STRATEGY_NDC_25|TX:TRNS:SHIFT_MODE_PASSENGER_STRATEGY_NDC_25|TX:TRWW:INC_COMPLIANCE_SEPTIC_STRATEGY_NDC_25|TX:WALI:INC_TREATMENT_INDUSTRIAL_STRATEGY_NDC_25|TX:WALI:INC_TREATMENT_RURAL_STRATEGY_NDC_25|TX:WALI:INC_TREATMENT_URBAN_STRATEGY_NDC_25|TX:WASO:DEC_CONSUMER_FOOD_WASTE_STRATEGY_NDC_25|TX:WASO:INC_ANAEROBIC_AND_COMPOST_STRATEGY_NDC_25|TX:WASO:INC_CAPTURE_BIOGAS_STRATEGY_NDC_25|TX:WASO:INC_LANDFILLING_STRATEGY_NDC_25|TX:WASO:INC_RECYCLING_STRATEGY_NDC_25|TX:TRNS:SHIFT_FUEL_MARITIME_STRATEGY_NZ|TX:TRNS:SHIFT_FUEL_MEDIUM_DUTY_STRATEGY_NZ|TX:TRNS:SHIFT_FUEL_POWERED_BIKES_STRATEGY_NZ,0
6046,PFLO:NDC_25_PAM_28_INF,NDC 2.0 with a 2025 start tuned manually with overwriting from upper strategies for PAM 28,,TX:AGRC:INC_CONSERVATION_AGRICULTURE_STRATEGY_NDC_25|TX:AGRC:INC_PRODUCTIVITY_STRATEGY_NDC_25|TX:ENTC:DEC_LOSSES_STRATEGY_NDC_25|TX:ENTC:TARGET_RENEWABLE_ELEC_STRATEGY_NDC_25|TX:FRST:INCREASE_SEQUESTRATION_NDC_25|TX:INEN:INC_EFFICIENCY_ENERGY_STRATEGY_NDC_25|TX:INEN:SHIFT_FUEL_HEAT_STRATEGY_NDC_25|TX:IPPU:DEC_CLINKER_STRATEGY_NDC_25|TX:IPPU:DEC_HFCS_STRATEGY_NDC_25|TX:LNDU:DEC_DEFORESTATION_STRATEGY_NDC_25|TX:LNDU:DEC_WETLAND_LOSS_NDC_25|TX:LNDU:INC_REFORESTATION_STRATEGY_NDC_25|TX:LNDU:INC_SILVOPASTURE_NDC_25|TX:LNDU:SET_FORESTS_SECONDARY_MAX_NDC_25|TX:LNDU:SET_WETLANDS_MINIMUM_NDC_25|TX:LVST:DEC_ENTERIC_FERMENTATION_STRATEGY_NDC_25|TX:LVST:INC_PRODUCTIVITY_STRATEGY_NDC_25|TX:SCOE:DEC_DEMAND_HEAT_STRATEGY_NDC_25|TX:SCOE:INC_EFFICIENCY_APPLIANCE_STRATEGY_NDC_25|TX:SCOE:INC_EFFICIENCY_HEAT_NDC_25|TX:SCOE:SHIFT_FUEL_HEAT_STRATEGY_NDC_25|TX:SCOE:SHIFT_FUEL_HEAT_STRATEGY_NDC_25_HGL|TX:TRNS:INC_EFFICIENCY_NON_ELECTRIC_STRATEGY_NDC_25|TX:TRNS:SHIFT_FUEL_LIGHT_DUTY_ALT_FUELS_NDC_25|TX:TRNS:SHIFT_FUEL_MEDIUM_DUTY_STRATEGY_NDC_25|TX:TRNS:SHIFT_FUEL_POWERED_BIKES_STRATEGY_NDC_25|TX:TRNS:SHIFT_FUEL_RAIL_STRATEGY_NDC_25|TX:TRNS:SHIFT_MODE_FREIGHT_STRATEGY_NDC_25|TX:TRNS:SHIFT_MODE_PASSENGER_STRATEGY_NDC_25|TX:WASO:DEC_CONSUMER_FOOD_WASTE_STRATEGY_NDC_25|TX:WASO:INC_ANAEROBIC_AND_COMPOST_STRATEGY_NDC_25|TX:WASO:INC_CAPTURE_BIOGAS_STRATEGY_NDC_25|TX:WASO:INC_LANDFILLING_STRATEGY_NDC_25|TX:WASO:INC_RECYCLING_STRATEGY_NDC_25,0
6047,PFLO:NDC_25_PAM_28_SUP,NDC 2.0 with a 2025 start tuned manually with removing from lower strategies for PAM 28,,TX:AGRC:INC_CONSERVATION_AGRICULTURE_STRATEGY_NDC_25|TX:AGRC:INC_PRODUCTIVITY_STRATEGY_NDC_25|TX:ENTC:DEC_LOSSES_STRATEGY_NDC_25|TX:ENTC:TARGET_RENEWABLE_ELEC_STRATEGY_NDC_25|TX:FRST:INCREASE_SEQUESTRATION_NDC_25|TX:INEN:INC_EFFICIENCY_ENERGY_STRATEGY_NDC_25|TX:INEN:SHIFT_FUEL_HEAT_STRATEGY_NDC_25|TX:IPPU:DEC_CLINKER_STRATEGY_NDC_25|TX:IPPU:DEC_HFCS_STRATEGY_NDC_25|TX:LNDU:DEC_DEFORESTATION_STRATEGY_NDC_25|TX:LNDU:DEC_WETLAND_LOSS_NDC_25|TX:LNDU:INC_REFORESTATION_STRATEGY_NDC_25|TX:LNDU:INC_SILVOPASTURE_NDC_25|TX:LNDU:SET_FORESTS_SECONDARY_MAX_NDC_25|TX:LNDU:SET_WETLANDS_MINIMUM_NDC_25|TX:LVST:DEC_ENTERIC_FERMENTATION_STRATEGY_NDC_25|TX:LVST:INC_PRODUCTIVITY_STRATEGY_NDC_25|TX:SCOE:DEC_DEMAND_HEAT_STRATEGY_NDC_25|TX:SCOE:INC_EFFICIENCY_APPLIANCE_STRATEGY_NDC_25|TX:SCOE:INC_EFFICIENCY_HEAT_NDC_25|TX:SCOE:SHIFT_FUEL_HEAT_STRATEGY_NDC_25|TX:SCOE:SHIFT_FUEL_HEAT_STRATEGY_NDC_25_HGL|TX:TRNS:INC_EFFICIENCY_NON_ELECTRIC_STRATEGY_NDC_25|TX:TRNS:SHIFT_FUEL_LIGHT_DUTY_ALT_FUELS_NDC_25|TX:TRNS:SHIFT_FUEL_MEDIUM_DUTY_STRATEGY_NDC_25|TX:TRNS:SHIFT_FUEL_POWERED_BIKES_STRATEGY_NDC_25|TX:TRNS:SHIFT_FUEL_RAIL_STRATEGY_NDC_25|TX:TRNS:SHIFT_MODE_FREIGHT_STRATEGY_NDC_25|TX:TRNS:SHIFT_MODE_PASSENGER_STRATEGY_NDC_25|TX:TRWW:INC_COMPLIANCE_SEPTIC_STRATEGY_NZ|TX:WALI:INC_TREATMENT_INDUSTRIAL_STRATEGY_NZ|TX:WALI:INC_TREATMENT_RURAL_STRATEGY_NZ|TX:WALI:INC_TREATMENT_URBAN_STRATEGY_NZ|TX:WASO:DEC_CONSUMER_FOOD_WASTE_STRATEGY_NDC_25|TX:WASO:INC_ANAEROBIC_AND_COMPOST_STRATEGY_NDC_25|TX:WASO:INC_CAPTURE_BIOGAS_STRATEGY_NDC_25|TX:WASO:INC_LANDFILLING_STRATEGY_NDC_25|TX:WASO:INC_RECYCLING_STRATEGY_NDC_25|TX:TRWW:INC_CAPTURE_BIOGAS_STRATEGY_NZ,0
6048,PFLO:NDC_25_PAM_29B_INF,NDC 2.0 with a 2025 start tuned manually with overwriting from upper strategies for PAM 29b,,TX:AGRC:INC_CONSERVATION_AGRICULTURE_STRATEGY_NDC_25|TX:AGRC:INC_PRODUCTIVITY_STRATEGY_NDC_25|TX:ENTC:DEC_LOSSES_STRATEGY_NDC_25|TX:ENTC:TARGET_RENEWABLE_ELEC_STRATEGY_NDC_25|TX:FRST:INCREASE_SEQUESTRATION_NDC_25|TX:INEN:INC_EFFICIENCY_ENERGY_STRATEGY_NDC_25|TX:INEN:SHIFT_FUEL_HEAT_STRATEGY_NDC_25|TX:IPPU:DEC_CLINKER_STRATEGY_NDC_25|TX:IPPU:DEC_HFCS_STRATEGY_NDC_25|TX:LNDU:DEC_DEFORESTATION_STRATEGY_NDC_25|TX:LNDU:DEC_WETLAND_LOSS_NDC_25|TX:LNDU:INC_REFORESTATION_STRATEGY_NDC_25|TX:LNDU:INC_SILVOPASTURE_NDC_25|TX:LNDU:SET_FORESTS_SECONDARY_MAX_NDC_25|TX:LNDU:SET_WETLANDS_MINIMUM_NDC_25|TX:LVST:DEC_ENTERIC_FERMENTATION_STRATEGY_NDC_25|TX:LVST:INC_PRODUCTIVITY_STRATEGY_NDC_25|TX:SCOE:DEC_DEMAND_HEAT_STRATEGY_NDC_25|TX:SCOE:INC_EFFICIENCY_APPLIANCE_STRATEGY_NDC_25|TX:SCOE:INC_EFFICIENCY_HEAT_NDC_25|TX:SCOE:SHIFT_FUEL_HEAT_STRATEGY_NDC_25|TX:SCOE:SHIFT_FUEL_HEAT_STRATEGY_NDC_25_HGL|TX:TRNS:INC_EFFICIENCY_NON_ELECTRIC_STRATEGY_NDC_25|TX:TRNS:SHIFT_FUEL_LIGHT_DUTY_ALT_FUELS_NDC_25|TX:TRNS:SHIFT_FUEL_MEDIUM_DUTY_STRATEGY_NDC_25|TX:TRNS:SHIFT_FUEL_POWERED_BIKES_STRATEGY_NDC_25|TX:TRNS:SHIFT_FUEL_RAIL_STRATEGY_NDC_25|TX:TRNS:SHIFT_MODE_FREIGHT_STRATEGY_NDC_25|TX:TRNS:SHIFT_MODE_PASSENGER_STRATEGY_NDC_25|TX:TRWW:INC_COMPLIANCE_SEPTIC_STRATEGY_NDC_25|TX:WALI:INC_TREATMENT_INDUSTRIAL_STRATEGY_NDC_25|TX:WALI:INC_TREATMENT_RURAL_STRATEGY_NDC_25|TX:WALI:INC_TREATMENT_URBAN_STRATEGY_NDC_25|TX:WASO:DEC_CONSUMER_FOOD_WASTE_STRATEGY_NDC_25|TX:WASO:INC_CAPTURE_BIOGAS_STRATEGY_NDC_25|TX:WASO:INC_LANDFILLING_STRATEGY_NDC_25|TX:WASO:INC_RECYCLING_STRATEGY_NDC_25,0
6049,PFLO:NDC_25_PAM_29B_SUP,NDC 2.0 with a 2025 start tuned manually with removing from lower strategies for PAM 29b,,TX:AGRC:INC_CONSERVATION_AGRICULTURE_STRATEGY_NDC_25|TX:AGRC:INC_PRODUCTIVITY_STRATEGY_NDC_25|TX:ENTC:DEC_LOSSES_STRATEGY_NDC_25|TX:ENTC:TARGET_RENEWABLE_ELEC_STRATEGY_NDC_25|TX:FRST:INCREASE_SEQUESTRATION_NDC_25|TX:INEN:INC_EFFICIENCY_ENERGY_STRATEGY_NDC_25|TX:INEN:SHIFT_FUEL_HEAT_STRATEGY_NDC_25|TX:IPPU:DEC_CLINKER_STRATEGY_NDC_25|TX:IPPU:DEC_HFCS_STRATEGY_NDC_25|TX:LNDU:DEC_DEFORESTATION_STRATEGY_NDC_25|TX:LNDU:DEC_WETLAND_LOSS_NDC_25|TX:LNDU:INC_REFORESTATION_STRATEGY_NDC_25|TX:LNDU:INC_SILVOPASTURE_NDC_25|TX:LNDU:SET_FORESTS_SECONDARY_MAX_NDC_25|TX:LNDU:SET_WETLANDS_MINIMUM_NDC_25|TX:LVST:DEC_ENTERIC_FERMENTATION_STRATEGY_NDC_25|TX:LVST:INC_PRODUCTIVITY_STRATEGY_NDC_25|TX:SCOE:DEC_DEMAND_HEAT_STRATEGY_NDC_25|TX:SCOE:INC_EFFICIENCY_APPLIANCE_STRATEGY_NDC_25|TX:SCOE:INC_EFFICIENCY_HEAT_NDC_25|TX:SCOE:SHIFT_FUEL_HEAT_STRATEGY_NDC_25|TX:SCOE:SHIFT_FUEL_HEAT_STRATEGY_NDC_25_HGL|TX:TRNS:INC_EFFICIENCY_NON_ELECTRIC_STRATEGY_NDC_25|TX:TRNS:SHIFT_FUEL_LIGHT_DUTY_ALT_FUELS_NDC_25|TX:TRNS:SHIFT_FUEL_MEDIUM_DUTY_STRATEGY_NDC_25|TX:TRNS:SHIFT_FUEL_POWERED_BIKES_STRATEGY_NDC_25|TX:TRNS:SHIFT_FUEL_RAIL_STRATEGY_NDC_25|TX:TRNS:SHIFT_MODE_FREIGHT_STRATEGY_NDC_25|TX:TRNS:SHIFT_MODE_PASSENGER_STRATEGY_NDC_25|TX:TRWW:INC_COMPLIANCE_SEPTIC_STRATEGY_NDC_25|TX:WALI:INC_TREATMENT_INDUSTRIAL_STRATEGY_NDC_25|TX:WALI:INC_TREATMENT_RURAL_STRATEGY_NDC_25|TX:WALI:INC_TREATMENT_URBAN_STRATEGY_NDC_25|TX:WASO:DEC_CONSUMER_FOOD_WASTE_STRATEGY_NDC_25|TX:WASO:INC_ANAEROBIC_AND_COMPOST_STRATEGY_NZ|TX:WASO:INC_CAPTURE_BIOGAS_STRATEGY_NDC_25|TX:WASO:INC_LANDFILLING_STRATEGY_NDC_25|TX:WASO:INC_RECYCLING_STRATEGY_NDC_25,0
6050,PFLO:NDC_25_PAM_29C_INF,NDC 2.0 with a 2025 start tuned manually with overwriting from upper strategies for PAM 29c,,TX:AGRC:INC_CONSERVATION_AGRICULTURE_STRATEGY_NDC_25|TX:AGRC:INC_PRODUCTIVITY_STRATEGY_NDC_25|TX:ENTC:DEC_LOSSES_STRATEGY_NDC_25|TX:ENTC:TARGET_RENEWABLE_ELEC_STRATEGY_NDC_25|TX:FRST:INCREASE_SEQUESTRATION_NDC_25|TX:INEN:INC_EFFICIENCY_ENERGY_STRATEGY_NDC_25|TX:INEN:SHIFT_FUEL_HEAT_STRATEGY_NDC_25|TX:IPPU:DEC_CLINKER_STRATEGY_NDC_25|TX:IPPU:DEC_HFCS_STRATEGY_NDC_25|TX:LNDU:DEC_DEFORESTATION_STRATEGY_NDC_25|TX:LNDU:DEC_WETLAND_LOSS_NDC_25|TX:LNDU:INC_REFORESTATION_STRATEGY_NDC_25|TX:LNDU:INC_SILVOPASTURE_NDC_25|TX:LNDU:SET_FORESTS_SECONDARY_MAX_NDC_25|TX:LNDU:SET_WETLANDS_MINIMUM_NDC_25|TX:LVST:DEC_ENTERIC_FERMENTATION_STRATEGY_NDC_25|TX:LVST:INC_PRODUCTIVITY_STRATEGY_NDC_25|TX:SCOE:DEC_DEMAND_HEAT_STRATEGY_NDC_25|TX:SCOE:INC_EFFICIENCY_APPLIANCE_STRATEGY_NDC_25|TX:SCOE:INC_EFFICIENCY_HEAT_NDC_25|TX:SCOE:SHIFT_FUEL_HEAT_STRATEGY_NDC_25|TX:SCOE:SHIFT_FUEL_HEAT_STRATEGY_NDC_25_HGL|TX:TRNS:INC_EFFICIENCY_NON_ELECTRIC_STRATEGY_NDC_25|TX:TRNS:SHIFT_FUEL_LIGHT_DUTY_ALT_FUELS_NDC_25|TX:TRNS:SHIFT_FUEL_MEDIUM_DUTY_STRATEGY_NDC_25|TX:TRNS:SHIFT_FUEL_POWERED_BIKES_STRATEGY_NDC_25|TX:TRNS:SHIFT_FUEL_RAIL_STRATEGY_NDC_25|TX:TRNS:SHIFT_MODE_FREIGHT_STRATEGY_NDC_25|TX:TRNS:SHIFT_MODE_PASSENGER_STRATEGY_NDC_25|TX:TRWW:INC_COMPLIANCE_SEPTIC_STRATEGY_NDC_25|TX:WALI:INC_TREATMENT_INDUSTRIAL_STRATEGY_NDC_25|TX:WALI:INC_TREATMENT_RURAL_STRATEGY_NDC_25|TX:WALI:INC_TREATMENT_URBAN_STRATEGY_NDC_25|TX:WASO:INC_ANAEROBIC_AND_COMPOST_STRATEGY_NDC_25|TX:WASO:INC_CAPTURE_BIOGAS_STRATEGY_NDC_25|TX:WASO:INC_LANDFILLING_STRATEGY_NDC_25|TX:WASO:INC_RECYCLING_STRATEGY_NDC_25,0
6051,PFLO:NDC_25_PAM_29C_SUP,NDC 2.0 with a 2025 start tuned manually with removing from lower strategies for PAM 29c,,TX:AGRC:INC_CONSERVATION_AGRICULTURE_STRATEGY_NDC_25|TX:AGRC:INC_PRODUCTIVITY_STRATEGY_NDC_25|TX:ENTC:DEC_LOSSES_STRATEGY_NDC_25|TX:ENTC:TARGET_RENEWABLE_ELEC_STRATEGY_NDC_25|TX:FRST:INCREASE_SEQUESTRATION_NDC_25|TX:INEN:INC_EFFICIENCY_ENERGY_STRATEGY_NDC_25|TX:INEN:SHIFT_FUEL_HEAT_STRATEGY_NDC_25|TX:IPPU:DEC_CLINKER_STRATEGY_NDC_25|TX:IPPU:DEC_HFCS_STRATEGY_NDC_25|TX:LNDU:DEC_DEFORESTATION_STRATEGY_NDC_25|TX:LNDU:DEC_WETLAND_LOSS_NDC_25|TX:LNDU:INC_REFORESTATION_STRATEGY_NDC_25|TX:LNDU:INC_SILVOPASTURE_NDC_25|TX:LNDU:SET_FORESTS_SECONDARY_MAX_NDC_25|TX:LNDU:SET_WETLANDS_MINIMUM_NDC_25|TX:LVST:DEC_ENTERIC_FERMENTATION_STRATEGY_NDC_25|TX:LVST:INC_PRODUCTIVITY_STRATEGY_NDC_25|TX:SCOE:DEC_DEMAND_HEAT_STRATEGY_NDC_25|TX:SCOE:INC_EFFICIENCY_APPLIANCE_STRATEGY_NDC_25|TX:SCOE:INC_EFFICIENCY_HEAT_NDC_25|TX:SCOE:SHIFT_FUEL_HEAT_STRATEGY_NDC_25|TX:SCOE:SHIFT_FUEL_HEAT_STRATEGY_NDC_25_HGL|TX:TRNS:INC_EFFICIENCY_NON_ELECTRIC_STRATEGY_NDC_25|TX:TRNS:SHIFT_FUEL_LIGHT_DUTY_ALT_FUELS_NDC_25|TX:TRNS:SHIFT_FUEL_MEDIUM_DUTY_STRATEGY_NDC_25|TX:TRNS:SHIFT_FUEL_POWERED_BIKES_STRATEGY_NDC_25|TX:TRNS:SHIFT_FUEL_RAIL_STRATEGY_NDC_25|TX:TRNS:SHIFT_MODE_FREIGHT_STRATEGY_NDC_25|TX:TRNS:SHIFT_MODE_PASSENGER_STRATEGY_NDC_25|TX:TRWW:INC_COMPLIANCE_SEPTIC_STRATEGY_NDC_25|TX:WALI:INC_TREATMENT_INDUSTRIAL_STRATEGY_NDC_25|TX:WALI:INC_TREATMENT_RURAL_STRATEGY_NDC_25|TX:WALI:INC_TREATMENT_URBAN_STRATEGY_NDC_25|TX:WASO:DEC_CONSUMER_FOOD_WASTE_STRATEGY_NZ|TX:WASO:INC_ANAEROBIC_AND_COMPOST_STRATEGY_NDC_25|TX:WASO:INC_CAPTURE_BIOGAS_STRATEGY_NDC_25|TX:WASO:INC_LANDFILLING_STRATEGY_NDC_25|TX:WASO:INC_RECYCLING_STRATEGY_NDC_25,0
6052,PFLO:NDC_25_PAM_29_INF,NDC 2.0 with a 2025 start tuned manually with overwriting from upper strategies for PAM 29,,TX:AGRC:INC_CONSERVATION_AGRICULTURE_STRATEGY_NDC_25|TX:AGRC:INC_PRODUCTIVITY_STRATEGY_NDC_25|TX:ENTC:DEC_LOSSES_STRATEGY_NDC_25|TX:ENTC:TARGET_RENEWABLE_ELEC_STRATEGY_NDC_25|TX:FRST:INCREASE_SEQUESTRATION_NDC_25|TX:INEN:INC_EFFICIENCY_ENERGY_STRATEGY_NDC_25|TX:INEN:SHIFT_FUEL_HEAT_STRATEGY_NDC_25|TX:IPPU:DEC_CLINKER_STRATEGY_NDC_25|TX:IPPU:DEC_HFCS_STRATEGY_NDC_25|TX:LNDU:DEC_DEFORESTATION_STRATEGY_NDC_25|TX:LNDU:DEC_WETLAND_LOSS_NDC_25|TX:LNDU:INC_REFORESTATION_STRATEGY_NDC_25|TX:LNDU:INC_SILVOPASTURE_NDC_25|TX:LNDU:SET_FORESTS_SECONDARY_MAX_NDC_25|TX:LNDU:SET_WETLANDS_MINIMUM_NDC_25|TX:LVST:DEC_ENTERIC_FERMENTATION_STRATEGY_NDC_25|TX:LVST:INC_PRODUCTIVITY_STRATEGY_NDC_25|TX:SCOE:DEC_DEMAND_HEAT_STRATEGY_NDC_25|TX:SCOE:INC_EFFICIENCY_APPLIANCE_STRATEGY_NDC_25|TX:SCOE:INC_EFFICIENCY_HEAT_NDC_25|TX:SCOE:SHIFT_FUEL_HEAT_STRATEGY_NDC_25|TX:SCOE:SHIFT_FUEL_HEAT_STRATEGY_NDC_25_HGL|TX:TRNS:INC_EFFICIENCY_NON_ELECTRIC_STRATEGY_NDC_25|TX:TRNS:SHIFT_FUEL_LIGHT_DUTY_ALT_FUELS_NDC_25|TX:TRNS:SHIFT_FUEL_MEDIUM_DUTY_STRATEGY_NDC_25|TX:TRNS:SHIFT_FUEL_POWERED_BIKES_STRATEGY_NDC_25|TX:TRNS:SHIFT_FUEL_RAIL_STRATEGY_NDC_25|TX:TRNS:SHIFT_MODE_FREIGHT_STRATEGY_NDC_25|TX:TRNS:SHIFT_MODE_PASSENGER_STRATEGY_NDC_25|TX:TRWW:INC_COMPLIANCE_SEPTIC_STRATEGY_NDC_25|TX:WALI:INC_TREATMENT_INDUSTRIAL_STRATEGY_NDC_25|TX:WALI:INC_TREATMENT_RURAL_STRATEGY_NDC_25|TX:WALI:INC_TREATMENT_URBAN_STRATEGY_NDC_25|TX:WASO:DEC_CONSUMER_FOOD_WASTE_STRATEGY_NDC_25|TX:WASO:INC_ANAEROBIC_AND_COMPOST_STRATEGY_NDC_25,0
6053,PFLO:NDC_25_PAM_29_SUP,NDC 2.0 with a 2025 start tuned manually with removing from lower strategies for PAM 29,,TX:AGRC:INC_CONSERVATION_AGRICULTURE_STRATEGY_NDC_25|TX:AGRC:INC_PRODUCTIVITY_STRATEGY_NDC_25|TX:ENTC:DEC_LOSSES_STRATEGY_NDC_25|TX:ENTC:TARGET_RENEWABLE_ELEC_STRATEGY_NDC_25|TX:FRST:INCREASE_SEQUESTRATION_NDC_25|TX:INEN:INC_EFFICIENCY_ENERGY_STRATEGY_NDC_25|TX:INEN:SHIFT_FUEL_HEAT_STRATEGY_NDC_25|TX:IPPU:DEC_CLINKER_STRATEGY_NDC_25|TX:IPPU:DEC_HFCS_STRATEGY_NDC_25|TX:LNDU:DEC_DEFORESTATION_STRATEGY_NDC_25|TX:LNDU:DEC_WETLAND_LOSS_NDC_25|TX:LNDU:INC_REFORESTATION_STRATEGY_NDC_25|TX:LNDU:INC_SILVOPASTURE_NDC_25|TX:LNDU:SET_FORESTS_SECONDARY_MAX_NDC_25|TX:LNDU:SET_WETLANDS_MINIMUM_NDC_25|TX:LVST:DEC_ENTERIC_FERMENTATION_STRATEGY_NDC_25|TX:LVST:INC_PRODUCTIVITY_STRATEGY_NDC_25|TX:SCOE:DEC_DEMAND_HEAT_STRATEGY_NDC_25|TX:SCOE:INC_EFFICIENCY_APPLIANCE_STRATEGY_NDC_25|TX:SCOE:INC_EFFICIENCY_HEAT_NDC_25|TX:SCOE:SHIFT_FUEL_HEAT_STRATEGY_NDC_25|TX:SCOE:SHIFT_FUEL_HEAT_STRATEGY_NDC_25_HGL|TX:TRNS:INC_EFFICIENCY_NON_ELECTRIC_STRATEGY_NDC_25|TX:TRNS:SHIFT_FUEL_LIGHT_DUTY_ALT_FUELS_NDC_25|TX:TRNS:SHIFT_FUEL_MEDIUM_DUTY_STRATEGY_NDC_25|TX:TRNS:SHIFT_FUEL_POWERED_BIKES_STRATEGY_NDC_25|TX:TRNS:SHIFT_FUEL_RAIL_STRATEGY_NDC_25|TX:TRNS:SHIFT_MODE_FREIGHT_STRATEGY_NDC_25|TX:TRNS:SHIFT_MODE_PASSENGER_STRATEGY_NDC_25|TX:TRWW:INC_COMPLIANCE_SEPTIC_STRATEGY_NDC_25|TX:WALI:INC_TREATMENT_INDUSTRIAL_STRATEGY_NDC_25|TX:WALI:INC_TREATMENT_RURAL_STRATEGY_NDC_25|TX:WALI:INC_TREATMENT_URBAN_STRATEGY_NDC_25|TX:WASO:DEC_CONSUMER_FOOD_WASTE_STRATEGY_NDC_25|TX:WASO:INC_ANAEROBIC_AND_COMPOST_STRATEGY_NDC_25|TX:WASO:INC_CAPTURE_BIOGAS_STRATEGY_NZ|TX:WASO:INC_LANDFILLING_STRATEGY_NZ|TX:WASO:INC_RECYCLING_STRATEGY_NZ|TX:WASO:INC_ENERGY_FROM_BIOGAS_STRATEGY_NZ|TX:WASO:INC_ENERGY_FROM_INCINERATION_STRATEGY_NZ,0
6054,PFLO:NDC_25_PAM_32_INF,NDC 2.0 with a 2025 start tuned manually with overwriting from upper strategies for PAM 32,,TX:AGRC:INC_CONSERVATION_AGRICULTURE_STRATEGY_NDC_25|TX:AGRC:INC_PRODUCTIVITY_STRATEGY_NDC_25|TX:ENTC:DEC_LOSSES_STRATEGY_NDC_25|TX:ENTC:TARGET_RENEWABLE_ELEC_STRATEGY_NDC_25|TX:FRST:INCREASE_SEQUESTRATION_NDC_25|TX:INEN:INC_EFFICIENCY_ENERGY_STRATEGY_NDC_25|TX:INEN:SHIFT_FUEL_HEAT_STRATEGY_NDC_25|TX:IPPU:DEC_HFCS_STRATEGY_NDC_25|TX:LNDU:DEC_DEFORESTATION_STRATEGY_NDC_25|TX:LNDU:DEC_WETLAND_LOSS_NDC_25|TX:LNDU:INC_REFORESTATION_STRATEGY_NDC_25|TX:LNDU:INC_SILVOPASTURE_NDC_25|TX:LNDU:SET_FORESTS_SECONDARY_MAX_NDC_25|TX:LNDU:SET_WETLANDS_MINIMUM_NDC_25|TX:LVST:DEC_ENTERIC_FERMENTATION_STRATEGY_NDC_25|TX:LVST:INC_PRODUCTIVITY_STRATEGY_NDC_25|TX:SCOE:DEC_DEMAND_HEAT_STRATEGY_NDC_25|TX:SCOE:INC_EFFICIENCY_APPLIANCE_STRATEGY_NDC_25|TX:SCOE:INC_EFFICIENCY_HEAT_NDC_25|TX:SCOE:SHIFT_FUEL_HEAT_STRATEGY_NDC_25|TX:SCOE:SHIFT_FUEL_HEAT_STRATEGY_NDC_25_HGL|TX:TRNS:INC_EFFICIENCY_NON_ELECTRIC_STRATEGY_NDC_25|TX:TRNS:SHIFT_FUEL_LIGHT_DUTY_ALT_FUELS_NDC_25|TX:TRNS:SHIFT_FUEL_MEDIUM_DUTY_STRATEGY_NDC_25|TX:TRNS:SHIFT_FUEL_POWERED_BIKES_STRATEGY_NDC_25|TX:TRNS:SHIFT_FUEL_RAIL_STRATEGY_NDC_25|TX:TRNS:SHIFT_MODE_FREIGHT_STRATEGY_NDC_25|TX:TRNS:SHIFT_MODE_PASSENGER_STRATEGY_NDC_25|TX:TRWW:INC_COMPLIANCE_SEPTIC_STRATEGY_NDC_25|TX:WALI:INC_TREATMENT_INDUSTRIAL_STRATEGY_NDC_25|TX:WALI:INC_TREATMENT_RURAL_STRATEGY_NDC_25|TX:WALI:INC_TREATMENT_URBAN_STRATEGY_NDC_25|TX:WASO:DEC_CONSUMER_FOOD_WASTE_STRATEGY_NDC_25|TX:WASO:INC_ANAEROBIC_AND_COMPOST_STRATEGY_NDC_25|TX:WASO:INC_CAPTURE_BIOGAS_STRATEGY_NDC_25|TX:WASO:INC_LANDFILLING_STRATEGY_NDC_25|TX:WASO:INC_RECYCLING_STRATEGY_NDC_25,0
6055,PFLO:NDC_25_PAM_32_SUP,NDC 2.0 with a 2025 start tuned manually with removing from lower strategies for PAM 32,,TX:AGRC:INC_CONSERVATION_AGRICULTURE_STRATEGY_NDC_25|TX:AGRC:INC_PRODUCTIVITY_STRATEGY_NDC_25|TX:ENTC:DEC_LOSSES_STRATEGY_NDC_25|TX:ENTC:TARGET_RENEWABLE_ELEC_STRATEGY_NDC_25|TX:FRST:INCREASE_SEQUESTRATION_NDC_25|TX:INEN:INC_EFFICIENCY_ENERGY_STRATEGY_NDC_25|TX:INEN:SHIFT_FUEL_HEAT_STRATEGY_NDC_25|TX:IPPU:DEC_CLINKER_STRATEGY_NZ|TX:IPPU:DEC_HFCS_STRATEGY_NDC_25|TX:LNDU:DEC_DEFORESTATION_STRATEGY_NDC_25|TX:LNDU:DEC_WETLAND_LOSS_NDC_25|TX:LNDU:INC_REFORESTATION_STRATEGY_NDC_25|TX:LNDU:INC_SILVOPASTURE_NDC_25|TX:LNDU:SET_FORESTS_SECONDARY_MAX_NDC_25|TX:LNDU:SET_WETLANDS_MINIMUM_NDC_25|TX:LVST:DEC_ENTERIC_FERMENTATION_STRATEGY_NDC_25|TX:LVST:INC_PRODUCTIVITY_STRATEGY_NDC_25|TX:SCOE:DEC_DEMAND_HEAT_STRATEGY_NDC_25|TX:SCOE:INC_EFFICIENCY_APPLIANCE_STRATEGY_NDC_25|TX:SCOE:INC_EFFICIENCY_HEAT_NDC_25|TX:SCOE:SHIFT_FUEL_HEAT_STRATEGY_NDC_25|TX:SCOE:SHIFT_FUEL_HEAT_STRATEGY_NDC_25_HGL|TX:TRNS:INC_EFFICIENCY_NON_ELECTRIC_STRATEGY_NDC_25|TX:TRNS:SHIFT_FUEL_LIGHT_DUTY_ALT_FUELS_NDC_25|TX:TRNS:SHIFT_FUEL_MEDIUM_DUTY_STRATEGY_NDC_25|TX:TRNS:SHIFT_FUEL_POWERED_BIKES_STRATEGY_NDC_25|TX:TRNS:SHIFT_FUEL_RAIL_STRATEGY_NDC_25|TX:TRNS:SHIFT_MODE_FREIGHT_STRATEGY_NDC_25|TX:TRNS:SHIFT_MODE_PASSENGER_STRATEGY_NDC_25|TX:TRWW:INC_COMPLIANCE_SEPTIC_STRATEGY_NDC_25|TX:WALI:INC_TREATMENT_INDUSTRIAL_STRATEGY_NDC_25|TX:WALI:INC_TREATMENT_RURAL_STRATEGY_NDC_25|TX:WALI:INC_TREATMENT_URBAN_STRATEGY_NDC_25|TX:WASO:DEC_CONSUMER_FOOD_WASTE_STRATEGY_NDC_25|TX:WASO:INC_ANAEROBIC_AND_COMPOST_STRATEGY_NDC_25|TX:WASO:INC_CAPTURE_BIOGAS_STRATEGY_NDC_25|TX:WASO:INC_LANDFILLING_STRATEGY_NDC_25|TX:WASO:INC_RECYCLING_STRATEGY_NDC_25,0
6056,PFLO:NDC_25_PAM_33B_INF,NDC 2.0 with a 2025 start tuned manually with overwriting from upper strategies for PAM 33b,,TX:AGRC:INC_CONSERVATION_AGRICULTURE_STRATEGY_NDC_25|TX:AGRC:INC_PRODUCTIVITY_STRATEGY_NDC_25|TX:ENTC:DEC_LOSSES_STRATEGY_NDC_25|TX:ENTC:TARGET_RENEWABLE_ELEC_STRATEGY_NDC_25|TX:FRST:INCREASE_SEQUESTRATION_NDC_25|TX:INEN:INC_EFFICIENCY_ENERGY_STRATEGY_NDC_25|TX:INEN:SHIFT_FUEL_HEAT_STRATEGY_NDC_25|TX:IPPU:DEC_CLINKER_STRATEGY_NDC_25|TX:LNDU:DEC_DEFORESTATION_STRATEGY_NDC_25|TX:LNDU:DEC_WETLAND_LOSS_NDC_25|TX:LNDU:INC_REFORESTATION_STRATEGY_NDC_25|TX:LNDU:INC_SILVOPASTURE_NDC_25|TX:LNDU:SET_FORESTS_SECONDARY_MAX_NDC_25|TX:LNDU:SET_WETLANDS_MINIMUM_NDC_25|TX:LVST:DEC_ENTERIC_FERMENTATION_STRATEGY_NDC_25|TX:LVST:INC_PRODUCTIVITY_STRATEGY_NDC_25|TX:SCOE:DEC_DEMAND_HEAT_STRATEGY_NDC_25|TX:SCOE:INC_EFFICIENCY_APPLIANCE_STRATEGY_NDC_25|TX:SCOE:INC_EFFICIENCY_HEAT_NDC_25|TX:SCOE:SHIFT_FUEL_HEAT_STRATEGY_NDC_25|TX:SCOE:SHIFT_FUEL_HEAT_STRATEGY_NDC_25_HGL|TX:TRNS:INC_EFFICIENCY_NON_ELECTRIC_STRATEGY_NDC_25|TX:TRNS:SHIFT_FUEL_LIGHT_DUTY_ALT_FUELS_NDC_25|TX:TRNS:SHIFT_FUEL_MEDIUM_DUTY_STRATEGY_NDC_25|TX:TRNS:SHIFT_FUEL_POWERED_BIKES_STRATEGY_NDC_25|TX:TRNS:SHIFT_FUEL_RAIL_STRATEGY_NDC_25|TX:TRNS:SHIFT_MODE_FREIGHT_STRATEGY_NDC_25|TX:TRNS:SHIFT_MODE_PASSENGER_STRATEGY_NDC_25|TX:TRWW:INC_COMPLIANCE_SEPTIC_STRATEGY_NDC_25|TX:WALI:INC_TREATMENT_INDUSTRIAL_STRATEGY_NDC_25|TX:WALI:INC_TREATMENT_RURAL_STRATEGY_NDC_25|TX:WALI:INC_TREATMENT_URBAN_STRATEGY_NDC_25|TX:WASO:DEC_CONSUMER_FOOD_WASTE_STRATEGY_NDC_25|TX:WASO:INC_ANAEROBIC_AND_COMPOST_STRATEGY_NDC_25|TX:WASO:INC_CAPTURE_BIOGAS_STRATEGY_NDC_25|TX:WASO:INC_LANDFILLING_STRATEGY_NDC_25|TX:WASO:INC_RECYCLING_STRATEGY_NDC_25,0
6057,PFLO:NDC_25_PAM_33B_SUP,NDC 2.0 with a 2025 start tuned manually with removing from lower strategies for PAM 33b,,TX:AGRC:INC_CONSERVATION_AGRICULTURE_STRATEGY_NDC_25|TX:AGRC:INC_PRODUCTIVITY_STRATEGY_NDC_25|TX:ENTC:DEC_LOSSES_STRATEGY_NDC_25|TX:ENTC:TARGET_RENEWABLE_ELEC_STRATEGY_NDC_25|TX:FRST:INCREASE_SEQUESTRATION_NDC_25|TX:INEN:INC_EFFICIENCY_ENERGY_STRATEGY_NDC_25|TX:INEN:SHIFT_FUEL_HEAT_STRATEGY_NDC_25|TX:IPPU:DEC_CLINKER_STRATEGY_NDC_25|TX:IPPU:DEC_HFCS_STRATEGY_NZ|TX:LNDU:DEC_DEFORESTATION_STRATEGY_NDC_25|TX:LNDU:DEC_WETLAND_LOSS_NDC_25|TX:LNDU:INC_REFORESTATION_STRATEGY_NDC_25|TX:LNDU:INC_SILVOPASTURE_NDC_25|TX:LNDU:SET_FORESTS_SECONDARY_MAX_NDC_25|TX:LNDU:SET_WETLANDS_MINIMUM_NDC_25|TX:LVST:DEC_ENTERIC_FERMENTATION_STRATEGY_NDC_25|TX:LVST:INC_PRODUCTIVITY_STRATEGY_NDC_25|TX:SCOE:DEC_DEMAND_HEAT_STRATEGY_NDC_25|TX:SCOE:INC_EFFICIENCY_APPLIANCE_STRATEGY_NDC_25|TX:SCOE:INC_EFFICIENCY_HEAT_NDC_25|TX:SCOE:SHIFT_FUEL_HEAT_STRATEGY_NDC_25|TX:SCOE:SHIFT_FUEL_HEAT_STRATEGY_NDC_25_HGL|TX:TRNS:INC_EFFICIENCY_NON_ELECTRIC_STRATEGY_NDC_25|TX:TRNS:SHIFT_FUEL_LIGHT_DUTY_ALT_FUELS_NDC_25|TX:TRNS:SHIFT_FUEL_MEDIUM_DUTY_STRATEGY_NDC_25|TX:TRNS:SHIFT_FUEL_POWERED_BIKES_STRATEGY_NDC_25|TX:TRNS:SHIFT_FUEL_RAIL_STRATEGY_NDC_25|TX:TRNS:SHIFT_MODE_FREIGHT_STRATEGY_NDC_25|TX:TRNS:SHIFT_MODE_PASSENGER_STRATEGY_NDC_25|TX:TRWW:INC_COMPLIANCE_SEPTIC_STRATEGY_NDC_25|TX:WALI:INC_TREATMENT_INDUSTRIAL_STRATEGY_NDC_25|TX:WALI:INC_TREATMENT_RURAL_STRATEGY_NDC_25|TX:WALI:INC_TREATMENT_URBAN_STRATEGY_NDC_25|TX:WASO:DEC_CONSUMER_FOOD_WASTE_STRATEGY_NDC_25|TX:WASO:INC_ANAEROBIC_AND_COMPOST_STRATEGY_NDC_25|TX:WASO:INC_CAPTURE_BIOGAS_STRATEGY_NDC_25|TX:WASO:INC_LANDFILLING_STRATEGY_NDC_25|TX:WASO:INC_RECYCLING_STRATEGY_NDC_25|TX:IPPU:DEC_N2O_STRATEGY_NZ|TX:IPPU:DEC_OTHER_FCS_STRATEGY_NZ|TX:IPPU:DEC_PFCS_STRATEGY_NZ,0
6058,PFLO:NDC_25_PAM_39_INF,NDC 2.0 with a 2025 start tuned manually with overwriting from upper strategies for PAM 39,,TX:AGRC:INC_CONSERVATION_AGRICULTURE_STRATEGY_NDC_25|TX:AGRC:INC_PRODUCTIVITY_STRATEGY_NDC_25|TX:ENTC:DEC_LOSSES_STRATEGY_NDC_25|TX:ENTC:TARGET_RENEWABLE_ELEC_STRATEGY_NDC_25|TX:FRST:INCREASE_SEQUESTRATION_NDC_25|TX:INEN:INC_EFFICIENCY_ENERGY_STRATEGY_NDC_25|TX:INEN:SHIFT_FUEL_HEAT_STRATEGY_NDC_25|TX:IPPU:DEC_CLINKER_STRATEGY_NDC_25|TX:IPPU:DEC_HFCS_STRATEGY_NDC_25|TX:LNDU:DEC_DEFORESTATION_STRATEGY_NDC_25|TX:LNDU:DEC_WETLAND_LOSS_NDC_25|TX:LNDU:INC_REFORESTATION_STRATEGY_NDC_25|TX:LNDU:INC_SILVOPASTURE_NDC_25|TX:LNDU:SET_FORESTS_SECONDARY_MAX_NDC_25|TX:LNDU:SET_WETLANDS_MINIMUM_NDC_25|TX:LVST:DEC_ENTERIC_FERMENTATION_STRATEGY_NDC_25|TX:LVST:INC_PRODUCTIVITY_STRATEGY_NDC_25|TX:SCOE:DEC_DEMAND_HEAT_STRATEGY_NDC_25|TX:SCOE:INC_EFFICIENCY_APPLIANCE_STRATEGY_NDC_25|TX:SCOE:INC_EFFICIENCY_HEAT_NDC_25|TX:SCOE:SHIFT_FUEL_HEAT_STRATEGY_NDC_25|TX:SCOE:SHIFT_FUEL_HEAT_STRATEGY_NDC_25_HGL|TX:TRNS:INC_EFFICIENCY_NON_ELECTRIC_STRATEGY_NDC_25|TX:TRNS:SHIFT_FUEL_LIGHT_DUTY_ALT_FUELS_NDC_25|TX:TRNS:SHIFT_FUEL_MEDIUM_DUTY_STRATEGY_NDC_25|TX:TRNS:SHIFT_FUEL_POWERED_BIKES_STRATEGY_NDC_25|TX:TRNS:SHIFT_FUEL_RAIL_STRATEGY_NDC_25|TX:TRNS:SHIFT_MODE_FREIGHT_STRATEGY_NDC_25|TX:TRNS:SHIFT_MODE_PASSENGER_STRATEGY_NDC_25|TX:TRWW:INC_COMPLIANCE_SEPTIC_STRATEGY_NDC_25|TX:WALI:INC_TREATMENT_INDUSTRIAL_STRATEGY_NDC_25|TX:WALI:INC_TREATMENT_RURAL_STRATEGY_NDC_25|TX:WALI:INC_TREATMENT_URBAN_STRATEGY_NDC_25|TX:WASO:DEC_CONSUMER_FOOD_WASTE_STRATEGY_NDC_25|TX:WASO:INC_ANAEROBIC_AND_COMPOST_STRATEGY_NDC_25|TX:WASO:INC_CAPTURE_BIOGAS_STRATEGY_NDC_25|TX:WASO:INC_LANDFILLING_STRATEGY_NDC_25|TX:WASO:INC_RECYCLING_STRATEGY_NDC_25,0
6059,PFLO:NDC_25_PAM_39_SUP,NDC 2.0 with a 2025 start tuned manually with removing from lower strategies for PAM 39,,TX:AGRC:INC_CONSERVATION_AGRICULTURE_STRATEGY_NDC_25|TX:AGRC:INC_PRODUCTIVITY_STRATEGY_NDC_25|TX:ENTC:DEC_LOSSES_STRATEGY_NDC_25|TX:ENTC:TARGET_RENEWABLE_ELEC_STRATEGY_NDC_25|TX:FRST:INCREASE_SEQUESTRATION_NDC_25|TX:INEN:INC_EFFICIENCY_ENERGY_STRATEGY_NDC_25|TX:INEN:SHIFT_FUEL_HEAT_STRATEGY_NDC_25|TX:IPPU:DEC_CLINKER_STRATEGY_NDC_25|TX:IPPU:DEC_HFCS_STRATEGY_NDC_25|TX:LNDU:DEC_DEFORESTATION_STRATEGY_NDC_25|TX:LNDU:DEC_WETLAND_LOSS_NDC_25|TX:LNDU:INC_REFORESTATION_STRATEGY_NDC_25|TX:LNDU:INC_SILVOPASTURE_NDC_25|TX:LNDU:SET_FORESTS_SECONDARY_MAX_NDC_25|TX:LNDU:SET_WETLANDS_MINIMUM_NDC_25|TX:LVST:DEC_ENTERIC_FERMENTATION_STRATEGY_NDC_25|TX:LVST:INC_PRODUCTIVITY_STRATEGY_NDC_25|TX:SCOE:DEC_DEMAND_HEAT_STRATEGY_NDC_25|TX:SCOE:INC_EFFICIENCY_APPLIANCE_STRATEGY_NDC_25|TX:SCOE:INC_EFFICIENCY_HEAT_NDC_25|TX:SCOE:SHIFT_FUEL_HEAT_STRATEGY_NDC_25|TX:SCOE:SHIFT_FUEL_HEAT_STRATEGY_NDC_25_HGL|TX:TRNS:INC_EFFICIENCY_NON_ELECTRIC_STRATEGY_NDC_25|TX:TRNS:SHIFT_FUEL_LIGHT_DUTY_ALT_FUELS_NDC_25|TX:TRNS:SHIFT_FUEL_MEDIUM_DUTY_STRATEGY_NDC_25|TX:TRNS:SHIFT_FUEL_POWERED_BIKES_STRATEGY_NDC_25|TX:TRNS:SHIFT_FUEL_RAIL_STRATEGY_NDC_25|TX:TRNS:SHIFT_MODE_FREIGHT_STRATEGY_NDC_25|TX:TRNS:SHIFT_MODE_PASSENGER_STRATEGY_NDC_25|TX:TRWW:INC_COMPLIANCE_SEPTIC_STRATEGY_NDC_25|TX:WALI:INC_TREATMENT_INDUSTRIAL_STRATEGY_NDC_25|TX:WALI:INC_TREATMENT_RURAL_STRATEGY_NDC_25|TX:WALI:INC_TREATMENT_URBAN_STRATEGY_NDC_25|TX:WASO:DEC_CONSUMER_FOOD_WASTE_STRATEGY_NDC_25|TX:WASO:INC_ANAEROBIC_AND_COMPOST_STRATEGY_NDC_25|TX:WASO:INC_CAPTURE_BIOGAS_STRATEGY_NDC_25|TX:WASO:INC_LANDFILLING_STRATEGY_NDC_25|TX:WASO:INC_RECYCLING_STRATEGY_NDC_25|TX:FGTV:DEC_LEAKS_STRATEGY_NZ,0
6060,PFLO:NDC_25_PAM_40_INF,NDC 2.0 with a 2025 start tuned manually with overwriting from upper strategies for PAM 40,,TX:AGRC:INC_CONSERVATION_AGRICULTURE_STRATEGY_NDC_25|TX:AGRC:INC_PRODUCTIVITY_STRATEGY_NDC_25|TX:ENTC:DEC_LOSSES_STRATEGY_NDC_25|TX:ENTC:TARGET_RENEWABLE_ELEC_STRATEGY_NDC_25|TX:FRST:INCREASE_SEQUESTRATION_NDC_25|TX:INEN:INC_EFFICIENCY_ENERGY_STRATEGY_NDC_25|TX:INEN:SHIFT_FUEL_HEAT_STRATEGY_NDC_25|TX:IPPU:DEC_CLINKER_STRATEGY_NDC_25|TX:IPPU:DEC_HFCS_STRATEGY_NDC_25|TX:LNDU:DEC_DEFORESTATION_STRATEGY_NDC_25|TX:LNDU:DEC_WETLAND_LOSS_NDC_25|TX:LNDU:INC_REFORESTATION_STRATEGY_NDC_25|TX:LNDU:INC_SILVOPASTURE_NDC_25|TX:LNDU:SET_FORESTS_SECONDARY_MAX_NDC_25|TX:LNDU:SET_WETLANDS_MINIMUM_NDC_25|TX:LVST:DEC_ENTERIC_FERMENTATION_STRATEGY_NDC_25|TX:LVST:INC_PRODUCTIVITY_STRATEGY_NDC_25|TX:SCOE:DEC_DEMAND_HEAT_STRATEGY_NDC_25|TX:SCOE:INC_EFFICIENCY_APPLIANCE_STRATEGY_NDC_25|TX:SCOE:INC_EFFICIENCY_HEAT_NDC_25|TX:SCOE:SHIFT_FUEL_HEAT_STRATEGY_NDC_25|TX:SCOE:SHIFT_FUEL_HEAT_STRATEGY_NDC_25_HGL|TX:TRNS:INC_EFFICIENCY_NON_ELECTRIC_STRATEGY_NDC_25|TX:TRNS:SHIFT_FUEL_LIGHT_DUTY_ALT_FUELS_NDC_25|TX:TRNS:SHIFT_FUEL_MEDIUM_DUTY_STRATEGY_NDC_25|TX:TRNS:SHIFT_FUEL_POWERED_BIKES_STRATEGY_NDC_25|TX:TRNS:SHIFT_FUEL_RAIL_STRATEGY_NDC_25|TX:TRNS:SHIFT_MODE_FREIGHT_STRATEGY_NDC_25|TX:TRNS:SHIFT_MODE_PASSENGER_STRATEGY_NDC_25|TX:TRWW:INC_COMPLIANCE_SEPTIC_STRATEGY_NDC_25|TX:WALI:INC_TREATMENT_INDUSTRIAL_STRATEGY_NDC_25|TX:WALI:INC_TREATMENT_RURAL_STRATEGY_NDC_25|TX:WALI:INC_TREATMENT_URBAN_STRATEGY_NDC_25|TX:WASO:DEC_CONSUMER_FOOD_WASTE_STRATEGY_NDC_25|TX:WASO:INC_ANAEROBIC_AND_COMPOST_STRATEGY_NDC_25|TX:WASO:INC_CAPTURE_BIOGAS_STRATEGY_NDC_25|TX:WASO:INC_LANDFILLING_STRATEGY_NDC_25|TX:WASO:INC_RECYCLING_STRATEGY_NDC_25,0
6061,PFLO:NDC_25_PAM_40_SUP,NDC 2.0 with a 2025 start tuned manually with removing from lower strategies for PAM 40,,TX:AGRC:INC_CONSERVATION_AGRICULTURE_STRATEGY_NDC_25|TX:AGRC:INC_PRODUCTIVITY_STRATEGY_NDC_25|TX:ENTC:DEC_LOSSES_STRATEGY_NDC_25|TX:ENTC:TARGET_RENEWABLE_ELEC_STRATEGY_NDC_25|TX:FRST:INCREASE_SEQUESTRATION_NDC_25|TX:INEN:INC_EFFICIENCY_ENERGY_STRATEGY_NDC_25|TX:INEN:SHIFT_FUEL_HEAT_STRATEGY_NDC_25|TX:IPPU:DEC_CLINKER_STRATEGY_NDC_25|TX:IPPU:DEC_HFCS_STRATEGY_NDC_25|TX:LNDU:DEC_DEFORESTATION_STRATEGY_NDC_25|TX:LNDU:DEC_WETLAND_LOSS_NDC_25|TX:LNDU:INC_REFORESTATION_STRATEGY_NDC_25|TX:LNDU:INC_SILVOPASTURE_NDC_25|TX:LNDU:SET_FORESTS_SECONDARY_MAX_NDC_25|TX:LNDU:SET_WETLANDS_MINIMUM_NDC_25|TX:LVST:DEC_ENTERIC_FERMENTATION_STRATEGY_NDC_25|TX:LVST:INC_PRODUCTIVITY_STRATEGY_NDC_25|TX:SCOE:DEC_DEMAND_HEAT_STRATEGY_NDC_25|TX:SCOE:INC_EFFICIENCY_APPLIANCE_STRATEGY_NDC_25|TX:SCOE:INC_EFFICIENCY_HEAT_NDC_25|TX:SCOE:SHIFT_FUEL_HEAT_STRATEGY_NDC_25|TX:SCOE:SHIFT_FUEL_HEAT_STRATEGY_NDC_25_HGL|TX:TRNS:INC_EFFICIENCY_NON_ELECTRIC_STRATEGY_NDC_25|TX:TRNS:SHIFT_FUEL_LIGHT_DUTY_ALT_FUELS_NDC_25|TX:TRNS:SHIFT_FUEL_MEDIUM_DUTY_STRATEGY_NDC_25|TX:TRNS:SHIFT_FUEL_POWERED_BIKES_STRATEGY_NDC_25|TX:TRNS:SHIFT_FUEL_RAIL_STRATEGY_NDC_25|TX:TRNS:SHIFT_MODE_FREIGHT_STRATEGY_NDC_25|TX:TRNS:SHIFT_MODE_PASSENGER_STRATEGY_NDC_25|TX:TRWW:INC_COMPLIANCE_SEPTIC_STRATEGY_NDC_25|TX:WALI:INC_TREATMENT_INDUSTRIAL_STRATEGY_NDC_25|TX:WALI:INC_TREATMENT_RURAL_STRATEGY_NDC_25|TX:WALI:INC_TREATMENT_URBAN_STRATEGY_NDC_25|TX:WASO:DEC_CONSUMER_FOOD_WASTE_STRATEGY_NDC_25|TX:WASO:INC_ANAEROBIC_AND_COMPOST_STRATEGY_NDC_25|TX:WASO:INC_CAPTURE_BIOGAS_STRATEGY_NDC_25|TX:WASO:INC_LANDFILLING_STRATEGY_NDC_25|TX:WASO:INC_RECYCLING_STRATEGY_NDC_25|TX:ENTC:TARGET_CLEAN_HYDROGEN_STRATEGY_NZ,0
6062,PFLO:NDC_25_PAM_41_INF,NDC 2.0 with a 2025 start tuned manually with overwriting from upper strategies for PAM 41,,TX:AGRC:INC_CONSERVATION_AGRICULTURE_STRATEGY_NDC_25|TX:AGRC:INC_PRODUCTIVITY_STRATEGY_NDC_25|TX:ENTC:DEC_LOSSES_STRATEGY_NDC_25|TX:ENTC:TARGET_RENEWABLE_ELEC_STRATEGY_NDC_25|TX:FRST:INCREASE_SEQUESTRATION_NDC_25|TX:INEN:INC_EFFICIENCY_ENERGY_STRATEGY_NDC_25|TX:INEN:SHIFT_FUEL_HEAT_STRATEGY_NDC_25|TX:IPPU:DEC_CLINKER_STRATEGY_NDC_25|TX:IPPU:DEC_HFCS_STRATEGY_NDC_25|TX:LNDU:DEC_DEFORESTATION_STRATEGY_NDC_25|TX:LNDU:DEC_WETLAND_LOSS_NDC_25|TX:LNDU:INC_REFORESTATION_STRATEGY_NDC_25|TX:LNDU:INC_SILVOPASTURE_NDC_25|TX:LNDU:SET_FORESTS_SECONDARY_MAX_NDC_25|TX:LNDU:SET_WETLANDS_MINIMUM_NDC_25|TX:LVST:DEC_ENTERIC_FERMENTATION_STRATEGY_NDC_25|TX:LVST:INC_PRODUCTIVITY_STRATEGY_NDC_25|TX:SCOE:DEC_DEMAND_HEAT_STRATEGY_NDC_25|TX:SCOE:INC_EFFICIENCY_APPLIANCE_STRATEGY_NDC_25|TX:SCOE:INC_EFFICIENCY_HEAT_NDC_25|TX:SCOE:SHIFT_FUEL_HEAT_STRATEGY_NDC_25|TX:SCOE:SHIFT_FUEL_HEAT_STRATEGY_NDC_25_HGL|TX:TRNS:INC_EFFICIENCY_NON_ELECTRIC_STRATEGY_NDC_25|TX:TRNS:SHIFT_FUEL_LIGHT_DUTY_ALT_FUELS_NDC_25|TX:TRNS:SHIFT_FUEL_MEDIUM_DUTY_STRATEGY_NDC_25|TX:TRNS:SHIFT_FUEL_POWERED_BIKES_STRATEGY_NDC_25|TX:TRNS:SHIFT_FUEL_RAIL_STRATEGY_NDC_25|TX:TRNS:SHIFT_MODE_FREIGHT_STRATEGY_NDC_25|TX:TRNS:SHIFT_MODE_PASSENGER_STRATEGY_NDC_25|TX:TRWW:INC_COMPLIANCE_SEPTIC_STRATEGY_NDC_25|TX:WALI:INC_TREATMENT_INDUSTRIAL_STRATEGY_NDC_25|TX:WALI:INC_TREATMENT_RURAL_STRATEGY_NDC_25|TX:WALI:INC_TREATMENT_URBAN_STRATEGY_NDC_25|TX:WASO:DEC_CONSUMER_FOOD_WASTE_STRATEGY_NDC_25|TX:WASO:INC_ANAEROBIC_AND_COMPOST_STRATEGY_NDC_25|TX:WASO:INC_CAPTURE_BIOGAS_STRATEGY_NDC_25|TX:WASO:INC_LANDFILLING_STRATEGY_NDC_25|TX:WASO:INC_RECYCLING_STRATEGY_NDC_25,0
6063,PFLO:NDC_25_PAM_41_SUP,NDC 2.0 with a 2025 start tuned manually with removing from lower strategies for PAM 41,,TX:AGRC:INC_CONSERVATION_AGRICULTURE_STRATEGY_NDC_25|TX:AGRC:INC_PRODUCTIVITY_STRATEGY_NDC_25|TX:ENTC:DEC_LOSSES_STRATEGY_NDC_25|TX:ENTC:TARGET_RENEWABLE_ELEC_STRATEGY_NDC_25|TX:FRST:INCREASE_SEQUESTRATION_NDC_25|TX:INEN:INC_EFFICIENCY_ENERGY_STRATEGY_NDC_25|TX:INEN:SHIFT_FUEL_HEAT_STRATEGY_NDC_25|TX:IPPU:DEC_CLINKER_STRATEGY_NDC_25|TX:IPPU:DEC_HFCS_STRATEGY_NDC_25|TX:LNDU:DEC_DEFORESTATION_STRATEGY_NDC_25|TX:LNDU:DEC_WETLAND_LOSS_NDC_25|TX:LNDU:INC_REFORESTATION_STRATEGY_NDC_25|TX:LNDU:INC_SILVOPASTURE_NDC_25|TX:LNDU:SET_FORESTS_SECONDARY_MAX_NDC_25|TX:LNDU:SET_WETLANDS_MINIMUM_NDC_25|TX:LVST:DEC_ENTERIC_FERMENTATION_STRATEGY_NDC_25|TX:LVST:INC_PRODUCTIVITY_STRATEGY_NDC_25|TX:SCOE:DEC_DEMAND_HEAT_STRATEGY_NDC_25|TX:SCOE:INC_EFFICIENCY_APPLIANCE_STRATEGY_NDC_25|TX:SCOE:INC_EFFICIENCY_HEAT_NDC_25|TX:SCOE:SHIFT_FUEL_HEAT_STRATEGY_NDC_25|TX:SCOE:SHIFT_FUEL_HEAT_STRATEGY_NDC_25_HGL|TX:TRNS:INC_EFFICIENCY_NON_ELECTRIC_STRATEGY_NDC_25|TX:TRNS:SHIFT_FUEL_LIGHT_DUTY_ALT_FUELS_NDC_25|TX:TRNS:SHIFT_FUEL_MEDIUM_DUTY_STRATEGY_NDC_25|TX:TRNS:SHIFT_FUEL_POWERED_BIKES_STRATEGY_NDC_25|TX:TRNS:SHIFT_FUEL_RAIL_STRATEGY_NDC_25|TX:TRNS:SHIFT_MODE_FREIGHT_STRATEGY_NDC_25|TX:TRNS:SHIFT_MODE_PASSENGER_STRATEGY_NDC_25|TX:TRWW:INC_COMPLIANCE_SEPTIC_STRATEGY_NDC_25|TX:WALI:INC_TREATMENT_INDUSTRIAL_STRATEGY_NDC_25|TX:WALI:INC_TREATMENT_RURAL_STRATEGY_NDC_25|TX:WALI:INC_TREATMENT_URBAN_STRATEGY_NDC_25|TX:WASO:DEC_CONSUMER_FOOD_WASTE_STRATEGY_NDC_25|TX:WASO:INC_ANAEROBIC_AND_COMPOST_STRATEGY_NDC_25|TX:WASO:INC_CAPTURE_BIOGAS_STRATEGY_NDC_25|TX:WASO:INC_LANDFILLING_STRATEGY_NDC_25|TX:WASO:INC_RECYCLING_STRATEGY_NDC_25|TX:PFLO:INC_HEALTHIER_DIETS,0
