Sector,Subsector,Gas,Year,Value,Source
AFOLU,Biomass Burning Emissions,CH4,1995,0.8587,National Communication 3
AFOLU,Biomass Burning Emissions,CH4,1996,0.8587,National Communication 3
AFOLU,Biomass Burning Emissions,CH4,1997,0.8587,National Communication 3
AFOLU,Biomass Burning Emissions,CH4,1998,0.8587,National Communication 3
AFOLU,Biomass Burning Emissions,CH4,1999,0.8587,National Communication 3
AFOLU,Biomass Burning Emissions,CH4,2000,0.8587,National Communication 3
AFOLU,Biomass Burning Emissions,CH4,2001,0.86978,National Communication 3
AFOLU,Biomass Burning Emissions,CH4,2002,0.88086,National Communication 3
AFOLU,Biomass Burning Emissions,CH4,2003,0.89194,National Communication 3
AFOLU,Biomass Burning Emissions,CH4,2004,0.90302,National Communication 3
AFOLU,Biomass Burning Emissions,CH4,2005,0.9141,National Communication 3
AFOLU,Biomass Burning Emissions,CH4,2006,0.82546,National Communication 3
AFOLU,Biomass Burning Emissions,CH4,2007,0.73682,National Communication 3
AFOLU,Biomass Burning Emissions,CH4,2008,0.64818,National Communication 3
AFOLU,Biomass Burning Emissions,CH4,2009,0.55954,National Communication 3
AFOLU,Biomass Burning Emissions,CH4,2010,0.4709,National Communication 3
AFOLU,Biomass Burning Emissions,CH4,2011,0.4432,National Communication 3
AFOLU,Biomass Burning Emissions,CH4,2012,0.4155,National Communication 3
AFOLU,Biomass Burning Emissions,CH4,2013,0.3878,National Communication 3
AFOLU,Biomass Burning Emissions,CH4,2014,0.3601,National Communication 3
AFOLU,Biomass Burning Emissions,CH4,2015,0.3324,National Communication 3
AFOLU,Biomass Burning Emissions,CH4,2016,0.3601,National Communication 3
AFOLU,Biomass Burning Emissions,CH4,2017,0.3878,National Communication 3
AFOLU,Biomass Burning Emissions,CO,1995,1.434,National Communication 3
AFOLU,Biomass Burning Emissions,CO,1996,1.1472,National Communication 3
AFOLU,Biomass Burning Emissions,CO,1997,0.8604,National Communication 3
AFOLU,Biomass Burning Emissions,CO,1998,0.5736,National Communication 3
AFOLU,Biomass Burning Emissions,CO,1999,0.2868,National Communication 3
AFOLU,Biomass Burning Emissions,CO,2000,0.0,National Communication 3
AFOLU,Biomass Burning Emissions,CO,2001,0.0,National Communication 3
AFOLU,Biomass Burning Emissions,CO,2002,0.0,National Communication 3
AFOLU,Biomass Burning Emissions,CO,2003,0.0,National Communication 3
AFOLU,Biomass Burning Emissions,CO,2004,0.0,National Communication 3
AFOLU,Biomass Burning Emissions,CO,2005,0.0,National Communication 3
AFOLU,Biomass Burning Emissions,CO,2006,0.0,National Communication 3
AFOLU,Biomass Burning Emissions,CO,2007,0.0,National Communication 3
AFOLU,Biomass Burning Emissions,CO,2008,0.0,National Communication 3
AFOLU,Biomass Burning Emissions,CO,2009,0.0,National Communication 3
AFOLU,Biomass Burning Emissions,CO,2010,0.0,National Communication 3
AFOLU,Biomass Burning Emissions,CO,2011,0.0,National Communication 3
AFOLU,Biomass Burning Emissions,CO,2012,0.0,National Communication 3
AFOLU,Biomass Burning Emissions,CO,2013,0.0,National Communication 3
AFOLU,Biomass Burning Emissions,CO,2014,0.0,National Communication 3
AFOLU,Biomass Burning Emissions,CO,2015,0.0,National Communication 3
AFOLU,Biomass Burning Emissions,CO,2016,0.0,National Communication 3
AFOLU,Biomass Burning Emissions,CO,2017,0.0,National Communication 3
AFOLU,Biomass Burning Emissions,N2O,1995,0.819,National Communication 3
AFOLU,Biomass Burning Emissions,N2O,1996,0.819,National Communication 3
AFOLU,Biomass Burning Emissions,N2O,1997,0.819,National Communication 3
AFOLU,Biomass Burning Emissions,N2O,1998,0.819,National Communication 3
AFOLU,Biomass Burning Emissions,N2O,1999,0.819,National Communication 3
AFOLU,Biomass Burning Emissions,N2O,2000,0.819,National Communication 3
AFOLU,Biomass Burning Emissions,N2O,2001,0.819,National Communication 3
AFOLU,Biomass Burning Emissions,N2O,2002,0.819,National Communication 3
AFOLU,Biomass Burning Emissions,N2O,2003,0.819,National Communication 3
AFOLU,Biomass Burning Emissions,N2O,2004,0.819,National Communication 3
AFOLU,Biomass Burning Emissions,N2O,2005,0.819,National Communication 3
AFOLU,Biomass Burning Emissions,N2O,2006,0.7644,National Communication 3
AFOLU,Biomass Burning Emissions,N2O,2007,0.7098,National Communication 3
AFOLU,Biomass Burning Emissions,N2O,2008,0.6552,National Communication 3
AFOLU,Biomass Burning Emissions,N2O,2009,0.6006,National Communication 3
AFOLU,Biomass Burning Emissions,N2O,2010,0.546,National Communication 3
AFOLU,Biomass Burning Emissions,N2O,2011,0.4914,National Communication 3
AFOLU,Biomass Burning Emissions,N2O,2012,0.4368,National Communication 3
AFOLU,Biomass Burning Emissions,N2O,2013,0.3822,National Communication 3
AFOLU,Biomass Burning Emissions,N2O,2014,0.3276,National Communication 3
AFOLU,Biomass Burning Emissions,N2O,2015,0.273,National Communication 3
AFOLU,Biomass Burning Emissions,N2O,2016,0.273,National Communication 3
AFOLU,Biomass Burning Emissions,N2O,2017,0.273,National Communication 3
AFOLU,Biomass Burning Emissions,NOx,1995,0.301,National Communication 3
AFOLU,Biomass Burning Emissions,NOx,1996,0.2408,National Communication 3
AFOLU,Biomass Burning Emissions,NOx,1997,0.1806,National Communication 3
AFOLU,Biomass Burning Emissions,NOx,1998,0.1204,National Communication 3
AFOLU,Biomass Burning Emissions,NOx,1999,0.0602,National Communication 3
AFOLU,Biomass Burning Emissions,NOx,2000,0.0,National Communication 3
AFOLU,Biomass Burning Emissions,NOx,2001,0.0,National Communication 3
AFOLU,Biomass Burning Emissions,NOx,2002,0.0,National Communication 3
AFOLU,Biomass Burning Emissions,NOx,2003,0.0,National Communication 3
AFOLU,Biomass Burning Emissions,NOx,2004,0.0,National Communication 3
AFOLU,Biomass Burning Emissions,NOx,2005,0.0,National Communication 3
AFOLU,Biomass Burning Emissions,NOx,2006,0.0,National Communication 3
AFOLU,Biomass Burning Emissions,NOx,2007,0.0,National Communication 3
AFOLU,Biomass Burning Emissions,NOx,2008,0.0,National Communication 3
AFOLU,Biomass Burning Emissions,NOx,2009,0.0,National Communication 3
AFOLU,Biomass Burning Emissions,NOx,2010,0.0,National Communication 3
AFOLU,Biomass Burning Emissions,NOx,2011,0.0,National Communication 3
AFOLU,Biomass Burning Emissions,NOx,2012,0.0,National Communication 3
AFOLU,Biomass Burning Emissions,NOx,2013,0.0,National Communication 3
AFOLU,Biomass Burning Emissions,NOx,2014,0.0,National Communication 3
AFOLU,Biomass Burning Emissions,NOx,2015,0.0,National Communication 3
AFOLU,Biomass Burning Emissions,NOx,2016,0.0,National Communication 3
AFOLU,Biomass Burning Emissions,NOx,2017,0.0,National Communication 3
AFOLU,Cropland,CO2,1995,10.611,National Communication 3
AFOLU,Cropland,CO2,1996,10.611,National Communication 3
AFOLU,Cropland,CO2,1997,10.611,National Communication 3
AFOLU,Cropland,CO2,1998,10.611,National Communication 3
AFOLU,Cropland,CO2,1999,10.611,National Communication 3
AFOLU,Cropland,CO2,2000,10.611,National Communication 3
AFOLU,Cropland,CO2,2001,10.611,National Communication 3
AFOLU,Cropland,CO2,2002,10.611,National Communication 3
AFOLU,Cropland,CO2,2003,10.611,National Communication 3
AFOLU,Cropland,CO2,2004,10.611,National Communication 3
AFOLU,Cropland,CO2,2005,10.611,National Communication 3
AFOLU,Cropland,CO2,2006,10.611,National Communication 3
AFOLU,Cropland,CO2,2007,10.611,National Communication 3
AFOLU,Cropland,CO2,2008,10.611,National Communication 3
AFOLU,Cropland,CO2,2009,10.611,National Communication 3
AFOLU,Cropland,CO2,2010,10.611,National Communication 3
AFOLU,Cropland,CO2,2011,10.611,National Communication 3
AFOLU,Cropland,CO2,2012,10.611,National Communication 3
AFOLU,Cropland,CO2,2013,10.611,National Communication 3
AFOLU,Cropland,CO2,2014,10.611,National Communication 3
AFOLU,Cropland,CO2,2015,10.611,National Communication 3
AFOLU,Cropland,CO2,2016,10.611,National Communication 3
AFOLU,Cropland,CO2,2017,10.611,National Communication 3
AFOLU,Direct N2O emissions from managed soil,N2O,1995,3.1395,National Communication 3
AFOLU,Direct N2O emissions from managed soil,N2O,1996,3.17772,National Communication 3
AFOLU,Direct N2O emissions from managed soil,N2O,1997,3.21594,National Communication 3
AFOLU,Direct N2O emissions from managed soil,N2O,1998,3.25416,National Communication 3
AFOLU,Direct N2O emissions from managed soil,N2O,1999,3.29238,National Communication 3
AFOLU,Direct N2O emissions from managed soil,N2O,2000,3.3306,National Communication 3
AFOLU,Direct N2O emissions from managed soil,N2O,2001,3.42342,National Communication 3
AFOLU,Direct N2O emissions from managed soil,N2O,2002,3.51624,National Communication 3
AFOLU,Direct N2O emissions from managed soil,N2O,2003,3.60906,National Communication 3
AFOLU,Direct N2O emissions from managed soil,N2O,2004,3.70188,National Communication 3
AFOLU,Direct N2O emissions from managed soil,N2O,2005,3.7947,National Communication 3
AFOLU,Direct N2O emissions from managed soil,N2O,2006,4.02402,National Communication 3
AFOLU,Direct N2O emissions from managed soil,N2O,2007,4.25334,National Communication 3
AFOLU,Direct N2O emissions from managed soil,N2O,2008,4.48266,National Communication 3
AFOLU,Direct N2O emissions from managed soil,N2O,2009,4.71198,National Communication 3
AFOLU,Direct N2O emissions from managed soil,N2O,2010,4.9413,National Communication 3
AFOLU,Direct N2O emissions from managed soil,N2O,2011,5.05596,National Communication 3
AFOLU,Direct N2O emissions from managed soil,N2O,2012,5.17062,National Communication 3
AFOLU,Direct N2O emissions from managed soil,N2O,2013,5.28528,National Communication 3
AFOLU,Direct N2O emissions from managed soil,N2O,2014,5.39994,National Communication 3
AFOLU,Direct N2O emissions from managed soil,N2O,2015,5.5146,National Communication 3
AFOLU,Direct N2O emissions from managed soil,N2O,2016,5.5965,National Communication 3
AFOLU,Direct N2O emissions from managed soil,N2O,2017,5.6784,National Communication 3
AFOLU,Enteric Fermentation,CH4,1995,7.49008,National Communication 3
AFOLU,Enteric Fermentation,CH4,1996,7.655172,National Communication 3
AFOLU,Enteric Fermentation,CH4,1997,7.820264,National Communication 3
AFOLU,Enteric Fermentation,CH4,1998,7.985356,National Communication 3
AFOLU,Enteric Fermentation,CH4,1999,8.150448,National Communication 3
AFOLU,Enteric Fermentation,CH4,2000,8.31554,National Communication 3
AFOLU,Enteric Fermentation,CH4,2001,8.685058,National Communication 3
AFOLU,Enteric Fermentation,CH4,2002,9.054576,National Communication 3
AFOLU,Enteric Fermentation,CH4,2003,9.424094,National Communication 3
AFOLU,Enteric Fermentation,CH4,2004,9.793612,National Communication 3
AFOLU,Enteric Fermentation,CH4,2005,10.16313,National Communication 3
AFOLU,Enteric Fermentation,CH4,2006,10.843442,National Communication 3
AFOLU,Enteric Fermentation,CH4,2007,11.523754,National Communication 3
AFOLU,Enteric Fermentation,CH4,2008,12.204066,National Communication 3
AFOLU,Enteric Fermentation,CH4,2009,12.884378,National Communication 3
AFOLU,Enteric Fermentation,CH4,2010,13.56469,National Communication 3
AFOLU,Enteric Fermentation,CH4,2011,13.9054,National Communication 3
AFOLU,Enteric Fermentation,CH4,2012,14.24611,National Communication 3
AFOLU,Enteric Fermentation,CH4,2013,14.58682,National Communication 3
AFOLU,Enteric Fermentation,CH4,2014,14.92753,National Communication 3
AFOLU,Enteric Fermentation,CH4,2015,15.26824,National Communication 3
AFOLU,Enteric Fermentation,CH4,2016,15.621415,National Communication 3
AFOLU,Enteric Fermentation,CH4,2017,15.97459,National Communication 3
AFOLU,Forest land - Removals,CO2,1995,9.559775,National Communication 3
AFOLU,Forest land - Removals,CO2,1996,10.491975,National Communication 3
AFOLU,Forest land - Removals,CO2,1997,11.424175,National Communication 3
AFOLU,Forest land - Removals,CO2,1998,12.356375,National Communication 3
AFOLU,Forest land - Removals,CO2,1999,13.288575,National Communication 3
AFOLU,Forest land - Removals,CO2,2000,14.220775,National Communication 3
AFOLU,Forest land - Removals,CO2,2001,16.214175,National Communication 3
AFOLU,Forest land - Removals,CO2,2002,18.207575,National Communication 3
AFOLU,Forest land - Removals,CO2,2003,20.200975,National Communication 3
AFOLU,Forest land - Removals,CO2,2004,22.194375,National Communication 3
AFOLU,Forest land - Removals,CO2,2005,24.187775000000002,National Communication 3
AFOLU,Forest land - Removals,CO2,2006,26.944175,National Communication 3
AFOLU,Forest land - Removals,CO2,2007,29.700575,National Communication 3
AFOLU,Forest land - Removals,CO2,2008,32.456975,National Communication 3
AFOLU,Forest land - Removals,CO2,2009,35.213375,National Communication 3
AFOLU,Forest land - Removals,CO2,2010,37.969775,National Communication 3
AFOLU,Forest land - Removals,CO2,2011,39.895575,National Communication 3
AFOLU,Forest land - Removals,CO2,2012,41.821374999999996,National Communication 3
AFOLU,Forest land - Removals,CO2,2013,43.747175,National Communication 3
AFOLU,Forest land - Removals,CO2,2014,45.672975,National Communication 3
AFOLU,Forest land - Removals,CO2,2015,47.598774999999996,National Communication 3
AFOLU,Forest land - Removals,CO2,2016,49.218193,National Communication 3
AFOLU,Forest land - Removals,CO2,2017,50.837610999999995,National Communication 3
AFOLU,Forest land - Sequestration,CO2,1995,-7.942775,National Communication 3
AFOLU,Forest land - Sequestration,CO2,1996,-7.942775,National Communication 3
AFOLU,Forest land - Sequestration,CO2,1997,-7.942775,National Communication 3
AFOLU,Forest land - Sequestration,CO2,1998,-7.942775,National Communication 3
AFOLU,Forest land - Sequestration,CO2,1999,-7.942775,National Communication 3
AFOLU,Forest land - Sequestration,CO2,2000,-7.942775,National Communication 3
AFOLU,Forest land - Sequestration,CO2,2001,-7.942775,National Communication 3
AFOLU,Forest land - Sequestration,CO2,2002,-7.942775,National Communication 3
AFOLU,Forest land - Sequestration,CO2,2003,-7.942775,National Communication 3
AFOLU,Forest land - Sequestration,CO2,2004,-7.942775,National Communication 3
AFOLU,Forest land - Sequestration,CO2,2005,-7.942775,National Communication 3
AFOLU,Forest land - Sequestration,CO2,2006,-7.942775,National Communication 3
AFOLU,Forest land - Sequestration,CO2,2007,-7.942775,National Communication 3
AFOLU,Forest land - Sequestration,CO2,2008,-7.942775,National Communication 3
AFOLU,Forest land - Sequestration,CO2,2009,-7.942775,National Communication 3
AFOLU,Forest land - Sequestration,CO2,2010,-7.942775,National Communication 3
AFOLU,Forest land - Sequestration,CO2,2011,-7.942775,National Communication 3
AFOLU,Forest land - Sequestration,CO2,2012,-7.942775,National Communication 3
AFOLU,Forest land - Sequestration,CO2,2013,-7.942775,National Communication 3
AFOLU,Forest land - Sequestration,CO2,2014,-7.942775,National Communication 3
AFOLU,Forest land - Sequestration,CO2,2015,-7.942775,National Communication 3
AFOLU,Forest land - Sequestration,CO2,2016,-7.857693,National Communication 3
AFOLU,Forest land - Sequestration,CO2,2017,-7.772611,National Communication 3
AFOLU,Indirect N2O Emissions from Manure Management,N2O,1995,1.27218,National Communication 3
AFOLU,Indirect N2O Emissions from Manure Management,N2O,1996,1.27218,National Communication 3
AFOLU,Indirect N2O Emissions from Manure Management,N2O,1997,1.27218,National Communication 3
AFOLU,Indirect N2O Emissions from Manure Management,N2O,1998,1.27218,National Communication 3
AFOLU,Indirect N2O Emissions from Manure Management,N2O,1999,1.27218,National Communication 3
AFOLU,Indirect N2O Emissions from Manure Management,N2O,2000,1.27218,National Communication 3
AFOLU,Indirect N2O Emissions from Manure Management,N2O,2001,1.27218,National Communication 3
AFOLU,Indirect N2O Emissions from Manure Management,N2O,2002,1.27218,National Communication 3
AFOLU,Indirect N2O Emissions from Manure Management,N2O,2003,1.27218,National Communication 3
AFOLU,Indirect N2O Emissions from Manure Management,N2O,2004,1.27218,National Communication 3
AFOLU,Indirect N2O Emissions from Manure Management,N2O,2005,1.27218,National Communication 3
AFOLU,Indirect N2O Emissions from Manure Management,N2O,2006,1.343706,National Communication 3
AFOLU,Indirect N2O Emissions from Manure Management,N2O,2007,1.415232,National Communication 3
AFOLU,Indirect N2O Emissions from Manure Management,N2O,2008,1.486758,National Communication 3
AFOLU,Indirect N2O Emissions from Manure Management,N2O,2009,1.558284,National Communication 3
AFOLU,Indirect N2O Emissions from Manure Management,N2O,2010,1.62981,National Communication 3
AFOLU,Indirect N2O Emissions from Manure Management,N2O,2011,1.679496,National Communication 3
AFOLU,Indirect N2O Emissions from Manure Management,N2O,2012,1.729182,National Communication 3
AFOLU,Indirect N2O Emissions from Manure Management,N2O,2013,1.778868,National Communication 3
AFOLU,Indirect N2O Emissions from Manure Management,N2O,2014,1.828554,National Communication 3
AFOLU,Indirect N2O Emissions from Manure Management,N2O,2015,1.87824,National Communication 3
AFOLU,Indirect N2O Emissions from Manure Management,N2O,2016,1.87824,National Communication 3
AFOLU,Indirect N2O Emissions from Manure Management,N2O,2017,1.87824,National Communication 3
AFOLU,Manure Management,CH4,1995,0.37672,National Communication 3
AFOLU,Manure Management,CH4,1996,0.377274,National Communication 3
AFOLU,Manure Management,CH4,1997,0.377828,National Communication 3
AFOLU,Manure Management,CH4,1998,0.378382,National Communication 3
AFOLU,Manure Management,CH4,1999,0.378936,National Communication 3
AFOLU,Manure Management,CH4,2000,0.37949,National Communication 3
AFOLU,Manure Management,CH4,2001,0.388908,National Communication 3
AFOLU,Manure Management,CH4,2002,0.398326,National Communication 3
AFOLU,Manure Management,CH4,2003,0.407744,National Communication 3
AFOLU,Manure Management,CH4,2004,0.417162,National Communication 3
AFOLU,Manure Management,CH4,2005,0.42658,National Communication 3
AFOLU,Manure Management,CH4,2006,0.455388,National Communication 3
AFOLU,Manure Management,CH4,2007,0.484196,National Communication 3
AFOLU,Manure Management,CH4,2008,0.513004,National Communication 3
AFOLU,Manure Management,CH4,2009,0.541812,National Communication 3
AFOLU,Manure Management,CH4,2010,0.57062,National Communication 3
AFOLU,Manure Management,CH4,2011,0.58447,National Communication 3
AFOLU,Manure Management,CH4,2012,0.59832,National Communication 3
AFOLU,Manure Management,CH4,2013,0.61217,National Communication 3
AFOLU,Manure Management,CH4,2014,0.62602,National Communication 3
AFOLU,Manure Management,CH4,2015,0.63987,National Communication 3
AFOLU,Manure Management,CH4,2016,0.65095,National Communication 3
AFOLU,Manure Management,CH4,2017,0.66203,National Communication 3
AFOLU,Manure Management,N2O,1995,0.1365,National Communication 3
AFOLU,Manure Management,N2O,1996,0.1365,National Communication 3
AFOLU,Manure Management,N2O,1997,0.1365,National Communication 3
AFOLU,Manure Management,N2O,1998,0.1365,National Communication 3
AFOLU,Manure Management,N2O,1999,0.1365,National Communication 3
AFOLU,Manure Management,N2O,2000,0.1365,National Communication 3
AFOLU,Manure Management,N2O,2001,0.1365,National Communication 3
AFOLU,Manure Management,N2O,2002,0.1365,National Communication 3
AFOLU,Manure Management,N2O,2003,0.1365,National Communication 3
AFOLU,Manure Management,N2O,2004,0.1365,National Communication 3
AFOLU,Manure Management,N2O,2005,0.1365,National Communication 3
AFOLU,Manure Management,N2O,2006,0.14742,National Communication 3
AFOLU,Manure Management,N2O,2007,0.15834,National Communication 3
AFOLU,Manure Management,N2O,2008,0.16926,National Communication 3
AFOLU,Manure Management,N2O,2009,0.18018,National Communication 3
AFOLU,Manure Management,N2O,2010,0.1911,National Communication 3
AFOLU,Manure Management,N2O,2011,0.19656,National Communication 3
AFOLU,Manure Management,N2O,2012,0.20202,National Communication 3
AFOLU,Manure Management,N2O,2013,0.20748,National Communication 3
AFOLU,Manure Management,N2O,2014,0.21294,National Communication 3
AFOLU,Manure Management,N2O,2015,0.2184,National Communication 3
AFOLU,Manure Management,N2O,2016,0.222495,National Communication 3
AFOLU,Manure Management,N2O,2017,0.22659,National Communication 3
AFOLU,Other Lands,CO2,1995,2.793,National Communication 3
AFOLU,Other Lands,CO2,1996,2.793,National Communication 3
AFOLU,Other Lands,CO2,1997,2.793,National Communication 3
AFOLU,Other Lands,CO2,1998,2.793,National Communication 3
AFOLU,Other Lands,CO2,1999,2.793,National Communication 3
AFOLU,Other Lands,CO2,2000,2.793,National Communication 3
AFOLU,Other Lands,CO2,2001,2.793,National Communication 3
AFOLU,Other Lands,CO2,2002,2.793,National Communication 3
AFOLU,Other Lands,CO2,2003,2.793,National Communication 3
AFOLU,Other Lands,CO2,2004,2.793,National Communication 3
AFOLU,Other Lands,CO2,2005,2.793,National Communication 3
AFOLU,Other Lands,CO2,2006,2.793,National Communication 3
AFOLU,Other Lands,CO2,2007,2.793,National Communication 3
AFOLU,Other Lands,CO2,2008,2.793,National Communication 3
AFOLU,Other Lands,CO2,2009,2.793,National Communication 3
AFOLU,Other Lands,CO2,2010,2.793,National Communication 3
AFOLU,Other Lands,CO2,2011,2.793,National Communication 3
AFOLU,Other Lands,CO2,2012,2.793,National Communication 3
AFOLU,Other Lands,CO2,2013,2.793,National Communication 3
AFOLU,Other Lands,CO2,2014,2.793,National Communication 3
AFOLU,Other Lands,CO2,2015,2.793,National Communication 3
AFOLU,Other Lands,CO2,2016,2.793,National Communication 3
AFOLU,Other Lands,CO2,2017,2.793,National Communication 3
AFOLU,Urea Application,CO2,1995,0.0,National Communication 3
AFOLU,Urea Application,CO2,1996,0.0,National Communication 3
AFOLU,Urea Application,CO2,1997,0.0,National Communication 3
AFOLU,Urea Application,CO2,1998,0.0,National Communication 3
AFOLU,Urea Application,CO2,1999,0.0,National Communication 3
AFOLU,Urea Application,CO2,2000,0.0,National Communication 3
AFOLU,Urea Application,CO2,2001,0.0,National Communication 3
AFOLU,Urea Application,CO2,2002,0.0,National Communication 3
AFOLU,Urea Application,CO2,2003,0.0,National Communication 3
AFOLU,Urea Application,CO2,2004,0.0,National Communication 3
AFOLU,Urea Application,CO2,2005,0.0,National Communication 3
AFOLU,Urea Application,CO2,2006,0.0,National Communication 3
AFOLU,Urea Application,CO2,2007,0.0,National Communication 3
AFOLU,Urea Application,CO2,2008,0.0,National Communication 3
AFOLU,Urea Application,CO2,2009,0.0,National Communication 3
AFOLU,Urea Application,CO2,2010,0.0,National Communication 3
AFOLU,Urea Application,CO2,2011,0.001012,National Communication 3
AFOLU,Urea Application,CO2,2012,0.002024,National Communication 3
AFOLU,Urea Application,CO2,2013,0.003036,National Communication 3
AFOLU,Urea Application,CO2,2014,0.004048,National Communication 3
AFOLU,Urea Application,CO2,2015,0.00506,National Communication 3
AFOLU,Urea Application,CO2,2016,0.00506,National Communication 3
AFOLU,Urea Application,CO2,2017,0.00506,National Communication 3
Energy,Energy Industries,CH4,1995,0.0544305,National Communication 3
Energy,Energy Industries,CH4,1996,0.05690965,National Communication 3
Energy,Energy Industries,CH4,1997,0.0593888,National Communication 3
Energy,Energy Industries,CH4,1998,0.0682251,National Communication 3
Energy,Energy Industries,CH4,1999,0.0770614,National Communication 3
Energy,Energy Industries,CH4,2000,0.0829338,National Communication 3
Energy,Energy Industries,CH4,2001,0.0888062,National Communication 3
Energy,Energy Industries,CH4,2002,0.0888062,National Communication 3
Energy,Energy Industries,CH4,2003,0.0888062,National Communication 3
Energy,Energy Industries,CH4,2004,0.108307,National Communication 3
Energy,Energy Industries,CH4,2005,0.1278078,National Communication 3
Energy,Energy Industries,CH4,2006,0.1341234,National Communication 3
Energy,Energy Industries,CH4,2007,0.140439,National Communication 3
Energy,Energy Industries,CH4,2008,0.14693465,National Communication 3
Energy,Energy Industries,CH4,2009,0.1534303,National Communication 3
Energy,Energy Industries,CH4,2010,0.1566158,National Communication 3
Energy,Energy Industries,CH4,2011,0.1598013,National Communication 3
Energy,Energy Industries,CH4,2012,0.1791359,National Communication 3
Energy,Energy Industries,CH4,2013,0.1984705,National Communication 3
Energy,Energy Industries,CH4,2014,0.32845275,National Communication 3
Energy,Energy Industries,CH4,2015,0.458435,National Communication 3
Energy,Energy Industries,CH4,2016,0.382814,National Communication 3
Energy,Energy Industries,CH4,2017,0.307193,National Communication 3
Energy,Energy Industries,CO2,1995,0.000828,National Communication 3
Energy,Energy Industries,CO2,1996,0.0008655,National Communication 3
Energy,Energy Industries,CO2,1997,0.000903,National Communication 3
Energy,Energy Industries,CO2,1998,0.000941,National Communication 3
Energy,Energy Industries,CO2,1999,0.000979,National Communication 3
Energy,Energy Industries,CO2,2000,0.0010165,National Communication 3
Energy,Energy Industries,CO2,2001,0.001054,National Communication 3
Energy,Energy Industries,CO2,2002,0.001054,National Communication 3
Energy,Energy Industries,CO2,2003,0.001054,National Communication 3
Energy,Energy Industries,CO2,2004,0.0009785,National Communication 3
Energy,Energy Industries,CO2,2005,0.000903,National Communication 3
Energy,Energy Industries,CO2,2006,0.0860965,National Communication 3
Energy,Energy Industries,CO2,2007,0.17129,National Communication 3
Energy,Energy Industries,CO2,2008,0.20364,National Communication 3
Energy,Energy Industries,CO2,2009,0.23599,National Communication 3
Energy,Energy Industries,CO2,2010,0.256895,National Communication 3
Energy,Energy Industries,CO2,2011,0.2778,National Communication 3
Energy,Energy Industries,CO2,2012,0.1392485,National Communication 3
Energy,Energy Industries,CO2,2013,0.000697,National Communication 3
Energy,Energy Industries,CO2,2014,0.0218285,National Communication 3
Energy,Energy Industries,CO2,2015,0.04296,National Communication 3
Energy,Energy Industries,CO2,2016,0.08288,National Communication 3
Energy,Energy Industries,CO2,2017,0.1228,National Communication 3
Energy,Energy Industries,N2O,1995,0.01092,National Communication 3
Energy,Energy Industries,N2O,1996,0.011466,National Communication 3
Energy,Energy Industries,N2O,1997,0.012012,National Communication 3
Energy,Energy Industries,N2O,1998,0.0137865,National Communication 3
Energy,Energy Industries,N2O,1999,0.015561,National Communication 3
Energy,Energy Industries,N2O,2000,0.016653,National Communication 3
Energy,Energy Industries,N2O,2001,0.017745,National Communication 3
Energy,Energy Industries,N2O,2002,0.017745,National Communication 3
Energy,Energy Industries,N2O,2003,0.017745,National Communication 3
Energy,Energy Industries,N2O,2004,0.0217035,National Communication 3
Energy,Energy Industries,N2O,2005,0.025662,National Communication 3
Energy,Energy Industries,N2O,2006,0.0268905,National Communication 3
Energy,Energy Industries,N2O,2007,0.028119,National Communication 3
Energy,Energy Industries,N2O,2008,0.0293475,National Communication 3
Energy,Energy Industries,N2O,2009,0.030576,National Communication 3
Energy,Energy Industries,N2O,2010,0.0312585,National Communication 3
Energy,Energy Industries,N2O,2011,0.031941,National Communication 3
Energy,Energy Industries,N2O,2012,0.035763,National Communication 3
Energy,Energy Industries,N2O,2013,0.039585,National Communication 3
Energy,Energy Industries,N2O,2014,0.065247,National Communication 3
Energy,Energy Industries,N2O,2015,0.090909,National Communication 3
Energy,Energy Industries,N2O,2016,0.0760305,National Communication 3
Energy,Energy Industries,N2O,2017,0.061152,National Communication 3
Energy,Manufacturing Industries and Construction,CH4,1995,0.011634,National Communication 3
Energy,Manufacturing Industries and Construction,CH4,1996,0.012188,National Communication 3
Energy,Manufacturing Industries and Construction,CH4,1997,0.012742,National Communication 3
Energy,Manufacturing Industries and Construction,CH4,1998,0.0128805,National Communication 3
Energy,Manufacturing Industries and Construction,CH4,1999,0.013019,National Communication 3
Energy,Manufacturing Industries and Construction,CH4,2000,0.024653,National Communication 3
Energy,Manufacturing Industries and Construction,CH4,2001,0.036287,National Communication 3
Energy,Manufacturing Industries and Construction,CH4,2002,0.036287,National Communication 3
Energy,Manufacturing Industries and Construction,CH4,2003,0.036287,National Communication 3
Energy,Manufacturing Industries and Construction,CH4,2004,0.0325475,National Communication 3
Energy,Manufacturing Industries and Construction,CH4,2005,0.028808,National Communication 3
Energy,Manufacturing Industries and Construction,CH4,2006,0.030747,National Communication 3
Energy,Manufacturing Industries and Construction,CH4,2007,0.032686,National Communication 3
Energy,Manufacturing Industries and Construction,CH4,2008,0.035179,National Communication 3
Energy,Manufacturing Industries and Construction,CH4,2009,0.037672,National Communication 3
Energy,Manufacturing Industries and Construction,CH4,2010,0.039611,National Communication 3
Energy,Manufacturing Industries and Construction,CH4,2011,0.04155,National Communication 3
Energy,Manufacturing Industries and Construction,CH4,2012,0.059832,National Communication 3
Energy,Manufacturing Industries and Construction,CH4,2013,0.078114,National Communication 3
Energy,Manufacturing Industries and Construction,CH4,2014,0.078114,National Communication 3
Energy,Manufacturing Industries and Construction,CH4,2015,0.078114,National Communication 3
Energy,Manufacturing Industries and Construction,CH4,2016,0.067588,National Communication 3
Energy,Manufacturing Industries and Construction,CH4,2017,0.057062,National Communication 3
Energy,Manufacturing Industries and Construction,CO2,1995,0.1507,National Communication 3
Energy,Manufacturing Industries and Construction,CO2,1996,0.16815,National Communication 3
Energy,Manufacturing Industries and Construction,CO2,1997,0.1856,National Communication 3
Energy,Manufacturing Industries and Construction,CO2,1998,0.17805,National Communication 3
Energy,Manufacturing Industries and Construction,CO2,1999,0.1705,National Communication 3
Energy,Manufacturing Industries and Construction,CO2,2000,0.15935,National Communication 3
Energy,Manufacturing Industries and Construction,CO2,2001,0.1482,National Communication 3
Energy,Manufacturing Industries and Construction,CO2,2002,0.16705,National Communication 3
Energy,Manufacturing Industries and Construction,CO2,2003,0.1859,National Communication 3
Energy,Manufacturing Industries and Construction,CO2,2004,0.2501,National Communication 3
Energy,Manufacturing Industries and Construction,CO2,2005,0.3143,National Communication 3
Energy,Manufacturing Industries and Construction,CO2,2006,0.2564,National Communication 3
Energy,Manufacturing Industries and Construction,CO2,2007,0.1985,National Communication 3
Energy,Manufacturing Industries and Construction,CO2,2008,0.4309,National Communication 3
Energy,Manufacturing Industries and Construction,CO2,2009,0.6633,National Communication 3
Energy,Manufacturing Industries and Construction,CO2,2010,0.45385,National Communication 3
Energy,Manufacturing Industries and Construction,CO2,2011,0.2444,National Communication 3
Energy,Manufacturing Industries and Construction,CO2,2012,0.41155,National Communication 3
Energy,Manufacturing Industries and Construction,CO2,2013,0.5787,National Communication 3
Energy,Manufacturing Industries and Construction,CO2,2014,0.5787,National Communication 3
Energy,Manufacturing Industries and Construction,CO2,2015,0.5787,National Communication 3
Energy,Manufacturing Industries and Construction,CO2,2016,0.84025,National Communication 3
Energy,Manufacturing Industries and Construction,CO2,2017,1.1018,National Communication 3
Energy,Manufacturing Industries and Construction,N2O,1995,0.01638,National Communication 3
Energy,Manufacturing Industries and Construction,N2O,1996,0.01638,National Communication 3
Energy,Manufacturing Industries and Construction,N2O,1997,0.01638,National Communication 3
Energy,Manufacturing Industries and Construction,N2O,1998,0.01638,National Communication 3
Energy,Manufacturing Industries and Construction,N2O,1999,0.01638,National Communication 3
Energy,Manufacturing Industries and Construction,N2O,2000,0.03276,National Communication 3
Energy,Manufacturing Industries and Construction,N2O,2001,0.04914,National Communication 3
Energy,Manufacturing Industries and Construction,N2O,2002,0.04914,National Communication 3
Energy,Manufacturing Industries and Construction,N2O,2003,0.04914,National Communication 3
Energy,Manufacturing Industries and Construction,N2O,2004,0.04368,National Communication 3
Energy,Manufacturing Industries and Construction,N2O,2005,0.03822,National Communication 3
Energy,Manufacturing Industries and Construction,N2O,2006,0.04095,National Communication 3
Energy,Manufacturing Industries and Construction,N2O,2007,0.04368,National Communication 3
Energy,Manufacturing Industries and Construction,N2O,2008,0.04641,National Communication 3
Energy,Manufacturing Industries and Construction,N2O,2009,0.04914,National Communication 3
Energy,Manufacturing Industries and Construction,N2O,2010,0.04641,National Communication 3
Energy,Manufacturing Industries and Construction,N2O,2011,0.04368,National Communication 3
Energy,Manufacturing Industries and Construction,N2O,2012,0.07371,National Communication 3
Energy,Manufacturing Industries and Construction,N2O,2013,0.10374,National Communication 3
Energy,Manufacturing Industries and Construction,N2O,2014,0.10374,National Communication 3
Energy,Manufacturing Industries and Construction,N2O,2015,0.10374,National Communication 3
Energy,Manufacturing Industries and Construction,N2O,2016,0.09009,National Communication 3
Energy,Manufacturing Industries and Construction,N2O,2017,0.07644,National Communication 3
Energy,"Other (Residential, Commercial, Institution)",All GHG,1995,1.6649,National Communication 3
Energy,"Other (Residential, Commercial, Institution)",All GHG,1996,1.73952,National Communication 3
Energy,"Other (Residential, Commercial, Institution)",All GHG,1997,1.81414,National Communication 3
Energy,"Other (Residential, Commercial, Institution)",All GHG,1998,1.88876,National Communication 3
Energy,"Other (Residential, Commercial, Institution)",All GHG,1999,1.96338,National Communication 3
Energy,"Other (Residential, Commercial, Institution)",All GHG,2000,2.038,National Communication 3
Energy,"Other (Residential, Commercial, Institution)",All GHG,2001,2.1272,National Communication 3
Energy,"Other (Residential, Commercial, Institution)",All GHG,2002,2.2164,National Communication 3
Energy,"Other (Residential, Commercial, Institution)",All GHG,2003,2.3056,National Communication 3
Energy,"Other (Residential, Commercial, Institution)",All GHG,2004,2.3948,National Communication 3
Energy,"Other (Residential, Commercial, Institution)",All GHG,2005,2.484,National Communication 3
Energy,"Other (Residential, Commercial, Institution)",All GHG,2006,2.592,National Communication 3
Energy,"Other (Residential, Commercial, Institution)",All GHG,2007,2.7,National Communication 3
Energy,"Other (Residential, Commercial, Institution)",All GHG,2008,2.808,National Communication 3
Energy,"Other (Residential, Commercial, Institution)",All GHG,2009,2.916,National Communication 3
Energy,"Other (Residential, Commercial, Institution)",All GHG,2010,3.024,National Communication 3
Energy,"Other (Residential, Commercial, Institution)",All GHG,2011,3.0946,National Communication 3
Energy,"Other (Residential, Commercial, Institution)",All GHG,2012,3.1652,National Communication 3
Energy,"Other (Residential, Commercial, Institution)",All GHG,2013,3.2358,National Communication 3
Energy,"Other (Residential, Commercial, Institution)",All GHG,2014,3.3064,National Communication 3
Energy,"Other (Residential, Commercial, Institution)",All GHG,2015,3.377,National Communication 3
Energy,"Other (Residential, Commercial, Institution)",All GHG,2016,3.34387,National Communication 3
Energy,"Other (Residential, Commercial, Institution)",All GHG,2017,3.31074,National Communication 3
Energy,Transport,CH4,1995,0.0051522,National Communication 3
Energy,Transport,CH4,1996,0.0053184,National Communication 3
Energy,Transport,CH4,1997,0.0054846,National Communication 3
Energy,Transport,CH4,1998,0.0060109,National Communication 3
Energy,Transport,CH4,1999,0.0065372,National Communication 3
Energy,Transport,CH4,2000,0.0064818,National Communication 3
Energy,Transport,CH4,2001,0.0064264,National Communication 3
Energy,Transport,CH4,2002,0.00652335,National Communication 3
Energy,Transport,CH4,2003,0.0066203,National Communication 3
Energy,Transport,CH4,2004,0.00630175,National Communication 3
Energy,Transport,CH4,2005,0.0059832,National Communication 3
Energy,Transport,CH4,2006,0.0064264,National Communication 3
Energy,Transport,CH4,2007,0.0068696,National Communication 3
Energy,Transport,CH4,2008,0.00854545,National Communication 3
Energy,Transport,CH4,2009,0.0102213,National Communication 3
Energy,Transport,CH4,2010,0.01142625,National Communication 3
Energy,Transport,CH4,2011,0.0126312,National Communication 3
Energy,Transport,CH4,2012,0.01422395,National Communication 3
Energy,Transport,CH4,2013,0.0158167,National Communication 3
Energy,Transport,CH4,2014,0.01757565,National Communication 3
Energy,Transport,CH4,2015,0.0193346,National Communication 3
Energy,Transport,CH4,2016,0.02120435,National Communication 3
Energy,Transport,CH4,2017,0.0230741,National Communication 3
Energy,Transport,CO2,1995,0.5888,National Communication 3
Energy,Transport,CO2,1996,0.6053,National Communication 3
Energy,Transport,CO2,1997,0.6218,National Communication 3
Energy,Transport,CO2,1998,0.72645,National Communication 3
Energy,Transport,CO2,1999,0.8311,National Communication 3
Energy,Transport,CO2,2000,0.83615,National Communication 3
Energy,Transport,CO2,2001,0.8412,National Communication 3
Energy,Transport,CO2,2002,0.8486,National Communication 3
Energy,Transport,CO2,2003,0.856,National Communication 3
Energy,Transport,CO2,2004,0.9076,National Communication 3
Energy,Transport,CO2,2005,0.9592,National Communication 3
Energy,Transport,CO2,2006,1.10755,National Communication 3
Energy,Transport,CO2,2007,1.2559,National Communication 3
Energy,Transport,CO2,2008,1.4651,National Communication 3
Energy,Transport,CO2,2009,1.6743,National Communication 3
Energy,Transport,CO2,2010,1.83695,National Communication 3
Energy,Transport,CO2,2011,1.9996,National Communication 3
Energy,Transport,CO2,2012,2.06245,National Communication 3
Energy,Transport,CO2,2013,2.1253,National Communication 3
Energy,Transport,CO2,2014,2.255,National Communication 3
Energy,Transport,CO2,2015,2.3847,National Communication 3
Energy,Transport,CO2,2016,2.7441,National Communication 3
Energy,Transport,CO2,2017,3.1035,National Communication 3
Energy,Transport,N2O,1995,0.007917,National Communication 3
Energy,Transport,N2O,1996,0.0080535,National Communication 3
Energy,Transport,N2O,1997,0.00819,National Communication 3
Energy,Transport,N2O,1998,0.0096915,National Communication 3
Energy,Transport,N2O,1999,0.011193,National Communication 3
Energy,Transport,N2O,2000,0.011193,National Communication 3
Energy,Transport,N2O,2001,0.011193,National Communication 3
Energy,Transport,N2O,2002,0.0113295,National Communication 3
Energy,Transport,N2O,2003,0.011466,National Communication 3
Energy,Transport,N2O,2004,0.012285,National Communication 3
Energy,Transport,N2O,2005,0.013104,National Communication 3
Energy,Transport,N2O,2006,0.0151515,National Communication 3
Energy,Transport,N2O,2007,0.017199,National Communication 3
Energy,Transport,N2O,2008,0.0200655,National Communication 3
Energy,Transport,N2O,2009,0.022932,National Communication 3
Energy,Transport,N2O,2010,0.025116,National Communication 3
Energy,Transport,N2O,2011,0.0273,National Communication 3
Energy,Transport,N2O,2012,0.0279825,National Communication 3
Energy,Transport,N2O,2013,0.028665,National Communication 3
Energy,Transport,N2O,2014,0.0326235,National Communication 3
Energy,Transport,N2O,2015,0.036582,National Communication 3
Energy,Transport,N2O,2016,0.0391755,National Communication 3
Energy,Transport,N2O,2017,0.041769,National Communication 3
IPPU,Cement production,All GHG,1995,0.098,National Communication 3
IPPU,Cement production,All GHG,1996,0.1008,National Communication 3
IPPU,Cement production,All GHG,1997,0.1036,National Communication 3
IPPU,Cement production,All GHG,1998,0.1064,National Communication 3
IPPU,Cement production,All GHG,1999,0.1092,National Communication 3
IPPU,Cement production,All GHG,2000,0.112,National Communication 3
IPPU,Cement production,All GHG,2001,0.1212,National Communication 3
IPPU,Cement production,All GHG,2002,0.1304,National Communication 3
IPPU,Cement production,All GHG,2003,0.1396,National Communication 3
IPPU,Cement production,All GHG,2004,0.1488,National Communication 3
IPPU,Cement production,All GHG,2005,0.158,National Communication 3
IPPU,Cement production,All GHG,2006,0.178,National Communication 3
IPPU,Cement production,All GHG,2007,0.198,National Communication 3
IPPU,Cement production,All GHG,2008,0.218,National Communication 3
IPPU,Cement production,All GHG,2009,0.238,National Communication 3
IPPU,Cement production,All GHG,2010,0.258,National Communication 3
IPPU,Cement production,All GHG,2011,0.2762,National Communication 3
IPPU,Cement production,All GHG,2012,0.2944,National Communication 3
IPPU,Cement production,All GHG,2013,0.3126,National Communication 3
IPPU,Cement production,All GHG,2014,0.3308,National Communication 3
IPPU,Cement production,All GHG,2015,0.349,National Communication 3
IPPU,Cement production,All GHG,2016,0.3462,National Communication 3
IPPU,Cement production,All GHG,2017,0.3434,National Communication 3
IPPU,Lime production,All GHG,1995,0.022,National Communication 3
IPPU,Lime production,All GHG,1996,0.02432,National Communication 3
IPPU,Lime production,All GHG,1997,0.02664,National Communication 3
IPPU,Lime production,All GHG,1998,0.02896,National Communication 3
IPPU,Lime production,All GHG,1999,0.03128,National Communication 3
IPPU,Lime production,All GHG,2000,0.0336,National Communication 3
IPPU,Lime production,All GHG,2001,0.03578,National Communication 3
IPPU,Lime production,All GHG,2002,0.03796,National Communication 3
IPPU,Lime production,All GHG,2003,0.04014,National Communication 3
IPPU,Lime production,All GHG,2004,0.04232,National Communication 3
IPPU,Lime production,All GHG,2005,0.0445,National Communication 3
IPPU,Lime production,All GHG,2006,0.03868,National Communication 3
IPPU,Lime production,All GHG,2007,0.03286,National Communication 3
IPPU,Lime production,All GHG,2008,0.02704,National Communication 3
IPPU,Lime production,All GHG,2009,0.02122,National Communication 3
IPPU,Lime production,All GHG,2010,0.0154,National Communication 3
IPPU,Lime production,All GHG,2011,0.01356,National Communication 3
IPPU,Lime production,All GHG,2012,0.01172,National Communication 3
IPPU,Lime production,All GHG,2013,0.00988,National Communication 3
IPPU,Lime production,All GHG,2014,0.00804,National Communication 3
IPPU,Lime production,All GHG,2015,0.0062,National Communication 3
IPPU,Lime production,All GHG,2016,0.00625,National Communication 3
IPPU,Lime production,All GHG,2017,0.0063,National Communication 3
IPPU,Lubricant Use,All GHG,1995,1e-06,National Communication 3
IPPU,Lubricant Use,All GHG,1996,1e-06,National Communication 3
IPPU,Lubricant Use,All GHG,1997,1e-06,National Communication 3
IPPU,Lubricant Use,All GHG,1998,1e-06,National Communication 3
IPPU,Lubricant Use,All GHG,1999,1e-06,National Communication 3
IPPU,Lubricant Use,All GHG,2000,1e-06,National Communication 3
IPPU,Lubricant Use,All GHG,2001,1.4e-06,National Communication 3
IPPU,Lubricant Use,All GHG,2002,1.8e-06,National Communication 3
IPPU,Lubricant Use,All GHG,2003,2.2e-06,National Communication 3
IPPU,Lubricant Use,All GHG,2004,2.6e-06,National Communication 3
IPPU,Lubricant Use,All GHG,2005,3e-06,National Communication 3
IPPU,Lubricant Use,All GHG,2006,3.4e-06,National Communication 3
IPPU,Lubricant Use,All GHG,2007,3.8e-06,National Communication 3
IPPU,Lubricant Use,All GHG,2008,4.2e-06,National Communication 3
IPPU,Lubricant Use,All GHG,2009,4.6e-06,National Communication 3
IPPU,Lubricant Use,All GHG,2010,5e-06,National Communication 3
IPPU,Lubricant Use,All GHG,2011,5.8e-06,National Communication 3
IPPU,Lubricant Use,All GHG,2012,6.6e-06,National Communication 3
IPPU,Lubricant Use,All GHG,2013,7.4e-06,National Communication 3
IPPU,Lubricant Use,All GHG,2014,8.2e-06,National Communication 3
IPPU,Lubricant Use,All GHG,2015,9e-06,National Communication 3
IPPU,Lubricant Use,All GHG,2016,1.05e-05,National Communication 3
IPPU,Lubricant Use,All GHG,2017,1.2e-05,National Communication 3
Waste,Biological Treatment of Solid Waste,CH4,1995,0.302484,National Communication 3
Waste,Biological Treatment of Solid Waste,CH4,1996,0.31315404,National Communication 3
Waste,Biological Treatment of Solid Waste,CH4,1997,0.32382408,National Communication 3
Waste,Biological Treatment of Solid Waste,CH4,1998,0.33449412,National Communication 3
Waste,Biological Treatment of Solid Waste,CH4,1999,0.34516416,National Communication 3
Waste,Biological Treatment of Solid Waste,CH4,2000,0.3558342,National Communication 3
Waste,Biological Treatment of Solid Waste,CH4,2001,0.36802774,National Communication 3
Waste,Biological Treatment of Solid Waste,CH4,2002,0.38022128,National Communication 3
Waste,Biological Treatment of Solid Waste,CH4,2003,0.39241482,National Communication 3
Waste,Biological Treatment of Solid Waste,CH4,2004,0.40460836,National Communication 3
Waste,Biological Treatment of Solid Waste,CH4,2005,0.4168019,National Communication 3
Waste,Biological Treatment of Solid Waste,CH4,2006,0.42999264,National Communication 3
Waste,Biological Treatment of Solid Waste,CH4,2007,0.44318338,National Communication 3
Waste,Biological Treatment of Solid Waste,CH4,2008,0.45637412,National Communication 3
Waste,Biological Treatment of Solid Waste,CH4,2009,0.46956486,National Communication 3
Waste,Biological Treatment of Solid Waste,CH4,2010,0.4827556,National Communication 3
Waste,Biological Treatment of Solid Waste,CH4,2011,0.49676072,National Communication 3
Waste,Biological Treatment of Solid Waste,CH4,2012,0.51076584,National Communication 3
Waste,Biological Treatment of Solid Waste,CH4,2013,0.52477096,National Communication 3
Waste,Biological Treatment of Solid Waste,CH4,2014,0.53877608,National Communication 3
Waste,Biological Treatment of Solid Waste,CH4,2015,0.5527812,National Communication 3
Waste,Biological Treatment of Solid Waste,CH4,2016,0.57096625,National Communication 3
Waste,Biological Treatment of Solid Waste,CH4,2017,0.5891513,National Communication 3
Waste,Biological Treatment of Solid Waste,N2O,1995,0.178815,National Communication 3
Waste,Biological Treatment of Solid Waste,N2O,1996,0.1851486,National Communication 3
Waste,Biological Treatment of Solid Waste,N2O,1997,0.1914822,National Communication 3
Waste,Biological Treatment of Solid Waste,N2O,1998,0.1978158,National Communication 3
Waste,Biological Treatment of Solid Waste,N2O,1999,0.2041494,National Communication 3
Waste,Biological Treatment of Solid Waste,N2O,2000,0.210483,National Communication 3
Waste,Biological Treatment of Solid Waste,N2O,2001,0.2176902,National Communication 3
Waste,Biological Treatment of Solid Waste,N2O,2002,0.2248974,National Communication 3
Waste,Biological Treatment of Solid Waste,N2O,2003,0.2321046,National Communication 3
Waste,Biological Treatment of Solid Waste,N2O,2004,0.2393118,National Communication 3
Waste,Biological Treatment of Solid Waste,N2O,2005,0.246519,National Communication 3
Waste,Biological Treatment of Solid Waste,N2O,2006,0.2543268,National Communication 3
Waste,Biological Treatment of Solid Waste,N2O,2007,0.2621346,National Communication 3
Waste,Biological Treatment of Solid Waste,N2O,2008,0.2699424,National Communication 3
Waste,Biological Treatment of Solid Waste,N2O,2009,0.2777502,National Communication 3
Waste,Biological Treatment of Solid Waste,N2O,2010,0.285558,National Communication 3
Waste,Biological Treatment of Solid Waste,N2O,2011,0.2938026,National Communication 3
Waste,Biological Treatment of Solid Waste,N2O,2012,0.3020472,National Communication 3
Waste,Biological Treatment of Solid Waste,N2O,2013,0.3102918,National Communication 3
Waste,Biological Treatment of Solid Waste,N2O,2014,0.3185364,National Communication 3
Waste,Biological Treatment of Solid Waste,N2O,2015,0.326781,National Communication 3
Waste,Biological Treatment of Solid Waste,N2O,2016,0.3375645,National Communication 3
Waste,Biological Treatment of Solid Waste,N2O,2017,0.348348,National Communication 3
Waste,Incineration and Open Burning of Waste,CH4,1995,0.0020221,National Communication 3
Waste,Incineration and Open Burning of Waste,CH4,1996,0.00254286,National Communication 3
Waste,Incineration and Open Burning of Waste,CH4,1997,0.00306362,National Communication 3
Waste,Incineration and Open Burning of Waste,CH4,1998,0.00358438,National Communication 3
Waste,Incineration and Open Burning of Waste,CH4,1999,0.00410514,National Communication 3
Waste,Incineration and Open Burning of Waste,CH4,2000,0.0046259,National Communication 3
Waste,Incineration and Open Burning of Waste,CH4,2001,0.00480318,National Communication 3
Waste,Incineration and Open Burning of Waste,CH4,2002,0.00498046,National Communication 3
Waste,Incineration and Open Burning of Waste,CH4,2003,0.00515774,National Communication 3
Waste,Incineration and Open Burning of Waste,CH4,2004,0.00533502,National Communication 3
Waste,Incineration and Open Burning of Waste,CH4,2005,0.0055123,National Communication 3
Waste,Incineration and Open Burning of Waste,CH4,2006,0.00568404,National Communication 3
Waste,Incineration and Open Burning of Waste,CH4,2007,0.00585578,National Communication 3
Waste,Incineration and Open Burning of Waste,CH4,2008,0.00602752,National Communication 3
Waste,Incineration and Open Burning of Waste,CH4,2009,0.00619926,National Communication 3
Waste,Incineration and Open Burning of Waste,CH4,2010,0.006371,National Communication 3
Waste,Incineration and Open Burning of Waste,CH4,2011,0.0076175,National Communication 3
Waste,Incineration and Open Burning of Waste,CH4,2012,0.008864,National Communication 3
Waste,Incineration and Open Burning of Waste,CH4,2013,0.0101105,National Communication 3
Waste,Incineration and Open Burning of Waste,CH4,2014,0.011357,National Communication 3
Waste,Incineration and Open Burning of Waste,CH4,2015,0.0126035,National Communication 3
Waste,Incineration and Open Burning of Waste,CH4,2016,0.01297745,National Communication 3
Waste,Incineration and Open Burning of Waste,CH4,2017,0.0133514,National Communication 3
Waste,Incineration and Open Burning of Waste,CO2,1995,0.002004,National Communication 3
Waste,Incineration and Open Burning of Waste,CO2,1996,0.0021152,National Communication 3
Waste,Incineration and Open Burning of Waste,CO2,1997,0.0022264,National Communication 3
Waste,Incineration and Open Burning of Waste,CO2,1998,0.0023376,National Communication 3
Waste,Incineration and Open Burning of Waste,CO2,1999,0.0024488,National Communication 3
Waste,Incineration and Open Burning of Waste,CO2,2000,0.0025599999999999998,National Communication 3
Waste,Incineration and Open Burning of Waste,CO2,2001,0.002777,National Communication 3
Waste,Incineration and Open Burning of Waste,CO2,2002,0.002994,National Communication 3
Waste,Incineration and Open Burning of Waste,CO2,2003,0.0032110000000000003,National Communication 3
Waste,Incineration and Open Burning of Waste,CO2,2004,0.003428,National Communication 3
Waste,Incineration and Open Burning of Waste,CO2,2005,0.003645,National Communication 3
Waste,Incineration and Open Burning of Waste,CO2,2006,0.0037602,National Communication 3
Waste,Incineration and Open Burning of Waste,CO2,2007,0.0038754,National Communication 3
Waste,Incineration and Open Burning of Waste,CO2,2008,0.0039905999999999995,National Communication 3
Waste,Incineration and Open Burning of Waste,CO2,2009,0.0041058,National Communication 3
Waste,Incineration and Open Burning of Waste,CO2,2010,0.004221,National Communication 3
Waste,Incineration and Open Burning of Waste,CO2,2011,0.0047312,National Communication 3
Waste,Incineration and Open Burning of Waste,CO2,2012,0.0052414,National Communication 3
Waste,Incineration and Open Burning of Waste,CO2,2013,0.0057516,National Communication 3
Waste,Incineration and Open Burning of Waste,CO2,2014,0.0062618,National Communication 3
Waste,Incineration and Open Burning of Waste,CO2,2015,0.006772,National Communication 3
Waste,Incineration and Open Burning of Waste,CO2,2016,0.0078315,National Communication 3
Waste,Incineration and Open Burning of Waste,CO2,2017,0.008891,National Communication 3
Waste,Incineration and Open Burning of Waste,N2O,1995,0.000273,National Communication 3
Waste,Incineration and Open Burning of Waste,N2O,1996,0.0003276,National Communication 3
Waste,Incineration and Open Burning of Waste,N2O,1997,0.0003822,National Communication 3
Waste,Incineration and Open Burning of Waste,N2O,1998,0.0004368,National Communication 3
Waste,Incineration and Open Burning of Waste,N2O,1999,0.0004914,National Communication 3
Waste,Incineration and Open Burning of Waste,N2O,2000,0.000546,National Communication 3
Waste,Incineration and Open Burning of Waste,N2O,2001,0.0006006,National Communication 3
Waste,Incineration and Open Burning of Waste,N2O,2002,0.0006552,National Communication 3
Waste,Incineration and Open Burning of Waste,N2O,2003,0.0007098,National Communication 3
Waste,Incineration and Open Burning of Waste,N2O,2004,0.0007644,National Communication 3
Waste,Incineration and Open Burning of Waste,N2O,2005,0.000819,National Communication 3
Waste,Incineration and Open Burning of Waste,N2O,2006,0.000819,National Communication 3
Waste,Incineration and Open Burning of Waste,N2O,2007,0.000819,National Communication 3
Waste,Incineration and Open Burning of Waste,N2O,2008,0.000819,National Communication 3
Waste,Incineration and Open Burning of Waste,N2O,2009,0.000819,National Communication 3
Waste,Incineration and Open Burning of Waste,N2O,2010,0.000819,National Communication 3
Waste,Incineration and Open Burning of Waste,N2O,2011,0.0009828,National Communication 3
Waste,Incineration and Open Burning of Waste,N2O,2012,0.0011466,National Communication 3
Waste,Incineration and Open Burning of Waste,N2O,2013,0.0013104,National Communication 3
Waste,Incineration and Open Burning of Waste,N2O,2014,0.0014742,National Communication 3
Waste,Incineration and Open Burning of Waste,N2O,2015,0.001638,National Communication 3
Waste,Incineration and Open Burning of Waste,N2O,2016,0.0017745,National Communication 3
Waste,Incineration and Open Burning of Waste,N2O,2017,0.001911,National Communication 3
Waste,Solid Waste Disposal,All GHG,1995,1.672,National Communication 3
Waste,Solid Waste Disposal,All GHG,1996,1.787272727,National Communication 3
Waste,Solid Waste Disposal,All GHG,1997,1.902545455,National Communication 3
Waste,Solid Waste Disposal,All GHG,1998,2.017818182,National Communication 3
Waste,Solid Waste Disposal,All GHG,1999,2.133090909,National Communication 3
Waste,Solid Waste Disposal,All GHG,2000,2.248363636,National Communication 3
Waste,Solid Waste Disposal,All GHG,2001,2.363636364,National Communication 3
Waste,Solid Waste Disposal,All GHG,2002,2.478909091,National Communication 3
Waste,Solid Waste Disposal,All GHG,2003,2.594181818,National Communication 3
Waste,Solid Waste Disposal,All GHG,2004,2.709454545,National Communication 3
Waste,Solid Waste Disposal,All GHG,2005,2.824727273,National Communication 3
Waste,Solid Waste Disposal,All GHG,2006,2.94,National Communication 3
Waste,Solid Waste Disposal,All GHG,2007,3.055272727,National Communication 3
Waste,Solid Waste Disposal,All GHG,2008,3.170545455,National Communication 3
Waste,Solid Waste Disposal,All GHG,2009,3.285818182,National Communication 3
Waste,Solid Waste Disposal,All GHG,2010,3.401090909,National Communication 3
Waste,Solid Waste Disposal,All GHG,2011,3.516363636,National Communication 3
Waste,Solid Waste Disposal,All GHG,2012,3.631636364,National Communication 3
Waste,Solid Waste Disposal,All GHG,2013,3.746909091,National Communication 3
Waste,Solid Waste Disposal,All GHG,2014,3.862181818,National Communication 3
Waste,Solid Waste Disposal,All GHG,2015,3.977454545,National Communication 3
Waste,Solid Waste Disposal,All GHG,2016,4.092727273,National Communication 3
Waste,Solid Waste Disposal,All GHG,2017,4.208,National Communication 3
Waste,Wastewater Treatment and Discharge,CH4,1995,0.3812628,National Communication 3
Waste,Wastewater Treatment and Discharge,CH4,1996,0.4033397,National Communication 3
Waste,Wastewater Treatment and Discharge,CH4,1997,0.4254166,National Communication 3
Waste,Wastewater Treatment and Discharge,CH4,1998,0.4474935,National Communication 3
Waste,Wastewater Treatment and Discharge,CH4,1999,0.4695704,National Communication 3
Waste,Wastewater Treatment and Discharge,CH4,2000,0.4916473,National Communication 3
Waste,Wastewater Treatment and Discharge,CH4,2001,0.54731876,National Communication 3
Waste,Wastewater Treatment and Discharge,CH4,2002,0.60299022,National Communication 3
Waste,Wastewater Treatment and Discharge,CH4,2003,0.65866168,National Communication 3
Waste,Wastewater Treatment and Discharge,CH4,2004,0.71433314,National Communication 3
Waste,Wastewater Treatment and Discharge,CH4,2005,0.7700046,National Communication 3
Waste,Wastewater Treatment and Discharge,CH4,2006,0.84035706,National Communication 3
Waste,Wastewater Treatment and Discharge,CH4,2007,0.91070952,National Communication 3
Waste,Wastewater Treatment and Discharge,CH4,2008,0.98106198,National Communication 3
Waste,Wastewater Treatment and Discharge,CH4,2009,1.05141444,National Communication 3
Waste,Wastewater Treatment and Discharge,CH4,2010,1.1217669,National Communication 3
Waste,Wastewater Treatment and Discharge,CH4,2011,1.21837342,National Communication 3
Waste,Wastewater Treatment and Discharge,CH4,2012,1.31497994,National Communication 3
Waste,Wastewater Treatment and Discharge,CH4,2013,1.41158646,National Communication 3
Waste,Wastewater Treatment and Discharge,CH4,2014,1.50819298,National Communication 3
Waste,Wastewater Treatment and Discharge,CH4,2015,1.6047995,National Communication 3
Waste,Wastewater Treatment and Discharge,CH4,2016,1.7341585,National Communication 3
Waste,Wastewater Treatment and Discharge,CH4,2017,1.8635175,National Communication 3
Waste,Wastewater Treatment and Discharge,N2O,1995,0.187824,National Communication 3
Waste,Wastewater Treatment and Discharge,N2O,1996,0.194649,National Communication 3
Waste,Wastewater Treatment and Discharge,N2O,1997,0.201474,National Communication 3
Waste,Wastewater Treatment and Discharge,N2O,1998,0.208299,National Communication 3
Waste,Wastewater Treatment and Discharge,N2O,1999,0.215124,National Communication 3
Waste,Wastewater Treatment and Discharge,N2O,2000,0.221949,National Communication 3
Waste,Wastewater Treatment and Discharge,N2O,2001,0.229866,National Communication 3
Waste,Wastewater Treatment and Discharge,N2O,2002,0.237783,National Communication 3
Waste,Wastewater Treatment and Discharge,N2O,2003,0.2457,National Communication 3
Waste,Wastewater Treatment and Discharge,N2O,2004,0.253617,National Communication 3
Waste,Wastewater Treatment and Discharge,N2O,2005,0.261534,National Communication 3
Waste,Wastewater Treatment and Discharge,N2O,2006,0.2890524,National Communication 3
Waste,Wastewater Treatment and Discharge,N2O,2007,0.3165708,National Communication 3
Waste,Wastewater Treatment and Discharge,N2O,2008,0.3440892,National Communication 3
Waste,Wastewater Treatment and Discharge,N2O,2009,0.3716076,National Communication 3
Waste,Wastewater Treatment and Discharge,N2O,2010,0.399126,National Communication 3
Waste,Wastewater Treatment and Discharge,N2O,2011,0.4084626,National Communication 3
Waste,Wastewater Treatment and Discharge,N2O,2012,0.4177992,National Communication 3
Waste,Wastewater Treatment and Discharge,N2O,2013,0.4271358,National Communication 3
Waste,Wastewater Treatment and Discharge,N2O,2014,0.4364724,National Communication 3
Waste,Wastewater Treatment and Discharge,N2O,2015,0.445809,National Communication 3
Waste,Wastewater Treatment and Discharge,N2O,2016,0.459459,National Communication 3
Waste,Wastewater Treatment and Discharge,N2O,2017,0.473109,National Communication 3
Agriculture,AG - Crops,CH4,2000,0.056490178,WB CSC
Agriculture,AG - Crops,CH4,2000,0.256552733,WB CSC
Agriculture,AG - Crops,CH4,2001,0.059932304,WB CSC
Agriculture,AG - Crops,CH4,2001,0.270805662,WB CSC
Agriculture,AG - Crops,CH4,2002,0.062480003,WB CSC
Agriculture,AG - Crops,CH4,2002,0.285058592,WB CSC
Agriculture,AG - Crops,CH4,2003,0.065498127,WB CSC
Agriculture,AG - Crops,CH4,2003,0.306437986,WB CSC
Agriculture,AG - Crops,CH4,2004,0.063737747,WB CSC
Agriculture,AG - Crops,CH4,2004,0.331380613,WB CSC
Agriculture,AG - Crops,CH4,2005,0.066481128,WB CSC
Agriculture,AG - Crops,CH4,2005,0.363449705,WB CSC
Agriculture,AG - Crops,CH4,2006,0.06764275,WB CSC
Agriculture,AG - Crops,CH4,2006,0.402645261,WB CSC
Agriculture,AG - Crops,CH4,2007,0.069061372,WB CSC
Agriculture,AG - Crops,CH4,2007,0.424024656,WB CSC
Agriculture,AG - Crops,CH4,2008,0.067348118,WB CSC
Agriculture,AG - Crops,CH4,2008,0.456093747,WB CSC
Agriculture,AG - Crops,CH4,2009,0.068058909,WB CSC
Agriculture,AG - Crops,CH4,2009,0.306437986,WB CSC
Agriculture,AG - Crops,CH4,2010,0.070220096,WB CSC
Agriculture,AG - Crops,CH4,2010,0.310001219,WB CSC
Agriculture,AG - Crops,CH4,2011,0.073873946,WB CSC
Agriculture,AG - Crops,CH4,2011,0.320690916,WB CSC
Agriculture,AG - Crops,CH4,2012,0.078038326,WB CSC
Agriculture,AG - Crops,CH4,2012,0.327817381,WB CSC
Agriculture,AG - Crops,CH4,2013,0.079319706,WB CSC
Agriculture,AG - Crops,CH4,2013,0.331380613,WB CSC
Agriculture,AG - Crops,CH4,2014,0.081183048,WB CSC
Agriculture,AG - Crops,CH4,2014,0.338507078,WB CSC
Agriculture,AG - Crops,CH4,2015,0.082809284,WB CSC
Agriculture,AG - Crops,CH4,2015,0.339494093,WB CSC
Agriculture,AG - Crops,CH4,2016,0.075967913,WB CSC
Agriculture,AG - Crops,CH4,2016,0.29867014,WB CSC
Agriculture,AG - Crops,CH4,2017,0.079880278,WB CSC
Agriculture,AG - Crops,CH4,2017,0.25477468,WB CSC
Agriculture,AG - Crops,CH4,2018,0.09114516,WB CSC
Agriculture,AG - Crops,CH4,2018,0.264295637,WB CSC
Agriculture,AG - Crops,CH4,2019,0.065832954,WB CSC
Agriculture,AG - Crops,CH4,2019,0.219523622,WB CSC
Agriculture,AG - Crops,CH4,2020,0.098157971,WB CSC
Agriculture,AG - Crops,CH4,2020,0.483149371,WB CSC
Agriculture,AG - Crops,CH4,2021,0.119852509,WB CSC
Agriculture,AG - Crops,CH4,2021,0.927085369,WB CSC
Agriculture,AG - Crops,CH4,2022,0.086284566,WB CSC
Agriculture,AG - Crops,CH4,2022,0.926440424,WB CSC
Agriculture,AG - Crops,CH4,2023,0.085779865,WB CSC
Agriculture,AG - Crops,CH4,2023,0.926440424,WB CSC
Agriculture,AG - Crops,N2O,2000,2.915067042,WB CSC
Agriculture,AG - Crops,N2O,2000,0.013861016,WB CSC
Agriculture,AG - Crops,N2O,2000,0.208226532,WB CSC
Agriculture,AG - Crops,N2O,2000,0.012978744,WB CSC
Agriculture,AG - Crops,N2O,2001,3.007811542,WB CSC
Agriculture,AG - Crops,N2O,2001,0.014705612,WB CSC
Agriculture,AG - Crops,N2O,2001,0.216649849,WB CSC
Agriculture,AG - Crops,N2O,2001,0.013533893,WB CSC
Agriculture,AG - Crops,N2O,2002,3.146640583,WB CSC
Agriculture,AG - Crops,N2O,2002,0.015330742,WB CSC
Agriculture,AG - Crops,N2O,2002,0.229801523,WB CSC
Agriculture,AG - Crops,N2O,2002,0.014796734,WB CSC
Agriculture,AG - Crops,N2O,2003,3.309292011,WB CSC
Agriculture,AG - Crops,N2O,2003,0.0160713,WB CSC
Agriculture,AG - Crops,N2O,2003,0.246068146,WB CSC
Agriculture,AG - Crops,N2O,2003,0.016387249,WB CSC
Agriculture,AG - Crops,N2O,2004,3.396061932,WB CSC
Agriculture,AG - Crops,N2O,2004,0.015639355,WB CSC
Agriculture,AG - Crops,N2O,2004,0.252593959,WB CSC
Agriculture,AG - Crops,N2O,2004,0.017436473,WB CSC
Agriculture,AG - Crops,N2O,2005,3.502051572,WB CSC
Agriculture,AG - Crops,N2O,2005,0.016312499,WB CSC
Agriculture,AG - Crops,N2O,2005,0.260645947,WB CSC
Agriculture,AG - Crops,N2O,2005,0.018000077,WB CSC
Agriculture,AG - Crops,N2O,2006,3.597947662,WB CSC
Agriculture,AG - Crops,N2O,2006,0.016597527,WB CSC
Agriculture,AG - Crops,N2O,2006,0.261845821,WB CSC
Agriculture,AG - Crops,N2O,2006,0.018219424,WB CSC
Agriculture,AG - Crops,N2O,2007,3.706565752,WB CSC
Agriculture,AG - Crops,N2O,2007,0.016945614,WB CSC
Agriculture,AG - Crops,N2O,2007,0.271482475,WB CSC
Agriculture,AG - Crops,N2O,2007,0.01886563,WB CSC
Agriculture,AG - Crops,N2O,2008,5.485303697,WB CSC
Agriculture,AG - Crops,N2O,2008,0.016525233,WB CSC
Agriculture,AG - Crops,N2O,2008,0.357464629,WB CSC
Agriculture,AG - Crops,N2O,2008,0.020766595,WB CSC
Agriculture,AG - Crops,N2O,2009,5.649245412,WB CSC
Agriculture,AG - Crops,N2O,2009,0.01669964,WB CSC
Agriculture,AG - Crops,N2O,2009,0.369178563,WB CSC
Agriculture,AG - Crops,N2O,2009,0.021384984,WB CSC
Agriculture,AG - Crops,N2O,2010,5.819850585,WB CSC
Agriculture,AG - Crops,N2O,2010,0.017229931,WB CSC
Agriculture,AG - Crops,N2O,2010,0.381579921,WB CSC
Agriculture,AG - Crops,N2O,2010,0.022087041,WB CSC
Agriculture,AG - Crops,N2O,2011,5.986341273,WB CSC
Agriculture,AG - Crops,N2O,2011,0.018126478,WB CSC
Agriculture,AG - Crops,N2O,2011,0.391990101,WB CSC
Agriculture,AG - Crops,N2O,2011,0.022617099,WB CSC
Agriculture,AG - Crops,N2O,2012,6.15627508,WB CSC
Agriculture,AG - Crops,N2O,2012,0.019148293,WB CSC
Agriculture,AG - Crops,N2O,2012,0.404376217,WB CSC
Agriculture,AG - Crops,N2O,2012,0.023189005,WB CSC
Agriculture,AG - Crops,N2O,2013,6.262114647,WB CSC
Agriculture,AG - Crops,N2O,2013,0.019462706,WB CSC
Agriculture,AG - Crops,N2O,2013,0.407815692,WB CSC
Agriculture,AG - Crops,N2O,2013,0.023453416,WB CSC
Agriculture,AG - Crops,N2O,2014,6.450434509,WB CSC
Agriculture,AG - Crops,N2O,2014,0.019919915,WB CSC
Agriculture,AG - Crops,N2O,2014,0.416330748,WB CSC
Agriculture,AG - Crops,N2O,2014,0.023332696,WB CSC
Agriculture,AG - Crops,N2O,2015,6.636495126,WB CSC
Agriculture,AG - Crops,N2O,2015,0.020318945,WB CSC
Agriculture,AG - Crops,N2O,2015,0.427641586,WB CSC
Agriculture,AG - Crops,N2O,2015,0.023916356,WB CSC
Agriculture,AG - Crops,N2O,2016,6.847411331,WB CSC
Agriculture,AG - Crops,N2O,2016,0.018640275,WB CSC
Agriculture,AG - Crops,N2O,2016,0.436595156,WB CSC
Agriculture,AG - Crops,N2O,2016,0.024085651,WB CSC
Agriculture,AG - Crops,N2O,2017,6.836706804,WB CSC
Agriculture,AG - Crops,N2O,2017,0.019600253,WB CSC
Agriculture,AG - Crops,N2O,2017,0.438969264,WB CSC
Agriculture,AG - Crops,N2O,2017,0.024403491,WB CSC
Agriculture,AG - Crops,N2O,2018,7.018010396,WB CSC
Agriculture,AG - Crops,N2O,2018,0.022364322,WB CSC
Agriculture,AG - Crops,N2O,2018,0.450083896,WB CSC
Agriculture,AG - Crops,N2O,2018,0.024542503,WB CSC
Agriculture,AG - Crops,N2O,2019,7.018946962,WB CSC
Agriculture,AG - Crops,N2O,2019,0.016153456,WB CSC
Agriculture,AG - Crops,N2O,2019,0.445796733,WB CSC
Agriculture,AG - Crops,N2O,2019,0.024811277,WB CSC
Agriculture,AG - Crops,N2O,2020,6.998850113,WB CSC
Agriculture,AG - Crops,N2O,2020,0.024085058,WB CSC
Agriculture,AG - Crops,N2O,2020,0.45229495,WB CSC
Agriculture,AG - Crops,N2O,2020,0.024891628,WB CSC
Agriculture,AG - Crops,N2O,2021,7.069138675,WB CSC
Agriculture,AG - Crops,N2O,2021,0.029408254,WB CSC
Agriculture,AG - Crops,N2O,2021,0.460430198,WB CSC
Agriculture,AG - Crops,N2O,2021,0.025171454,WB CSC
Agriculture,AG - Crops,N2O,2022,7.057941265,WB CSC
Agriculture,AG - Crops,N2O,2022,0.021171676,WB CSC
Agriculture,AG - Crops,N2O,2022,0.454582341,WB CSC
Agriculture,AG - Crops,N2O,2022,0.025388614,WB CSC
Agriculture,AG - Crops,N2O,2023,7.101155891,WB CSC
Agriculture,AG - Crops,N2O,2023,0.021047837,WB CSC
Agriculture,AG - Crops,N2O,2023,0.457386391,WB CSC
Agriculture,AG - Crops,N2O,2023,0.025607875,WB CSC
Agriculture,AG - Livestock,CH4,2000,7.2654582,WB CSC
Agriculture,AG - Livestock,CH4,2000,0.26161968,WB CSC
Agriculture,AG - Livestock,CH4,2001,7.4970056,WB CSC
Agriculture,AG - Livestock,CH4,2001,0.27159804,WB CSC
Agriculture,AG - Livestock,CH4,2002,7.7492296,WB CSC
Agriculture,AG - Livestock,CH4,2002,0.281192688,WB CSC
Agriculture,AG - Livestock,CH4,2003,8.0337012,WB CSC
Agriculture,AG - Livestock,CH4,2003,0.29156568,WB CSC
Agriculture,AG - Livestock,CH4,2004,8.2176948,WB CSC
Agriculture,AG - Livestock,CH4,2004,0.29889048,WB CSC
Agriculture,AG - Livestock,CH4,2005,8.530704,WB CSC
Agriculture,AG - Livestock,CH4,2005,0.30812264,WB CSC
Agriculture,AG - Livestock,CH4,2006,8.78299884,WB CSC
Agriculture,AG - Livestock,CH4,2006,0.31135188,WB CSC
Agriculture,AG - Livestock,CH4,2007,9.047319005,WB CSC
Agriculture,AG - Livestock,CH4,2007,0.322601787,WB CSC
Agriculture,AG - Livestock,CH4,2008,13.94572318,WB CSC
Agriculture,AG - Livestock,CH4,2008,0.463137963,WB CSC
Agriculture,AG - Livestock,CH4,2009,14.36363887,WB CSC
Agriculture,AG - Livestock,CH4,2009,0.478159551,WB CSC
Agriculture,AG - Livestock,CH4,2010,14.79350352,WB CSC
Agriculture,AG - Livestock,CH4,2010,0.493741214,WB CSC
Agriculture,AG - Livestock,CH4,2011,15.22299469,WB CSC
Agriculture,AG - Livestock,CH4,2011,0.508267865,WB CSC
Agriculture,AG - Livestock,CH4,2012,15.63385667,WB CSC
Agriculture,AG - Livestock,CH4,2012,0.523310022,WB CSC
Agriculture,AG - Livestock,CH4,2013,15.89841725,WB CSC
Agriculture,AG - Livestock,CH4,2013,0.52959088,WB CSC
Agriculture,AG - Livestock,CH4,2014,16.45123648,WB CSC
Agriculture,AG - Livestock,CH4,2014,0.5431188,WB CSC
Agriculture,AG - Livestock,CH4,2015,16.90638683,WB CSC
Agriculture,AG - Livestock,CH4,2015,0.556893155,WB CSC
Agriculture,AG - Livestock,CH4,2016,17.47311958,WB CSC
Agriculture,AG - Livestock,CH4,2016,0.575132173,WB CSC
Agriculture,AG - Livestock,CH4,2017,17.36912629,WB CSC
Agriculture,AG - Livestock,CH4,2017,0.573614115,WB CSC
Agriculture,AG - Livestock,CH4,2018,17.80754358,WB CSC
Agriculture,AG - Livestock,CH4,2018,0.585918791,WB CSC
Agriculture,AG - Livestock,CH4,2019,17.93832769,WB CSC
Agriculture,AG - Livestock,CH4,2019,0.589044179,WB CSC
Agriculture,AG - Livestock,CH4,2020,17.73813831,WB CSC
Agriculture,AG - Livestock,CH4,2020,0.585440226,WB CSC
Agriculture,AG - Livestock,CH4,2021,17.89047648,WB CSC
Agriculture,AG - Livestock,CH4,2021,0.591154397,WB CSC
Agriculture,AG - Livestock,CH4,2022,17.94307593,WB CSC
Agriculture,AG - Livestock,CH4,2022,0.5940912,WB CSC
Agriculture,AG - Livestock,CH4,2023,18.05786586,WB CSC
Agriculture,AG - Livestock,CH4,2023,0.598186617,WB CSC
Agriculture,AG - Livestock,N2O,2000,0.152942495,WB CSC
Agriculture,AG - Livestock,N2O,2001,0.159858002,WB CSC
Agriculture,AG - Livestock,N2O,2002,0.168187039,WB CSC
Agriculture,AG - Livestock,N2O,2003,0.181703474,WB CSC
Agriculture,AG - Livestock,N2O,2004,0.195963719,WB CSC
Agriculture,AG - Livestock,N2O,2005,0.202136966,WB CSC
Agriculture,AG - Livestock,N2O,2006,0.206272963,WB CSC
Agriculture,AG - Livestock,N2O,2007,0.213075156,WB CSC
Agriculture,AG - Livestock,N2O,2008,0.234047819,WB CSC
Agriculture,AG - Livestock,N2O,2009,0.239864131,WB CSC
Agriculture,AG - Livestock,N2O,2010,0.247501113,WB CSC
Agriculture,AG - Livestock,N2O,2011,0.25494789,WB CSC
Agriculture,AG - Livestock,N2O,2012,0.26168871,WB CSC
Agriculture,AG - Livestock,N2O,2013,0.2658931,WB CSC
Agriculture,AG - Livestock,N2O,2014,0.26404131,WB CSC
Agriculture,AG - Livestock,N2O,2015,0.268967134,WB CSC
Agriculture,AG - Livestock,N2O,2016,0.270867144,WB CSC
Agriculture,AG - Livestock,N2O,2017,0.272780659,WB CSC
Agriculture,AG - Livestock,N2O,2018,0.276582664,WB CSC
Agriculture,AG - Livestock,N2O,2019,0.27702017,WB CSC
Agriculture,AG - Livestock,N2O,2020,0.278467838,WB CSC
Agriculture,AG - Livestock,N2O,2021,0.282036587,WB CSC
Agriculture,AG - Livestock,N2O,2022,0.285243026,WB CSC
Agriculture,AG - Livestock,N2O,2023,0.2877355,WB CSC
Energy,EN - Building,CH4,2000,2.005225547,WB CSC
Energy,EN - Building,CH4,2001,2.048983443,WB CSC
Energy,EN - Building,CH4,2002,2.10560349,WB CSC
Energy,EN - Building,CH4,2003,2.161733401,WB CSC
Energy,EN - Building,CH4,2004,2.212710308,WB CSC
Energy,EN - Building,CH4,2005,2.260814555,WB CSC
Energy,EN - Building,CH4,2006,2.309959441,WB CSC
Energy,EN - Building,CH4,2007,2.351877772,WB CSC
Energy,EN - Building,CH4,2008,2.427974835,WB CSC
Energy,EN - Building,CH4,2009,2.543852914,WB CSC
Energy,EN - Building,CH4,2010,2.632862351,WB CSC
Energy,EN - Building,CH4,2011,2.743218301,WB CSC
Energy,EN - Building,CH4,2012,2.84166452,WB CSC
Energy,EN - Building,CH4,2013,2.988092261,WB CSC
Energy,EN - Building,CH4,2014,3.093147839,WB CSC
Energy,EN - Building,CH4,2015,3.232519798,WB CSC
Energy,EN - Building,CH4,2016,3.331572588,WB CSC
Energy,EN - Building,CH4,2017,3.429688706,WB CSC
Energy,EN - Building,CH4,2018,3.506457361,WB CSC
Energy,EN - Building,CH4,2019,3.473216276,WB CSC
Energy,EN - Building,CH4,2020,3.692920232,WB CSC
Energy,EN - Building,CH4,2021,3.847357691,WB CSC
Energy,EN - Building,CH4,2022,3.892268165,WB CSC
Energy,EN - Building,CH4,2023,3.892270097,WB CSC
Energy,EN - Building,CO2,2000,0.04068611,WB CSC
Energy,EN - Building,CO2,2001,0.03753689,WB CSC
Energy,EN - Building,CO2,2002,0.12112326,WB CSC
Energy,EN - Building,CO2,2003,0.13652645,WB CSC
Energy,EN - Building,CO2,2004,0.1396297,WB CSC
Energy,EN - Building,CO2,2005,0.28710346,WB CSC
Energy,EN - Building,CO2,2006,0.29323731,WB CSC
Energy,EN - Building,CO2,2007,0.44624037,WB CSC
Energy,EN - Building,CO2,2008,0.3680888,WB CSC
Energy,EN - Building,CO2,2009,0.37863734,WB CSC
Energy,EN - Building,CO2,2010,0.343732,WB CSC
Energy,EN - Building,CO2,2011,0.33812755,WB CSC
Energy,EN - Building,CO2,2012,0.38618613,WB CSC
Energy,EN - Building,CO2,2013,0.38209534,WB CSC
Energy,EN - Building,CO2,2014,0.36222082,WB CSC
Energy,EN - Building,CO2,2015,0.48964174,WB CSC
Energy,EN - Building,CO2,2016,0.52429611,WB CSC
Energy,EN - Building,CO2,2017,0.543696851,WB CSC
Energy,EN - Building,CO2,2018,0.588277648,WB CSC
Energy,EN - Building,CO2,2019,0.604793997,WB CSC
Energy,EN - Building,CO2,2020,0.54898344,WB CSC
Energy,EN - Building,CO2,2021,0.648823192,WB CSC
Energy,EN - Building,CO2,2022,0.601426264,WB CSC
Energy,EN - Building,CO2,2023,0.60163766,WB CSC
Energy,EN - Building,N2O,2000,0.242128616,WB CSC
Energy,EN - Building,N2O,2001,0.247345756,WB CSC
Energy,EN - Building,N2O,2002,0.254354113,WB CSC
Energy,EN - Building,N2O,2003,0.261147825,WB CSC
Energy,EN - Building,N2O,2004,0.267269465,WB CSC
Energy,EN - Building,N2O,2005,0.273291029,WB CSC
Energy,EN - Building,N2O,2006,0.279158396,WB CSC
Energy,EN - Building,N2O,2007,0.284379458,WB CSC
Energy,EN - Building,N2O,2008,0.293463936,WB CSC
Energy,EN - Building,N2O,2009,0.30713879,WB CSC
Energy,EN - Building,N2O,2010,0.317309124,WB CSC
Energy,EN - Building,N2O,2011,0.330108727,WB CSC
Energy,EN - Building,N2O,2012,0.341428568,WB CSC
Energy,EN - Building,N2O,2013,0.35862645,WB CSC
Energy,EN - Building,N2O,2014,0.370526625,WB CSC
Energy,EN - Building,N2O,2015,0.386914146,WB CSC
Energy,EN - Building,N2O,2016,0.397270433,WB CSC
Energy,EN - Building,N2O,2017,0.42165333,WB CSC
Energy,EN - Building,N2O,2018,0.446969176,WB CSC
Energy,EN - Building,N2O,2019,0.437238908,WB CSC
Energy,EN - Building,N2O,2020,0.464477598,WB CSC
Energy,EN - Building,N2O,2021,0.482868028,WB CSC
Energy,EN - Building,N2O,2022,0.485377304,WB CSC
Energy,EN - Building,N2O,2023,0.485387916,WB CSC
Energy,EN - Fugitive Emissions,CH4,2000,2.3545368,WB CSC
Energy,EN - Fugitive Emissions,CH4,2001,2.4175536,WB CSC
Energy,EN - Fugitive Emissions,CH4,2002,2.4805704,WB CSC
Energy,EN - Fugitive Emissions,CH4,2003,2.5464516,WB CSC
Energy,EN - Fugitive Emissions,CH4,2004,2.6151972,WB CSC
Energy,EN - Fugitive Emissions,CH4,2005,2.6839428,WB CSC
Energy,EN - Fugitive Emissions,CH4,2006,2.7584172,WB CSC
Energy,EN - Fugitive Emissions,CH4,2007,2.8328916,WB CSC
Energy,EN - Fugitive Emissions,CH4,2008,2.9102304,WB CSC
Energy,EN - Fugitive Emissions,CH4,2009,3.1164672,WB CSC
Energy,EN - Fugitive Emissions,CH4,2010,3.3341616,WB CSC
Energy,EN - Fugitive Emissions,CH4,2011,3.5690424,WB CSC
Energy,EN - Fugitive Emissions,CH4,2012,3.8153808,WB CSC
Energy,EN - Fugitive Emissions,CH4,2013,4.08177,WB CSC
Energy,EN - Fugitive Emissions,CH4,2014,4.36821,WB CSC
Energy,EN - Fugitive Emissions,CH4,2015,4.6747008,WB CSC
Energy,EN - Fugitive Emissions,CH4,2016,5.15592,WB CSC
Energy,EN - Fugitive Emissions,CH4,2017,5.30709708,WB CSC
Energy,EN - Fugitive Emissions,CH4,2018,5.66926326,WB CSC
Energy,EN - Fugitive Emissions,CH4,2019,7.15666341,WB CSC
Energy,EN - Fugitive Emissions,CH4,2020,7.65506064,WB CSC
Energy,EN - Fugitive Emissions,CH4,2021,8.61291879,WB CSC
Energy,EN - Fugitive Emissions,CH4,2022,8.827121149,WB CSC
Energy,EN - Fugitive Emissions,CH4,2023,8.827121149,WB CSC
Energy,EN - Fugitive Emissions,N2O,2000,0.028178489,WB CSC
Energy,EN - Fugitive Emissions,N2O,2001,0.028932658,WB CSC
Energy,EN - Fugitive Emissions,N2O,2002,0.029686826,WB CSC
Energy,EN - Fugitive Emissions,N2O,2003,0.030475276,WB CSC
Energy,EN - Fugitive Emissions,N2O,2004,0.031298005,WB CSC
Energy,EN - Fugitive Emissions,N2O,2005,0.032120735,WB CSC
Energy,EN - Fugitive Emissions,N2O,2006,0.033012025,WB CSC
Energy,EN - Fugitive Emissions,N2O,2007,0.033903316,WB CSC
Energy,EN - Fugitive Emissions,N2O,2008,0.034828886,WB CSC
Energy,EN - Fugitive Emissions,N2O,2009,0.037297075,WB CSC
Energy,EN - Fugitive Emissions,N2O,2010,0.039902386,WB CSC
Energy,EN - Fugitive Emissions,N2O,2011,0.042713378,WB CSC
Energy,EN - Fugitive Emissions,N2O,2012,0.045661493,WB CSC
Energy,EN - Fugitive Emissions,N2O,2013,0.04884957,WB CSC
Energy,EN - Fugitive Emissions,N2O,2014,0.05227761,WB CSC
Energy,EN - Fugitive Emissions,N2O,2015,0.055945613,WB CSC
Energy,EN - Fugitive Emissions,N2O,2016,0.06170472,WB CSC
Energy,EN - Fugitive Emissions,N2O,2017,0.063513968,WB CSC
Energy,EN - Fugitive Emissions,N2O,2018,0.06784828,WB CSC
Energy,EN - Fugitive Emissions,N2O,2019,0.085649101,WB CSC
Energy,EN - Fugitive Emissions,N2O,2020,0.09161379,WB CSC
Energy,EN - Fugitive Emissions,N2O,2021,0.103077189,WB CSC
Energy,EN - Fugitive Emissions,N2O,2022,0.105640708,WB CSC
Energy,EN - Fugitive Emissions,N2O,2023,0.105640708,WB CSC
Energy,EN - Industrial Combustion,CH4,2000,0.038447489,WB CSC
Energy,EN - Industrial Combustion,CH4,2001,0.04111523,WB CSC
Energy,EN - Industrial Combustion,CH4,2002,0.04511358,WB CSC
Energy,EN - Industrial Combustion,CH4,2003,0.048904932,WB CSC
Energy,EN - Industrial Combustion,CH4,2004,0.052039809,WB CSC
Energy,EN - Industrial Combustion,CH4,2005,0.055605054,WB CSC
Energy,EN - Industrial Combustion,CH4,2006,0.058875765,WB CSC
Energy,EN - Industrial Combustion,CH4,2007,0.061640261,WB CSC
Energy,EN - Industrial Combustion,CH4,2008,0.068773387,WB CSC
Energy,EN - Industrial Combustion,CH4,2009,0.07404523,WB CSC
Energy,EN - Industrial Combustion,CH4,2010,0.075242335,WB CSC
Energy,EN - Industrial Combustion,CH4,2011,0.078224255,WB CSC
Energy,EN - Industrial Combustion,CH4,2012,0.08073403,WB CSC
Energy,EN - Industrial Combustion,CH4,2013,0.087637497,WB CSC
Energy,EN - Industrial Combustion,CH4,2014,0.090069423,WB CSC
Energy,EN - Industrial Combustion,CH4,2015,0.096545257,WB CSC
Energy,EN - Industrial Combustion,CH4,2016,0.092120459,WB CSC
Energy,EN - Industrial Combustion,CH4,2017,0.110158562,WB CSC
Energy,EN - Industrial Combustion,CH4,2018,0.162167209,WB CSC
Energy,EN - Industrial Combustion,CH4,2019,0.193585998,WB CSC
Energy,EN - Industrial Combustion,CH4,2020,0.220814836,WB CSC
Energy,EN - Industrial Combustion,CH4,2021,0.255489231,WB CSC
Energy,EN - Industrial Combustion,CH4,2022,0.25904276,WB CSC
Energy,EN - Industrial Combustion,CH4,2023,0.258981613,WB CSC
Energy,EN - Industrial Combustion,CO2,2000,0.2411622,WB CSC
Energy,EN - Industrial Combustion,CO2,2001,0.22226688,WB CSC
Energy,EN - Industrial Combustion,CO2,2002,0.29018517,WB CSC
Energy,EN - Industrial Combustion,CO2,2003,0.33060705,WB CSC
Energy,EN - Industrial Combustion,CO2,2004,0.34904126,WB CSC
Energy,EN - Industrial Combustion,CO2,2005,0.49351676,WB CSC
Energy,EN - Industrial Combustion,CO2,2006,0.50010095,WB CSC
Energy,EN - Industrial Combustion,CO2,2007,0.63769403,WB CSC
Energy,EN - Industrial Combustion,CO2,2008,0.55641974,WB CSC
Energy,EN - Industrial Combustion,CO2,2009,0.5638568,WB CSC
Energy,EN - Industrial Combustion,CO2,2010,0.60533619,WB CSC
Energy,EN - Industrial Combustion,CO2,2011,0.62470436,WB CSC
Energy,EN - Industrial Combustion,CO2,2012,0.70933292,WB CSC
Energy,EN - Industrial Combustion,CO2,2013,0.75523901,WB CSC
Energy,EN - Industrial Combustion,CO2,2014,0.83892314,WB CSC
Energy,EN - Industrial Combustion,CO2,2015,1.07273921,WB CSC
Energy,EN - Industrial Combustion,CO2,2016,1.04616428,WB CSC
Energy,EN - Industrial Combustion,CO2,2017,1.087638885,WB CSC
Energy,EN - Industrial Combustion,CO2,2018,1.172605439,WB CSC
Energy,EN - Industrial Combustion,CO2,2019,1.177956363,WB CSC
Energy,EN - Industrial Combustion,CO2,2020,1.15136811,WB CSC
Energy,EN - Industrial Combustion,CO2,2021,1.264113389,WB CSC
Energy,EN - Industrial Combustion,CO2,2022,1.171769138,WB CSC
Energy,EN - Industrial Combustion,CO2,2023,1.172181005,WB CSC
Energy,EN - Industrial Combustion,N2O,2000,0.046805819,WB CSC
Energy,EN - Industrial Combustion,N2O,2001,0.050214573,WB CSC
Energy,EN - Industrial Combustion,N2O,2002,0.055574364,WB CSC
Energy,EN - Industrial Combustion,N2O,2003,0.060644884,WB CSC
Energy,EN - Industrial Combustion,N2O,2004,0.06478265,WB CSC
Energy,EN - Industrial Combustion,N2O,2005,0.069385711,WB CSC
Energy,EN - Industrial Combustion,N2O,2006,0.073603509,WB CSC
Energy,EN - Industrial Combustion,N2O,2007,0.077111685,WB CSC
Energy,EN - Industrial Combustion,N2O,2008,0.086395128,WB CSC
Energy,EN - Industrial Combustion,N2O,2009,0.093420082,WB CSC
Energy,EN - Industrial Combustion,N2O,2010,0.094118636,WB CSC
Energy,EN - Industrial Combustion,N2O,2011,0.098229212,WB CSC
Energy,EN - Industrial Combustion,N2O,2012,0.100887281,WB CSC
Energy,EN - Industrial Combustion,N2O,2013,0.109991822,WB CSC
Energy,EN - Industrial Combustion,N2O,2014,0.1120534,WB CSC
Energy,EN - Industrial Combustion,N2O,2015,0.120923544,WB CSC
Energy,EN - Industrial Combustion,N2O,2016,0.114054845,WB CSC
Energy,EN - Industrial Combustion,N2O,2017,0.121006261,WB CSC
Energy,EN - Industrial Combustion,N2O,2018,0.134905689,WB CSC
Energy,EN - Industrial Combustion,N2O,2019,0.137122986,WB CSC
Energy,EN - Industrial Combustion,N2O,2020,0.144468997,WB CSC
Energy,EN - Industrial Combustion,N2O,2021,0.155314372,WB CSC
Energy,EN - Industrial Combustion,N2O,2022,0.156293394,WB CSC
Energy,EN - Industrial Combustion,N2O,2023,0.155944369,WB CSC
Energy,EN - Other,CH4,2000,0.0,WB CSC
Energy,EN - Other,CH4,2001,0.0,WB CSC
Energy,EN - Other,CH4,2002,0.0,WB CSC
Energy,EN - Other,CH4,2003,0.0,WB CSC
Energy,EN - Other,CH4,2004,0.0,WB CSC
Energy,EN - Other,CH4,2005,0.0,WB CSC
Energy,EN - Other,CH4,2006,0.0,WB CSC
Energy,EN - Other,CH4,2007,0.0,WB CSC
Energy,EN - Other,CH4,2008,0.0,WB CSC
Energy,EN - Other,CH4,2009,0.0,WB CSC
Energy,EN - Other,CH4,2010,0.0,WB CSC
Energy,EN - Other,CH4,2011,0.0,WB CSC
Energy,EN - Other,CH4,2012,0.0,WB CSC
Energy,EN - Other,CH4,2013,0.0,WB CSC
Energy,EN - Other,CH4,2014,0.0,WB CSC
Energy,EN - Other,CH4,2015,0.0,WB CSC
Energy,EN - Other,CH4,2016,0.0,WB CSC
Energy,EN - Other,CH4,2017,0.0,WB CSC
Energy,EN - Other,CH4,2018,0.0,WB CSC
Energy,EN - Other,CH4,2019,0.0,WB CSC
Energy,EN - Other,CH4,2020,0.0,WB CSC
Energy,EN - Other,CH4,2021,2.35e-05,WB CSC
Energy,EN - Other,CH4,2022,2.17e-05,WB CSC
Energy,EN - Other,CH4,2023,2.17e-05,WB CSC
Energy,EN - Other,CO2,2000,0.0,WB CSC
Energy,EN - Other,CO2,2001,0.0,WB CSC
Energy,EN - Other,CO2,2002,0.0,WB CSC
Energy,EN - Other,CO2,2003,0.0,WB CSC
Energy,EN - Other,CO2,2004,0.0,WB CSC
Energy,EN - Other,CO2,2005,0.0,WB CSC
Energy,EN - Other,CO2,2006,0.0,WB CSC
Energy,EN - Other,CO2,2007,0.0,WB CSC
Energy,EN - Other,CO2,2008,0.0,WB CSC
Energy,EN - Other,CO2,2009,0.0,WB CSC
Energy,EN - Other,CO2,2010,0.0,WB CSC
Energy,EN - Other,CO2,2011,0.0,WB CSC
Energy,EN - Other,CO2,2012,0.0,WB CSC
Energy,EN - Other,CO2,2013,0.0,WB CSC
Energy,EN - Other,CO2,2014,0.0,WB CSC
Energy,EN - Other,CO2,2015,0.0,WB CSC
Energy,EN - Other,CO2,2016,0.0,WB CSC
Energy,EN - Other,CO2,2017,0.0,WB CSC
Energy,EN - Other,CO2,2018,0.0,WB CSC
Energy,EN - Other,CO2,2019,0.0,WB CSC
Energy,EN - Other,CO2,2020,0.0,WB CSC
Energy,EN - Other,CO2,2021,0.006005544,WB CSC
Energy,EN - Other,CO2,2022,0.005566835,WB CSC
Energy,EN - Other,CO2,2023,0.005568792,WB CSC
Energy,EN - Other,N2O,2000,0.0,WB CSC
Energy,EN - Other,N2O,2001,0.0,WB CSC
Energy,EN - Other,N2O,2002,0.0,WB CSC
Energy,EN - Other,N2O,2003,0.0,WB CSC
Energy,EN - Other,N2O,2004,0.0,WB CSC
Energy,EN - Other,N2O,2005,0.0,WB CSC
Energy,EN - Other,N2O,2006,0.0,WB CSC
Energy,EN - Other,N2O,2007,0.0,WB CSC
Energy,EN - Other,N2O,2008,0.0,WB CSC
Energy,EN - Other,N2O,2009,0.0,WB CSC
Energy,EN - Other,N2O,2010,0.0,WB CSC
Energy,EN - Other,N2O,2011,0.0,WB CSC
Energy,EN - Other,N2O,2012,0.0,WB CSC
Energy,EN - Other,N2O,2013,0.0,WB CSC
Energy,EN - Other,N2O,2014,0.0,WB CSC
Energy,EN - Other,N2O,2015,0.0,WB CSC
Energy,EN - Other,N2O,2016,0.0,WB CSC
Energy,EN - Other,N2O,2017,0.0,WB CSC
Energy,EN - Other,N2O,2018,0.0,WB CSC
Energy,EN - Other,N2O,2019,0.0,WB CSC
Energy,EN - Other,N2O,2020,0.0,WB CSC
Energy,EN - Other,N2O,2021,1.33e-05,WB CSC
Energy,EN - Other,N2O,2022,1.23e-05,WB CSC
Energy,EN - Other,N2O,2023,1.23e-05,WB CSC
Energy,EN - Power Industry,CH4,2000,0.000306037,WB CSC
Energy,EN - Power Industry,CH4,2001,0.000316117,WB CSC
Energy,EN - Power Industry,CH4,2002,0.000376597,WB CSC
Energy,EN - Power Industry,CH4,2003,0.000437077,WB CSC
Energy,EN - Power Industry,CH4,2004,0.000481034,WB CSC
Energy,EN - Power Industry,CH4,2005,0.00053923,WB CSC
Energy,EN - Power Industry,CH4,2006,0.000850366,WB CSC
Energy,EN - Power Industry,CH4,2007,0.000982968,WB CSC
Energy,EN - Power Industry,CH4,2008,0.00131166,WB CSC
Energy,EN - Power Industry,CH4,2009,0.002031918,WB CSC
Energy,EN - Power Industry,CH4,2010,0.002062418,WB CSC
Energy,EN - Power Industry,CH4,2011,0.001683326,WB CSC
Energy,EN - Power Industry,CH4,2012,0.001550195,WB CSC
Energy,EN - Power Industry,CH4,2013,0.001750854,WB CSC
Energy,EN - Power Industry,CH4,2014,0.002543226,WB CSC
Energy,EN - Power Industry,CH4,2015,0.00362266,WB CSC
Energy,EN - Power Industry,CH4,2016,0.00372346,WB CSC
Energy,EN - Power Industry,CH4,2017,0.002145095,WB CSC
Energy,EN - Power Industry,CH4,2018,0.003071685,WB CSC
Energy,EN - Power Industry,CH4,2019,0.002817498,WB CSC
Energy,EN - Power Industry,CH4,2020,0.002669901,WB CSC
Energy,EN - Power Industry,CH4,2021,0.003750664,WB CSC
Energy,EN - Power Industry,CH4,2022,0.003784259,WB CSC
Energy,EN - Power Industry,CH4,2023,0.003784275,WB CSC
Energy,EN - Power Industry,CO2,2000,0.00320853,WB CSC
Energy,EN - Power Industry,CO2,2001,0.00320853,WB CSC
Energy,EN - Power Industry,CO2,2002,0.00320853,WB CSC
Energy,EN - Power Industry,CO2,2003,0.00320853,WB CSC
Energy,EN - Power Industry,CO2,2004,0.00641706,WB CSC
Energy,EN - Power Industry,CO2,2005,0.05775354,WB CSC
Energy,EN - Power Industry,CO2,2006,0.31443594,WB CSC
Energy,EN - Power Industry,CO2,2007,0.4491942,WB CSC
Energy,EN - Power Industry,CO2,2008,0.4812795,WB CSC
Energy,EN - Power Industry,CO2,2009,0.68983395,WB CSC
Energy,EN - Power Industry,CO2,2010,0.77938164,WB CSC
Energy,EN - Power Industry,CO2,2011,0.74729634,WB CSC
Energy,EN - Power Industry,CO2,2012,0.21166593,WB CSC
Energy,EN - Power Industry,CO2,2013,0.00632001,WB CSC
Energy,EN - Power Industry,CO2,2014,0.08313063,WB CSC
Energy,EN - Power Industry,CO2,2015,0.05921517,WB CSC
Energy,EN - Power Industry,CO2,2016,0.05921517,WB CSC
Energy,EN - Power Industry,CO2,2017,0.05983407,WB CSC
Energy,EN - Power Industry,CO2,2018,0.233320752,WB CSC
Energy,EN - Power Industry,CO2,2019,0.077774616,WB CSC
Energy,EN - Power Industry,CO2,2020,0.050552262,WB CSC
Energy,EN - Power Industry,CO2,2021,0.045368784,WB CSC
Energy,EN - Power Industry,CO2,2022,0.042054567,WB CSC
Energy,EN - Power Industry,CO2,2023,0.042069349,WB CSC
Energy,EN - Power Industry,N2O,2000,0.000388485,WB CSC
Energy,EN - Power Industry,N2O,2001,0.000401205,WB CSC
Energy,EN - Power Industry,N2O,2002,0.000477525,WB CSC
Energy,EN - Power Industry,N2O,2003,0.000553845,WB CSC
Energy,EN - Power Industry,N2O,2004,0.000611609,WB CSC
Energy,EN - Power Industry,N2O,2005,0.000721765,WB CSC
Energy,EN - Power Industry,N2O,2006,0.001297981,WB CSC
Energy,EN - Power Industry,N2O,2007,0.001561698,WB CSC
Energy,EN - Power Industry,N2O,2008,0.001999425,WB CSC
Energy,EN - Power Industry,N2O,2009,0.00305749,WB CSC
Energy,EN - Power Industry,N2O,2010,0.003159743,WB CSC
Energy,EN - Power Industry,N2O,2011,0.002658416,WB CSC
Energy,EN - Power Industry,N2O,2012,0.002107497,WB CSC
Energy,EN - Power Industry,N2O,2013,0.002213837,WB CSC
Energy,EN - Power Industry,N2O,2014,0.003268484,WB CSC
Energy,EN - Power Industry,N2O,2015,0.004612097,WB CSC
Energy,EN - Power Industry,N2O,2016,0.004739297,WB CSC
Energy,EN - Power Industry,N2O,2017,0.002747878,WB CSC
Energy,EN - Power Industry,N2O,2018,0.004035942,WB CSC
Energy,EN - Power Industry,N2O,2019,0.00360867,WB CSC
Energy,EN - Power Industry,N2O,2020,0.003403776,WB CSC
Energy,EN - Power Industry,N2O,2021,0.004764047,WB CSC
Energy,EN - Power Industry,N2O,2022,0.004804172,WB CSC
Energy,EN - Power Industry,N2O,2023,0.004804202,WB CSC
Energy,EN - Transport,CH4,2000,0.0,WB CSC
Energy,EN - Transport,CH4,2000,0.0,WB CSC
Energy,EN - Transport,CH4,2000,0.006213775,WB CSC
Energy,EN - Transport,CH4,2000,7.02e-05,WB CSC
Energy,EN - Transport,CH4,2001,0.0,WB CSC
Energy,EN - Transport,CH4,2001,0.0,WB CSC
Energy,EN - Transport,CH4,2001,0.006365762,WB CSC
Energy,EN - Transport,CH4,2001,7.02e-05,WB CSC
Energy,EN - Transport,CH4,2002,0.0,WB CSC
Energy,EN - Transport,CH4,2002,0.0,WB CSC
Energy,EN - Transport,CH4,2002,0.006438134,WB CSC
Energy,EN - Transport,CH4,2002,7.02e-05,WB CSC
Energy,EN - Transport,CH4,2003,0.0,WB CSC
Energy,EN - Transport,CH4,2003,0.0,WB CSC
Energy,EN - Transport,CH4,2003,0.006710314,WB CSC
Energy,EN - Transport,CH4,2003,7.02e-05,WB CSC
Energy,EN - Transport,CH4,2004,0.0,WB CSC
Energy,EN - Transport,CH4,2004,0.0,WB CSC
Energy,EN - Transport,CH4,2004,0.006418273,WB CSC
Energy,EN - Transport,CH4,2004,7.02e-05,WB CSC
Energy,EN - Transport,CH4,2005,6.24e-07,WB CSC
Energy,EN - Transport,CH4,2005,0.0,WB CSC
Energy,EN - Transport,CH4,2005,0.006301751,WB CSC
Energy,EN - Transport,CH4,2005,6.15e-05,WB CSC
Energy,EN - Transport,CH4,2006,6.24e-07,WB CSC
Energy,EN - Transport,CH4,2006,0.0,WB CSC
Energy,EN - Transport,CH4,2006,0.006966953,WB CSC
Energy,EN - Transport,CH4,2006,7.02e-05,WB CSC
Energy,EN - Transport,CH4,2007,1.25e-06,WB CSC
Energy,EN - Transport,CH4,2007,0.0,WB CSC
Energy,EN - Transport,CH4,2007,0.007083351,WB CSC
Energy,EN - Transport,CH4,2007,9.66e-05,WB CSC
Energy,EN - Transport,CH4,2008,1.25e-06,WB CSC
Energy,EN - Transport,CH4,2008,0.0,WB CSC
Energy,EN - Transport,CH4,2008,0.008880691,WB CSC
Energy,EN - Transport,CH4,2008,9.66e-05,WB CSC
Energy,EN - Transport,CH4,2009,1.25e-06,WB CSC
Energy,EN - Transport,CH4,2009,0.0,WB CSC
Energy,EN - Transport,CH4,2009,0.010331337,WB CSC
Energy,EN - Transport,CH4,2009,0.000122931,WB CSC
Energy,EN - Transport,CH4,2010,1.25e-06,WB CSC
Energy,EN - Transport,CH4,2010,0.000130818,WB CSC
Energy,EN - Transport,CH4,2010,0.006152968,WB CSC
Energy,EN - Transport,CH4,2010,0.000131712,WB CSC
Energy,EN - Transport,CH4,2011,1.25e-06,WB CSC
Energy,EN - Transport,CH4,2011,0.000120755,WB CSC
Energy,EN - Transport,CH4,2011,0.010443622,WB CSC
Energy,EN - Transport,CH4,2011,0.000131712,WB CSC
Energy,EN - Transport,CH4,2012,6.24e-07,WB CSC
Energy,EN - Transport,CH4,2012,0.000130818,WB CSC
Energy,EN - Transport,CH4,2012,0.013249115,WB CSC
Energy,EN - Transport,CH4,2012,0.000175616,WB CSC
Energy,EN - Transport,CH4,2013,1.25e-06,WB CSC
Energy,EN - Transport,CH4,2013,0.000140881,WB CSC
Energy,EN - Transport,CH4,2013,0.013882215,WB CSC
Energy,EN - Transport,CH4,2013,0.000175616,WB CSC
Energy,EN - Transport,CH4,2014,1.25e-06,WB CSC
Energy,EN - Transport,CH4,2014,0.000140881,WB CSC
Energy,EN - Transport,CH4,2014,0.015218587,WB CSC
Energy,EN - Transport,CH4,2014,0.000201958,WB CSC
Energy,EN - Transport,CH4,2015,6.24e-07,WB CSC
Energy,EN - Transport,CH4,2015,0.000140881,WB CSC
Energy,EN - Transport,CH4,2015,0.01781662,WB CSC
Energy,EN - Transport,CH4,2015,0.000245862,WB CSC
Energy,EN - Transport,CH4,2016,6.24e-07,WB CSC
Energy,EN - Transport,CH4,2016,0.000150944,WB CSC
Energy,EN - Transport,CH4,2016,0.019493025,WB CSC
Energy,EN - Transport,CH4,2016,0.000263424,WB CSC
Energy,EN - Transport,CH4,2017,1.18e-07,WB CSC
Energy,EN - Transport,CH4,2017,0.000158547,WB CSC
Energy,EN - Transport,CH4,2017,0.020574538,WB CSC
Energy,EN - Transport,CH4,2017,0.00027952,WB CSC
Energy,EN - Transport,CH4,2018,1.55e-07,WB CSC
Energy,EN - Transport,CH4,2018,0.000175015,WB CSC
Energy,EN - Transport,CH4,2018,0.022079317,WB CSC
Energy,EN - Transport,CH4,2018,0.000301058,WB CSC
Energy,EN - Transport,CH4,2019,1.65e-07,WB CSC
Energy,EN - Transport,CH4,2019,0.000173399,WB CSC
Energy,EN - Transport,CH4,2019,0.023568736,WB CSC
Energy,EN - Transport,CH4,2019,0.000327216,WB CSC
Energy,EN - Transport,CH4,2020,2.49e-07,WB CSC
Energy,EN - Transport,CH4,2020,0.000176604,WB CSC
Energy,EN - Transport,CH4,2020,0.022081925,WB CSC
Energy,EN - Transport,CH4,2020,0.000300348,WB CSC
Energy,EN - Transport,CH4,2021,3.61e-07,WB CSC
Energy,EN - Transport,CH4,2021,0.000189736,WB CSC
Energy,EN - Transport,CH4,2021,0.024936135,WB CSC
Energy,EN - Transport,CH4,2021,0.000344654,WB CSC
Energy,EN - Transport,CH4,2022,4.45e-07,WB CSC
Energy,EN - Transport,CH4,2022,0.000175876,WB CSC
Energy,EN - Transport,CH4,2022,0.023114535,WB CSC
Energy,EN - Transport,CH4,2022,0.000490074,WB CSC
Energy,EN - Transport,CH4,2023,5.16e-07,WB CSC
Energy,EN - Transport,CH4,2023,0.000175937,WB CSC
Energy,EN - Transport,CH4,2023,0.02312266,WB CSC
Energy,EN - Transport,CH4,2023,0.000465348,WB CSC
Energy,EN - Transport,CO2,2000,0.0,WB CSC
Energy,EN - Transport,CO2,2000,0.0,WB CSC
Energy,EN - Transport,CO2,2000,0.87990804,WB CSC
Energy,EN - Transport,CO2,2000,0.02483712,WB CSC
Energy,EN - Transport,CO2,2001,0.0,WB CSC
Energy,EN - Transport,CO2,2001,0.0,WB CSC
Energy,EN - Transport,CO2,2001,0.8923266,WB CSC
Energy,EN - Transport,CO2,2001,0.02483712,WB CSC
Energy,EN - Transport,CO2,2002,0.0,WB CSC
Energy,EN - Transport,CO2,2002,0.0,WB CSC
Energy,EN - Transport,CO2,2002,0.90505683,WB CSC
Energy,EN - Transport,CO2,2002,0.02483712,WB CSC
Energy,EN - Transport,CO2,2003,0.0,WB CSC
Energy,EN - Transport,CO2,2003,0.0,WB CSC
Energy,EN - Transport,CO2,2003,0.93331026,WB CSC
Energy,EN - Transport,CO2,2003,0.02483712,WB CSC
Energy,EN - Transport,CO2,2004,0.0,WB CSC
Energy,EN - Transport,CO2,2004,0.0,WB CSC
Energy,EN - Transport,CO2,2004,0.96043296,WB CSC
Energy,EN - Transport,CO2,2004,0.02483712,WB CSC
Energy,EN - Transport,CO2,2005,0.0031889,WB CSC
Energy,EN - Transport,CO2,2005,0.0,WB CSC
Energy,EN - Transport,CO2,2005,0.9966618,WB CSC
Energy,EN - Transport,CO2,2005,0.02173248,WB CSC
Energy,EN - Transport,CO2,2006,0.0031889,WB CSC
Energy,EN - Transport,CO2,2006,0.0,WB CSC
Energy,EN - Transport,CO2,2006,1.10067327,WB CSC
Energy,EN - Transport,CO2,2006,0.02483712,WB CSC
Energy,EN - Transport,CO2,2007,0.0063778,WB CSC
Energy,EN - Transport,CO2,2007,0.0,WB CSC
Energy,EN - Transport,CO2,2007,1.14932067,WB CSC
Energy,EN - Transport,CO2,2007,0.03415104,WB CSC
Energy,EN - Transport,CO2,2008,0.0063778,WB CSC
Energy,EN - Transport,CO2,2008,0.0,WB CSC
Energy,EN - Transport,CO2,2008,1.33995039,WB CSC
Energy,EN - Transport,CO2,2008,0.03415104,WB CSC
Energy,EN - Transport,CO2,2009,0.0063778,WB CSC
Energy,EN - Transport,CO2,2009,0.0,WB CSC
Energy,EN - Transport,CO2,2009,1.4745927,WB CSC
Energy,EN - Transport,CO2,2009,0.04346496,WB CSC
Energy,EN - Transport,CO2,2010,0.0063778,WB CSC
Energy,EN - Transport,CO2,2010,0.08342178,WB CSC
Energy,EN - Transport,CO2,2010,1.14385068,WB CSC
Energy,EN - Transport,CO2,2010,0.0465696,WB CSC
Energy,EN - Transport,CO2,2011,0.0063778,WB CSC
Energy,EN - Transport,CO2,2011,0.07700472,WB CSC
Energy,EN - Transport,CO2,2011,1.50947097,WB CSC
Energy,EN - Transport,CO2,2011,0.0465696,WB CSC
Energy,EN - Transport,CO2,2012,0.0031889,WB CSC
Energy,EN - Transport,CO2,2012,0.08342178,WB CSC
Energy,EN - Transport,CO2,2012,1.8929121,WB CSC
Energy,EN - Transport,CO2,2012,0.0620928,WB CSC
Energy,EN - Transport,CO2,2013,0.0063778,WB CSC
Energy,EN - Transport,CO2,2013,0.08983884,WB CSC
Energy,EN - Transport,CO2,2013,2.0342952,WB CSC
Energy,EN - Transport,CO2,2013,0.0620928,WB CSC
Energy,EN - Transport,CO2,2014,0.0063778,WB CSC
Energy,EN - Transport,CO2,2014,0.08983884,WB CSC
Energy,EN - Transport,CO2,2014,2.26757082,WB CSC
Energy,EN - Transport,CO2,2014,0.07140672,WB CSC
Energy,EN - Transport,CO2,2015,0.0031889,WB CSC
Energy,EN - Transport,CO2,2015,0.08983884,WB CSC
Energy,EN - Transport,CO2,2015,2.56190034,WB CSC
Energy,EN - Transport,CO2,2015,0.08692992,WB CSC
Energy,EN - Transport,CO2,2016,0.0031889,WB CSC
Energy,EN - Transport,CO2,2016,0.0962559,WB CSC
Energy,EN - Transport,CO2,2016,2.75108766,WB CSC
Energy,EN - Transport,CO2,2016,0.0931392,WB CSC
Energy,EN - Transport,CO2,2017,0.000602745,WB CSC
Energy,EN - Transport,CO2,2017,0.101104263,WB CSC
Energy,EN - Transport,CO2,2017,2.90464362,WB CSC
Energy,EN - Transport,CO2,2017,0.098830116,WB CSC
Energy,EN - Transport,CO2,2018,0.00079079,WB CSC
Energy,EN - Transport,CO2,2018,0.111605715,WB CSC
Energy,EN - Transport,CO2,2018,3.16661148,WB CSC
Energy,EN - Transport,CO2,2018,0.106445493,WB CSC
Energy,EN - Transport,CO2,2019,0.000841555,WB CSC
Energy,EN - Transport,CO2,2019,0.110575725,WB CSC
Energy,EN - Transport,CO2,2019,3.293494693,WB CSC
Energy,EN - Transport,CO2,2019,0.115694271,WB CSC
Energy,EN - Transport,CO2,2020,0.001271985,WB CSC
Energy,EN - Transport,CO2,2020,0.112619403,WB CSC
Energy,EN - Transport,CO2,2020,3.171175275,WB CSC
Energy,EN - Transport,CO2,2020,0.106194627,WB CSC
Energy,EN - Transport,CO2,2021,0.00184327,WB CSC
Energy,EN - Transport,CO2,2021,0.120993444,WB CSC
Energy,EN - Transport,CO2,2021,3.521777962,WB CSC
Energy,EN - Transport,CO2,2021,0.121859892,WB CSC
Energy,EN - Transport,CO2,2022,0.002270675,WB CSC
Energy,EN - Transport,CO2,2022,0.112154799,WB CSC
Energy,EN - Transport,CO2,2022,3.264509943,WB CSC
Energy,EN - Transport,CO2,2022,0.173276209,WB CSC
Energy,EN - Transport,CO2,2023,0.002634198,WB CSC
Energy,EN - Transport,CO2,2023,0.112194221,WB CSC
Energy,EN - Transport,CO2,2023,3.265657389,WB CSC
Energy,EN - Transport,CO2,2023,0.164533864,WB CSC
Energy,EN - Transport,N2O,2000,0.0,WB CSC
Energy,EN - Transport,N2O,2000,0.0,WB CSC
Energy,EN - Transport,N2O,2000,0.007428828,WB CSC
Energy,EN - Transport,N2O,2000,0.000189952,WB CSC
Energy,EN - Transport,N2O,2001,0.0,WB CSC
Energy,EN - Transport,N2O,2001,0.0,WB CSC
Energy,EN - Transport,N2O,2001,0.007490413,WB CSC
Energy,EN - Transport,N2O,2001,0.000189952,WB CSC
Energy,EN - Transport,N2O,2002,0.0,WB CSC
Energy,EN - Transport,N2O,2002,0.0,WB CSC
Energy,EN - Transport,N2O,2002,0.007613661,WB CSC
Energy,EN - Transport,N2O,2002,0.000189952,WB CSC
Energy,EN - Transport,N2O,2003,0.0,WB CSC
Energy,EN - Transport,N2O,2003,0.0,WB CSC
Energy,EN - Transport,N2O,2003,0.007674177,WB CSC
Energy,EN - Transport,N2O,2003,0.000189952,WB CSC
Energy,EN - Transport,N2O,2004,0.0,WB CSC
Energy,EN - Transport,N2O,2004,0.0,WB CSC
Energy,EN - Transport,N2O,2004,0.007963934,WB CSC
Energy,EN - Transport,N2O,2004,0.000189952,WB CSC
Energy,EN - Transport,N2O,2005,2.3638e-05,WB CSC
Energy,EN - Transport,N2O,2005,0.0,WB CSC
Energy,EN - Transport,N2O,2005,0.008621963,WB CSC
Energy,EN - Transport,N2O,2005,0.000166208,WB CSC
Energy,EN - Transport,N2O,2006,2.3638e-05,WB CSC
Energy,EN - Transport,N2O,2006,0.0,WB CSC
Energy,EN - Transport,N2O,2006,0.00966072,WB CSC
Energy,EN - Transport,N2O,2006,0.000189952,WB CSC
Energy,EN - Transport,N2O,2007,4.7276e-05,WB CSC
Energy,EN - Transport,N2O,2007,0.0,WB CSC
Energy,EN - Transport,N2O,2007,0.009785555,WB CSC
Energy,EN - Transport,N2O,2007,0.000261184,WB CSC
Energy,EN - Transport,N2O,2008,4.7276e-05,WB CSC
Energy,EN - Transport,N2O,2008,0.0,WB CSC
Energy,EN - Transport,N2O,2008,0.012595959,WB CSC
Energy,EN - Transport,N2O,2008,0.000261184,WB CSC
Energy,EN - Transport,N2O,2009,4.7276e-05,WB CSC
Energy,EN - Transport,N2O,2009,0.0,WB CSC
Energy,EN - Transport,N2O,2009,0.014393554,WB CSC
Energy,EN - Transport,N2O,2009,0.000332416,WB CSC
Energy,EN - Transport,N2O,2010,4.7276e-05,WB CSC
Energy,EN - Transport,N2O,2010,0.008532438,WB CSC
Energy,EN - Transport,N2O,2010,0.012092469,WB CSC
Energy,EN - Transport,N2O,2010,0.00035616,WB CSC
Energy,EN - Transport,N2O,2011,4.7276e-05,WB CSC
Energy,EN - Transport,N2O,2011,0.007876097,WB CSC
Energy,EN - Transport,N2O,2011,0.015685587,WB CSC
Energy,EN - Transport,N2O,2011,0.00035616,WB CSC
Energy,EN - Transport,N2O,2012,2.3638e-05,WB CSC
Energy,EN - Transport,N2O,2012,0.008532438,WB CSC
Energy,EN - Transport,N2O,2012,0.01925411,WB CSC
Energy,EN - Transport,N2O,2012,0.00047488,WB CSC
Energy,EN - Transport,N2O,2013,4.7276e-05,WB CSC
Energy,EN - Transport,N2O,2013,0.00918878,WB CSC
Energy,EN - Transport,N2O,2013,0.019789739,WB CSC
Energy,EN - Transport,N2O,2013,0.00047488,WB CSC
Energy,EN - Transport,N2O,2014,4.7276e-05,WB CSC
Energy,EN - Transport,N2O,2014,0.00918878,WB CSC
Energy,EN - Transport,N2O,2014,0.022034237,WB CSC
Energy,EN - Transport,N2O,2014,0.000546112,WB CSC
Energy,EN - Transport,N2O,2015,2.3638e-05,WB CSC
Energy,EN - Transport,N2O,2015,0.00918878,WB CSC
Energy,EN - Transport,N2O,2015,0.024745226,WB CSC
Energy,EN - Transport,N2O,2015,0.000664832,WB CSC
Energy,EN - Transport,N2O,2016,2.3638e-05,WB CSC
Energy,EN - Transport,N2O,2016,0.009845121,WB CSC
Energy,EN - Transport,N2O,2016,0.031418381,WB CSC
Energy,EN - Transport,N2O,2016,0.00071232,WB CSC
Energy,EN - Transport,N2O,2017,4.47e-06,WB CSC
Energy,EN - Transport,N2O,2017,0.010341015,WB CSC
Energy,EN - Transport,N2O,2017,0.033293161,WB CSC
Energy,EN - Transport,N2O,2017,0.000755844,WB CSC
Energy,EN - Transport,N2O,2018,5.86e-06,WB CSC
Energy,EN - Transport,N2O,2018,0.011415111,WB CSC
Energy,EN - Transport,N2O,2018,0.035551544,WB CSC
Energy,EN - Transport,N2O,2018,0.000814085,WB CSC
Energy,EN - Transport,N2O,2019,6.24e-06,WB CSC
Energy,EN - Transport,N2O,2019,0.011309763,WB CSC
Energy,EN - Transport,N2O,2019,0.03662201,WB CSC
Energy,EN - Transport,N2O,2019,0.000884819,WB CSC
Energy,EN - Transport,N2O,2020,9.43e-06,WB CSC
Energy,EN - Transport,N2O,2020,0.011518792,WB CSC
Energy,EN - Transport,N2O,2020,0.035619685,WB CSC
Energy,EN - Transport,N2O,2020,0.000812167,WB CSC
Energy,EN - Transport,N2O,2021,1.37e-05,WB CSC
Energy,EN - Transport,N2O,2021,0.012375294,WB CSC
Energy,EN - Transport,N2O,2021,0.039315979,WB CSC
Energy,EN - Transport,N2O,2021,0.000931973,WB CSC
Energy,EN - Transport,N2O,2022,1.68e-05,WB CSC
Energy,EN - Transport,N2O,2022,0.011471272,WB CSC
Energy,EN - Transport,N2O,2022,0.036443923,WB CSC
Energy,EN - Transport,N2O,2022,0.0013252,WB CSC
Energy,EN - Transport,N2O,2023,1.95e-05,WB CSC
Energy,EN - Transport,N2O,2023,0.011475304,WB CSC
Energy,EN - Transport,N2O,2023,0.036456732,WB CSC
Energy,EN - Transport,N2O,2023,0.00125834,WB CSC
Industrial Processes,IN - Industrial Processes,CO2,2000,0.15272,WB CSC
Industrial Processes,IN - Industrial Processes,CO2,2000,0.00118788,WB CSC
Industrial Processes,IN - Industrial Processes,CO2,2000,0.006525,WB CSC
Industrial Processes,IN - Industrial Processes,CO2,2000,0.0024,WB CSC
Industrial Processes,IN - Industrial Processes,CO2,2000,0.059191556,WB CSC
Industrial Processes,IN - Industrial Processes,CO2,2000,0.00029449,WB CSC
Industrial Processes,IN - Industrial Processes,CO2,2001,0.179296,WB CSC
Industrial Processes,IN - Industrial Processes,CO2,2001,0.001226735,WB CSC
Industrial Processes,IN - Industrial Processes,CO2,2001,0.0075,WB CSC
Industrial Processes,IN - Industrial Processes,CO2,2001,0.0024,WB CSC
Industrial Processes,IN - Industrial Processes,CO2,2001,0.065485322,WB CSC
Industrial Processes,IN - Industrial Processes,CO2,2001,8.9e-05,WB CSC
Industrial Processes,IN - Industrial Processes,CO2,2002,0.210496,WB CSC
Industrial Processes,IN - Industrial Processes,CO2,2002,0.00126779,WB CSC
Industrial Processes,IN - Industrial Processes,CO2,2002,0.0075,WB CSC
Industrial Processes,IN - Industrial Processes,CO2,2002,0.0024,WB CSC
Industrial Processes,IN - Industrial Processes,CO2,2002,0.070766796,WB CSC
Industrial Processes,IN - Industrial Processes,CO2,2002,9.88e-05,WB CSC
Industrial Processes,IN - Industrial Processes,CO2,2003,0.210912,WB CSC
Industrial Processes,IN - Industrial Processes,CO2,2003,0.00131089,WB CSC
Industrial Processes,IN - Industrial Processes,CO2,2003,0.0075,WB CSC
Industrial Processes,IN - Industrial Processes,CO2,2003,0.0024,WB CSC
Industrial Processes,IN - Industrial Processes,CO2,2003,0.078820303,WB CSC
Industrial Processes,IN - Industrial Processes,CO2,2003,9.38e-05,WB CSC
Industrial Processes,IN - Industrial Processes,CO2,2004,0.233103,WB CSC
Industrial Processes,IN - Industrial Processes,CO2,2004,0.001355735,WB CSC
Industrial Processes,IN - Industrial Processes,CO2,2004,0.0075,WB CSC
Industrial Processes,IN - Industrial Processes,CO2,2004,0.0024,WB CSC
Industrial Processes,IN - Industrial Processes,CO2,2004,0.085601212,WB CSC
Industrial Processes,IN - Industrial Processes,CO2,2004,0.000177963,WB CSC
Industrial Processes,IN - Industrial Processes,CO2,2005,0.26271,WB CSC
Industrial Processes,IN - Industrial Processes,CO2,2005,0.00140212,WB CSC
Industrial Processes,IN - Industrial Processes,CO2,2005,0.0075,WB CSC
Industrial Processes,IN - Industrial Processes,CO2,2005,0.0024,WB CSC
Industrial Processes,IN - Industrial Processes,CO2,2005,0.085853296,WB CSC
Industrial Processes,IN - Industrial Processes,CO2,2005,1.25e-05,WB CSC
Industrial Processes,IN - Industrial Processes,CO2,2006,0.25074,WB CSC
Industrial Processes,IN - Industrial Processes,CO2,2006,0.001450045,WB CSC
Industrial Processes,IN - Industrial Processes,CO2,2006,0.009327205,WB CSC
Industrial Processes,IN - Industrial Processes,CO2,2006,0.0024,WB CSC
Industrial Processes,IN - Industrial Processes,CO2,2006,0.075933897,WB CSC
Industrial Processes,IN - Industrial Processes,CO2,2006,7.71e-05,WB CSC
Industrial Processes,IN - Industrial Processes,CO2,2007,0.24765,WB CSC
Industrial Processes,IN - Industrial Processes,CO2,2007,0.0014996,WB CSC
Industrial Processes,IN - Industrial Processes,CO2,2007,0.009213419,WB CSC
Industrial Processes,IN - Industrial Processes,CO2,2007,0.0024,WB CSC
Industrial Processes,IN - Industrial Processes,CO2,2007,0.123106147,WB CSC
Industrial Processes,IN - Industrial Processes,CO2,2007,0.000187558,WB CSC
Industrial Processes,IN - Industrial Processes,CO2,2008,0.44744,WB CSC
Industrial Processes,IN - Industrial Processes,CO2,2008,0.00155072,WB CSC
Industrial Processes,IN - Industrial Processes,CO2,2008,0.00961687,WB CSC
Industrial Processes,IN - Industrial Processes,CO2,2008,0.0024,WB CSC
Industrial Processes,IN - Industrial Processes,CO2,2008,0.108863105,WB CSC
Industrial Processes,IN - Industrial Processes,CO2,2008,0.000256513,WB CSC
Industrial Processes,IN - Industrial Processes,CO2,2009,0.41064,WB CSC
Industrial Processes,IN - Industrial Processes,CO2,2009,0.001603355,WB CSC
Industrial Processes,IN - Industrial Processes,CO2,2009,0.009790669,WB CSC
Industrial Processes,IN - Industrial Processes,CO2,2009,0.003296,WB CSC
Industrial Processes,IN - Industrial Processes,CO2,2009,0.122182666,WB CSC
Industrial Processes,IN - Industrial Processes,CO2,2009,0.000135737,WB CSC
Industrial Processes,IN - Industrial Processes,CO2,2010,0.490308,WB CSC
Industrial Processes,IN - Industrial Processes,CO2,2010,0.00165747,WB CSC
Industrial Processes,IN - Industrial Processes,CO2,2010,0.010022401,WB CSC
Industrial Processes,IN - Industrial Processes,CO2,2010,0.003296,WB CSC
Industrial Processes,IN - Industrial Processes,CO2,2010,0.1413829,WB CSC
Industrial Processes,IN - Industrial Processes,CO2,2010,0.000265059,WB CSC
Industrial Processes,IN - Industrial Processes,CO2,2011,0.589764,WB CSC
Industrial Processes,IN - Industrial Processes,CO2,2011,0.001713015,WB CSC
Industrial Processes,IN - Industrial Processes,CO2,2011,0.008921675,WB CSC
Industrial Processes,IN - Industrial Processes,CO2,2011,0.00288,WB CSC
Industrial Processes,IN - Industrial Processes,CO2,2011,0.137213395,WB CSC
Industrial Processes,IN - Industrial Processes,CO2,2011,0.001853417,WB CSC
Industrial Processes,IN - Industrial Processes,CO2,2012,0.63012,WB CSC
Industrial Processes,IN - Industrial Processes,CO2,2012,0.00177003,WB CSC
Industrial Processes,IN - Industrial Processes,CO2,2012,0.010891395,WB CSC
Industrial Processes,IN - Industrial Processes,CO2,2012,0.00314,WB CSC
Industrial Processes,IN - Industrial Processes,CO2,2012,0.157222179,WB CSC
Industrial Processes,IN - Industrial Processes,CO2,2012,0.002154492,WB CSC
Industrial Processes,IN - Industrial Processes,CO2,2013,0.685797,WB CSC
Industrial Processes,IN - Industrial Processes,CO2,2013,0.001770421,WB CSC
Industrial Processes,IN - Industrial Processes,CO2,2013,0.011123127,WB CSC
Industrial Processes,IN - Industrial Processes,CO2,2013,0.00314,WB CSC
Industrial Processes,IN - Industrial Processes,CO2,2013,0.170899467,WB CSC
Industrial Processes,IN - Industrial Processes,CO2,2013,0.002996951,WB CSC
Industrial Processes,IN - Industrial Processes,CO2,2014,0.710812,WB CSC
Industrial Processes,IN - Industrial Processes,CO2,2014,0.001828943,WB CSC
Industrial Processes,IN - Industrial Processes,CO2,2014,0.011833114,WB CSC
Industrial Processes,IN - Industrial Processes,CO2,2014,0.00314,WB CSC
Industrial Processes,IN - Industrial Processes,CO2,2014,0.182902694,WB CSC
Industrial Processes,IN - Industrial Processes,CO2,2014,0.00408896,WB CSC
Industrial Processes,IN - Industrial Processes,CO2,2015,0.825174,WB CSC
Industrial Processes,IN - Industrial Processes,CO2,2015,0.001889398,WB CSC
Industrial Processes,IN - Industrial Processes,CO2,2015,0.0075,WB CSC
Industrial Processes,IN - Industrial Processes,CO2,2015,0.003296,WB CSC
Industrial Processes,IN - Industrial Processes,CO2,2015,0.169711839,WB CSC
Industrial Processes,IN - Industrial Processes,CO2,2015,0.003696415,WB CSC
Industrial Processes,IN - Industrial Processes,CO2,2016,1.00353572,WB CSC
Industrial Processes,IN - Industrial Processes,CO2,2016,0.001935784,WB CSC
Industrial Processes,IN - Industrial Processes,CO2,2016,0.0075,WB CSC
Industrial Processes,IN - Industrial Processes,CO2,2016,0.003296,WB CSC
Industrial Processes,IN - Industrial Processes,CO2,2016,0.174777889,WB CSC
Industrial Processes,IN - Industrial Processes,CO2,2016,0.006270244,WB CSC
Industrial Processes,IN - Industrial Processes,CO2,2017,1.004603125,WB CSC
Industrial Processes,IN - Industrial Processes,CO2,2017,0.001983308,WB CSC
Industrial Processes,IN - Industrial Processes,CO2,2017,0.0075,WB CSC
Industrial Processes,IN - Industrial Processes,CO2,2017,0.003296,WB CSC
Industrial Processes,IN - Industrial Processes,CO2,2017,0.180807939,WB CSC
Industrial Processes,IN - Industrial Processes,CO2,2017,0.006016627,WB CSC
Industrial Processes,IN - Industrial Processes,CO2,2018,1.016710471,WB CSC
Industrial Processes,IN - Industrial Processes,CO2,2018,0.002032,WB CSC
Industrial Processes,IN - Industrial Processes,CO2,2018,0.0075,WB CSC
Industrial Processes,IN - Industrial Processes,CO2,2018,0.003296,WB CSC
Industrial Processes,IN - Industrial Processes,CO2,2018,0.187117224,WB CSC
Industrial Processes,IN - Industrial Processes,CO2,2018,0.006372718,WB CSC
Industrial Processes,IN - Industrial Processes,CO2,2019,1.199990038,WB CSC
Industrial Processes,IN - Industrial Processes,CO2,2019,0.002084315,WB CSC
Industrial Processes,IN - Industrial Processes,CO2,2019,0.0075,WB CSC
Industrial Processes,IN - Industrial Processes,CO2,2019,0.003296,WB CSC
Industrial Processes,IN - Industrial Processes,CO2,2019,0.190275325,WB CSC
Industrial Processes,IN - Industrial Processes,CO2,2019,0.006004842,WB CSC
Industrial Processes,IN - Industrial Processes,CO2,2020,1.460144128,WB CSC
Industrial Processes,IN - Industrial Processes,CO2,2020,0.002415417,WB CSC
Industrial Processes,IN - Industrial Processes,CO2,2020,0.0075,WB CSC
Industrial Processes,IN - Industrial Processes,CO2,2020,0.000416,WB CSC
Industrial Processes,IN - Industrial Processes,CO2,2020,0.17365503,WB CSC
Industrial Processes,IN - Industrial Processes,CO2,2020,0.006958736,WB CSC
Industrial Processes,IN - Industrial Processes,CO2,2021,1.640611379,WB CSC
Industrial Processes,IN - Industrial Processes,CO2,2021,0.00270533,WB CSC
Industrial Processes,IN - Industrial Processes,CO2,2021,0.0075,WB CSC
Industrial Processes,IN - Industrial Processes,CO2,2021,0.000416,WB CSC
Industrial Processes,IN - Industrial Processes,CO2,2021,0.186604184,WB CSC
Industrial Processes,IN - Industrial Processes,CO2,2021,0.007793965,WB CSC
Industrial Processes,IN - Industrial Processes,CO2,2022,1.640611379,WB CSC
Industrial Processes,IN - Industrial Processes,CO2,2022,0.00270533,WB CSC
Industrial Processes,IN - Industrial Processes,CO2,2022,0.0075,WB CSC
Industrial Processes,IN - Industrial Processes,CO2,2022,0.000416,WB CSC
Industrial Processes,IN - Industrial Processes,CO2,2022,0.188975634,WB CSC
Industrial Processes,IN - Industrial Processes,CO2,2022,0.007793965,WB CSC
Industrial Processes,IN - Industrial Processes,CO2,2023,1.640611379,WB CSC
Industrial Processes,IN - Industrial Processes,CO2,2023,0.00270533,WB CSC
Industrial Processes,IN - Industrial Processes,CO2,2023,0.0075,WB CSC
Industrial Processes,IN - Industrial Processes,CO2,2023,0.000416,WB CSC
Industrial Processes,IN - Industrial Processes,CO2,2023,0.191903653,WB CSC
Industrial Processes,IN - Industrial Processes,CO2,2023,0.007793965,WB CSC
Industrial Processes,IN - Industrial Processes,N2O,2000,0.26244833,WB CSC
Industrial Processes,IN - Industrial Processes,N2O,2000,7.01e-05,WB CSC
Industrial Processes,IN - Industrial Processes,N2O,2001,0.270904761,WB CSC
Industrial Processes,IN - Industrial Processes,N2O,2001,7.25e-05,WB CSC
Industrial Processes,IN - Industrial Processes,N2O,2002,0.272508319,WB CSC
Industrial Processes,IN - Industrial Processes,N2O,2002,7.5e-05,WB CSC
Industrial Processes,IN - Industrial Processes,N2O,2003,0.308987032,WB CSC
Industrial Processes,IN - Industrial Processes,N2O,2003,7.76e-05,WB CSC
Industrial Processes,IN - Industrial Processes,N2O,2004,0.293071739,WB CSC
Industrial Processes,IN - Industrial Processes,N2O,2004,8.04e-05,WB CSC
Industrial Processes,IN - Industrial Processes,N2O,2005,0.33773247,WB CSC
Industrial Processes,IN - Industrial Processes,N2O,2005,8.32e-05,WB CSC
Industrial Processes,IN - Industrial Processes,N2O,2006,0.290042759,WB CSC
Industrial Processes,IN - Industrial Processes,N2O,2006,8.61e-05,WB CSC
Industrial Processes,IN - Industrial Processes,N2O,2007,0.34245748,WB CSC
Industrial Processes,IN - Industrial Processes,N2O,2007,8.92e-05,WB CSC
Industrial Processes,IN - Industrial Processes,N2O,2008,0.35339445,WB CSC
Industrial Processes,IN - Industrial Processes,N2O,2008,9.23e-05,WB CSC
Industrial Processes,IN - Industrial Processes,N2O,2009,0.347433009,WB CSC
Industrial Processes,IN - Industrial Processes,N2O,2009,9.55e-05,WB CSC
Industrial Processes,IN - Industrial Processes,N2O,2010,0.377368015,WB CSC
Industrial Processes,IN - Industrial Processes,N2O,2010,9.89e-05,WB CSC
Industrial Processes,IN - Industrial Processes,N2O,2011,0.38198786,WB CSC
Industrial Processes,IN - Industrial Processes,N2O,2011,0.000102298,WB CSC
Industrial Processes,IN - Industrial Processes,N2O,2012,0.403155806,WB CSC
Industrial Processes,IN - Industrial Processes,N2O,2012,0.000105834,WB CSC
Industrial Processes,IN - Industrial Processes,N2O,2013,0.427327768,WB CSC
Industrial Processes,IN - Industrial Processes,N2O,2013,0.000109469,WB CSC
Industrial Processes,IN - Industrial Processes,N2O,2014,0.434341395,WB CSC
Industrial Processes,IN - Industrial Processes,N2O,2014,0.000113199,WB CSC
Industrial Processes,IN - Industrial Processes,N2O,2015,0.46263377,WB CSC
Industrial Processes,IN - Industrial Processes,N2O,2015,0.000117022,WB CSC
Industrial Processes,IN - Industrial Processes,N2O,2016,0.49662541,WB CSC
Industrial Processes,IN - Industrial Processes,N2O,2016,0.000120938,WB CSC
Industrial Processes,IN - Industrial Processes,N2O,2017,0.502876759,WB CSC
Industrial Processes,IN - Industrial Processes,N2O,2017,0.000124946,WB CSC
Industrial Processes,IN - Industrial Processes,N2O,2018,0.517462667,WB CSC
Industrial Processes,IN - Industrial Processes,N2O,2018,0.000129049,WB CSC
Industrial Processes,IN - Industrial Processes,N2O,2019,0.541671014,WB CSC
Industrial Processes,IN - Industrial Processes,N2O,2019,0.00013325,WB CSC
Industrial Processes,IN - Industrial Processes,N2O,2020,0.576622263,WB CSC
Industrial Processes,IN - Industrial Processes,N2O,2020,0.000137552,WB CSC
Industrial Processes,IN - Industrial Processes,N2O,2021,0.619849735,WB CSC
Industrial Processes,IN - Industrial Processes,N2O,2021,0.000141955,WB CSC
Industrial Processes,IN - Industrial Processes,N2O,2022,0.616733277,WB CSC
Industrial Processes,IN - Industrial Processes,N2O,2022,0.000146458,WB CSC
Industrial Processes,IN - Industrial Processes,N2O,2023,0.623501152,WB CSC
Industrial Processes,IN - Industrial Processes,N2O,2023,0.000151064,WB CSC
"Land Use, Land Use Change, and Forestry",LULUCF - Deforestation,CO2,2000,13.09904617,WB CSC
"Land Use, Land Use Change, and Forestry",LULUCF - Deforestation,CO2,2001,13.09904617,WB CSC
"Land Use, Land Use Change, and Forestry",LULUCF - Deforestation,CO2,2002,13.09904617,WB CSC
"Land Use, Land Use Change, and Forestry",LULUCF - Deforestation,CO2,2003,13.09904617,WB CSC
"Land Use, Land Use Change, and Forestry",LULUCF - Deforestation,CO2,2004,13.09904617,WB CSC
"Land Use, Land Use Change, and Forestry",LULUCF - Deforestation,CO2,2005,13.09904617,WB CSC
"Land Use, Land Use Change, and Forestry",LULUCF - Deforestation,CO2,2006,13.09904617,WB CSC
"Land Use, Land Use Change, and Forestry",LULUCF - Deforestation,CO2,2007,13.09904617,WB CSC
"Land Use, Land Use Change, and Forestry",LULUCF - Deforestation,CO2,2008,13.09904617,WB CSC
"Land Use, Land Use Change, and Forestry",LULUCF - Deforestation,CO2,2009,13.09904617,WB CSC
"Land Use, Land Use Change, and Forestry",LULUCF - Deforestation,CO2,2010,13.09904617,WB CSC
"Land Use, Land Use Change, and Forestry",LULUCF - Deforestation,CO2,2011,13.09904617,WB CSC
"Land Use, Land Use Change, and Forestry",LULUCF - Deforestation,CO2,2012,13.09904617,WB CSC
"Land Use, Land Use Change, and Forestry",LULUCF - Deforestation,CO2,2013,13.09904617,WB CSC
"Land Use, Land Use Change, and Forestry",LULUCF - Deforestation,CO2,2014,13.09904617,WB CSC
"Land Use, Land Use Change, and Forestry",LULUCF - Deforestation,CO2,2015,13.09904617,WB CSC
"Land Use, Land Use Change, and Forestry",LULUCF - Deforestation,CO2,2016,13.09904626,WB CSC
"Land Use, Land Use Change, and Forestry",LULUCF - Deforestation,CO2,2017,13.09904636,WB CSC
"Land Use, Land Use Change, and Forestry",LULUCF - Deforestation,CO2,2018,13.09904636,WB CSC
"Land Use, Land Use Change, and Forestry",LULUCF - Deforestation,CO2,2019,13.09904636,WB CSC
"Land Use, Land Use Change, and Forestry",LULUCF - Deforestation,CO2,2020,13.09904636,WB CSC
"Land Use, Land Use Change, and Forestry",LULUCF - Deforestation,CO2,2021,13.09904636,WB CSC
"Land Use, Land Use Change, and Forestry",LULUCF - Deforestation,CO2,2022,13.09904636,WB CSC
"Land Use, Land Use Change, and Forestry",LULUCF - Deforestation,CO2,2023,13.09904636,WB CSC
"Land Use, Land Use Change, and Forestry",LULUCF - Forest Land Removals,CO2,2000,14.220349516999999,WB CSC
"Land Use, Land Use Change, and Forestry",LULUCF - Forest Land Removals,CO2,2001,16.213949517,WB CSC
"Land Use, Land Use Change, and Forestry",LULUCF - Forest Land Removals,CO2,2002,18.20754952,WB CSC
"Land Use, Land Use Change, and Forestry",LULUCF - Forest Land Removals,CO2,2003,20.20114952,WB CSC
"Land Use, Land Use Change, and Forestry",LULUCF - Forest Land Removals,CO2,2004,22.19474952,WB CSC
"Land Use, Land Use Change, and Forestry",LULUCF - Forest Land Removals,CO2,2005,24.188349520000003,WB CSC
"Land Use, Land Use Change, and Forestry",LULUCF - Forest Land Removals,CO2,2006,26.944549520000002,WB CSC
"Land Use, Land Use Change, and Forestry",LULUCF - Forest Land Removals,CO2,2007,29.700749520000002,WB CSC
"Land Use, Land Use Change, and Forestry",LULUCF - Forest Land Removals,CO2,2008,32.45694952,WB CSC
"Land Use, Land Use Change, and Forestry",LULUCF - Forest Land Removals,CO2,2009,35.21314952,WB CSC
"Land Use, Land Use Change, and Forestry",LULUCF - Forest Land Removals,CO2,2010,37.96934952,WB CSC
"Land Use, Land Use Change, and Forestry",LULUCF - Forest Land Removals,CO2,2011,39.89514952,WB CSC
"Land Use, Land Use Change, and Forestry",LULUCF - Forest Land Removals,CO2,2012,41.82094952,WB CSC
"Land Use, Land Use Change, and Forestry",LULUCF - Forest Land Removals,CO2,2013,43.746749519999995,WB CSC
"Land Use, Land Use Change, and Forestry",LULUCF - Forest Land Removals,CO2,2014,45.67254952,WB CSC
"Land Use, Land Use Change, and Forestry",LULUCF - Forest Land Removals,CO2,2015,47.59834952,WB CSC
"Land Use, Land Use Change, and Forestry",LULUCF - Forest Land Removals,CO2,2016,49.21806779,WB CSC
"Land Use, Land Use Change, and Forestry",LULUCF - Forest Land Removals,CO2,2017,50.83778607,WB CSC
"Land Use, Land Use Change, and Forestry",LULUCF - Forest Land Removals,CO2,2018,50.741681570000004,WB CSC
"Land Use, Land Use Change, and Forestry",LULUCF - Forest Land Removals,CO2,2019,50.64557707,WB CSC
"Land Use, Land Use Change, and Forestry",LULUCF - Forest Land Removals,CO2,2020,50.549472570000006,WB CSC
"Land Use, Land Use Change, and Forestry",LULUCF - Forest Land Removals,CO2,2021,50.45336807,WB CSC
"Land Use, Land Use Change, and Forestry",LULUCF - Forest Land Removals,CO2,2022,50.35726357,WB CSC
"Land Use, Land Use Change, and Forestry",LULUCF - Forest Land Removals,CO2,2023,50.261159070000005,WB CSC
"Land Use, Land Use Change, and Forestry",LULUCF - Forest Land Sequestration,CO2,2000,-7.942775,WB CSC
"Land Use, Land Use Change, and Forestry",LULUCF - Forest Land Sequestration,CO2,2001,-7.942775,WB CSC
"Land Use, Land Use Change, and Forestry",LULUCF - Forest Land Sequestration,CO2,2002,-7.942775,WB CSC
"Land Use, Land Use Change, and Forestry",LULUCF - Forest Land Sequestration,CO2,2003,-7.942775,WB CSC
"Land Use, Land Use Change, and Forestry",LULUCF - Forest Land Sequestration,CO2,2004,-7.942775,WB CSC
"Land Use, Land Use Change, and Forestry",LULUCF - Forest Land Sequestration,CO2,2005,-7.942775,WB CSC
"Land Use, Land Use Change, and Forestry",LULUCF - Forest Land Sequestration,CO2,2006,-7.942775,WB CSC
"Land Use, Land Use Change, and Forestry",LULUCF - Forest Land Sequestration,CO2,2007,-7.942775,WB CSC
"Land Use, Land Use Change, and Forestry",LULUCF - Forest Land Sequestration,CO2,2008,-7.942775,WB CSC
"Land Use, Land Use Change, and Forestry",LULUCF - Forest Land Sequestration,CO2,2009,-7.942775,WB CSC
"Land Use, Land Use Change, and Forestry",LULUCF - Forest Land Sequestration,CO2,2010,-7.942775,WB CSC
"Land Use, Land Use Change, and Forestry",LULUCF - Forest Land Sequestration,CO2,2011,-7.942775,WB CSC
"Land Use, Land Use Change, and Forestry",LULUCF - Forest Land Sequestration,CO2,2012,-7.942775,WB CSC
"Land Use, Land Use Change, and Forestry",LULUCF - Forest Land Sequestration,CO2,2013,-7.942775,WB CSC
"Land Use, Land Use Change, and Forestry",LULUCF - Forest Land Sequestration,CO2,2014,-7.942775,WB CSC
"Land Use, Land Use Change, and Forestry",LULUCF - Forest Land Sequestration,CO2,2015,-7.942775,WB CSC
"Land Use, Land Use Change, and Forestry",LULUCF - Forest Land Sequestration,CO2,2016,-7.857693,WB CSC
"Land Use, Land Use Change, and Forestry",LULUCF - Forest Land Sequestration,CO2,2017,-7.772611,WB CSC
"Land Use, Land Use Change, and Forestry",LULUCF - Forest Land Sequestration,CO2,2018,-7.6765065,WB CSC
"Land Use, Land Use Change, and Forestry",LULUCF - Forest Land Sequestration,CO2,2019,-7.580402,WB CSC
"Land Use, Land Use Change, and Forestry",LULUCF - Forest Land Sequestration,CO2,2020,-7.4842975,WB CSC
"Land Use, Land Use Change, and Forestry",LULUCF - Forest Land Sequestration,CO2,2021,-7.388193,WB CSC
"Land Use, Land Use Change, and Forestry",LULUCF - Forest Land Sequestration,CO2,2022,-7.2920885,WB CSC
"Land Use, Land Use Change, and Forestry",LULUCF - Forest Land Sequestration,CO2,2023,-7.195984,WB CSC
"Land Use, Land Use Change, and Forestry",LULUCF - HWP,CO2,2000,-0.001142149,WB CSC
"Land Use, Land Use Change, and Forestry",LULUCF - HWP,CO2,2001,-0.001142149,WB CSC
"Land Use, Land Use Change, and Forestry",LULUCF - HWP,CO2,2002,-0.001142149,WB CSC
"Land Use, Land Use Change, and Forestry",LULUCF - HWP,CO2,2003,-0.001142149,WB CSC
"Land Use, Land Use Change, and Forestry",LULUCF - HWP,CO2,2004,-0.001142149,WB CSC
"Land Use, Land Use Change, and Forestry",LULUCF - HWP,CO2,2005,-0.001142149,WB CSC
"Land Use, Land Use Change, and Forestry",LULUCF - HWP,CO2,2006,-0.001142149,WB CSC
"Land Use, Land Use Change, and Forestry",LULUCF - HWP,CO2,2007,-0.001142149,WB CSC
"Land Use, Land Use Change, and Forestry",LULUCF - HWP,CO2,2008,-0.001142149,WB CSC
"Land Use, Land Use Change, and Forestry",LULUCF - HWP,CO2,2009,-0.001142149,WB CSC
"Land Use, Land Use Change, and Forestry",LULUCF - HWP,CO2,2010,-0.001142149,WB CSC
"Land Use, Land Use Change, and Forestry",LULUCF - HWP,CO2,2011,-0.001142149,WB CSC
"Land Use, Land Use Change, and Forestry",LULUCF - HWP,CO2,2012,-0.001142149,WB CSC
"Land Use, Land Use Change, and Forestry",LULUCF - HWP,CO2,2013,-0.001142149,WB CSC
"Land Use, Land Use Change, and Forestry",LULUCF - HWP,CO2,2014,-0.001142149,WB CSC
"Land Use, Land Use Change, and Forestry",LULUCF - HWP,CO2,2015,-0.001142149,WB CSC
"Land Use, Land Use Change, and Forestry",LULUCF - HWP,CO2,2016,-0.001142149,WB CSC
"Land Use, Land Use Change, and Forestry",LULUCF - HWP,CO2,2017,-0.001142149,WB CSC
"Land Use, Land Use Change, and Forestry",LULUCF - HWP,CO2,2018,-0.001142149,WB CSC
"Land Use, Land Use Change, and Forestry",LULUCF - HWP,CO2,2019,-0.001142149,WB CSC
"Land Use, Land Use Change, and Forestry",LULUCF - HWP,CO2,2020,-0.001142149,WB CSC
"Land Use, Land Use Change, and Forestry",LULUCF - HWP,CO2,2021,-0.001142149,WB CSC
"Land Use, Land Use Change, and Forestry",LULUCF - HWP,CO2,2022,-0.001142149,WB CSC
"Land Use, Land Use Change, and Forestry",LULUCF - HWP,CO2,2023,-0.001142149,WB CSC
"Land Use, Land Use Change, and Forestry",LULUCF - Other Land,CO2,2000,0.305736638,WB CSC
"Land Use, Land Use Change, and Forestry",LULUCF - Other Land,CO2,2001,0.305736638,WB CSC
"Land Use, Land Use Change, and Forestry",LULUCF - Other Land,CO2,2002,0.305736638,WB CSC
"Land Use, Land Use Change, and Forestry",LULUCF - Other Land,CO2,2003,0.305736638,WB CSC
"Land Use, Land Use Change, and Forestry",LULUCF - Other Land,CO2,2004,0.305736638,WB CSC
"Land Use, Land Use Change, and Forestry",LULUCF - Other Land,CO2,2005,0.305736638,WB CSC
"Land Use, Land Use Change, and Forestry",LULUCF - Other Land,CO2,2006,0.305736638,WB CSC
"Land Use, Land Use Change, and Forestry",LULUCF - Other Land,CO2,2007,0.305736638,WB CSC
"Land Use, Land Use Change, and Forestry",LULUCF - Other Land,CO2,2008,0.305736638,WB CSC
"Land Use, Land Use Change, and Forestry",LULUCF - Other Land,CO2,2009,0.305736638,WB CSC
"Land Use, Land Use Change, and Forestry",LULUCF - Other Land,CO2,2010,0.305736638,WB CSC
"Land Use, Land Use Change, and Forestry",LULUCF - Other Land,CO2,2011,0.305736638,WB CSC
"Land Use, Land Use Change, and Forestry",LULUCF - Other Land,CO2,2012,0.305736638,WB CSC
"Land Use, Land Use Change, and Forestry",LULUCF - Other Land,CO2,2013,0.305736638,WB CSC
"Land Use, Land Use Change, and Forestry",LULUCF - Other Land,CO2,2014,0.305736638,WB CSC
"Land Use, Land Use Change, and Forestry",LULUCF - Other Land,CO2,2015,0.305736638,WB CSC
"Land Use, Land Use Change, and Forestry",LULUCF - Other Land,CO2,2016,0.30573664,WB CSC
"Land Use, Land Use Change, and Forestry",LULUCF - Other Land,CO2,2017,0.305736642,WB CSC
"Land Use, Land Use Change, and Forestry",LULUCF - Other Land,CO2,2018,0.305736642,WB CSC
"Land Use, Land Use Change, and Forestry",LULUCF - Other Land,CO2,2019,0.305736642,WB CSC
"Land Use, Land Use Change, and Forestry",LULUCF - Other Land,CO2,2020,0.305736642,WB CSC
"Land Use, Land Use Change, and Forestry",LULUCF - Other Land,CO2,2021,0.305736642,WB CSC
"Land Use, Land Use Change, and Forestry",LULUCF - Other Land,CO2,2022,0.305736642,WB CSC
"Land Use, Land Use Change, and Forestry",LULUCF - Other Land,CO2,2023,0.305736642,WB CSC
Waste,WST - Solid Waste,CH4,2000,0.01388464,WB CSC
Waste,WST - Solid Waste,CH4,2000,0.103595154,WB CSC
Waste,WST - Solid Waste,CH4,2001,0.0158424,WB CSC
Waste,WST - Solid Waste,CH4,2001,0.111282116,WB CSC
Waste,WST - Solid Waste,CH4,2002,0.01750448,WB CSC
Waste,WST - Solid Waste,CH4,2002,0.121433145,WB CSC
Waste,WST - Solid Waste,CH4,2003,0.02007936,WB CSC
Waste,WST - Solid Waste,CH4,2003,0.13149495,WB CSC
Waste,WST - Solid Waste,CH4,2004,0.0221312,WB CSC
Waste,WST - Solid Waste,CH4,2004,0.142265649,WB CSC
Waste,WST - Solid Waste,CH4,2005,0.02179632,WB CSC
Waste,WST - Solid Waste,CH4,2005,0.153526026,WB CSC
Waste,WST - Solid Waste,CH4,2006,0.0186536,WB CSC
Waste,WST - Solid Waste,CH4,2006,0.168835173,WB CSC
Waste,WST - Solid Waste,CH4,2007,0.03231648,WB CSC
Waste,WST - Solid Waste,CH4,2007,0.184361381,WB CSC
Waste,WST - Solid Waste,CH4,2008,0.0,WB CSC
Waste,WST - Solid Waste,CH4,2008,0.201015335,WB CSC
Waste,WST - Solid Waste,CH4,2009,0.03182704,WB CSC
Waste,WST - Solid Waste,CH4,2009,0.217494511,WB CSC
Waste,WST - Solid Waste,CH4,2010,0.03797136,WB CSC
Waste,WST - Solid Waste,CH4,2010,0.233914897,WB CSC
Waste,WST - Solid Waste,CH4,2011,0.03663856,WB CSC
Waste,WST - Solid Waste,CH4,2011,0.255095777,WB CSC
Waste,WST - Solid Waste,CH4,2012,0.04268208,WB CSC
Waste,WST - Solid Waste,CH4,2012,0.273313501,WB CSC
Waste,WST - Solid Waste,CH4,2013,0.04692912,WB CSC
Waste,WST - Solid Waste,CH4,2013,0.291490942,WB CSC
Waste,WST - Solid Waste,CH4,2014,0.05051648,WB CSC
Waste,WST - Solid Waste,CH4,2014,0.312216247,WB CSC
Waste,WST - Solid Waste,CH4,2015,0.04506544,WB CSC
Waste,WST - Solid Waste,CH4,2015,0.334491338,WB CSC
Waste,WST - Solid Waste,CH4,2016,0.04662336,WB CSC
Waste,WST - Solid Waste,CH4,2016,0.356972368,WB CSC
Waste,WST - Solid Waste,CH4,2017,0.04835152,WB CSC
Waste,WST - Solid Waste,CH4,2017,0.379275731,WB CSC
Waste,WST - Solid Waste,CH4,2018,0.05024096,WB CSC
Waste,WST - Solid Waste,CH4,2018,0.4054707,WB CSC
Waste,WST - Solid Waste,CH4,2019,0.05024096,WB CSC
Waste,WST - Solid Waste,CH4,2019,0.427838309,WB CSC
Waste,WST - Solid Waste,CH4,2020,0.05024096,WB CSC
Waste,WST - Solid Waste,CH4,2020,0.451439817,WB CSC
Waste,WST - Solid Waste,CH4,2021,0.05024096,WB CSC
Waste,WST - Solid Waste,CH4,2021,0.47482046,WB CSC
Waste,WST - Solid Waste,CH4,2022,0.05096448,WB CSC
Waste,WST - Solid Waste,CH4,2022,0.499412017,WB CSC
Waste,WST - Solid Waste,CH4,2023,0.051698419,WB CSC
Waste,WST - Solid Waste,CH4,2023,0.523517686,WB CSC
Waste,WST - Wastewater Treatment,CH4,2000,1.554824666,WB CSC
Waste,WST - Wastewater Treatment,CH4,2001,1.604752371,WB CSC
Waste,WST - Wastewater Treatment,CH4,2002,1.659610983,WB CSC
Waste,WST - Wastewater Treatment,CH4,2003,1.716213854,WB CSC
Waste,WST - Wastewater Treatment,CH4,2004,1.775549107,WB CSC
Waste,WST - Wastewater Treatment,CH4,2005,1.835395098,WB CSC
Waste,WST - Wastewater Treatment,CH4,2006,1.895067838,WB CSC
Waste,WST - Wastewater Treatment,CH4,2007,1.958001147,WB CSC
Waste,WST - Wastewater Treatment,CH4,2008,2.023474171,WB CSC
Waste,WST - Wastewater Treatment,CH4,2009,2.092442445,WB CSC
Waste,WST - Wastewater Treatment,CH4,2010,2.160720719,WB CSC
Waste,WST - Wastewater Treatment,CH4,2011,2.231660966,WB CSC
Waste,WST - Wastewater Treatment,CH4,2012,2.303749259,WB CSC
Waste,WST - Wastewater Treatment,CH4,2013,2.381295454,WB CSC
Waste,WST - Wastewater Treatment,CH4,2014,2.455594487,WB CSC
Waste,WST - Wastewater Treatment,CH4,2015,2.535166897,WB CSC
Waste,WST - Wastewater Treatment,CH4,2016,2.612646173,WB CSC
Waste,WST - Wastewater Treatment,CH4,2017,2.691630416,WB CSC
Waste,WST - Wastewater Treatment,CH4,2018,2.773049224,WB CSC
Waste,WST - Wastewater Treatment,CH4,2019,2.855253665,WB CSC
Waste,WST - Wastewater Treatment,CH4,2020,2.935223741,WB CSC
Waste,WST - Wastewater Treatment,CH4,2021,3.019616292,WB CSC
Waste,WST - Wastewater Treatment,CH4,2022,3.10569965,WB CSC
Waste,WST - Wastewater Treatment,CH4,2023,3.193329966,WB CSC
Waste,WST - Wastewater Treatment,N2O,2000,0.199830466,WB CSC
Waste,WST - Wastewater Treatment,N2O,2001,0.206610493,WB CSC
Waste,WST - Wastewater Treatment,N2O,2002,0.22238818,WB CSC
Waste,WST - Wastewater Treatment,N2O,2003,0.232901351,WB CSC
Waste,WST - Wastewater Treatment,N2O,2004,0.244383228,WB CSC
Waste,WST - Wastewater Treatment,N2O,2005,0.24634683,WB CSC
Waste,WST - Wastewater Treatment,N2O,2006,0.252070437,WB CSC
Waste,WST - Wastewater Treatment,N2O,2007,0.260940035,WB CSC
Waste,WST - Wastewater Treatment,N2O,2008,0.277510652,WB CSC
Waste,WST - Wastewater Treatment,N2O,2009,0.2998285,WB CSC
Waste,WST - Wastewater Treatment,N2O,2010,0.315960114,WB CSC
Waste,WST - Wastewater Treatment,N2O,2011,0.328700159,WB CSC
Waste,WST - Wastewater Treatment,N2O,2012,0.335812664,WB CSC
Waste,WST - Wastewater Treatment,N2O,2013,0.343576953,WB CSC
Waste,WST - Wastewater Treatment,N2O,2014,0.34619076,WB CSC
Waste,WST - Wastewater Treatment,N2O,2015,0.341768575,WB CSC
Waste,WST - Wastewater Treatment,N2O,2016,0.337242837,WB CSC
Waste,WST - Wastewater Treatment,N2O,2017,0.339099907,WB CSC
Waste,WST - Wastewater Treatment,N2O,2018,0.332464555,WB CSC
Waste,WST - Wastewater Treatment,N2O,2019,0.350169623,WB CSC
Waste,WST - Wastewater Treatment,N2O,2020,0.365421246,WB CSC
Waste,WST - Wastewater Treatment,N2O,2021,0.377116975,WB CSC
Waste,WST - Wastewater Treatment,N2O,2022,0.385091803,WB CSC
Waste,WST - Wastewater Treatment,N2O,2023,0.393235273,WB CSC
