abbreviation_subsector,subsector,variable_field,variable,area,energy,length,mass,monetary,power,volume,emission_gas
agrc,Agriculture,ef_agrc_anaerobicdom_rice_kg_ch4_ha,:math:\text{CH}_4 Crop Anaerobic Decomposition Emission Factor,ha,,,kg,,,,ch4
agrc,Agriculture,ef_agrc_biomass_bevs_and_spices_tonne_co2_ha,:math:\text{CO}_2 Crop Biomass Emission Factor,ha,,,tonne,,,,co2
agrc,Agriculture,ef_agrc_biomass_burning_ch4,:math:\text{CH}_4 Crop Biomass Burning Emission Factor,,,,,,,,ch4
agrc,Agriculture,ef_agrc_biomass_burning_n2o,:math:\text{N}_2\text{O} Crop Biomass Burning Emission Factor,,,,,,,,n2o
agrc,Agriculture,ef_agrc_biomass_fruits_tonne_co2_ha,:math:\text{CO}_2 Crop Biomass Emission Factor,ha,,,tonne,,,,co2
agrc,Agriculture,ef_agrc_biomass_nuts_tonne_co2_ha,:math:\text{CO}_2 Crop Biomass Emission Factor,ha,,,tonne,,,,co2
agrc,Agriculture,ef_agrc_biomass_other_woody_perennial_tonne_co2_ha,:math:\text{CO}_2 Crop Biomass Emission Factor,ha,,,tonne,,,,co2
agrc,Agriculture,elasticity_agrc_bevs_and_spices_demand_to_income,Crop Demand Income Elasticity,,,,,,,,
agrc,Agriculture,elasticity_agrc_cereals_demand_to_income,Crop Demand Income Elasticity,,,,,,,,
agrc,Agriculture,elasticity_agrc_fibers_demand_to_income,Crop Demand Income Elasticity,,,,,,,,
agrc,Agriculture,elasticity_agrc_fruits_demand_to_income,Crop Demand Income Elasticity,,,,,,,,
agrc,Agriculture,elasticity_agrc_herbs_and_other_perennial_crops_demand_to_income,Crop Demand Income Elasticity,,,,,,,,
agrc,Agriculture,elasticity_agrc_nuts_demand_to_income,Crop Demand Income Elasticity,,,,,,,,
agrc,Agriculture,elasticity_agrc_other_annual_demand_to_income,Crop Demand Income Elasticity,,,,,,,,
agrc,Agriculture,elasticity_agrc_other_woody_perennial_demand_to_income,Crop Demand Income Elasticity,,,,,,,,
agrc,Agriculture,elasticity_agrc_pulses_demand_to_income,Crop Demand Income Elasticity,,,,,,,,
agrc,Agriculture,elasticity_agrc_rice_demand_to_income,Crop Demand Income Elasticity,,,,,,,,
agrc,Agriculture,elasticity_agrc_sugar_cane_demand_to_income,Crop Demand Income Elasticity,,,,,,,,
agrc,Agriculture,elasticity_agrc_tubers_demand_to_income,Crop Demand Income Elasticity,,,,,,,,
agrc,Agriculture,elasticity_agrc_vegetables_and_vines_demand_to_income,Crop Demand Income Elasticity,,,,,,,,
agrc,Agriculture,exports_agrc_bevs_and_spices_tonne,Agriculture Equivalent Exports,,,,tonne,,,,
agrc,Agriculture,exports_agrc_cereals_tonne,Agriculture Equivalent Exports,,,,tonne,,,,
agrc,Agriculture,exports_agrc_fibers_tonne,Agriculture Equivalent Exports,,,,tonne,,,,
agrc,Agriculture,exports_agrc_fruits_tonne,Agriculture Equivalent Exports,,,,tonne,,,,
agrc,Agriculture,exports_agrc_herbs_and_other_perennial_crops_tonne,Agriculture Equivalent Exports,,,,tonne,,,,
agrc,Agriculture,exports_agrc_nuts_tonne,Agriculture Equivalent Exports,,,,tonne,,,,
agrc,Agriculture,exports_agrc_other_annual_tonne,Agriculture Equivalent Exports,,,,tonne,,,,
agrc,Agriculture,exports_agrc_other_woody_perennial_tonne,Agriculture Equivalent Exports,,,,tonne,,,,
agrc,Agriculture,exports_agrc_pulses_tonne,Agriculture Equivalent Exports,,,,tonne,,,,
agrc,Agriculture,exports_agrc_rice_tonne,Agriculture Equivalent Exports,,,,tonne,,,,
agrc,Agriculture,exports_agrc_sugar_cane_tonne,Agriculture Equivalent Exports,,,,tonne,,,,
agrc,Agriculture,exports_agrc_tubers_tonne,Agriculture Equivalent Exports,,,,tonne,,,,
agrc,Agriculture,exports_agrc_vegetables_and_vines_tonne,Agriculture Equivalent Exports,,,,tonne,,,,
agrc,Agriculture,frac_agrc_agriculture_production_lost,Fraction of Food Produced Lost Before Consumption,,,,,,,,
agrc,Agriculture,frac_agrc_bevs_and_spices_cl1_temperate,Agriculture Fraction Temperate,,,,,,,,
agrc,Agriculture,frac_agrc_bevs_and_spices_cl1_tropical,Agriculture Fraction Tropical,,,,,,,,
agrc,Agriculture,frac_agrc_bevs_and_spices_cl2_dry,Agriculture Fraction Dry,,,,,,,,
agrc,Agriculture,frac_agrc_bevs_and_spices_cl2_wet,Agriculture Fraction Wet,,,,,,,,
agrc,Agriculture,frac_agrc_cereals_cl1_temperate,Agriculture Fraction Temperate,,,,,,,,
agrc,Agriculture,frac_agrc_cereals_cl1_tropical,Agriculture Fraction Tropical,,,,,,,,
agrc,Agriculture,frac_agrc_cereals_cl2_dry,Agriculture Fraction Dry,,,,,,,,
agrc,Agriculture,frac_agrc_cereals_cl2_wet,Agriculture Fraction Wet,,,,,,,,
agrc,Agriculture,frac_agrc_combustion_factor_cereals,AGRC Combustion Factor,,,,,,,,
agrc,Agriculture,frac_agrc_combustion_factor_other_annual,AGRC Combustion Factor,,,,,,,,
agrc,Agriculture,frac_agrc_combustion_factor_pulses,AGRC Combustion Factor,,,,,,,,
agrc,Agriculture,frac_agrc_combustion_factor_rice,AGRC Combustion Factor,,,,,,,,
agrc,Agriculture,frac_agrc_combustion_factor_tubers,AGRC Combustion Factor,,,,,,,,
agrc,Agriculture,frac_agrc_crop_demand_imported_bevs_and_spices,Fraction of Agriculture Demand Imported,,,,,,,,
agrc,Agriculture,frac_agrc_crop_demand_imported_cereals,Fraction of Agriculture Demand Imported,,,,,,,,
agrc,Agriculture,frac_agrc_crop_demand_imported_fibers,Fraction of Agriculture Demand Imported,,,,,,,,
agrc,Agriculture,frac_agrc_crop_demand_imported_fruits,Fraction of Agriculture Demand Imported,,,,,,,,
agrc,Agriculture,frac_agrc_crop_demand_imported_herbs_and_other_perennial_crops,Fraction of Agriculture Demand Imported,,,,,,,,
agrc,Agriculture,frac_agrc_crop_demand_imported_nuts,Fraction of Agriculture Demand Imported,,,,,,,,
agrc,Agriculture,frac_agrc_crop_demand_imported_other_annual,Fraction of Agriculture Demand Imported,,,,,,,,
agrc,Agriculture,frac_agrc_crop_demand_imported_other_woody_perennial,Fraction of Agriculture Demand Imported,,,,,,,,
agrc,Agriculture,frac_agrc_crop_demand_imported_pulses,Fraction of Agriculture Demand Imported,,,,,,,,
agrc,Agriculture,frac_agrc_crop_demand_imported_rice,Fraction of Agriculture Demand Imported,,,,,,,,
agrc,Agriculture,frac_agrc_crop_demand_imported_sugar_cane,Fraction of Agriculture Demand Imported,,,,,,,,
agrc,Agriculture,frac_agrc_crop_demand_imported_tubers,Fraction of Agriculture Demand Imported,,,,,,,,
agrc,Agriculture,frac_agrc_crop_demand_imported_vegetables_and_vines,Fraction of Agriculture Demand Imported,,,,,,,,
agrc,Agriculture,frac_agrc_crop_residues_burned,Fraction of Residues Burned,,,,,,,,
agrc,Agriculture,frac_agrc_crop_residues_removed,Fraction of Residues Removed,,,,,,,,
agrc,Agriculture,frac_agrc_dry_matter_of_harvest_cereals,Dry Matter Fraction of Harvested Crop,,,,,,,,
agrc,Agriculture,frac_agrc_dry_matter_of_harvest_other_annual,Dry Matter Fraction of Harvested Crop,,,,,,,,
agrc,Agriculture,frac_agrc_dry_matter_of_harvest_pulses,Dry Matter Fraction of Harvested Crop,,,,,,,,
agrc,Agriculture,frac_agrc_dry_matter_of_harvest_rice,Dry Matter Fraction of Harvested Crop,,,,,,,,
agrc,Agriculture,frac_agrc_dry_matter_of_harvest_tubers,Dry Matter Fraction of Harvested Crop,,,,,,,,
agrc,Agriculture,frac_agrc_fibers_cl1_temperate,Agriculture Fraction Temperate,,,,,,,,
agrc,Agriculture,frac_agrc_fibers_cl1_tropical,Agriculture Fraction Tropical,,,,,,,,
agrc,Agriculture,frac_agrc_fibers_cl2_dry,Agriculture Fraction Dry,,,,,,,,
agrc,Agriculture,frac_agrc_fibers_cl2_wet,Agriculture Fraction Wet,,,,,,,,
agrc,Agriculture,frac_agrc_fruits_cl1_temperate,Agriculture Fraction Temperate,,,,,,,,
agrc,Agriculture,frac_agrc_fruits_cl1_tropical,Agriculture Fraction Tropical,,,,,,,,
agrc,Agriculture,frac_agrc_fruits_cl2_dry,Agriculture Fraction Dry,,,,,,,,
agrc,Agriculture,frac_agrc_fruits_cl2_wet,Agriculture Fraction Wet,,,,,,,,
agrc,Agriculture,frac_agrc_herbs_and_other_perennial_crops_cl1_temperate,Agriculture Fraction Temperate,,,,,,,,
agrc,Agriculture,frac_agrc_herbs_and_other_perennial_crops_cl1_tropical,Agriculture Fraction Tropical,,,,,,,,
agrc,Agriculture,frac_agrc_herbs_and_other_perennial_crops_cl2_dry,Agriculture Fraction Dry,,,,,,,,
agrc,Agriculture,frac_agrc_herbs_and_other_perennial_crops_cl2_wet,Agriculture Fraction Wet,,,,,,,,
agrc,Agriculture,frac_agrc_initial_area_cropland_bevs_and_spices,Initial Cropland Area Proportion,,,,,,,,
agrc,Agriculture,frac_agrc_initial_area_cropland_cereals,Initial Cropland Area Proportion,,,,,,,,
agrc,Agriculture,frac_agrc_initial_area_cropland_fibers,Initial Cropland Area Proportion,,,,,,,,
agrc,Agriculture,frac_agrc_initial_area_cropland_fruits,Initial Cropland Area Proportion,,,,,,,,
agrc,Agriculture,frac_agrc_initial_area_cropland_herbs_and_other_perennial_crops,Initial Cropland Area Proportion,,,,,,,,
agrc,Agriculture,frac_agrc_initial_area_cropland_nuts,Initial Cropland Area Proportion,,,,,,,,
agrc,Agriculture,frac_agrc_initial_area_cropland_other_annual,Initial Cropland Area Proportion,,,,,,,,
agrc,Agriculture,frac_agrc_initial_area_cropland_other_woody_perennial,Initial Cropland Area Proportion,,,,,,,,
agrc,Agriculture,frac_agrc_initial_area_cropland_pulses,Initial Cropland Area Proportion,,,,,,,,
agrc,Agriculture,frac_agrc_initial_area_cropland_rice,Initial Cropland Area Proportion,,,,,,,,
agrc,Agriculture,frac_agrc_initial_area_cropland_sugar_cane,Initial Cropland Area Proportion,,,,,,,,
agrc,Agriculture,frac_agrc_initial_area_cropland_tubers,Initial Cropland Area Proportion,,,,,,,,
agrc,Agriculture,frac_agrc_initial_area_cropland_vegetables_and_vines,Initial Cropland Area Proportion,,,,,,,,
agrc,Agriculture,frac_agrc_initial_yield_feed_bevs_and_spices,Crop Fraction Animal Feed,,,,,,,,
agrc,Agriculture,frac_agrc_initial_yield_feed_cereals,Crop Fraction Animal Feed,,,,,,,,
agrc,Agriculture,frac_agrc_initial_yield_feed_fibers,Crop Fraction Animal Feed,,,,,,,,
agrc,Agriculture,frac_agrc_initial_yield_feed_fruits,Crop Fraction Animal Feed,,,,,,,,
agrc,Agriculture,frac_agrc_initial_yield_feed_herbs_and_other_perennial_crops,Crop Fraction Animal Feed,,,,,,,,
agrc,Agriculture,frac_agrc_initial_yield_feed_nuts,Crop Fraction Animal Feed,,,,,,,,
agrc,Agriculture,frac_agrc_initial_yield_feed_other_annual,Crop Fraction Animal Feed,,,,,,,,
agrc,Agriculture,frac_agrc_initial_yield_feed_other_woody_perennial,Crop Fraction Animal Feed,,,,,,,,
agrc,Agriculture,frac_agrc_initial_yield_feed_pulses,Crop Fraction Animal Feed,,,,,,,,
agrc,Agriculture,frac_agrc_initial_yield_feed_rice,Crop Fraction Animal Feed,,,,,,,,
agrc,Agriculture,frac_agrc_initial_yield_feed_sugar_cane,Crop Fraction Animal Feed,,,,,,,,
agrc,Agriculture,frac_agrc_initial_yield_feed_tubers,Crop Fraction Animal Feed,,,,,,,,
agrc,Agriculture,frac_agrc_initial_yield_feed_vegetables_and_vines,Crop Fraction Animal Feed,,,,,,,,
agrc,Agriculture,frac_agrc_n_in_above_ground_residue_cereals,N Content of Above Ground Residues,,,,,,,,
agrc,Agriculture,frac_agrc_n_in_above_ground_residue_other_annual,N Content of Above Ground Residues,,,,,,,,
agrc,Agriculture,frac_agrc_n_in_above_ground_residue_pulses,N Content of Above Ground Residues,,,,,,,,
agrc,Agriculture,frac_agrc_n_in_above_ground_residue_rice,N Content of Above Ground Residues,,,,,,,,
agrc,Agriculture,frac_agrc_n_in_above_ground_residue_tubers,N Content of Above Ground Residues,,,,,,,,
agrc,Agriculture,frac_agrc_n_in_below_ground_residue_cereals,N Content of Below Ground Residues,,,,,,,,
agrc,Agriculture,frac_agrc_n_in_below_ground_residue_other_annual,N Content of Below Ground Residues,,,,,,,,
agrc,Agriculture,frac_agrc_n_in_below_ground_residue_pulses,N Content of Below Ground Residues,,,,,,,,
agrc,Agriculture,frac_agrc_n_in_below_ground_residue_rice,N Content of Below Ground Residues,,,,,,,,
agrc,Agriculture,frac_agrc_n_in_below_ground_residue_tubers,N Content of Below Ground Residues,,,,,,,,
agrc,Agriculture,frac_agrc_no_till_cereals,No Till Crop Fraction,,,,,,,,
agrc,Agriculture,frac_agrc_no_till_fibers,No Till Crop Fraction,,,,,,,,
agrc,Agriculture,frac_agrc_no_till_other_annual,No Till Crop Fraction,,,,,,,,
agrc,Agriculture,frac_agrc_no_till_pulses,No Till Crop Fraction,,,,,,,,
agrc,Agriculture,frac_agrc_no_till_tubers,No Till Crop Fraction,,,,,,,,
agrc,Agriculture,frac_agrc_no_till_vegetables_and_vines,No Till Crop Fraction,,,,,,,,
agrc,Agriculture,frac_agrc_nuts_cl1_temperate,Agriculture Fraction Temperate,,,,,,,,
agrc,Agriculture,frac_agrc_nuts_cl1_tropical,Agriculture Fraction Tropical,,,,,,,,
agrc,Agriculture,frac_agrc_nuts_cl2_dry,Agriculture Fraction Dry,,,,,,,,
agrc,Agriculture,frac_agrc_nuts_cl2_wet,Agriculture Fraction Wet,,,,,,,,
agrc,Agriculture,frac_agrc_other_annual_cl1_temperate,Agriculture Fraction Temperate,,,,,,,,
agrc,Agriculture,frac_agrc_other_annual_cl1_tropical,Agriculture Fraction Tropical,,,,,,,,
agrc,Agriculture,frac_agrc_other_annual_cl2_dry,Agriculture Fraction Dry,,,,,,,,
agrc,Agriculture,frac_agrc_other_annual_cl2_wet,Agriculture Fraction Wet,,,,,,,,
agrc,Agriculture,frac_agrc_other_woody_perennial_cl1_temperate,Agriculture Fraction Temperate,,,,,,,,
agrc,Agriculture,frac_agrc_other_woody_perennial_cl1_tropical,Agriculture Fraction Tropical,,,,,,,,
agrc,Agriculture,frac_agrc_other_woody_perennial_cl2_dry,Agriculture Fraction Dry,,,,,,,,
agrc,Agriculture,frac_agrc_other_woody_perennial_cl2_wet,Agriculture Fraction Wet,,,,,,,,
agrc,Agriculture,frac_agrc_production_lost_sent_to_msw,Fraction of Food Loss Sent to Municipal Solid Waste,,,,,,,,
agrc,Agriculture,frac_agrc_pulses_cl1_temperate,Agriculture Fraction Temperate,,,,,,,,
agrc,Agriculture,frac_agrc_pulses_cl1_tropical,Agriculture Fraction Tropical,,,,,,,,
agrc,Agriculture,frac_agrc_pulses_cl2_dry,Agriculture Fraction Dry,,,,,,,,
agrc,Agriculture,frac_agrc_pulses_cl2_wet,Agriculture Fraction Wet,,,,,,,,
agrc,Agriculture,frac_agrc_rice_cl1_temperate,Agriculture Fraction Temperate,,,,,,,,
agrc,Agriculture,frac_agrc_rice_cl1_tropical,Agriculture Fraction Tropical,,,,,,,,
agrc,Agriculture,frac_agrc_rice_cl2_dry,Agriculture Fraction Dry,,,,,,,,
agrc,Agriculture,frac_agrc_rice_cl2_wet,Agriculture Fraction Wet,,,,,,,,
agrc,Agriculture,frac_agrc_sugar_cane_cl1_temperate,Agriculture Fraction Temperate,,,,,,,,
agrc,Agriculture,frac_agrc_sugar_cane_cl1_tropical,Agriculture Fraction Tropical,,,,,,,,
agrc,Agriculture,frac_agrc_sugar_cane_cl2_dry,Agriculture Fraction Dry,,,,,,,,
agrc,Agriculture,frac_agrc_sugar_cane_cl2_wet,Agriculture Fraction Wet,,,,,,,,
agrc,Agriculture,frac_agrc_tubers_cl1_temperate,Agriculture Fraction Temperate,,,,,,,,
agrc,Agriculture,frac_agrc_tubers_cl1_tropical,Agriculture Fraction Tropical,,,,,,,,
agrc,Agriculture,frac_agrc_tubers_cl2_dry,Agriculture Fraction Dry,,,,,,,,
agrc,Agriculture,frac_agrc_tubers_cl2_wet,Agriculture Fraction Wet,,,,,,,,
agrc,Agriculture,frac_agrc_vegetables_and_vines_cl1_temperate,Agriculture Fraction Temperate,,,,,,,,
agrc,Agriculture,frac_agrc_vegetables_and_vines_cl1_tropical,Agriculture Fraction Tropical,,,,,,,,
agrc,Agriculture,frac_agrc_vegetables_and_vines_cl2_dry,Agriculture Fraction Dry,,,,,,,,
agrc,Agriculture,frac_agrc_vegetables_and_vines_cl2_wet,Agriculture Fraction Wet,,,,,,,,
agrc,Agriculture,ratio_agrc_above_ground_residue_to_yield_cereals,Ratio of Above Ground Residue to Harvested Yield,,,,,,,,
agrc,Agriculture,ratio_agrc_above_ground_residue_to_yield_other_annual,Ratio of Above Ground Residue to Harvested Yield,,,,,,,,
agrc,Agriculture,ratio_agrc_above_ground_residue_to_yield_pulses,Ratio of Above Ground Residue to Harvested Yield,,,,,,,,
agrc,Agriculture,ratio_agrc_above_ground_residue_to_yield_rice,Ratio of Above Ground Residue to Harvested Yield,,,,,,,,
agrc,Agriculture,ratio_agrc_above_ground_residue_to_yield_tubers,Ratio of Above Ground Residue to Harvested Yield,,,,,,,,
agrc,Agriculture,ratio_agrc_below_ground_to_above_ground_biomass_cereals,Ratio of Below Ground Biomass to Above Ground Biomass,,,,,,,,
agrc,Agriculture,ratio_agrc_below_ground_to_above_ground_biomass_other_annual,Ratio of Below Ground Biomass to Above Ground Biomass,,,,,,,,
agrc,Agriculture,ratio_agrc_below_ground_to_above_ground_biomass_pulses,Ratio of Below Ground Biomass to Above Ground Biomass,,,,,,,,
agrc,Agriculture,ratio_agrc_below_ground_to_above_ground_biomass_rice,Ratio of Below Ground Biomass to Above Ground Biomass,,,,,,,,
agrc,Agriculture,ratio_agrc_below_ground_to_above_ground_biomass_tubers,Ratio of Below Ground Biomass to Above Ground Biomass,,,,,,,,
agrc,Agriculture,regressionb_agrc_above_ground_residue_cereals_kg_per_ha,Above Ground Residue Dry Matter Intercept,ha,,,kg,,,,
agrc,Agriculture,regressionb_agrc_above_ground_residue_other_annual_kg_per_ha,Above Ground Residue Dry Matter Intercept,ha,,,kg,,,,
agrc,Agriculture,regressionb_agrc_above_ground_residue_pulses_kg_per_ha,Above Ground Residue Dry Matter Intercept,ha,,,kg,,,,
agrc,Agriculture,regressionb_agrc_above_ground_residue_rice_kg_per_ha,Above Ground Residue Dry Matter Intercept,ha,,,kg,,,,
agrc,Agriculture,regressionb_agrc_above_ground_residue_tubers_kg_per_ha,Above Ground Residue Dry Matter Intercept,ha,,,kg,,,,
agrc,Agriculture,regressionm_agrc_above_ground_residue_cereals_kg_per_ha,Above Ground Residue Dry Matter Slope,ha,,,kg,,,,
agrc,Agriculture,regressionm_agrc_above_ground_residue_other_annual_kg_per_ha,Above Ground Residue Dry Matter Slope,ha,,,kg,,,,
agrc,Agriculture,regressionm_agrc_above_ground_residue_pulses_kg_per_ha,Above Ground Residue Dry Matter Slope,ha,,,kg,,,,
agrc,Agriculture,regressionm_agrc_above_ground_residue_rice_kg_per_ha,Above Ground Residue Dry Matter Slope,ha,,,kg,,,,
agrc,Agriculture,regressionm_agrc_above_ground_residue_tubers_kg_per_ha,Above Ground Residue Dry Matter Slope,ha,,,kg,,,,
agrc,Agriculture,yf_agrc_bevs_and_spices_tonne_ha,Crop Yield Factor,ha,,,tonne,,,,
agrc,Agriculture,yf_agrc_cereals_tonne_ha,Crop Yield Factor,ha,,,tonne,,,,
agrc,Agriculture,yf_agrc_fibers_tonne_ha,Crop Yield Factor,ha,,,tonne,,,,
agrc,Agriculture,yf_agrc_fruits_tonne_ha,Crop Yield Factor,ha,,,tonne,,,,
agrc,Agriculture,yf_agrc_herbs_and_other_perennial_crops_tonne_ha,Crop Yield Factor,ha,,,tonne,,,,
agrc,Agriculture,yf_agrc_nuts_tonne_ha,Crop Yield Factor,ha,,,tonne,,,,
agrc,Agriculture,yf_agrc_other_annual_tonne_ha,Crop Yield Factor,ha,,,tonne,,,,
agrc,Agriculture,yf_agrc_other_woody_perennial_tonne_ha,Crop Yield Factor,ha,,,tonne,,,,
agrc,Agriculture,yf_agrc_pulses_tonne_ha,Crop Yield Factor,ha,,,tonne,,,,
agrc,Agriculture,yf_agrc_rice_tonne_ha,Crop Yield Factor,ha,,,tonne,,,,
agrc,Agriculture,yf_agrc_sugar_cane_tonne_ha,Crop Yield Factor,ha,,,tonne,,,,
agrc,Agriculture,yf_agrc_tubers_tonne_ha,Crop Yield Factor,ha,,,tonne,,,,
agrc,Agriculture,yf_agrc_vegetables_and_vines_tonne_ha,Crop Yield Factor,ha,,,tonne,,,,
ccsq,Carbon Capture and Sequestration,efficfactor_ccsq_heat_energy_direct_air_capture_geothermal,CCSQ Efficiency Factor for Heat Energy from Geothermal,,,,,,,,
ccsq,Carbon Capture and Sequestration,efficfactor_ccsq_heat_energy_direct_air_capture_hydrogen,CCSQ Efficiency Factor for Heat Energy from Hydrogen,,,,,,,,
ccsq,Carbon Capture and Sequestration,efficfactor_ccsq_heat_energy_direct_air_capture_natural_gas,CCSQ Efficiency Factor for Heat Energy from Natural Gas,,,,,,,,
ccsq,Carbon Capture and Sequestration,energy_intensity_ccsq_direct_air_capture_gj_per_tonne_co2,CCSQ Energy Demand Per Mass of :math:\text{CO}_2 Captured,,gj,,tonne,,,,co2
ccsq,Carbon Capture and Sequestration,frac_ccsq_energydem_direct_air_capture_electricity,CCSQ Fraction Energy Electricity,,,,,,,,
ccsq,Carbon Capture and Sequestration,frac_ccsq_energydem_direct_air_capture_heat,CCSQ Fraction Energy Heat,,,,,,,,
ccsq,Carbon Capture and Sequestration,frac_ccsq_heat_energy_direct_air_capture_geothermal,CCSQ Fraction Heat Energy Demand Geothermal,,,,,,,,
ccsq,Carbon Capture and Sequestration,frac_ccsq_heat_energy_direct_air_capture_hydrogen,CCSQ Fraction Heat Energy Demand Hydrogen,,,,,,,,
ccsq,Carbon Capture and Sequestration,frac_ccsq_heat_energy_direct_air_capture_natural_gas,CCSQ Fraction Heat Energy Demand Natural Gas,,,,,,,,
ccsq,Carbon Capture and Sequestration,qty_ccsq_mt_co2_captured_sequestered_by_direct_air_capture,Annual Capture and Sequestration by Type,,,,mt,,,,co2
econ,Economy,gdp_mmm_usd,GDP,,,,,mmm_usd,,,
enfu,Energy Fuels,cost_enfu_fuel_ammonia_usd_per_tonne,Gravimetric Fuel Price,,,,tonne,usd,,,
enfu,Energy Fuels,cost_enfu_fuel_biofuels_usd_per_m3,Volumetric Fuel Price,,,,,usd,,m3,
enfu,Energy Fuels,cost_enfu_fuel_biogas_usd_per_mmbtu,Thermal Fuel Price,,mmbtu,,,usd,,,
enfu,Energy Fuels,cost_enfu_fuel_biomass_usd_per_tonne,Gravimetric Fuel Price,,,,tonne,usd,,,
enfu,Energy Fuels,cost_enfu_fuel_coal_usd_per_tonne,Gravimetric Fuel Price,,,,tonne,usd,,,
enfu,Energy Fuels,cost_enfu_fuel_coke_usd_per_tonne,Gravimetric Fuel Price,,,,tonne,usd,,,
enfu,Energy Fuels,cost_enfu_fuel_crude_usd_per_m3,Volumetric Fuel Price,,,,,usd,,m3,
enfu,Energy Fuels,cost_enfu_fuel_diesel_usd_per_m3,Volumetric Fuel Price,,,,,usd,,m3,
enfu,Energy Fuels,cost_enfu_fuel_electricity_usd_per_mmbtu,Thermal Fuel Price,,mmbtu,,,usd,,,
enfu,Energy Fuels,cost_enfu_fuel_furnace_gas_usd_per_m3,Volumetric Fuel Price,,,,,usd,,m3,
enfu,Energy Fuels,cost_enfu_fuel_gasoline_usd_per_m3,Volumetric Fuel Price,,,,,usd,,m3,
enfu,Energy Fuels,cost_enfu_fuel_hydrocarbon_gas_liquids_usd_per_mmbtu,Thermal Fuel Price,,mmbtu,,,usd,,,
enfu,Energy Fuels,cost_enfu_fuel_hydrogen_usd_per_mmbtu,Thermal Fuel Price,,mmbtu,,,usd,,,
enfu,Energy Fuels,cost_enfu_fuel_kerosene_usd_per_m3,Volumetric Fuel Price,,,,,usd,,m3,
enfu,Energy Fuels,cost_enfu_fuel_natural_gas_liquid_usd_per_m3,Volumetric Fuel Price,,,,,usd,,m3,
enfu,Energy Fuels,cost_enfu_fuel_natural_gas_usd_per_mmbtu,Thermal Fuel Price,,mmbtu,,,usd,,,
enfu,Energy Fuels,cost_enfu_fuel_nuclear_usd_per_tonne,Gravimetric Fuel Price,,,,tonne,usd,,,
enfu,Energy Fuels,cost_enfu_fuel_oil_usd_per_m3,Volumetric Fuel Price,,,,,usd,,m3,
enfu,Energy Fuels,cost_enfu_fuel_waste_usd_per_mmbtu,Thermal Fuel Price,,mmbtu,,,usd,,,
enfu,Energy Fuels,ef_enfu_combustion_tonne_co2_per_tj_fuel_ammonia,:math:\text{CO}_2 Combustion Emission Factor,,tj,,tonne,,,,co2
enfu,Energy Fuels,ef_enfu_combustion_tonne_co2_per_tj_fuel_biofuels,:math:\text{CO}_2 Combustion Emission Factor,,tj,,tonne,,,,co2
enfu,Energy Fuels,ef_enfu_combustion_tonne_co2_per_tj_fuel_biogas,:math:\text{CO}_2 Combustion Emission Factor,,tj,,tonne,,,,co2
enfu,Energy Fuels,ef_enfu_combustion_tonne_co2_per_tj_fuel_biomass,:math:\text{CO}_2 Combustion Emission Factor,,tj,,tonne,,,,co2
enfu,Energy Fuels,ef_enfu_combustion_tonne_co2_per_tj_fuel_coal,:math:\text{CO}_2 Combustion Emission Factor,,tj,,tonne,,,,co2
enfu,Energy Fuels,ef_enfu_combustion_tonne_co2_per_tj_fuel_coal_deposits,:math:\text{CO}_2 Combustion Emission Factor,,tj,,tonne,,,,co2
enfu,Energy Fuels,ef_enfu_combustion_tonne_co2_per_tj_fuel_coke,:math:\text{CO}_2 Combustion Emission Factor,,tj,,tonne,,,,co2
enfu,Energy Fuels,ef_enfu_combustion_tonne_co2_per_tj_fuel_crude,:math:\text{CO}_2 Combustion Emission Factor,,tj,,tonne,,,,co2
enfu,Energy Fuels,ef_enfu_combustion_tonne_co2_per_tj_fuel_diesel,:math:\text{CO}_2 Combustion Emission Factor,,tj,,tonne,,,,co2
enfu,Energy Fuels,ef_enfu_combustion_tonne_co2_per_tj_fuel_electricity,:math:\text{CO}_2 Combustion Emission Factor,,tj,,tonne,,,,co2
enfu,Energy Fuels,ef_enfu_combustion_tonne_co2_per_tj_fuel_furnace_gas,:math:\text{CO}_2 Combustion Emission Factor,,tj,,tonne,,,,co2
enfu,Energy Fuels,ef_enfu_combustion_tonne_co2_per_tj_fuel_gasoline,:math:\text{CO}_2 Combustion Emission Factor,,tj,,tonne,,,,co2
enfu,Energy Fuels,ef_enfu_combustion_tonne_co2_per_tj_fuel_geothermal,:math:\text{CO}_2 Combustion Emission Factor,,tj,,tonne,,,,co2
enfu,Energy Fuels,ef_enfu_combustion_tonne_co2_per_tj_fuel_hydrocarbon_gas_liquids,:math:\text{CO}_2 Combustion Emission Factor,,tj,,tonne,,,,co2
enfu,Energy Fuels,ef_enfu_combustion_tonne_co2_per_tj_fuel_hydrogen,:math:\text{CO}_2 Combustion Emission Factor,,tj,,tonne,,,,co2
enfu,Energy Fuels,ef_enfu_combustion_tonne_co2_per_tj_fuel_kerosene,:math:\text{CO}_2 Combustion Emission Factor,,tj,,tonne,,,,co2
enfu,Energy Fuels,ef_enfu_combustion_tonne_co2_per_tj_fuel_natural_gas,:math:\text{CO}_2 Combustion Emission Factor,,tj,,tonne,,,,co2
enfu,Energy Fuels,ef_enfu_combustion_tonne_co2_per_tj_fuel_natural_gas_liquid,:math:\text{CO}_2 Combustion Emission Factor,,tj,,tonne,,,,co2
enfu,Energy Fuels,ef_enfu_combustion_tonne_co2_per_tj_fuel_natural_gas_unprocessed,:math:\text{CO}_2 Combustion Emission Factor,,tj,,tonne,,,,co2
enfu,Energy Fuels,ef_enfu_combustion_tonne_co2_per_tj_fuel_nuclear,:math:\text{CO}_2 Combustion Emission Factor,,tj,,tonne,,,,co2
enfu,Energy Fuels,ef_enfu_combustion_tonne_co2_per_tj_fuel_ocean,:math:\text{CO}_2 Combustion Emission Factor,,tj,,tonne,,,,co2
enfu,Energy Fuels,ef_enfu_combustion_tonne_co2_per_tj_fuel_oil,:math:\text{CO}_2 Combustion Emission Factor,,tj,,tonne,,,,co2
enfu,Energy Fuels,ef_enfu_combustion_tonne_co2_per_tj_fuel_other,:math:\text{CO}_2 Combustion Emission Factor,,tj,,tonne,,,,co2
enfu,Energy Fuels,ef_enfu_combustion_tonne_co2_per_tj_fuel_solar,:math:\text{CO}_2 Combustion Emission Factor,,tj,,tonne,,,,co2
enfu,Energy Fuels,ef_enfu_combustion_tonne_co2_per_tj_fuel_waste,:math:\text{CO}_2 Combustion Emission Factor,,tj,,tonne,,,,co2
enfu,Energy Fuels,ef_enfu_combustion_tonne_co2_per_tj_fuel_water,:math:\text{CO}_2 Combustion Emission Factor,,tj,,tonne,,,,co2
enfu,Energy Fuels,ef_enfu_combustion_tonne_co2_per_tj_fuel_wind,:math:\text{CO}_2 Combustion Emission Factor,,tj,,tonne,,,,co2
enfu,Energy Fuels,ef_enfu_stationary_combustion_tonne_ch4_per_tj_fuel_ammonia,:math:\text{CH}_4 Stationary Combustion Emission Factor,,tj,,tonne,,,,ch4
enfu,Energy Fuels,ef_enfu_stationary_combustion_tonne_ch4_per_tj_fuel_biofuels,:math:\text{CH}_4 Stationary Combustion Emission Factor,,tj,,tonne,,,,ch4
enfu,Energy Fuels,ef_enfu_stationary_combustion_tonne_ch4_per_tj_fuel_biogas,:math:\text{CH}_4 Stationary Combustion Emission Factor,,tj,,tonne,,,,ch4
enfu,Energy Fuels,ef_enfu_stationary_combustion_tonne_ch4_per_tj_fuel_biomass,:math:\text{CH}_4 Stationary Combustion Emission Factor,,tj,,tonne,,,,ch4
enfu,Energy Fuels,ef_enfu_stationary_combustion_tonne_ch4_per_tj_fuel_coal,:math:\text{CH}_4 Stationary Combustion Emission Factor,,tj,,tonne,,,,ch4
enfu,Energy Fuels,ef_enfu_stationary_combustion_tonne_ch4_per_tj_fuel_coal_deposits,:math:\text{CH}_4 Stationary Combustion Emission Factor,,tj,,tonne,,,,ch4
enfu,Energy Fuels,ef_enfu_stationary_combustion_tonne_ch4_per_tj_fuel_coke,:math:\text{CH}_4 Stationary Combustion Emission Factor,,tj,,tonne,,,,ch4
enfu,Energy Fuels,ef_enfu_stationary_combustion_tonne_ch4_per_tj_fuel_crude,:math:\text{CH}_4 Stationary Combustion Emission Factor,,tj,,tonne,,,,ch4
enfu,Energy Fuels,ef_enfu_stationary_combustion_tonne_ch4_per_tj_fuel_diesel,:math:\text{CH}_4 Stationary Combustion Emission Factor,,tj,,tonne,,,,ch4
enfu,Energy Fuels,ef_enfu_stationary_combustion_tonne_ch4_per_tj_fuel_electricity,:math:\text{CH}_4 Stationary Combustion Emission Factor,,tj,,tonne,,,,ch4
enfu,Energy Fuels,ef_enfu_stationary_combustion_tonne_ch4_per_tj_fuel_furnace_gas,:math:\text{CH}_4 Stationary Combustion Emission Factor,,tj,,tonne,,,,ch4
enfu,Energy Fuels,ef_enfu_stationary_combustion_tonne_ch4_per_tj_fuel_gasoline,:math:\text{CH}_4 Stationary Combustion Emission Factor,,tj,,tonne,,,,ch4
enfu,Energy Fuels,ef_enfu_stationary_combustion_tonne_ch4_per_tj_fuel_geothermal,:math:\text{CH}_4 Stationary Combustion Emission Factor,,tj,,tonne,,,,ch4
enfu,Energy Fuels,ef_enfu_stationary_combustion_tonne_ch4_per_tj_fuel_hydrocarbon_gas_liquids,:math:\text{CH}_4 Stationary Combustion Emission Factor,,tj,,tonne,,,,ch4
enfu,Energy Fuels,ef_enfu_stationary_combustion_tonne_ch4_per_tj_fuel_hydrogen,:math:\text{CH}_4 Stationary Combustion Emission Factor,,tj,,tonne,,,,ch4
enfu,Energy Fuels,ef_enfu_stationary_combustion_tonne_ch4_per_tj_fuel_kerosene,:math:\text{CH}_4 Stationary Combustion Emission Factor,,tj,,tonne,,,,ch4
enfu,Energy Fuels,ef_enfu_stationary_combustion_tonne_ch4_per_tj_fuel_natural_gas,:math:\text{CH}_4 Stationary Combustion Emission Factor,,tj,,tonne,,,,ch4
enfu,Energy Fuels,ef_enfu_stationary_combustion_tonne_ch4_per_tj_fuel_natural_gas_liquid,:math:\text{CH}_4 Stationary Combustion Emission Factor,,tj,,tonne,,,,ch4
enfu,Energy Fuels,ef_enfu_stationary_combustion_tonne_ch4_per_tj_fuel_natural_gas_unprocessed,:math:\text{CH}_4 Stationary Combustion Emission Factor,,tj,,tonne,,,,ch4
enfu,Energy Fuels,ef_enfu_stationary_combustion_tonne_ch4_per_tj_fuel_nuclear,:math:\text{CH}_4 Stationary Combustion Emission Factor,,tj,,tonne,,,,ch4
enfu,Energy Fuels,ef_enfu_stationary_combustion_tonne_ch4_per_tj_fuel_ocean,:math:\text{CH}_4 Stationary Combustion Emission Factor,,tj,,tonne,,,,ch4
enfu,Energy Fuels,ef_enfu_stationary_combustion_tonne_ch4_per_tj_fuel_oil,:math:\text{CH}_4 Stationary Combustion Emission Factor,,tj,,tonne,,,,ch4
enfu,Energy Fuels,ef_enfu_stationary_combustion_tonne_ch4_per_tj_fuel_other,:math:\text{CH}_4 Stationary Combustion Emission Factor,,tj,,tonne,,,,ch4
enfu,Energy Fuels,ef_enfu_stationary_combustion_tonne_ch4_per_tj_fuel_solar,:math:\text{CH}_4 Stationary Combustion Emission Factor,,tj,,tonne,,,,ch4
enfu,Energy Fuels,ef_enfu_stationary_combustion_tonne_ch4_per_tj_fuel_waste,:math:\text{CH}_4 Stationary Combustion Emission Factor,,tj,,tonne,,,,ch4
enfu,Energy Fuels,ef_enfu_stationary_combustion_tonne_ch4_per_tj_fuel_water,:math:\text{CH}_4 Stationary Combustion Emission Factor,,tj,,tonne,,,,ch4
enfu,Energy Fuels,ef_enfu_stationary_combustion_tonne_ch4_per_tj_fuel_wind,:math:\text{CH}_4 Stationary Combustion Emission Factor,,tj,,tonne,,,,ch4
enfu,Energy Fuels,ef_enfu_stationary_combustion_tonne_n2o_per_tj_fuel_ammonia,:math:\text{N}_2\text{O} Stationary Combustion Emission Factor,,tj,,tonne,,,,n2o
enfu,Energy Fuels,ef_enfu_stationary_combustion_tonne_n2o_per_tj_fuel_biofuels,:math:\text{N}_2\text{O} Stationary Combustion Emission Factor,,tj,,tonne,,,,n2o
enfu,Energy Fuels,ef_enfu_stationary_combustion_tonne_n2o_per_tj_fuel_biogas,:math:\text{N}_2\text{O} Stationary Combustion Emission Factor,,tj,,tonne,,,,n2o
enfu,Energy Fuels,ef_enfu_stationary_combustion_tonne_n2o_per_tj_fuel_biomass,:math:\text{N}_2\text{O} Stationary Combustion Emission Factor,,tj,,tonne,,,,n2o
enfu,Energy Fuels,ef_enfu_stationary_combustion_tonne_n2o_per_tj_fuel_coal,:math:\text{N}_2\text{O} Stationary Combustion Emission Factor,,tj,,tonne,,,,n2o
enfu,Energy Fuels,ef_enfu_stationary_combustion_tonne_n2o_per_tj_fuel_coal_deposits,:math:\text{N}_2\text{O} Stationary Combustion Emission Factor,,tj,,tonne,,,,n2o
enfu,Energy Fuels,ef_enfu_stationary_combustion_tonne_n2o_per_tj_fuel_coke,:math:\text{N}_2\text{O} Stationary Combustion Emission Factor,,tj,,tonne,,,,n2o
enfu,Energy Fuels,ef_enfu_stationary_combustion_tonne_n2o_per_tj_fuel_crude,:math:\text{N}_2\text{O} Stationary Combustion Emission Factor,,tj,,tonne,,,,n2o
enfu,Energy Fuels,ef_enfu_stationary_combustion_tonne_n2o_per_tj_fuel_diesel,:math:\text{N}_2\text{O} Stationary Combustion Emission Factor,,tj,,tonne,,,,n2o
enfu,Energy Fuels,ef_enfu_stationary_combustion_tonne_n2o_per_tj_fuel_electricity,:math:\text{N}_2\text{O} Stationary Combustion Emission Factor,,tj,,tonne,,,,n2o
enfu,Energy Fuels,ef_enfu_stationary_combustion_tonne_n2o_per_tj_fuel_furnace_gas,:math:\text{N}_2\text{O} Stationary Combustion Emission Factor,,tj,,tonne,,,,n2o
enfu,Energy Fuels,ef_enfu_stationary_combustion_tonne_n2o_per_tj_fuel_gasoline,:math:\text{N}_2\text{O} Stationary Combustion Emission Factor,,tj,,tonne,,,,n2o
enfu,Energy Fuels,ef_enfu_stationary_combustion_tonne_n2o_per_tj_fuel_geothermal,:math:\text{N}_2\text{O} Stationary Combustion Emission Factor,,tj,,tonne,,,,n2o
enfu,Energy Fuels,ef_enfu_stationary_combustion_tonne_n2o_per_tj_fuel_hydrocarbon_gas_liquids,:math:\text{N}_2\text{O} Stationary Combustion Emission Factor,,tj,,tonne,,,,n2o
enfu,Energy Fuels,ef_enfu_stationary_combustion_tonne_n2o_per_tj_fuel_hydrogen,:math:\text{N}_2\text{O} Stationary Combustion Emission Factor,,tj,,tonne,,,,n2o
enfu,Energy Fuels,ef_enfu_stationary_combustion_tonne_n2o_per_tj_fuel_kerosene,:math:\text{N}_2\text{O} Stationary Combustion Emission Factor,,tj,,tonne,,,,n2o
enfu,Energy Fuels,ef_enfu_stationary_combustion_tonne_n2o_per_tj_fuel_natural_gas,:math:\text{N}_2\text{O} Stationary Combustion Emission Factor,,tj,,tonne,,,,n2o
enfu,Energy Fuels,ef_enfu_stationary_combustion_tonne_n2o_per_tj_fuel_natural_gas_liquid,:math:\text{N}_2\text{O} Stationary Combustion Emission Factor,,tj,,tonne,,,,n2o
enfu,Energy Fuels,ef_enfu_stationary_combustion_tonne_n2o_per_tj_fuel_natural_gas_unprocessed,:math:\text{N}_2\text{O} Stationary Combustion Emission Factor,,tj,,tonne,,,,n2o
enfu,Energy Fuels,ef_enfu_stationary_combustion_tonne_n2o_per_tj_fuel_nuclear,:math:\text{N}_2\text{O} Stationary Combustion Emission Factor,,tj,,tonne,,,,n2o
enfu,Energy Fuels,ef_enfu_stationary_combustion_tonne_n2o_per_tj_fuel_ocean,:math:\text{N}_2\text{O} Stationary Combustion Emission Factor,,tj,,tonne,,,,n2o
enfu,Energy Fuels,ef_enfu_stationary_combustion_tonne_n2o_per_tj_fuel_oil,:math:\text{N}_2\text{O} Stationary Combustion Emission Factor,,tj,,tonne,,,,n2o
enfu,Energy Fuels,ef_enfu_stationary_combustion_tonne_n2o_per_tj_fuel_other,:math:\text{N}_2\text{O} Stationary Combustion Emission Factor,,tj,,tonne,,,,n2o
enfu,Energy Fuels,ef_enfu_stationary_combustion_tonne_n2o_per_tj_fuel_solar,:math:\text{N}_2\text{O} Stationary Combustion Emission Factor,,tj,,tonne,,,,n2o
enfu,Energy Fuels,ef_enfu_stationary_combustion_tonne_n2o_per_tj_fuel_waste,:math:\text{N}_2\text{O} Stationary Combustion Emission Factor,,tj,,tonne,,,,n2o
enfu,Energy Fuels,ef_enfu_stationary_combustion_tonne_n2o_per_tj_fuel_water,:math:\text{N}_2\text{O} Stationary Combustion Emission Factor,,tj,,tonne,,,,n2o
enfu,Energy Fuels,ef_enfu_stationary_combustion_tonne_n2o_per_tj_fuel_wind,:math:\text{N}_2\text{O} Stationary Combustion Emission Factor,,tj,,tonne,,,,n2o
enfu,Energy Fuels,efficfactor_enfu_industrial_energy_fuel_biomass,Average Industrial Energy Fuel Efficiency Factor,,,,,,,,
enfu,Energy Fuels,efficfactor_enfu_industrial_energy_fuel_coal,Average Industrial Energy Fuel Efficiency Factor,,,,,,,,
enfu,Energy Fuels,efficfactor_enfu_industrial_energy_fuel_coke,Average Industrial Energy Fuel Efficiency Factor,,,,,,,,
enfu,Energy Fuels,efficfactor_enfu_industrial_energy_fuel_diesel,Average Industrial Energy Fuel Efficiency Factor,,,,,,,,
enfu,Energy Fuels,efficfactor_enfu_industrial_energy_fuel_electricity,Average Industrial Energy Fuel Efficiency Factor,,,,,,,,
enfu,Energy Fuels,efficfactor_enfu_industrial_energy_fuel_furnace_gas,Average Industrial Energy Fuel Efficiency Factor,,,,,,,,
enfu,Energy Fuels,efficfactor_enfu_industrial_energy_fuel_gasoline,Average Industrial Energy Fuel Efficiency Factor,,,,,,,,
enfu,Energy Fuels,efficfactor_enfu_industrial_energy_fuel_hydrocarbon_gas_liquids,Average Industrial Energy Fuel Efficiency Factor,,,,,,,,
enfu,Energy Fuels,efficfactor_enfu_industrial_energy_fuel_hydrogen,Average Industrial Energy Fuel Efficiency Factor,,,,,,,,
enfu,Energy Fuels,efficfactor_enfu_industrial_energy_fuel_kerosene,Average Industrial Energy Fuel Efficiency Factor,,,,,,,,
enfu,Energy Fuels,efficfactor_enfu_industrial_energy_fuel_natural_gas,Average Industrial Energy Fuel Efficiency Factor,,,,,,,,
enfu,Energy Fuels,efficfactor_enfu_industrial_energy_fuel_oil,Average Industrial Energy Fuel Efficiency Factor,,,,,,,,
enfu,Energy Fuels,efficfactor_enfu_industrial_energy_fuel_solar,Average Industrial Energy Fuel Efficiency Factor,,,,,,,,
enfu,Energy Fuels,energydensity_enfu_mj_per_litre_fuel_biofuels,Volumetric Energy Density,,mj,,,,,litre,
enfu,Energy Fuels,energydensity_enfu_mj_per_litre_fuel_biogas,Volumetric Energy Density,,mj,,,,,litre,
enfu,Energy Fuels,energydensity_enfu_mj_per_litre_fuel_biomass,Volumetric Energy Density,,mj,,,,,litre,
enfu,Energy Fuels,energydensity_enfu_mj_per_litre_fuel_coal,Volumetric Energy Density,,mj,,,,,litre,
enfu,Energy Fuels,energydensity_enfu_mj_per_litre_fuel_coke,Volumetric Energy Density,,mj,,,,,litre,
enfu,Energy Fuels,energydensity_enfu_mj_per_litre_fuel_crude,Volumetric Energy Density,,mj,,,,,litre,
enfu,Energy Fuels,energydensity_enfu_mj_per_litre_fuel_diesel,Volumetric Energy Density,,mj,,,,,litre,
enfu,Energy Fuels,energydensity_enfu_mj_per_litre_fuel_furnace_gas,Volumetric Energy Density,,mj,,,,,litre,
enfu,Energy Fuels,energydensity_enfu_mj_per_litre_fuel_gasoline,Volumetric Energy Density,,mj,,,,,litre,
enfu,Energy Fuels,energydensity_enfu_mj_per_litre_fuel_hydrocarbon_gas_liquids,Volumetric Energy Density,,mj,,,,,litre,
enfu,Energy Fuels,energydensity_enfu_mj_per_litre_fuel_hydrogen,Volumetric Energy Density,,mj,,,,,litre,
enfu,Energy Fuels,energydensity_enfu_mj_per_litre_fuel_kerosene,Volumetric Energy Density,,mj,,,,,litre,
enfu,Energy Fuels,energydensity_enfu_mj_per_litre_fuel_natural_gas,Volumetric Energy Density,,mj,,,,,litre,
enfu,Energy Fuels,energydensity_enfu_mj_per_litre_fuel_natural_gas_liquid,Volumetric Energy Density,,mj,,,,,litre,
enfu,Energy Fuels,energydensity_enfu_mj_per_litre_fuel_oil,Volumetric Energy Density,,mj,,,,,litre,
enfu,Energy Fuels,energydensity_gravimetric_enfu_gj_per_tonne_fuel_ammonia,Gravimetric Energy Density,,gj,,tonne,,,,
enfu,Energy Fuels,energydensity_gravimetric_enfu_gj_per_tonne_fuel_biogas,Gravimetric Energy Density,,gj,,tonne,,,,
enfu,Energy Fuels,energydensity_gravimetric_enfu_gj_per_tonne_fuel_biomass,Gravimetric Energy Density,,gj,,tonne,,,,
enfu,Energy Fuels,energydensity_gravimetric_enfu_gj_per_tonne_fuel_coal,Gravimetric Energy Density,,gj,,tonne,,,,
enfu,Energy Fuels,energydensity_gravimetric_enfu_gj_per_tonne_fuel_coke,Gravimetric Energy Density,,gj,,tonne,,,,
enfu,Energy Fuels,energydensity_gravimetric_enfu_gj_per_tonne_fuel_hydrocarbon_gas_liquids,Gravimetric Energy Density,,gj,,tonne,,,,
enfu,Energy Fuels,energydensity_gravimetric_enfu_gj_per_tonne_fuel_hydrogen,Gravimetric Energy Density,,gj,,tonne,,,,
enfu,Energy Fuels,energydensity_gravimetric_enfu_gj_per_tonne_fuel_natural_gas,Gravimetric Energy Density,,gj,,tonne,,,,
enfu,Energy Fuels,energydensity_gravimetric_enfu_gj_per_tonne_fuel_natural_gas_liquid,Gravimetric Energy Density,,gj,,tonne,,,,
enfu,Energy Fuels,energydensity_gravimetric_enfu_gj_per_tonne_fuel_nuclear,Gravimetric Energy Density,,gj,,tonne,,,,
enfu,Energy Fuels,energydensity_gravimetric_enfu_gj_per_tonne_fuel_waste,Gravimetric Energy Density,,gj,,tonne,,,,
enfu,Energy Fuels,energydensity_gravimetric_enfu_gj_per_tonne_fuel_water,Gravimetric Energy Density,,gj,,tonne,,,,
enfu,Energy Fuels,exports_enfu_pj_fuel_ammonia,Fuel Exports,,pj,,,,,,
enfu,Energy Fuels,exports_enfu_pj_fuel_coal,Fuel Exports,,pj,,,,,,
enfu,Energy Fuels,exports_enfu_pj_fuel_crude,Fuel Exports,,pj,,,,,,
enfu,Energy Fuels,exports_enfu_pj_fuel_diesel,Fuel Exports,,pj,,,,,,
enfu,Energy Fuels,exports_enfu_pj_fuel_electricity,Fuel Exports,,pj,,,,,,
enfu,Energy Fuels,exports_enfu_pj_fuel_gasoline,Fuel Exports,,pj,,,,,,
enfu,Energy Fuels,exports_enfu_pj_fuel_hydrocarbon_gas_liquids,Fuel Exports,,pj,,,,,,
enfu,Energy Fuels,exports_enfu_pj_fuel_hydrogen,Fuel Exports,,pj,,,,,,
enfu,Energy Fuels,exports_enfu_pj_fuel_kerosene,Fuel Exports,,pj,,,,,,
enfu,Energy Fuels,exports_enfu_pj_fuel_natural_gas,Fuel Exports,,pj,,,,,,
enfu,Energy Fuels,exports_enfu_pj_fuel_natural_gas_liquid,Fuel Exports,,pj,,,,,,
enfu,Energy Fuels,exports_enfu_pj_fuel_oil,Fuel Exports,,pj,,,,,,
enfu,Energy Fuels,frac_enfu_fuel_demand_imported_pj_fuel_ammonia,Fraction of Fuel Demand Imported,,pj,,,,,,
enfu,Energy Fuels,frac_enfu_fuel_demand_imported_pj_fuel_coal,Fraction of Fuel Demand Imported,,pj,,,,,,
enfu,Energy Fuels,frac_enfu_fuel_demand_imported_pj_fuel_crude,Fraction of Fuel Demand Imported,,pj,,,,,,
enfu,Energy Fuels,frac_enfu_fuel_demand_imported_pj_fuel_diesel,Fraction of Fuel Demand Imported,,pj,,,,,,
enfu,Energy Fuels,frac_enfu_fuel_demand_imported_pj_fuel_electricity,Fraction of Fuel Demand Imported,,pj,,,,,,
enfu,Energy Fuels,frac_enfu_fuel_demand_imported_pj_fuel_gasoline,Fraction of Fuel Demand Imported,,pj,,,,,,
enfu,Energy Fuels,frac_enfu_fuel_demand_imported_pj_fuel_hydrocarbon_gas_liquids,Fraction of Fuel Demand Imported,,pj,,,,,,
enfu,Energy Fuels,frac_enfu_fuel_demand_imported_pj_fuel_hydrogen,Fraction of Fuel Demand Imported,,pj,,,,,,
enfu,Energy Fuels,frac_enfu_fuel_demand_imported_pj_fuel_kerosene,Fraction of Fuel Demand Imported,,pj,,,,,,
enfu,Energy Fuels,frac_enfu_fuel_demand_imported_pj_fuel_natural_gas,Fraction of Fuel Demand Imported,,pj,,,,,,
enfu,Energy Fuels,frac_enfu_fuel_demand_imported_pj_fuel_natural_gas_liquid,Fraction of Fuel Demand Imported,,pj,,,,,,
enfu,Energy Fuels,frac_enfu_fuel_demand_imported_pj_fuel_oil,Fraction of Fuel Demand Imported,,pj,,,,,,
enfu,Energy Fuels,frac_enfu_minimum_fuel_to_electricity_fuel_biogas,Minimum Fraction of Fuel Used for Electricity Generation,,,,,,,,
enfu,Energy Fuels,frac_enfu_minimum_fuel_to_electricity_fuel_waste,Minimum Fraction of Fuel Used for Electricity Generation,,,,,,,,
enfu,Energy Fuels,frac_enfu_transmission_loss_fuel_electricity,Electrical Transmission Loss Fraction,,,,,,,,
enfu,Energy Fuels,nemomod_enfu_renewable_energy_minimum_production_target_fuel_electricity,NemoMod REMinProductionTarget,,,,,,,,
enfu,Energy Fuels,nemomod_enfu_reserve_margin_fuel_electricity,NemoMod ReserveMargin,,,,,,,,
enst,Energy Storage,nemomod_enst_capital_cost_st_batteries_usd_per_kwh,NemoMod CapitalCostStorage,,kwh,,,usd,,,
enst,Energy Storage,nemomod_enst_capital_cost_st_compressed_air_usd_per_kwh,NemoMod CapitalCostStorage,,kwh,,,usd,,,
enst,Energy Storage,nemomod_enst_capital_cost_st_flywheels_usd_per_kwh,NemoMod CapitalCostStorage,,kwh,,,usd,,,
enst,Energy Storage,nemomod_enst_capital_cost_st_pumped_hydro_usd_per_kwh,NemoMod CapitalCostStorage,,kwh,,,usd,,,
enst,Energy Storage,nemomod_enst_frac_storage_charged_initial_st_batteries,NemoMod StorageStartLevel,,,,,,,,
enst,Energy Storage,nemomod_enst_frac_storage_charged_initial_st_compressed_air,NemoMod StorageStartLevel,,,,,,,,
enst,Energy Storage,nemomod_enst_frac_storage_charged_initial_st_flywheels,NemoMod StorageStartLevel,,,,,,,,
enst,Energy Storage,nemomod_enst_frac_storage_charged_initial_st_pumped_hydro,NemoMod StorageStartLevel,,,,,,,,
enst,Energy Storage,nemomod_enst_residual_capacity_st_batteries_gwh,NemoMod ResidualStorageCapacity,,gwh,,,,,,
enst,Energy Storage,nemomod_enst_residual_capacity_st_compressed_air_gwh,NemoMod ResidualStorageCapacity,,gwh,,,,,,
enst,Energy Storage,nemomod_enst_residual_capacity_st_flywheels_gwh,NemoMod ResidualStorageCapacity,,gwh,,,,,,
enst,Energy Storage,nemomod_enst_residual_capacity_st_pumped_hydro_gwh,NemoMod ResidualStorageCapacity,,gwh,,,,,,
enst,Energy Storage,nemomod_enst_total_annual_max_capacity_investment_st_batteries_pj,NemoMod TotalAnnualMaxCapacityInvestmentStorage,,pj,,,,,,
enst,Energy Storage,nemomod_enst_total_annual_max_capacity_investment_st_compressed_air_pj,NemoMod TotalAnnualMaxCapacityInvestmentStorage,,pj,,,,,,
enst,Energy Storage,nemomod_enst_total_annual_max_capacity_investment_st_flywheels_pj,NemoMod TotalAnnualMaxCapacityInvestmentStorage,,pj,,,,,,
enst,Energy Storage,nemomod_enst_total_annual_max_capacity_investment_st_pumped_hydro_pj,NemoMod TotalAnnualMaxCapacityInvestmentStorage,,pj,,,,,,
enst,Energy Storage,nemomod_enst_total_annual_max_capacity_st_batteries_pj,NemoMod TotalAnnualMaxCapacityStorage,,pj,,,,,,
enst,Energy Storage,nemomod_enst_total_annual_max_capacity_st_compressed_air_pj,NemoMod TotalAnnualMaxCapacityStorage,,pj,,,,,,
enst,Energy Storage,nemomod_enst_total_annual_max_capacity_st_flywheels_pj,NemoMod TotalAnnualMaxCapacityStorage,,pj,,,,,,
enst,Energy Storage,nemomod_enst_total_annual_max_capacity_st_pumped_hydro_pj,NemoMod TotalAnnualMaxCapacityStorage,,pj,,,,,,
enst,Energy Storage,nemomod_enst_total_annual_min_capacity_investment_st_batteries_pj,NemoMod TotalAnnualMinCapacityInvestmentStorage,,pj,,,,,,
enst,Energy Storage,nemomod_enst_total_annual_min_capacity_investment_st_compressed_air_pj,NemoMod TotalAnnualMinCapacityInvestmentStorage,,pj,,,,,,
enst,Energy Storage,nemomod_enst_total_annual_min_capacity_investment_st_flywheels_pj,NemoMod TotalAnnualMinCapacityInvestmentStorage,,pj,,,,,,
enst,Energy Storage,nemomod_enst_total_annual_min_capacity_investment_st_pumped_hydro_pj,NemoMod TotalAnnualMinCapacityInvestmentStorage,,pj,,,,,,
enst,Energy Storage,nemomod_enst_total_annual_min_capacity_st_batteries_pj,NemoMod TotalAnnualMinCapacityStorage,,pj,,,,,,
enst,Energy Storage,nemomod_enst_total_annual_min_capacity_st_compressed_air_pj,NemoMod TotalAnnualMinCapacityStorage,,pj,,,,,,
enst,Energy Storage,nemomod_enst_total_annual_min_capacity_st_flywheels_pj,NemoMod TotalAnnualMinCapacityStorage,,pj,,,,,,
enst,Energy Storage,nemomod_enst_total_annual_min_capacity_st_pumped_hydro_pj,NemoMod TotalAnnualMinCapacityStorage,,pj,,,,,,
entc,Energy Technology,efficfactor_entc_technology_fuel_use_pp_biogas,Technology Efficiency of Fuel Use,,,,,,,,
entc,Energy Technology,efficfactor_entc_technology_fuel_use_pp_biomass,Technology Efficiency of Fuel Use,,,,,,,,
entc,Energy Technology,efficfactor_entc_technology_fuel_use_pp_coal,Technology Efficiency of Fuel Use,,,,,,,,
entc,Energy Technology,efficfactor_entc_technology_fuel_use_pp_coal_ccs,Technology Efficiency of Fuel Use,,,,,,,,
entc,Energy Technology,efficfactor_entc_technology_fuel_use_pp_gas,Technology Efficiency of Fuel Use,,,,,,,,
entc,Energy Technology,efficfactor_entc_technology_fuel_use_pp_gas_ccs,Technology Efficiency of Fuel Use,,,,,,,,
entc,Energy Technology,efficfactor_entc_technology_fuel_use_pp_geothermal,Technology Efficiency of Fuel Use,,,,,,,,
entc,Energy Technology,efficfactor_entc_technology_fuel_use_pp_hydropower,Technology Efficiency of Fuel Use,,,,,,,,
entc,Energy Technology,efficfactor_entc_technology_fuel_use_pp_nuclear,Technology Efficiency of Fuel Use,,,,,,,,
entc,Energy Technology,efficfactor_entc_technology_fuel_use_pp_ocean,Technology Efficiency of Fuel Use,,,,,,,,
entc,Energy Technology,efficfactor_entc_technology_fuel_use_pp_oil,Technology Efficiency of Fuel Use,,,,,,,,
entc,Energy Technology,efficfactor_entc_technology_fuel_use_pp_solar,Technology Efficiency of Fuel Use,,,,,,,,
entc,Energy Technology,efficfactor_entc_technology_fuel_use_pp_waste_incineration,Technology Efficiency of Fuel Use,,,,,,,,
entc,Energy Technology,efficfactor_entc_technology_fuel_use_pp_wind,Technology Efficiency of Fuel Use,,,,,,,,
entc,Energy Technology,efficfactor_entc_technology_fuel_use_st_batteries,Technology Efficiency of Fuel Use,,,,,,,,
entc,Energy Technology,efficfactor_entc_technology_fuel_use_st_compressed_air,Technology Efficiency of Fuel Use,,,,,,,,
entc,Energy Technology,efficfactor_entc_technology_fuel_use_st_flywheels,Technology Efficiency of Fuel Use,,,,,,,,
entc,Energy Technology,efficfactor_entc_technology_fuel_use_st_pumped_hydro,Technology Efficiency of Fuel Use,,,,,,,,
entc,Energy Technology,frac_entc_ccs_achievement_fp_hydrogen_reformation_ccs,Carbon Capture Achievement Fraction,,,,,,,,
entc,Energy Technology,frac_entc_ccs_achievement_pp_coal_ccs,Carbon Capture Achievement Fraction,,,,,,,,
entc,Energy Technology,frac_entc_ccs_achievement_pp_gas_ccs,Carbon Capture Achievement Fraction,,,,,,,,
entc,Energy Technology,frac_entc_max_elec_production_increase_to_satisfy_msp_pp_biogas,Maximum Production Increase Fraction to Satisfy MinShareProduction Electricity,,,,,,,,
entc,Energy Technology,frac_entc_max_elec_production_increase_to_satisfy_msp_pp_biomass,Maximum Production Increase Fraction to Satisfy MinShareProduction Electricity,,,,,,,,
entc,Energy Technology,frac_entc_max_elec_production_increase_to_satisfy_msp_pp_coal,Maximum Production Increase Fraction to Satisfy MinShareProduction Electricity,,,,,,,,
entc,Energy Technology,frac_entc_max_elec_production_increase_to_satisfy_msp_pp_coal_ccs,Maximum Production Increase Fraction to Satisfy MinShareProduction Electricity,,,,,,,,
entc,Energy Technology,frac_entc_max_elec_production_increase_to_satisfy_msp_pp_gas,Maximum Production Increase Fraction to Satisfy MinShareProduction Electricity,,,,,,,,
entc,Energy Technology,frac_entc_max_elec_production_increase_to_satisfy_msp_pp_gas_ccs,Maximum Production Increase Fraction to Satisfy MinShareProduction Electricity,,,,,,,,
entc,Energy Technology,frac_entc_max_elec_production_increase_to_satisfy_msp_pp_geothermal,Maximum Production Increase Fraction to Satisfy MinShareProduction Electricity,,,,,,,,
entc,Energy Technology,frac_entc_max_elec_production_increase_to_satisfy_msp_pp_hydropower,Maximum Production Increase Fraction to Satisfy MinShareProduction Electricity,,,,,,,,
entc,Energy Technology,frac_entc_max_elec_production_increase_to_satisfy_msp_pp_nuclear,Maximum Production Increase Fraction to Satisfy MinShareProduction Electricity,,,,,,,,
entc,Energy Technology,frac_entc_max_elec_production_increase_to_satisfy_msp_pp_ocean,Maximum Production Increase Fraction to Satisfy MinShareProduction Electricity,,,,,,,,
entc,Energy Technology,frac_entc_max_elec_production_increase_to_satisfy_msp_pp_oil,Maximum Production Increase Fraction to Satisfy MinShareProduction Electricity,,,,,,,,
entc,Energy Technology,frac_entc_max_elec_production_increase_to_satisfy_msp_pp_solar,Maximum Production Increase Fraction to Satisfy MinShareProduction Electricity,,,,,,,,
entc,Energy Technology,frac_entc_max_elec_production_increase_to_satisfy_msp_pp_waste_incineration,Maximum Production Increase Fraction to Satisfy MinShareProduction Electricity,,,,,,,,
entc,Energy Technology,frac_entc_max_elec_production_increase_to_satisfy_msp_pp_wind,Maximum Production Increase Fraction to Satisfy MinShareProduction Electricity,,,,,,,,
entc,Energy Technology,nemomod_entc_capital_cost_fp_ammonia_production_mm_usd_per_gw,NemoMod CapitalCost,,,,,mm_usd,gw,,
entc,Energy Technology,nemomod_entc_capital_cost_fp_hydrogen_electrolysis_mm_usd_per_gw,NemoMod CapitalCost,,,,,mm_usd,gw,,
entc,Energy Technology,nemomod_entc_capital_cost_fp_hydrogen_gasification_mm_usd_per_gw,NemoMod CapitalCost,,,,,mm_usd,gw,,
entc,Energy Technology,nemomod_entc_capital_cost_fp_hydrogen_reformation_ccs_mm_usd_per_gw,NemoMod CapitalCost,,,,,mm_usd,gw,,
entc,Energy Technology,nemomod_entc_capital_cost_fp_hydrogen_reformation_mm_usd_per_gw,NemoMod CapitalCost,,,,,mm_usd,gw,,
entc,Energy Technology,nemomod_entc_capital_cost_fp_natural_gas_liquefaction_mm_usd_per_gw,NemoMod CapitalCost,,,,,mm_usd,gw,,
entc,Energy Technology,nemomod_entc_capital_cost_pp_biogas_mm_usd_per_gw,NemoMod CapitalCost,,,,,mm_usd,gw,,
entc,Energy Technology,nemomod_entc_capital_cost_pp_biomass_mm_usd_per_gw,NemoMod CapitalCost,,,,,mm_usd,gw,,
entc,Energy Technology,nemomod_entc_capital_cost_pp_coal_ccs_mm_usd_per_gw,NemoMod CapitalCost,,,,,mm_usd,gw,,
entc,Energy Technology,nemomod_entc_capital_cost_pp_coal_mm_usd_per_gw,NemoMod CapitalCost,,,,,mm_usd,gw,,
entc,Energy Technology,nemomod_entc_capital_cost_pp_gas_ccs_mm_usd_per_gw,NemoMod CapitalCost,,,,,mm_usd,gw,,
entc,Energy Technology,nemomod_entc_capital_cost_pp_gas_mm_usd_per_gw,NemoMod CapitalCost,,,,,mm_usd,gw,,
entc,Energy Technology,nemomod_entc_capital_cost_pp_geothermal_mm_usd_per_gw,NemoMod CapitalCost,,,,,mm_usd,gw,,
entc,Energy Technology,nemomod_entc_capital_cost_pp_hydropower_mm_usd_per_gw,NemoMod CapitalCost,,,,,mm_usd,gw,,
entc,Energy Technology,nemomod_entc_capital_cost_pp_nuclear_mm_usd_per_gw,NemoMod CapitalCost,,,,,mm_usd,gw,,
entc,Energy Technology,nemomod_entc_capital_cost_pp_ocean_mm_usd_per_gw,NemoMod CapitalCost,,,,,mm_usd,gw,,
entc,Energy Technology,nemomod_entc_capital_cost_pp_oil_mm_usd_per_gw,NemoMod CapitalCost,,,,,mm_usd,gw,,
entc,Energy Technology,nemomod_entc_capital_cost_pp_solar_mm_usd_per_gw,NemoMod CapitalCost,,,,,mm_usd,gw,,
entc,Energy Technology,nemomod_entc_capital_cost_pp_waste_incineration_mm_usd_per_gw,NemoMod CapitalCost,,,,,mm_usd,gw,,
entc,Energy Technology,nemomod_entc_capital_cost_pp_wind_mm_usd_per_gw,NemoMod CapitalCost,,,,,mm_usd,gw,,
entc,Energy Technology,nemomod_entc_emissions_activity_ratio_fuel_production_fp_hydrogen_gasification_tonne_co2_per_tj,:math:\text{CO}_2 Fuel Production NemoMod EmissionsActivityRatio,,tj,,tonne,,,,co2
entc,Energy Technology,nemomod_entc_emissions_activity_ratio_fuel_production_fp_hydrogen_reformation_ccs_tonne_co2_per_tj,:math:\text{CO}_2 Fuel Production NemoMod EmissionsActivityRatio,,tj,,tonne,,,,co2
entc,Energy Technology,nemomod_entc_emissions_activity_ratio_fuel_production_fp_hydrogen_reformation_tonne_co2_per_tj,:math:\text{CO}_2 Fuel Production NemoMod EmissionsActivityRatio,,tj,,tonne,,,,co2
entc,Energy Technology,nemomod_entc_emissions_activity_ratio_fuel_production_fp_natural_gas_liquefaction_tonne_ch4_per_tj,:math:\text{CH}_4 Fuel Production NemoMod EmissionsActivityRatio,,tj,,tonne,,,,ch4
entc,Energy Technology,nemomod_entc_emissions_activity_ratio_fuel_production_fp_natural_gas_liquefaction_tonne_co2_per_tj,:math:\text{CO}_2 Fuel Production NemoMod EmissionsActivityRatio,,tj,,tonne,,,,co2
entc,Energy Technology,nemomod_entc_emissions_activity_ratio_fuel_production_fp_natural_gas_liquefaction_tonne_n2o_per_tj,:math:\text{N}_2\text{O} Fuel Production NemoMod EmissionsActivityRatio,,tj,,tonne,,,,n2o
entc,Energy Technology,nemomod_entc_emissions_activity_ratio_fuel_production_fp_natural_gas_tonne_ch4_per_tj,:math:\text{CH}_4 Fuel Production NemoMod EmissionsActivityRatio,,tj,,tonne,,,,ch4
entc,Energy Technology,nemomod_entc_emissions_activity_ratio_fuel_production_fp_natural_gas_tonne_co2_per_tj,:math:\text{CO}_2 Fuel Production NemoMod EmissionsActivityRatio,,tj,,tonne,,,,co2
entc,Energy Technology,nemomod_entc_emissions_activity_ratio_fuel_production_fp_natural_gas_tonne_n2o_per_tj,:math:\text{N}_2\text{O} Fuel Production NemoMod EmissionsActivityRatio,,tj,,tonne,,,,n2o
entc,Energy Technology,nemomod_entc_emissions_activity_ratio_fuel_production_fp_petroleum_refinement_tonne_ch4_per_tj,:math:\text{CH}_4 Fuel Production NemoMod EmissionsActivityRatio,,tj,,tonne,,,,ch4
entc,Energy Technology,nemomod_entc_emissions_activity_ratio_fuel_production_fp_petroleum_refinement_tonne_co2_per_tj,:math:\text{CO}_2 Fuel Production NemoMod EmissionsActivityRatio,,tj,,tonne,,,,co2
entc,Energy Technology,nemomod_entc_emissions_activity_ratio_fuel_production_fp_petroleum_refinement_tonne_n2o_per_tj,:math:\text{N}_2\text{O} Fuel Production NemoMod EmissionsActivityRatio,,tj,,tonne,,,,n2o
entc,Energy Technology,nemomod_entc_emissions_activity_ratio_scalar_fp_hydrogen_reformation_ccs_co2,:math:\text{CO}_2 NemoMod EmissionsActivityRatio Scalar,,,,,,,,co2
entc,Energy Technology,nemomod_entc_emissions_activity_ratio_scalar_pp_biogas_ch4,:math:\text{CH}_4 NemoMod EmissionsActivityRatio Scalar,,,,,,,,ch4
entc,Energy Technology,nemomod_entc_emissions_activity_ratio_scalar_pp_biogas_co2,:math:\text{CO}_2 NemoMod EmissionsActivityRatio Scalar,,,,,,,,co2
entc,Energy Technology,nemomod_entc_emissions_activity_ratio_scalar_pp_biogas_n2o,:math:\text{N}_2\text{O} NemoMod EmissionsActivityRatio Scalar,,,,,,,,n2o
entc,Energy Technology,nemomod_entc_emissions_activity_ratio_scalar_pp_biomass_ch4,:math:\text{CH}_4 NemoMod EmissionsActivityRatio Scalar,,,,,,,,ch4
entc,Energy Technology,nemomod_entc_emissions_activity_ratio_scalar_pp_biomass_co2,:math:\text{CO}_2 NemoMod EmissionsActivityRatio Scalar,,,,,,,,co2
entc,Energy Technology,nemomod_entc_emissions_activity_ratio_scalar_pp_biomass_n2o,:math:\text{N}_2\text{O} NemoMod EmissionsActivityRatio Scalar,,,,,,,,n2o
entc,Energy Technology,nemomod_entc_emissions_activity_ratio_scalar_pp_coal_ccs_ch4,:math:\text{CH}_4 NemoMod EmissionsActivityRatio Scalar,,,,,,,,ch4
entc,Energy Technology,nemomod_entc_emissions_activity_ratio_scalar_pp_coal_ccs_co2,:math:\text{CO}_2 NemoMod EmissionsActivityRatio Scalar,,,,,,,,co2
entc,Energy Technology,nemomod_entc_emissions_activity_ratio_scalar_pp_coal_ccs_n2o,:math:\text{N}_2\text{O} NemoMod EmissionsActivityRatio Scalar,,,,,,,,n2o
entc,Energy Technology,nemomod_entc_emissions_activity_ratio_scalar_pp_coal_ch4,:math:\text{CH}_4 NemoMod EmissionsActivityRatio Scalar,,,,,,,,ch4
entc,Energy Technology,nemomod_entc_emissions_activity_ratio_scalar_pp_coal_co2,:math:\text{CO}_2 NemoMod EmissionsActivityRatio Scalar,,,,,,,,co2
entc,Energy Technology,nemomod_entc_emissions_activity_ratio_scalar_pp_coal_n2o,:math:\text{N}_2\text{O} NemoMod EmissionsActivityRatio Scalar,,,,,,,,n2o
entc,Energy Technology,nemomod_entc_emissions_activity_ratio_scalar_pp_gas_ccs_ch4,:math:\text{CH}_4 NemoMod EmissionsActivityRatio Scalar,,,,,,,,ch4
entc,Energy Technology,nemomod_entc_emissions_activity_ratio_scalar_pp_gas_ccs_co2,:math:\text{CO}_2 NemoMod EmissionsActivityRatio Scalar,,,,,,,,co2
entc,Energy Technology,nemomod_entc_emissions_activity_ratio_scalar_pp_gas_ccs_n2o,:math:\text{N}_2\text{O} NemoMod EmissionsActivityRatio Scalar,,,,,,,,n2o
entc,Energy Technology,nemomod_entc_emissions_activity_ratio_scalar_pp_gas_ch4,:math:\text{CH}_4 NemoMod EmissionsActivityRatio Scalar,,,,,,,,ch4
entc,Energy Technology,nemomod_entc_emissions_activity_ratio_scalar_pp_gas_co2,:math:\text{CO}_2 NemoMod EmissionsActivityRatio Scalar,,,,,,,,co2
entc,Energy Technology,nemomod_entc_emissions_activity_ratio_scalar_pp_gas_n2o,:math:\text{N}_2\text{O} NemoMod EmissionsActivityRatio Scalar,,,,,,,,n2o
entc,Energy Technology,nemomod_entc_emissions_activity_ratio_scalar_pp_geothermal_ch4,:math:\text{CH}_4 NemoMod EmissionsActivityRatio Scalar,,,,,,,,ch4
entc,Energy Technology,nemomod_entc_emissions_activity_ratio_scalar_pp_geothermal_co2,:math:\text{CO}_2 NemoMod EmissionsActivityRatio Scalar,,,,,,,,co2
entc,Energy Technology,nemomod_entc_emissions_activity_ratio_scalar_pp_geothermal_n2o,:math:\text{N}_2\text{O} NemoMod EmissionsActivityRatio Scalar,,,,,,,,n2o
entc,Energy Technology,nemomod_entc_emissions_activity_ratio_scalar_pp_hydropower_ch4,:math:\text{CH}_4 NemoMod EmissionsActivityRatio Scalar,,,,,,,,ch4
entc,Energy Technology,nemomod_entc_emissions_activity_ratio_scalar_pp_hydropower_co2,:math:\text{CO}_2 NemoMod EmissionsActivityRatio Scalar,,,,,,,,co2
entc,Energy Technology,nemomod_entc_emissions_activity_ratio_scalar_pp_hydropower_n2o,:math:\text{N}_2\text{O} NemoMod EmissionsActivityRatio Scalar,,,,,,,,n2o
entc,Energy Technology,nemomod_entc_emissions_activity_ratio_scalar_pp_nuclear_ch4,:math:\text{CH}_4 NemoMod EmissionsActivityRatio Scalar,,,,,,,,ch4
entc,Energy Technology,nemomod_entc_emissions_activity_ratio_scalar_pp_nuclear_co2,:math:\text{CO}_2 NemoMod EmissionsActivityRatio Scalar,,,,,,,,co2
entc,Energy Technology,nemomod_entc_emissions_activity_ratio_scalar_pp_nuclear_n2o,:math:\text{N}_2\text{O} NemoMod EmissionsActivityRatio Scalar,,,,,,,,n2o
entc,Energy Technology,nemomod_entc_emissions_activity_ratio_scalar_pp_ocean_ch4,:math:\text{CH}_4 NemoMod EmissionsActivityRatio Scalar,,,,,,,,ch4
entc,Energy Technology,nemomod_entc_emissions_activity_ratio_scalar_pp_ocean_co2,:math:\text{CO}_2 NemoMod EmissionsActivityRatio Scalar,,,,,,,,co2
entc,Energy Technology,nemomod_entc_emissions_activity_ratio_scalar_pp_ocean_n2o,:math:\text{N}_2\text{O} NemoMod EmissionsActivityRatio Scalar,,,,,,,,n2o
entc,Energy Technology,nemomod_entc_emissions_activity_ratio_scalar_pp_oil_ch4,:math:\text{CH}_4 NemoMod EmissionsActivityRatio Scalar,,,,,,,,ch4
entc,Energy Technology,nemomod_entc_emissions_activity_ratio_scalar_pp_oil_co2,:math:\text{CO}_2 NemoMod EmissionsActivityRatio Scalar,,,,,,,,co2
entc,Energy Technology,nemomod_entc_emissions_activity_ratio_scalar_pp_oil_n2o,:math:\text{N}_2\text{O} NemoMod EmissionsActivityRatio Scalar,,,,,,,,n2o
entc,Energy Technology,nemomod_entc_emissions_activity_ratio_scalar_pp_solar_ch4,:math:\text{CH}_4 NemoMod EmissionsActivityRatio Scalar,,,,,,,,ch4
entc,Energy Technology,nemomod_entc_emissions_activity_ratio_scalar_pp_solar_co2,:math:\text{CO}_2 NemoMod EmissionsActivityRatio Scalar,,,,,,,,co2
entc,Energy Technology,nemomod_entc_emissions_activity_ratio_scalar_pp_solar_n2o,:math:\text{N}_2\text{O} NemoMod EmissionsActivityRatio Scalar,,,,,,,,n2o
entc,Energy Technology,nemomod_entc_emissions_activity_ratio_scalar_pp_waste_incineration_ch4,:math:\text{CH}_4 NemoMod EmissionsActivityRatio Scalar,,,,,,,,ch4
entc,Energy Technology,nemomod_entc_emissions_activity_ratio_scalar_pp_waste_incineration_co2,:math:\text{CO}_2 NemoMod EmissionsActivityRatio Scalar,,,,,,,,co2
entc,Energy Technology,nemomod_entc_emissions_activity_ratio_scalar_pp_waste_incineration_n2o,:math:\text{N}_2\text{O} NemoMod EmissionsActivityRatio Scalar,,,,,,,,n2o
entc,Energy Technology,nemomod_entc_emissions_activity_ratio_scalar_pp_wind_ch4,:math:\text{CH}_4 NemoMod EmissionsActivityRatio Scalar,,,,,,,,ch4
entc,Energy Technology,nemomod_entc_emissions_activity_ratio_scalar_pp_wind_co2,:math:\text{CO}_2 NemoMod EmissionsActivityRatio Scalar,,,,,,,,co2
entc,Energy Technology,nemomod_entc_emissions_activity_ratio_scalar_pp_wind_n2o,:math:\text{N}_2\text{O} NemoMod EmissionsActivityRatio Scalar,,,,,,,,n2o
entc,Energy Technology,nemomod_entc_fixed_cost_fp_ammonia_production_mm_usd_per_gw,NemoMod FixedCost,,,,,mm_usd,gw,,
entc,Energy Technology,nemomod_entc_fixed_cost_fp_hydrogen_electrolysis_mm_usd_per_gw,NemoMod FixedCost,,,,,mm_usd,gw,,
entc,Energy Technology,nemomod_entc_fixed_cost_fp_hydrogen_gasification_mm_usd_per_gw,NemoMod FixedCost,,,,,mm_usd,gw,,
entc,Energy Technology,nemomod_entc_fixed_cost_fp_hydrogen_reformation_ccs_mm_usd_per_gw,NemoMod FixedCost,,,,,mm_usd,gw,,
entc,Energy Technology,nemomod_entc_fixed_cost_fp_hydrogen_reformation_mm_usd_per_gw,NemoMod FixedCost,,,,,mm_usd,gw,,
entc,Energy Technology,nemomod_entc_fixed_cost_fp_natural_gas_liquefaction_mm_usd_per_gw,NemoMod FixedCost,,,,,mm_usd,gw,,
entc,Energy Technology,nemomod_entc_fixed_cost_pp_biogas_mm_usd_per_gw,NemoMod FixedCost,,,,,mm_usd,gw,,
entc,Energy Technology,nemomod_entc_fixed_cost_pp_biomass_mm_usd_per_gw,NemoMod FixedCost,,,,,mm_usd,gw,,
entc,Energy Technology,nemomod_entc_fixed_cost_pp_coal_ccs_mm_usd_per_gw,NemoMod FixedCost,,,,,mm_usd,gw,,
entc,Energy Technology,nemomod_entc_fixed_cost_pp_coal_mm_usd_per_gw,NemoMod FixedCost,,,,,mm_usd,gw,,
entc,Energy Technology,nemomod_entc_fixed_cost_pp_gas_ccs_mm_usd_per_gw,NemoMod FixedCost,,,,,mm_usd,gw,,
entc,Energy Technology,nemomod_entc_fixed_cost_pp_gas_mm_usd_per_gw,NemoMod FixedCost,,,,,mm_usd,gw,,
entc,Energy Technology,nemomod_entc_fixed_cost_pp_geothermal_mm_usd_per_gw,NemoMod FixedCost,,,,,mm_usd,gw,,
entc,Energy Technology,nemomod_entc_fixed_cost_pp_hydropower_mm_usd_per_gw,NemoMod FixedCost,,,,,mm_usd,gw,,
entc,Energy Technology,nemomod_entc_fixed_cost_pp_nuclear_mm_usd_per_gw,NemoMod FixedCost,,,,,mm_usd,gw,,
entc,Energy Technology,nemomod_entc_fixed_cost_pp_ocean_mm_usd_per_gw,NemoMod FixedCost,,,,,mm_usd,gw,,
entc,Energy Technology,nemomod_entc_fixed_cost_pp_oil_mm_usd_per_gw,NemoMod FixedCost,,,,,mm_usd,gw,,
entc,Energy Technology,nemomod_entc_fixed_cost_pp_solar_mm_usd_per_gw,NemoMod FixedCost,,,,,mm_usd,gw,,
entc,Energy Technology,nemomod_entc_fixed_cost_pp_waste_incineration_mm_usd_per_gw,NemoMod FixedCost,,,,,mm_usd,gw,,
entc,Energy Technology,nemomod_entc_fixed_cost_pp_wind_mm_usd_per_gw,NemoMod FixedCost,,,,,mm_usd,gw,,
entc,Energy Technology,nemomod_entc_frac_min_share_production_fp_hydrogen_electrolysis,NemoMod MinShareProduction,,,,,,,,
entc,Energy Technology,nemomod_entc_frac_min_share_production_fp_hydrogen_gasification,NemoMod MinShareProduction,,,,,,,,
entc,Energy Technology,nemomod_entc_frac_min_share_production_fp_hydrogen_reformation,NemoMod MinShareProduction,,,,,,,,
entc,Energy Technology,nemomod_entc_frac_min_share_production_fp_hydrogen_reformation_ccs,NemoMod MinShareProduction,,,,,,,,
entc,Energy Technology,nemomod_entc_frac_min_share_production_pp_biogas,NemoMod MinShareProduction,,,,,,,,
entc,Energy Technology,nemomod_entc_frac_min_share_production_pp_biomass,NemoMod MinShareProduction,,,,,,,,
entc,Energy Technology,nemomod_entc_frac_min_share_production_pp_coal,NemoMod MinShareProduction,,,,,,,,
entc,Energy Technology,nemomod_entc_frac_min_share_production_pp_coal_ccs,NemoMod MinShareProduction,,,,,,,,
entc,Energy Technology,nemomod_entc_frac_min_share_production_pp_gas,NemoMod MinShareProduction,,,,,,,,
entc,Energy Technology,nemomod_entc_frac_min_share_production_pp_gas_ccs,NemoMod MinShareProduction,,,,,,,,
entc,Energy Technology,nemomod_entc_frac_min_share_production_pp_geothermal,NemoMod MinShareProduction,,,,,,,,
entc,Energy Technology,nemomod_entc_frac_min_share_production_pp_hydropower,NemoMod MinShareProduction,,,,,,,,
entc,Energy Technology,nemomod_entc_frac_min_share_production_pp_nuclear,NemoMod MinShareProduction,,,,,,,,
entc,Energy Technology,nemomod_entc_frac_min_share_production_pp_ocean,NemoMod MinShareProduction,,,,,,,,
entc,Energy Technology,nemomod_entc_frac_min_share_production_pp_oil,NemoMod MinShareProduction,,,,,,,,
entc,Energy Technology,nemomod_entc_frac_min_share_production_pp_solar,NemoMod MinShareProduction,,,,,,,,
entc,Energy Technology,nemomod_entc_frac_min_share_production_pp_waste_incineration,NemoMod MinShareProduction,,,,,,,,
entc,Energy Technology,nemomod_entc_frac_min_share_production_pp_wind,NemoMod MinShareProduction,,,,,,,,
entc,Energy Technology,nemomod_entc_grid_power_constraint_mmm_usd,Grid Power System Investment Constraint,,,,,mmm_usd,,,
entc,Energy Technology,nemomod_entc_input_activity_ratio_fuel_production_fp_ammonia_production_electricity,Fuel Production NemoMod InputActivityRatio Electricity,,,,,,,,
entc,Energy Technology,nemomod_entc_input_activity_ratio_fuel_production_fp_ammonia_production_hydrogen,Fuel Production NemoMod InputActivityRatio Hydrogen,,,,,,,,
entc,Energy Technology,nemomod_entc_input_activity_ratio_fuel_production_fp_hydrogen_electrolysis_electricity,Fuel Production NemoMod InputActivityRatio Electricity,,,,,,,,
entc,Energy Technology,nemomod_entc_input_activity_ratio_fuel_production_fp_hydrogen_electrolysis_water,Fuel Production NemoMod InputActivityRatio Water,,,,,,,,
entc,Energy Technology,nemomod_entc_input_activity_ratio_fuel_production_fp_hydrogen_gasification_biomass,Fuel Production NemoMod InputActivityRatio Biomass,,,,,,,,
entc,Energy Technology,nemomod_entc_input_activity_ratio_fuel_production_fp_hydrogen_gasification_coal,Fuel Production NemoMod InputActivityRatio Coal,,,,,,,,
entc,Energy Technology,nemomod_entc_input_activity_ratio_fuel_production_fp_hydrogen_gasification_electricity,Fuel Production NemoMod InputActivityRatio Electricity,,,,,,,,
entc,Energy Technology,nemomod_entc_input_activity_ratio_fuel_production_fp_hydrogen_reformation_ccs_electricity,Fuel Production NemoMod InputActivityRatio Electricity,,,,,,,,
entc,Energy Technology,nemomod_entc_input_activity_ratio_fuel_production_fp_hydrogen_reformation_ccs_natural_gas,Fuel Production NemoMod InputActivityRatio Natural Gas,,,,,,,,
entc,Energy Technology,nemomod_entc_input_activity_ratio_fuel_production_fp_hydrogen_reformation_ccs_oil,Fuel Production NemoMod InputActivityRatio Oil,,,,,,,,
entc,Energy Technology,nemomod_entc_input_activity_ratio_fuel_production_fp_hydrogen_reformation_electricity,Fuel Production NemoMod InputActivityRatio Electricity,,,,,,,,
entc,Energy Technology,nemomod_entc_input_activity_ratio_fuel_production_fp_hydrogen_reformation_natural_gas,Fuel Production NemoMod InputActivityRatio Natural Gas,,,,,,,,
entc,Energy Technology,nemomod_entc_input_activity_ratio_fuel_production_fp_hydrogen_reformation_oil,Fuel Production NemoMod InputActivityRatio Oil,,,,,,,,
entc,Energy Technology,nemomod_entc_input_activity_ratio_fuel_production_fp_natural_gas_electricity,Fuel Production NemoMod InputActivityRatio Electricity,,,,,,,,
entc,Energy Technology,nemomod_entc_input_activity_ratio_fuel_production_fp_natural_gas_liquefaction_electricity,Fuel Production NemoMod InputActivityRatio Electricity,,,,,,,,
entc,Energy Technology,nemomod_entc_input_activity_ratio_fuel_production_fp_natural_gas_liquefaction_natural_gas,Fuel Production NemoMod InputActivityRatio Natural Gas,,,,,,,,
entc,Energy Technology,nemomod_entc_input_activity_ratio_fuel_production_fp_natural_gas_natural_gas_unprocessed,Fuel Production NemoMod InputActivityRatio Natural Gas Unprocessed,,,,,,,,
entc,Energy Technology,nemomod_entc_input_activity_ratio_fuel_production_fp_petroleum_refinement_crude,Fuel Production NemoMod InputActivityRatio Crude,,,,,,,,
entc,Energy Technology,nemomod_entc_input_activity_ratio_fuel_production_fp_petroleum_refinement_electricity,Fuel Production NemoMod InputActivityRatio Electricity,,,,,,,,
entc,Energy Technology,nemomod_entc_input_activity_ratio_fuel_production_me_coal_coal_deposits,Fuel Production NemoMod InputActivityRatio Coal Deposits,,,,,,,,
entc,Energy Technology,nemomod_entc_input_activity_ratio_fuel_production_me_coal_diesel,Fuel Production NemoMod InputActivityRatio Diesel,,,,,,,,
entc,Energy Technology,nemomod_entc_input_activity_ratio_fuel_production_me_coal_electricity,Fuel Production NemoMod InputActivityRatio Electricity,,,,,,,,
entc,Energy Technology,nemomod_entc_input_activity_ratio_fuel_production_me_coal_gasoline,Fuel Production NemoMod InputActivityRatio Gasoline,,,,,,,,
entc,Energy Technology,nemomod_entc_input_activity_ratio_fuel_production_me_coal_natural_gas,Fuel Production NemoMod InputActivityRatio Natural Gas,,,,,,,,
entc,Energy Technology,nemomod_entc_input_activity_ratio_fuel_production_me_coal_oil,Fuel Production NemoMod InputActivityRatio Oil,,,,,,,,
entc,Energy Technology,nemomod_entc_input_activity_ratio_fuel_production_me_crude_diesel,Fuel Production NemoMod InputActivityRatio Diesel,,,,,,,,
entc,Energy Technology,nemomod_entc_input_activity_ratio_fuel_production_me_crude_electricity,Fuel Production NemoMod InputActivityRatio Electricity,,,,,,,,
entc,Energy Technology,nemomod_entc_input_activity_ratio_fuel_production_me_crude_gasoline,Fuel Production NemoMod InputActivityRatio Gasoline,,,,,,,,
entc,Energy Technology,nemomod_entc_input_activity_ratio_fuel_production_me_crude_natural_gas,Fuel Production NemoMod InputActivityRatio Natural Gas,,,,,,,,
entc,Energy Technology,nemomod_entc_input_activity_ratio_fuel_production_me_crude_oil,Fuel Production NemoMod InputActivityRatio Oil,,,,,,,,
entc,Energy Technology,nemomod_entc_input_activity_ratio_fuel_production_me_natural_gas_diesel,Fuel Production NemoMod InputActivityRatio Diesel,,,,,,,,
entc,Energy Technology,nemomod_entc_input_activity_ratio_fuel_production_me_natural_gas_electricity,Fuel Production NemoMod InputActivityRatio Electricity,,,,,,,,
entc,Energy Technology,nemomod_entc_input_activity_ratio_fuel_production_me_natural_gas_gasoline,Fuel Production NemoMod InputActivityRatio Gasoline,,,,,,,,
entc,Energy Technology,nemomod_entc_input_activity_ratio_fuel_production_me_natural_gas_natural_gas,Fuel Production NemoMod InputActivityRatio Natural Gas,,,,,,,,
entc,Energy Technology,nemomod_entc_input_activity_ratio_fuel_production_me_natural_gas_oil,Fuel Production NemoMod InputActivityRatio Oil,,,,,,,,
entc,Energy Technology,nemomod_entc_output_activity_ratio_fuel_production_fp_ammonia_production_ammonia,Fuel Production NemoMod OutputActivityRatio Ammonia,,,,,,,,
entc,Energy Technology,nemomod_entc_output_activity_ratio_fuel_production_fp_hydrogen_electrolysis_hydrogen,Fuel Production NemoMod OutputActivityRatio Hydrogen,,,,,,,,
entc,Energy Technology,nemomod_entc_output_activity_ratio_fuel_production_fp_hydrogen_gasification_hydrogen,Fuel Production NemoMod OutputActivityRatio Hydrogen,,,,,,,,
entc,Energy Technology,nemomod_entc_output_activity_ratio_fuel_production_fp_hydrogen_reformation_ccs_hydrogen,Fuel Production NemoMod OutputActivityRatio Hydrogen,,,,,,,,
entc,Energy Technology,nemomod_entc_output_activity_ratio_fuel_production_fp_hydrogen_reformation_hydrogen,Fuel Production NemoMod OutputActivityRatio Hydrogen,,,,,,,,
entc,Energy Technology,nemomod_entc_output_activity_ratio_fuel_production_fp_natural_gas_hydrocarbon_gas_liquids,Fuel Production NemoMod OutputActivityRatio Hydrocarbon Gas Liquids,,,,,,,,
entc,Energy Technology,nemomod_entc_output_activity_ratio_fuel_production_fp_natural_gas_liquefaction_natural_gas_unprocessed,Fuel Production NemoMod OutputActivityRatio Liquid Natural Gas,,,,,,,,
entc,Energy Technology,nemomod_entc_output_activity_ratio_fuel_production_fp_natural_gas_natural_gas,Fuel Production NemoMod OutputActivityRatio Natural Gas,,,,,,,,
entc,Energy Technology,nemomod_entc_output_activity_ratio_fuel_production_fp_petroleum_refinement_diesel,Fuel Production NemoMod OutputActivityRatio Diesel,,,,,,,,
entc,Energy Technology,nemomod_entc_output_activity_ratio_fuel_production_fp_petroleum_refinement_gasoline,Fuel Production NemoMod OutputActivityRatio Gasoline,,,,,,,,
entc,Energy Technology,nemomod_entc_output_activity_ratio_fuel_production_fp_petroleum_refinement_hydrocarbon_gas_liquids,Fuel Production NemoMod OutputActivityRatio Hydrocarbon Gas Liquids,,,,,,,,
entc,Energy Technology,nemomod_entc_output_activity_ratio_fuel_production_fp_petroleum_refinement_kerosene,Fuel Production NemoMod OutputActivityRatio Kerosene,,,,,,,,
entc,Energy Technology,nemomod_entc_output_activity_ratio_fuel_production_fp_petroleum_refinement_oil,Fuel Production NemoMod OutputActivityRatio Oil,,,,,,,,
entc,Energy Technology,nemomod_entc_output_activity_ratio_fuel_production_me_coal_coal,Fuel Production NemoMod OutputActivityRatio Coal,,,,,,,,
entc,Energy Technology,nemomod_entc_output_activity_ratio_fuel_production_me_crude_crude,Fuel Production NemoMod OutputActivityRatio Crude,,,,,,,,
entc,Energy Technology,nemomod_entc_output_activity_ratio_fuel_production_me_natural_gas_natural_gas_unprocessed,Fuel Production NemoMod OutputActivityRatio Natural Gas Unprocessed,,,,,,,,
entc,Energy Technology,nemomod_entc_renewable_energy_tag_pp_biogas,NemoMod RETagTechnology,,,,,,,,
entc,Energy Technology,nemomod_entc_renewable_energy_tag_pp_biomass,NemoMod RETagTechnology,,,,,,,,
entc,Energy Technology,nemomod_entc_renewable_energy_tag_pp_coal,NemoMod RETagTechnology,,,,,,,,
entc,Energy Technology,nemomod_entc_renewable_energy_tag_pp_coal_ccs,NemoMod RETagTechnology,,,,,,,,
entc,Energy Technology,nemomod_entc_renewable_energy_tag_pp_gas,NemoMod RETagTechnology,,,,,,,,
entc,Energy Technology,nemomod_entc_renewable_energy_tag_pp_gas_ccs,NemoMod RETagTechnology,,,,,,,,
entc,Energy Technology,nemomod_entc_renewable_energy_tag_pp_geothermal,NemoMod RETagTechnology,,,,,,,,
entc,Energy Technology,nemomod_entc_renewable_energy_tag_pp_hydropower,NemoMod RETagTechnology,,,,,,,,
entc,Energy Technology,nemomod_entc_renewable_energy_tag_pp_nuclear,NemoMod RETagTechnology,,,,,,,,
entc,Energy Technology,nemomod_entc_renewable_energy_tag_pp_ocean,NemoMod RETagTechnology,,,,,,,,
entc,Energy Technology,nemomod_entc_renewable_energy_tag_pp_oil,NemoMod RETagTechnology,,,,,,,,
entc,Energy Technology,nemomod_entc_renewable_energy_tag_pp_solar,NemoMod RETagTechnology,,,,,,,,
entc,Energy Technology,nemomod_entc_renewable_energy_tag_pp_waste_incineration,NemoMod RETagTechnology,,,,,,,,
entc,Energy Technology,nemomod_entc_renewable_energy_tag_pp_wind,NemoMod RETagTechnology,,,,,,,,
entc,Energy Technology,nemomod_entc_renewable_energy_tag_st_batteries,NemoMod RETagTechnology,,,,,,,,
entc,Energy Technology,nemomod_entc_renewable_energy_tag_st_compressed_air,NemoMod RETagTechnology,,,,,,,,
entc,Energy Technology,nemomod_entc_renewable_energy_tag_st_flywheels,NemoMod RETagTechnology,,,,,,,,
entc,Energy Technology,nemomod_entc_renewable_energy_tag_st_pumped_hydro,NemoMod RETagTechnology,,,,,,,,
entc,Energy Technology,nemomod_entc_reserve_margin_tag_technology_pp_biogas,NemoMod ReserveMarginTagTechnology,,,,,,,,
entc,Energy Technology,nemomod_entc_reserve_margin_tag_technology_pp_biomass,NemoMod ReserveMarginTagTechnology,,,,,,,,
entc,Energy Technology,nemomod_entc_reserve_margin_tag_technology_pp_coal,NemoMod ReserveMarginTagTechnology,,,,,,,,
entc,Energy Technology,nemomod_entc_reserve_margin_tag_technology_pp_coal_ccs,NemoMod ReserveMarginTagTechnology,,,,,,,,
entc,Energy Technology,nemomod_entc_reserve_margin_tag_technology_pp_gas,NemoMod ReserveMarginTagTechnology,,,,,,,,
entc,Energy Technology,nemomod_entc_reserve_margin_tag_technology_pp_gas_ccs,NemoMod ReserveMarginTagTechnology,,,,,,,,
entc,Energy Technology,nemomod_entc_reserve_margin_tag_technology_pp_geothermal,NemoMod ReserveMarginTagTechnology,,,,,,,,
entc,Energy Technology,nemomod_entc_reserve_margin_tag_technology_pp_hydropower,NemoMod ReserveMarginTagTechnology,,,,,,,,
entc,Energy Technology,nemomod_entc_reserve_margin_tag_technology_pp_nuclear,NemoMod ReserveMarginTagTechnology,,,,,,,,
entc,Energy Technology,nemomod_entc_reserve_margin_tag_technology_pp_ocean,NemoMod ReserveMarginTagTechnology,,,,,,,,
entc,Energy Technology,nemomod_entc_reserve_margin_tag_technology_pp_oil,NemoMod ReserveMarginTagTechnology,,,,,,,,
entc,Energy Technology,nemomod_entc_reserve_margin_tag_technology_pp_solar,NemoMod ReserveMarginTagTechnology,,,,,,,,
entc,Energy Technology,nemomod_entc_reserve_margin_tag_technology_pp_waste_incineration,NemoMod ReserveMarginTagTechnology,,,,,,,,
entc,Energy Technology,nemomod_entc_reserve_margin_tag_technology_pp_wind,NemoMod ReserveMarginTagTechnology,,,,,,,,
entc,Energy Technology,nemomod_entc_reserve_margin_tag_technology_st_batteries,NemoMod ReserveMarginTagTechnology,,,,,,,,
entc,Energy Technology,nemomod_entc_reserve_margin_tag_technology_st_compressed_air,NemoMod ReserveMarginTagTechnology,,,,,,,,
entc,Energy Technology,nemomod_entc_reserve_margin_tag_technology_st_flywheels,NemoMod ReserveMarginTagTechnology,,,,,,,,
entc,Energy Technology,nemomod_entc_reserve_margin_tag_technology_st_pumped_hydro,NemoMod ReserveMarginTagTechnology,,,,,,,,
entc,Energy Technology,nemomod_entc_residual_capacity_pp_biogas_gw,NemoMod ResidualCapacity,,,,,,gw,,
entc,Energy Technology,nemomod_entc_residual_capacity_pp_biomass_gw,NemoMod ResidualCapacity,,,,,,gw,,
entc,Energy Technology,nemomod_entc_residual_capacity_pp_coal_ccs_gw,NemoMod ResidualCapacity,,,,,,gw,,
entc,Energy Technology,nemomod_entc_residual_capacity_pp_coal_gw,NemoMod ResidualCapacity,,,,,,gw,,
entc,Energy Technology,nemomod_entc_residual_capacity_pp_gas_ccs_gw,NemoMod ResidualCapacity,,,,,,gw,,
entc,Energy Technology,nemomod_entc_residual_capacity_pp_gas_gw,NemoMod ResidualCapacity,,,,,,gw,,
entc,Energy Technology,nemomod_entc_residual_capacity_pp_geothermal_gw,NemoMod ResidualCapacity,,,,,,gw,,
entc,Energy Technology,nemomod_entc_residual_capacity_pp_hydropower_gw,NemoMod ResidualCapacity,,,,,,gw,,
entc,Energy Technology,nemomod_entc_residual_capacity_pp_nuclear_gw,NemoMod ResidualCapacity,,,,,,gw,,
entc,Energy Technology,nemomod_entc_residual_capacity_pp_ocean_gw,NemoMod ResidualCapacity,,,,,,gw,,
entc,Energy Technology,nemomod_entc_residual_capacity_pp_oil_gw,NemoMod ResidualCapacity,,,,,,gw,,
entc,Energy Technology,nemomod_entc_residual_capacity_pp_solar_gw,NemoMod ResidualCapacity,,,,,,gw,,
entc,Energy Technology,nemomod_entc_residual_capacity_pp_waste_incineration_gw,NemoMod ResidualCapacity,,,,,,gw,,
entc,Energy Technology,nemomod_entc_residual_capacity_pp_wind_gw,NemoMod ResidualCapacity,,,,,,gw,,
entc,Energy Technology,nemomod_entc_scalar_availability_factor_pp_biogas,NemoMod AvailabilityFactor Scalar,,,,,,,,
entc,Energy Technology,nemomod_entc_scalar_availability_factor_pp_biomass,NemoMod AvailabilityFactor Scalar,,,,,,,,
entc,Energy Technology,nemomod_entc_scalar_availability_factor_pp_coal,NemoMod AvailabilityFactor Scalar,,,,,,,,
entc,Energy Technology,nemomod_entc_scalar_availability_factor_pp_coal_ccs,NemoMod AvailabilityFactor Scalar,,,,,,,,
entc,Energy Technology,nemomod_entc_scalar_availability_factor_pp_gas,NemoMod AvailabilityFactor Scalar,,,,,,,,
entc,Energy Technology,nemomod_entc_scalar_availability_factor_pp_gas_ccs,NemoMod AvailabilityFactor Scalar,,,,,,,,
entc,Energy Technology,nemomod_entc_scalar_availability_factor_pp_geothermal,NemoMod AvailabilityFactor Scalar,,,,,,,,
entc,Energy Technology,nemomod_entc_scalar_availability_factor_pp_hydropower,NemoMod AvailabilityFactor Scalar,,,,,,,,
entc,Energy Technology,nemomod_entc_scalar_availability_factor_pp_nuclear,NemoMod AvailabilityFactor Scalar,,,,,,,,
entc,Energy Technology,nemomod_entc_scalar_availability_factor_pp_ocean,NemoMod AvailabilityFactor Scalar,,,,,,,,
entc,Energy Technology,nemomod_entc_scalar_availability_factor_pp_oil,NemoMod AvailabilityFactor Scalar,,,,,,,,
entc,Energy Technology,nemomod_entc_scalar_availability_factor_pp_solar,NemoMod AvailabilityFactor Scalar,,,,,,,,
entc,Energy Technology,nemomod_entc_scalar_availability_factor_pp_waste_incineration,NemoMod AvailabilityFactor Scalar,,,,,,,,
entc,Energy Technology,nemomod_entc_scalar_availability_factor_pp_wind,NemoMod AvailabilityFactor Scalar,,,,,,,,
entc,Energy Technology,nemomod_entc_total_annual_max_capacity_investment_pp_biogas_gw,NemoMod TotalAnnualMaxCapacityInvestment,,,,,,gw,,
entc,Energy Technology,nemomod_entc_total_annual_max_capacity_investment_pp_biomass_gw,NemoMod TotalAnnualMaxCapacityInvestment,,,,,,gw,,
entc,Energy Technology,nemomod_entc_total_annual_max_capacity_investment_pp_coal_ccs_gw,NemoMod TotalAnnualMaxCapacityInvestment,,,,,,gw,,
entc,Energy Technology,nemomod_entc_total_annual_max_capacity_investment_pp_coal_gw,NemoMod TotalAnnualMaxCapacityInvestment,,,,,,gw,,
entc,Energy Technology,nemomod_entc_total_annual_max_capacity_investment_pp_gas_ccs_gw,NemoMod TotalAnnualMaxCapacityInvestment,,,,,,gw,,
entc,Energy Technology,nemomod_entc_total_annual_max_capacity_investment_pp_gas_gw,NemoMod TotalAnnualMaxCapacityInvestment,,,,,,gw,,
entc,Energy Technology,nemomod_entc_total_annual_max_capacity_investment_pp_geothermal_gw,NemoMod TotalAnnualMaxCapacityInvestment,,,,,,gw,,
entc,Energy Technology,nemomod_entc_total_annual_max_capacity_investment_pp_hydropower_gw,NemoMod TotalAnnualMaxCapacityInvestment,,,,,,gw,,
entc,Energy Technology,nemomod_entc_total_annual_max_capacity_investment_pp_nuclear_gw,NemoMod TotalAnnualMaxCapacityInvestment,,,,,,gw,,
entc,Energy Technology,nemomod_entc_total_annual_max_capacity_investment_pp_ocean_gw,NemoMod TotalAnnualMaxCapacityInvestment,,,,,,gw,,
entc,Energy Technology,nemomod_entc_total_annual_max_capacity_investment_pp_oil_gw,NemoMod TotalAnnualMaxCapacityInvestment,,,,,,gw,,
entc,Energy Technology,nemomod_entc_total_annual_max_capacity_investment_pp_solar_gw,NemoMod TotalAnnualMaxCapacityInvestment,,,,,,gw,,
entc,Energy Technology,nemomod_entc_total_annual_max_capacity_investment_pp_waste_incineration_gw,NemoMod TotalAnnualMaxCapacityInvestment,,,,,,gw,,
entc,Energy Technology,nemomod_entc_total_annual_max_capacity_investment_pp_wind_gw,NemoMod TotalAnnualMaxCapacityInvestment,,,,,,gw,,
entc,Energy Technology,nemomod_entc_total_annual_max_capacity_pp_biogas_gw,NemoMod TotalAnnualMaxCapacity,,,,,,gw,,
entc,Energy Technology,nemomod_entc_total_annual_max_capacity_pp_biomass_gw,NemoMod TotalAnnualMaxCapacity,,,,,,gw,,
entc,Energy Technology,nemomod_entc_total_annual_max_capacity_pp_coal_ccs_gw,NemoMod TotalAnnualMaxCapacity,,,,,,gw,,
entc,Energy Technology,nemomod_entc_total_annual_max_capacity_pp_coal_gw,NemoMod TotalAnnualMaxCapacity,,,,,,gw,,
entc,Energy Technology,nemomod_entc_total_annual_max_capacity_pp_gas_ccs_gw,NemoMod TotalAnnualMaxCapacity,,,,,,gw,,
entc,Energy Technology,nemomod_entc_total_annual_max_capacity_pp_gas_gw,NemoMod TotalAnnualMaxCapacity,,,,,,gw,,
entc,Energy Technology,nemomod_entc_total_annual_max_capacity_pp_geothermal_gw,NemoMod TotalAnnualMaxCapacity,,,,,,gw,,
entc,Energy Technology,nemomod_entc_total_annual_max_capacity_pp_hydropower_gw,NemoMod TotalAnnualMaxCapacity,,,,,,gw,,
entc,Energy Technology,nemomod_entc_total_annual_max_capacity_pp_nuclear_gw,NemoMod TotalAnnualMaxCapacity,,,,,,gw,,
entc,Energy Technology,nemomod_entc_total_annual_max_capacity_pp_ocean_gw,NemoMod TotalAnnualMaxCapacity,,,,,,gw,,
entc,Energy Technology,nemomod_entc_total_annual_max_capacity_pp_oil_gw,NemoMod TotalAnnualMaxCapacity,,,,,,gw,,
entc,Energy Technology,nemomod_entc_total_annual_max_capacity_pp_solar_gw,NemoMod TotalAnnualMaxCapacity,,,,,,gw,,
entc,Energy Technology,nemomod_entc_total_annual_max_capacity_pp_waste_incineration_gw,NemoMod TotalAnnualMaxCapacity,,,,,,gw,,
entc,Energy Technology,nemomod_entc_total_annual_max_capacity_pp_wind_gw,NemoMod TotalAnnualMaxCapacity,,,,,,gw,,
entc,Energy Technology,nemomod_entc_total_annual_min_capacity_investment_pp_biogas_gw,NemoMod TotalAnnualMinCapacityInvestment,,,,,,gw,,
entc,Energy Technology,nemomod_entc_total_annual_min_capacity_investment_pp_biomass_gw,NemoMod TotalAnnualMinCapacityInvestment,,,,,,gw,,
entc,Energy Technology,nemomod_entc_total_annual_min_capacity_investment_pp_coal_ccs_gw,NemoMod TotalAnnualMinCapacityInvestment,,,,,,gw,,
entc,Energy Technology,nemomod_entc_total_annual_min_capacity_investment_pp_coal_gw,NemoMod TotalAnnualMinCapacityInvestment,,,,,,gw,,
entc,Energy Technology,nemomod_entc_total_annual_min_capacity_investment_pp_gas_ccs_gw,NemoMod TotalAnnualMinCapacityInvestment,,,,,,gw,,
entc,Energy Technology,nemomod_entc_total_annual_min_capacity_investment_pp_gas_gw,NemoMod TotalAnnualMinCapacityInvestment,,,,,,gw,,
entc,Energy Technology,nemomod_entc_total_annual_min_capacity_investment_pp_geothermal_gw,NemoMod TotalAnnualMinCapacityInvestment,,,,,,gw,,
entc,Energy Technology,nemomod_entc_total_annual_min_capacity_investment_pp_hydropower_gw,NemoMod TotalAnnualMinCapacityInvestment,,,,,,gw,,
entc,Energy Technology,nemomod_entc_total_annual_min_capacity_investment_pp_nuclear_gw,NemoMod TotalAnnualMinCapacityInvestment,,,,,,gw,,
entc,Energy Technology,nemomod_entc_total_annual_min_capacity_investment_pp_ocean_gw,NemoMod TotalAnnualMinCapacityInvestment,,,,,,gw,,
entc,Energy Technology,nemomod_entc_total_annual_min_capacity_investment_pp_oil_gw,NemoMod TotalAnnualMinCapacityInvestment,,,,,,gw,,
entc,Energy Technology,nemomod_entc_total_annual_min_capacity_investment_pp_solar_gw,NemoMod TotalAnnualMinCapacityInvestment,,,,,,gw,,
entc,Energy Technology,nemomod_entc_total_annual_min_capacity_investment_pp_waste_incineration_gw,NemoMod TotalAnnualMinCapacityInvestment,,,,,,gw,,
entc,Energy Technology,nemomod_entc_total_annual_min_capacity_investment_pp_wind_gw,NemoMod TotalAnnualMinCapacityInvestment,,,,,,gw,,
entc,Energy Technology,nemomod_entc_total_annual_min_capacity_pp_biogas_gw,NemoMod TotalAnnualMinCapacity,,,,,,gw,,
entc,Energy Technology,nemomod_entc_total_annual_min_capacity_pp_biomass_gw,NemoMod TotalAnnualMinCapacity,,,,,,gw,,
entc,Energy Technology,nemomod_entc_total_annual_min_capacity_pp_coal_ccs_gw,NemoMod TotalAnnualMinCapacity,,,,,,gw,,
entc,Energy Technology,nemomod_entc_total_annual_min_capacity_pp_coal_gw,NemoMod TotalAnnualMinCapacity,,,,,,gw,,
entc,Energy Technology,nemomod_entc_total_annual_min_capacity_pp_gas_ccs_gw,NemoMod TotalAnnualMinCapacity,,,,,,gw,,
entc,Energy Technology,nemomod_entc_total_annual_min_capacity_pp_gas_gw,NemoMod TotalAnnualMinCapacity,,,,,,gw,,
entc,Energy Technology,nemomod_entc_total_annual_min_capacity_pp_geothermal_gw,NemoMod TotalAnnualMinCapacity,,,,,,gw,,
entc,Energy Technology,nemomod_entc_total_annual_min_capacity_pp_hydropower_gw,NemoMod TotalAnnualMinCapacity,,,,,,gw,,
entc,Energy Technology,nemomod_entc_total_annual_min_capacity_pp_nuclear_gw,NemoMod TotalAnnualMinCapacity,,,,,,gw,,
entc,Energy Technology,nemomod_entc_total_annual_min_capacity_pp_ocean_gw,NemoMod TotalAnnualMinCapacity,,,,,,gw,,
entc,Energy Technology,nemomod_entc_total_annual_min_capacity_pp_oil_gw,NemoMod TotalAnnualMinCapacity,,,,,,gw,,
entc,Energy Technology,nemomod_entc_total_annual_min_capacity_pp_solar_gw,NemoMod TotalAnnualMinCapacity,,,,,,gw,,
entc,Energy Technology,nemomod_entc_total_annual_min_capacity_pp_waste_incineration_gw,NemoMod TotalAnnualMinCapacity,,,,,,gw,,
entc,Energy Technology,nemomod_entc_total_annual_min_capacity_pp_wind_gw,NemoMod TotalAnnualMinCapacity,,,,,,gw,,
entc,Energy Technology,nemomod_entc_variable_cost_pp_biogas_usd_per_mwh,NemoMod VariableCost,,mwh,,,usd,,,
entc,Energy Technology,nemomod_entc_variable_cost_pp_biomass_usd_per_mwh,NemoMod VariableCost,,mwh,,,usd,,,
entc,Energy Technology,nemomod_entc_variable_cost_pp_coal_ccs_usd_per_mwh,NemoMod VariableCost,,mwh,,,usd,,,
entc,Energy Technology,nemomod_entc_variable_cost_pp_coal_usd_per_mwh,NemoMod VariableCost,,mwh,,,usd,,,
entc,Energy Technology,nemomod_entc_variable_cost_pp_gas_ccs_usd_per_mwh,NemoMod VariableCost,,mwh,,,usd,,,
entc,Energy Technology,nemomod_entc_variable_cost_pp_gas_usd_per_mwh,NemoMod VariableCost,,mwh,,,usd,,,
entc,Energy Technology,nemomod_entc_variable_cost_pp_geothermal_usd_per_mwh,NemoMod VariableCost,,mwh,,,usd,,,
entc,Energy Technology,nemomod_entc_variable_cost_pp_hydropower_usd_per_mwh,NemoMod VariableCost,,mwh,,,usd,,,
entc,Energy Technology,nemomod_entc_variable_cost_pp_nuclear_usd_per_mwh,NemoMod VariableCost,,mwh,,,usd,,,
entc,Energy Technology,nemomod_entc_variable_cost_pp_ocean_usd_per_mwh,NemoMod VariableCost,,mwh,,,usd,,,
entc,Energy Technology,nemomod_entc_variable_cost_pp_oil_usd_per_mwh,NemoMod VariableCost,,mwh,,,usd,,,
entc,Energy Technology,nemomod_entc_variable_cost_pp_solar_usd_per_mwh,NemoMod VariableCost,,mwh,,,usd,,,
entc,Energy Technology,nemomod_entc_variable_cost_pp_waste_incineration_usd_per_mwh,NemoMod VariableCost,,mwh,,,usd,,,
entc,Energy Technology,nemomod_entc_variable_cost_pp_wind_usd_per_mwh,NemoMod VariableCost,,mwh,,,usd,,,
entc,Energy Technology,nemomod_entc_variable_cost_st_batteries_usd_per_mwh,NemoMod VariableCost,,mwh,,,usd,,,
entc,Energy Technology,nemomod_entc_variable_cost_st_compressed_air_usd_per_mwh,NemoMod VariableCost,,mwh,,,usd,,,
entc,Energy Technology,nemomod_entc_variable_cost_st_flywheels_usd_per_mwh,NemoMod VariableCost,,mwh,,,usd,,,
entc,Energy Technology,nemomod_entc_variable_cost_st_pumped_hydro_usd_per_mwh,NemoMod VariableCost,,mwh,,,usd,,,
frst,Forest,deminit_frst_wood_home_use_kg_per_hh,Initial Per Household Wood Demand,,,,kg,,,,
frst,Forest,ef_frst_c_per_wood_products,C Carbon Harvested Wood Products Emission Factor,,,,,,,,
frst,Forest,ef_frst_forestfires_mangroves_co2,:math:\text{CO}_2 Forest Fire Emission Factor,,,,,,,,co2
frst,Forest,ef_frst_forestfires_primary_co2,:math:\text{CO}_2 Forest Fire Emission Factor,,,,,,,,co2
frst,Forest,ef_frst_forestfires_secondary_co2,:math:\text{CO}_2 Forest Fire Emission Factor,,,,,,,,co2
frst,Forest,ef_frst_forestmethane_mangroves_kt_ch4_ha,:math:\text{CH}_4 Forest Methane Emissions,ha,,,kt,,,,ch4
frst,Forest,ef_frst_forestmethane_primary_kt_ch4_ha,:math:\text{CH}_4 Forest Methane Emissions,ha,,,kt,,,,ch4
frst,Forest,ef_frst_forestmethane_secondary_kt_ch4_ha,:math:\text{CH}_4 Forest Methane Emissions,ha,,,kt,,,,ch4
frst,Forest,ef_frst_sequestration_mangroves_kt_co2_ha,Forest Sequestration Emission Factor,ha,,,kt,,,,co2
frst,Forest,ef_frst_sequestration_primary_kt_co2_ha,Forest Sequestration Emission Factor,ha,,,kt,,,,co2
frst,Forest,ef_frst_sequestration_secondary_kt_co2_ha,Forest Sequestration Emission Factor,ha,,,kt,,,,co2
frst,Forest,ef_frst_sequestration_young_secondary_kt_co2_ha,Young Secondary Forest Sequestration Emission Factor,ha,,,kt,,,,co2
frst,Forest,frac_frst_annual_wildfire_fraction_mangroves,Average Fraction of Forest Burned Annually,,,,,,,,
frst,Forest,frac_frst_annual_wildfire_fraction_primary,Average Fraction of Forest Burned Annually,,,,,,,,
frst,Forest,frac_frst_annual_wildfire_fraction_secondary,Average Fraction of Forest Burned Annually,,,,,,,,
frst,Forest,frac_frst_forest_conversions_available_for_fuelwood,Fraction of Forest Conversions Available for Fuelwood,,,,,,,,
frst,Forest,frac_frst_mangroves_cl1_temperate_nutrient_poor,Forest Fraction Temperate Nutrient Poor,,,,,,,,
frst,Forest,frac_frst_mangroves_cl1_temperate_nutrient_rich,Forest Fraction Temperate Nutrient Rich,,,,,,,,
frst,Forest,frac_frst_mangroves_cl1_tropical,Forest Fraction Tropical,,,,,,,,
frst,Forest,frac_frst_primary_cl1_temperate_nutrient_poor,Forest Fraction Temperate Nutrient Poor,,,,,,,,
frst,Forest,frac_frst_primary_cl1_temperate_nutrient_rich,Forest Fraction Temperate Nutrient Rich,,,,,,,,
frst,Forest,frac_frst_primary_cl1_tropical,Forest Fraction Tropical,,,,,,,,
frst,Forest,frac_frst_secondary_cl1_temperate_nutrient_poor,Forest Fraction Temperate Nutrient Poor,,,,,,,,
frst,Forest,frac_frst_secondary_cl1_temperate_nutrient_rich,Forest Fraction Temperate Nutrient Rich,,,,,,,,
frst,Forest,frac_frst_secondary_cl1_tropical,Forest Fraction Tropical,,,,,,,,
frst,Forest,hl_frst_half_life_hwp_paper_products,HWP Half Life Paper,,,,,,,,
frst,Forest,hl_frst_half_life_hwp_wood_products,HWP Half Life Wood,,,,,,,,
frst,Forest,qty_frst_biomass_consumed_by_fire_temperate_mangroves_tonne_per_ha,Fire Biomass Consumption for Temperate Forests,ha,,,tonne,,,,
frst,Forest,qty_frst_biomass_consumed_by_fire_temperate_primary_tonne_per_ha,Fire Biomass Consumption for Temperate Forests,ha,,,tonne,,,,
frst,Forest,qty_frst_biomass_consumed_by_fire_temperate_secondary_tonne_per_ha,Fire Biomass Consumption for Temperate Forests,ha,,,tonne,,,,
frst,Forest,qty_frst_biomass_consumed_by_fire_tropical_mangroves_tonne_per_ha,Fire Biomass Consumption for Tropical Forests,ha,,,tonne,,,,
frst,Forest,qty_frst_biomass_consumed_by_fire_tropical_primary_tonne_per_ha,Fire Biomass Consumption for Tropical Forests,ha,,,tonne,,,,
frst,Forest,qty_frst_biomass_consumed_by_fire_tropical_secondary_tonne_per_ha,Fire Biomass Consumption for Tropical Forests,ha,,,tonne,,,,
fgtv,Fugitive Emissions,ef_fgtv_distribution_tonne_ch4_per_m3_fuel_natural_gas,:math:\text{CH}_4 FGTV Distribution Emission Factor,,,,tonne,,,m3,ch4
fgtv,Fugitive Emissions,ef_fgtv_distribution_tonne_co2_per_m3_fuel_natural_gas,:math:\text{CO}_2 FGTV Distribution Emission Factor,,,,tonne,,,m3,co2
fgtv,Fugitive Emissions,ef_fgtv_distribution_tonne_nmvoc_per_m3_fuel_natural_gas,NMVOC FGTV Distribution Emission Factor,,,,tonne,,,m3,
fgtv,Fugitive Emissions,ef_fgtv_production_flaring_tonne_ch4_per_m3_fuel_coal,:math:\text{CH}_4 FGTV Production Flaring Emission Factor,,,,tonne,,,m3,ch4
fgtv,Fugitive Emissions,ef_fgtv_production_flaring_tonne_ch4_per_m3_fuel_crude,:math:\text{CH}_4 FGTV Production Flaring Emission Factor,,,,tonne,,,m3,ch4
fgtv,Fugitive Emissions,ef_fgtv_production_flaring_tonne_ch4_per_m3_fuel_natural_gas,:math:\text{CH}_4 FGTV Production Flaring Emission Factor,,,,tonne,,,m3,ch4
fgtv,Fugitive Emissions,ef_fgtv_production_flaring_tonne_ch4_per_m3_fuel_oil,:math:\text{CH}_4 FGTV Production Flaring Emission Factor,,,,tonne,,,m3,ch4
fgtv,Fugitive Emissions,ef_fgtv_production_flaring_tonne_co2_per_m3_fuel_coal,:math:\text{CO}_2 FGTV Production Flaring Emission Factor,,,,tonne,,,m3,co2
fgtv,Fugitive Emissions,ef_fgtv_production_flaring_tonne_co2_per_m3_fuel_crude,:math:\text{CO}_2 FGTV Production Flaring Emission Factor,,,,tonne,,,m3,co2
fgtv,Fugitive Emissions,ef_fgtv_production_flaring_tonne_co2_per_m3_fuel_natural_gas,:math:\text{CO}_2 FGTV Production Flaring Emission Factor,,,,tonne,,,m3,co2
fgtv,Fugitive Emissions,ef_fgtv_production_flaring_tonne_co2_per_m3_fuel_oil,:math:\text{CO}_2 FGTV Production Flaring Emission Factor,,,,tonne,,,m3,co2
fgtv,Fugitive Emissions,ef_fgtv_production_flaring_tonne_n2o_per_m3_fuel_crude,:math:\text{N}_2\text{O} FGTV Production Flaring Emission Factor,,,,tonne,,,m3,n2o
fgtv,Fugitive Emissions,ef_fgtv_production_flaring_tonne_n2o_per_m3_fuel_natural_gas,:math:\text{N}_2\text{O} FGTV Production Flaring Emission Factor,,,,tonne,,,m3,n2o
fgtv,Fugitive Emissions,ef_fgtv_production_flaring_tonne_n2o_per_m3_fuel_oil,:math:\text{N}_2\text{O} FGTV Production Flaring Emission Factor,,,,tonne,,,m3,n2o
fgtv,Fugitive Emissions,ef_fgtv_production_flaring_tonne_nmvoc_per_m3_fuel_crude,NMVOC FGTV Production Flaring Emission Factor,,,,tonne,,,m3,
fgtv,Fugitive Emissions,ef_fgtv_production_flaring_tonne_nmvoc_per_m3_fuel_natural_gas,NMVOC FGTV Production Flaring Emission Factor,,,,tonne,,,m3,
fgtv,Fugitive Emissions,ef_fgtv_production_flaring_tonne_nmvoc_per_m3_fuel_oil,NMVOC FGTV Production Flaring Emission Factor,,,,tonne,,,m3,
fgtv,Fugitive Emissions,ef_fgtv_production_fugitive_tonne_ch4_per_m3_fuel_coal,:math:\text{CH}_4 FGTV Production Fugitive Emission Factor,,,,tonne,,,m3,ch4
fgtv,Fugitive Emissions,ef_fgtv_production_fugitive_tonne_ch4_per_m3_fuel_crude,:math:\text{CH}_4 FGTV Production Fugitive Emission Factor,,,,tonne,,,m3,ch4
fgtv,Fugitive Emissions,ef_fgtv_production_fugitive_tonne_ch4_per_m3_fuel_natural_gas,:math:\text{CH}_4 FGTV Production Fugitive Emission Factor,,,,tonne,,,m3,ch4
fgtv,Fugitive Emissions,ef_fgtv_production_fugitive_tonne_ch4_per_m3_fuel_oil,:math:\text{CH}_4 FGTV Production Fugitive Emission Factor,,,,tonne,,,m3,ch4
fgtv,Fugitive Emissions,ef_fgtv_production_fugitive_tonne_co2_per_m3_fuel_coal,:math:\text{CO}_2 FGTV Production Fugitive Emission Factor,,,,tonne,,,m3,co2
fgtv,Fugitive Emissions,ef_fgtv_production_fugitive_tonne_co2_per_m3_fuel_crude,:math:\text{CO}_2 FGTV Production Fugitive Emission Factor,,,,tonne,,,m3,co2
fgtv,Fugitive Emissions,ef_fgtv_production_fugitive_tonne_co2_per_m3_fuel_natural_gas,:math:\text{CO}_2 FGTV Production Fugitive Emission Factor,,,,tonne,,,m3,co2
fgtv,Fugitive Emissions,ef_fgtv_production_fugitive_tonne_co2_per_m3_fuel_oil,:math:\text{CO}_2 FGTV Production Fugitive Emission Factor,,,,tonne,,,m3,co2
fgtv,Fugitive Emissions,ef_fgtv_production_fugitive_tonne_n2o_per_m3_fuel_crude,:math:\text{N}_2\text{O} FGTV Production Fugitive Emission Factor,,,,tonne,,,m3,n2o
fgtv,Fugitive Emissions,ef_fgtv_production_fugitive_tonne_n2o_per_m3_fuel_oil,:math:\text{N}_2\text{O} FGTV Production Fugitive Emission Factor,,,,tonne,,,m3,n2o
fgtv,Fugitive Emissions,ef_fgtv_production_fugitive_tonne_nmvoc_per_m3_fuel_crude,NMVOC FGTV Production Fugitive Emission Factor,,,,tonne,,,m3,
fgtv,Fugitive Emissions,ef_fgtv_production_fugitive_tonne_nmvoc_per_m3_fuel_natural_gas,NMVOC FGTV Production Fugitive Emission Factor,,,,tonne,,,m3,
fgtv,Fugitive Emissions,ef_fgtv_production_fugitive_tonne_nmvoc_per_m3_fuel_oil,NMVOC FGTV Production Fugitive Emission Factor,,,,tonne,,,m3,
fgtv,Fugitive Emissions,ef_fgtv_production_venting_tonne_ch4_per_m3_fuel_coal,:math:\text{CH}_4 FGTV Production Venting Emission Factor,,,,tonne,,,m3,ch4
fgtv,Fugitive Emissions,ef_fgtv_production_venting_tonne_ch4_per_m3_fuel_crude,:math:\text{CH}_4 FGTV Production Venting Emission Factor,,,,tonne,,,m3,ch4
fgtv,Fugitive Emissions,ef_fgtv_production_venting_tonne_ch4_per_m3_fuel_oil,:math:\text{CH}_4 FGTV Production Venting Emission Factor,,,,tonne,,,m3,ch4
fgtv,Fugitive Emissions,ef_fgtv_production_venting_tonne_co2_per_m3_fuel_coal,:math:\text{CO}_2 FGTV Production Venting Emission Factor,,,,tonne,,,m3,co2
fgtv,Fugitive Emissions,ef_fgtv_production_venting_tonne_co2_per_m3_fuel_crude,:math:\text{CO}_2 FGTV Production Venting Emission Factor,,,,tonne,,,m3,co2
fgtv,Fugitive Emissions,ef_fgtv_production_venting_tonne_co2_per_m3_fuel_oil,:math:\text{CO}_2 FGTV Production Venting Emission Factor,,,,tonne,,,m3,co2
fgtv,Fugitive Emissions,ef_fgtv_production_venting_tonne_n2o_per_m3_fuel_crude,:math:\text{N}_2\text{O} FGTV Production Venting Emission Factor,,,,tonne,,,m3,n2o
fgtv,Fugitive Emissions,ef_fgtv_production_venting_tonne_n2o_per_m3_fuel_oil,:math:\text{N}_2\text{O} FGTV Production Venting Emission Factor,,,,tonne,,,m3,n2o
fgtv,Fugitive Emissions,ef_fgtv_production_venting_tonne_nmvoc_per_m3_fuel_crude,NMVOC FGTV Production Venting Emission Factor,,,,tonne,,,m3,
fgtv,Fugitive Emissions,ef_fgtv_production_venting_tonne_nmvoc_per_m3_fuel_oil,NMVOC FGTV Production Venting Emission Factor,,,,tonne,,,m3,
fgtv,Fugitive Emissions,ef_fgtv_transmission_tonne_ch4_per_m3_fuel_crude,:math:\text{CH}_4 FGTV Transmission Emission Factor,,,,tonne,,,m3,ch4
fgtv,Fugitive Emissions,ef_fgtv_transmission_tonne_ch4_per_m3_fuel_natural_gas,:math:\text{CH}_4 FGTV Transmission Emission Factor,,,,tonne,,,m3,ch4
fgtv,Fugitive Emissions,ef_fgtv_transmission_tonne_ch4_per_m3_fuel_oil,:math:\text{CH}_4 FGTV Transmission Emission Factor,,,,tonne,,,m3,ch4
fgtv,Fugitive Emissions,ef_fgtv_transmission_tonne_co2_per_m3_fuel_crude,:math:\text{CO}_2 FGTV Transmission Emission Factor,,,,tonne,,,m3,co2
fgtv,Fugitive Emissions,ef_fgtv_transmission_tonne_co2_per_m3_fuel_natural_gas,:math:\text{CO}_2 FGTV Transmission Emission Factor,,,,tonne,,,m3,co2
fgtv,Fugitive Emissions,ef_fgtv_transmission_tonne_co2_per_m3_fuel_oil,:math:\text{CO}_2 FGTV Transmission Emission Factor,,,,tonne,,,m3,co2
fgtv,Fugitive Emissions,ef_fgtv_transmission_tonne_n2o_per_m3_fuel_crude,:math:\text{N}_2\text{O} FGTV Transmission Emission Factor,,,,tonne,,,m3,n2o
fgtv,Fugitive Emissions,ef_fgtv_transmission_tonne_n2o_per_m3_fuel_oil,:math:\text{N}_2\text{O} FGTV Transmission Emission Factor,,,,tonne,,,m3,n2o
fgtv,Fugitive Emissions,ef_fgtv_transmission_tonne_nmvoc_per_m3_fuel_crude,NMVOC FGTV Transmission Emission Factor,,,,tonne,,,m3,
fgtv,Fugitive Emissions,ef_fgtv_transmission_tonne_nmvoc_per_m3_fuel_natural_gas,NMVOC FGTV Transmission Emission Factor,,,,tonne,,,m3,
fgtv,Fugitive Emissions,ef_fgtv_transmission_tonne_nmvoc_per_m3_fuel_oil,NMVOC FGTV Transmission Emission Factor,,,,tonne,,,m3,
fgtv,Fugitive Emissions,frac_fgtv_drained_and_waste_ch4_flared_fuel_coal,Fraction Non-Fugitive :math:\text{CH}_4 Flared,,,,,,,,ch4
fgtv,Fugitive Emissions,frac_fgtv_drained_and_waste_ch4_flared_fuel_crude,Fraction Non-Fugitive :math:\text{CH}_4 Flared,,,,,,,,ch4
fgtv,Fugitive Emissions,frac_fgtv_drained_and_waste_ch4_flared_fuel_oil,Fraction Non-Fugitive :math:\text{CH}_4 Flared,,,,,,,,ch4
fgtv,Fugitive Emissions,frac_fgtv_reduction_in_fugitive_leaks,Reduction in Fugitive Leaks,,,,,,,,
gnrl,General,area_gnrl_country_ha,Area of Region,ha,,,,,,,
gnrl,General,climate_change_factor_gnrl_hydropower_availability,Climate Change Factor for Average Hydropower Availability,,,,,,,,
gnrl,General,elasticity_gnrl_rate_occupancy_to_gdppc,Elasticity National Occupation Rate to GDP Per Capita,,,,,,,,
gnrl,General,frac_gnrl_eating_red_meat,Fraction Eating Red Meat,,,,,,,,
gnrl,General,limit_gnrl_annual_emissions_mt_ch4,:math:\text{CH}_4 Annual Emission Limit,,,,mt,,,,ch4
gnrl,General,limit_gnrl_annual_emissions_mt_co2,:math:\text{CO}_2 Annual Emission Limit,,,,mt,,,,co2
gnrl,General,limit_gnrl_annual_emissions_mt_n2o,:math:\text{N}_2\text{O} Annual Emission Limit,,,,mt,,,,n2o
gnrl,General,occrateinit_gnrl_occupancy,Initial National Occupancy Rate,,,,,,,,
gnrl,General,population_gnrl_rural,Population,,,,,,,,
gnrl,General,population_gnrl_urban,Population,,,,,,,,
ippu,IPPU,dem_ippu_average_materials_tonne_per_household_cement,Average per Household Demand for Construction Materials,,,,tonne,,,,
ippu,IPPU,dem_ippu_average_materials_tonne_per_household_wood,Average per Household Demand for Construction Materials,,,,tonne,,,,
ippu,IPPU,demscalar_ippu_cement,Industrial Production Scalar,,,,,,,,
ippu,IPPU,demscalar_ippu_chemicals,Industrial Production Scalar,,,,,,,,
ippu,IPPU,demscalar_ippu_construction_and_demolition,Industrial Production Scalar,,,,,,,,
ippu,IPPU,demscalar_ippu_electronics,Industrial Production Scalar,,,,,,,,
ippu,IPPU,demscalar_ippu_glass,Industrial Production Scalar,,,,,,,,
ippu,IPPU,demscalar_ippu_lime_and_carbonite,Industrial Production Scalar,,,,,,,,
ippu,IPPU,demscalar_ippu_metals,Industrial Production Scalar,,,,,,,,
ippu,IPPU,demscalar_ippu_mining,Industrial Production Scalar,,,,,,,,
ippu,IPPU,demscalar_ippu_other_industries,Industrial Production Scalar,,,,,,,,
ippu,IPPU,demscalar_ippu_other_product_manufacturing,Industrial Production Scalar,,,,,,,,
ippu,IPPU,demscalar_ippu_paper,Industrial Production Scalar,,,,,,,,
ippu,IPPU,demscalar_ippu_plastic,Industrial Production Scalar,,,,,,,,
ippu,IPPU,demscalar_ippu_product_use_lubricants,Industrial Production Scalar,,,,,,,,
ippu,IPPU,demscalar_ippu_product_use_ods_other,Industrial Production Scalar,,,,,,,,
ippu,IPPU,demscalar_ippu_product_use_ods_refrigeration,Industrial Production Scalar,,,,,,,,
ippu,IPPU,demscalar_ippu_product_use_other,Industrial Production Scalar,,,,,,,,
ippu,IPPU,demscalar_ippu_product_use_paraffin_wax,Industrial Production Scalar,,,,,,,,
ippu,IPPU,demscalar_ippu_rubber_and_leather,Industrial Production Scalar,,,,,,,,
ippu,IPPU,demscalar_ippu_textiles,Industrial Production Scalar,,,,,,,,
ippu,IPPU,demscalar_ippu_wood,Industrial Production Scalar,,,,,,,,
ippu,IPPU,ef_ippu_tonne_c2f6_per_mmm_gdp_product_use_ods_other,PFC-116 GDP Product Use Emission Factor,,,,tonne,,,,c2f6
ippu,IPPU,ef_ippu_tonne_c2f6_per_tonne_production_chemicals,PFC-116 Production Process Emission Factor,,,,tonne,,,,c2f6
ippu,IPPU,ef_ippu_tonne_c2f6_per_tonne_production_electronics,PFC-116 Production Process Emission Factor,,,,tonne,,,,c2f6
ippu,IPPU,ef_ippu_tonne_c2f6_per_tonne_production_metals,PFC-116 Production Process Emission Factor,,,,tonne,,,,c2f6
ippu,IPPU,ef_ippu_tonne_c2h3f3_per_mmm_gdp_product_use_ods_refrigeration,HFC-143a GDP Product Use Emission Factor,,,,tonne,,,,c2h3f3
ippu,IPPU,ef_ippu_tonne_c2h3f3_per_tonne_production_chemicals,HFC-143a Production Process Emission Factor,,,,tonne,,,,c2h3f3
ippu,IPPU,ef_ippu_tonne_c2hf5_per_mmm_gdp_product_use_ods_other,HFC-125 GDP Product Use Emission Factor,,,,tonne,,,,c2hf5
ippu,IPPU,ef_ippu_tonne_c2hf5_per_mmm_gdp_product_use_ods_refrigeration,HFC-125 GDP Product Use Emission Factor,,,,tonne,,,,c2hf5
ippu,IPPU,ef_ippu_tonne_c2hf5_per_tonne_production_chemicals,HFC-125 Production Process Emission Factor,,,,tonne,,,,c2hf5
ippu,IPPU,ef_ippu_tonne_c3f8_per_tonne_production_chemicals,PFC-218 Production Process Emission Factor,,,,tonne,,,,c3f8
ippu,IPPU,ef_ippu_tonne_c3f8_per_tonne_production_electronics,PFC-218 Production Process Emission Factor,,,,tonne,,,,c3f8
ippu,IPPU,ef_ippu_tonne_c3h2f6_per_mmm_gdp_product_use_ods_other,HFC-236fa GDP Product Use Emission Factor,,,,tonne,,,,c3h2f6
ippu,IPPU,ef_ippu_tonne_c3h2f6_per_mmm_gdp_product_use_ods_refrigeration,HFC-236fa GDP Product Use Emission Factor,,,,tonne,,,,c3h2f6
ippu,IPPU,ef_ippu_tonne_c3h3f5_per_mmm_gdp_product_use_ods_other,HFC-245fa GDP Product Use Emission Factor,,,,tonne,,,,c3h3f5
ippu,IPPU,ef_ippu_tonne_c3h3f5_per_mmm_gdp_product_use_ods_refrigeration,HFC-245fa GDP Product Use Emission Factor,,,,tonne,,,,c3h3f5
ippu,IPPU,ef_ippu_tonne_c3hf7_per_mmm_gdp_product_use_ods_other,HFC-227ea GDP Product Use Emission Factor,,,,tonne,,,,c3hf7
ippu,IPPU,ef_ippu_tonne_c3hf7_per_mmm_gdp_product_use_ods_refrigeration,HFC-227ea GDP Product Use Emission Factor,,,,tonne,,,,c3hf7
ippu,IPPU,ef_ippu_tonne_c3hf7_per_tonne_production_chemicals,HFC-227ea Production Process Emission Factor,,,,tonne,,,,c3hf7
ippu,IPPU,ef_ippu_tonne_c4f10_per_mmm_gdp_product_use_ods_other,PFC-31-10 GDP Product Use Emission Factor,,,,tonne,,,,c4f10
ippu,IPPU,ef_ippu_tonne_c4f10_per_tonne_production_chemicals,PFC-31-10 Production Process Emission Factor,,,,tonne,,,,c4f10
ippu,IPPU,ef_ippu_tonne_c4f6_per_tonne_production_electronics,PFC-1114 Production Process Emission Factor,,,,tonne,,,,c4f6
ippu,IPPU,ef_ippu_tonne_c4f8o_per_tonne_production_electronics,Octafluorooxolane Production Process Emission Factor,,,,tonne,,,,c4f8o
ippu,IPPU,ef_ippu_tonne_c4h5f5_per_mmm_gdp_product_use_ods_other,HFC-365mfc GDP Product Use Emission Factor,,,,tonne,,,,c4h5f5
ippu,IPPU,ef_ippu_tonne_c4h5f5_per_tonne_production_chemicals,HFC-365mfc Production Process Emission Factor,,,,tonne,,,,c4h5f5
ippu,IPPU,ef_ippu_tonne_c5f12_per_tonne_production_chemicals,Dodecafluoropentane Production Process Emission Factor,,,,tonne,,,,c5f12
ippu,IPPU,ef_ippu_tonne_c5f8_per_tonne_production_electronics,PFC-C-1418 Production Process Emission Factor,,,,tonne,,,,c5f8
ippu,IPPU,ef_ippu_tonne_c5h2f10_per_mmm_gdp_product_use_ods_other,HFC-43-10mee GDP Product Use Emission Factor,,,,tonne,,,,c5h2f10
ippu,IPPU,ef_ippu_tonne_c6f14_per_mmm_gdp_product_use_ods_other,PFC-51-14 GDP Product Use Emission Factor,,,,tonne,,,,c6f14
ippu,IPPU,ef_ippu_tonne_c6f14_per_tonne_production_chemicals,PFC-51-14 Production Process Emission Factor,,,,tonne,,,,c6f14
ippu,IPPU,ef_ippu_tonne_cc4f8_per_tonne_production_chemicals,PFC-C-318 Production Process Emission Factor,,,,tonne,,,,cc4f8
ippu,IPPU,ef_ippu_tonne_cc4f8_per_tonne_production_electronics,PFC-C-318 Production Process Emission Factor,,,,tonne,,,,cc4f8
ippu,IPPU,ef_ippu_tonne_cf4_per_mmm_gdp_product_use_ods_other,PFC-14 GDP Product Use Emission Factor,,,,tonne,,,,cf4
ippu,IPPU,ef_ippu_tonne_cf4_per_tonne_production_chemicals,PFC-14 Production Process Emission Factor,,,,tonne,,,,cf4
ippu,IPPU,ef_ippu_tonne_cf4_per_tonne_production_electronics,PFC-14 Production Process Emission Factor,,,,tonne,,,,cf4
ippu,IPPU,ef_ippu_tonne_cf4_per_tonne_production_metals,PFC-14 Production Process Emission Factor,,,,tonne,,,,cf4
ippu,IPPU,ef_ippu_tonne_ch2f2_per_mmm_gdp_product_use_ods_refrigeration,HFC-32 GDP Product Use Emission Factor,,,,tonne,,,,ch2f2
ippu,IPPU,ef_ippu_tonne_ch2f2_per_tonne_production_chemicals,HFC-32 Production Process Emission Factor,,,,tonne,,,,ch2f2
ippu,IPPU,ef_ippu_tonne_ch2f2_per_tonne_production_electronics,HFC-32 Production Process Emission Factor,,,,tonne,,,,ch2f2
ippu,IPPU,ef_ippu_tonne_ch2fchf2_per_mmm_gdp_product_use_ods_refrigeration,HFC-143 GDP Product Use Emission Factor,,,,tonne,,,,ch2fchf2
ippu,IPPU,ef_ippu_tonne_ch3cci2f_per_mmm_gdp_product_use_ods_refrigeration,HCFC-141b GDP Product Use Emission Factor,,,,tonne,,,,ch3cci2f
ippu,IPPU,ef_ippu_tonne_ch3ccif2_per_mmm_gdp_product_use_ods_refrigeration,HCFC-142b GDP Product Use Emission Factor,,,,tonne,,,,ch3ccif2
ippu,IPPU,ef_ippu_tonne_ch3chf2_per_mmm_gdp_product_use_ods_other,HFC-152a GDP Product Use Emission Factor,,,,tonne,,,,ch3chf2
ippu,IPPU,ef_ippu_tonne_ch3chf2_per_mmm_gdp_product_use_ods_refrigeration,HFC-152a GDP Product Use Emission Factor,,,,tonne,,,,ch3chf2
ippu,IPPU,ef_ippu_tonne_ch3chf2_per_tonne_production_chemicals,HFC-152a Production Process Emission Factor,,,,tonne,,,,ch3chf2
ippu,IPPU,ef_ippu_tonne_ch3f_per_tonne_production_electronics,HFC-41 Production Process Emission Factor,,,,tonne,,,,ch3f
ippu,IPPU,ef_ippu_tonne_ch4_per_tonne_production_chemicals,:math:\text{CH}_4 Production Process Emission Factor,,,,tonne,,,,ch4
ippu,IPPU,ef_ippu_tonne_ch4_per_tonne_production_metals,:math:\text{CH}_4 Production Process Emission Factor,,,,tonne,,,,ch4
ippu,IPPU,ef_ippu_tonne_ch4_per_tonne_production_plastic,:math:\text{CH}_4 Production Process Emission Factor,,,,tonne,,,,ch4
ippu,IPPU,ef_ippu_tonne_chf2cf3_per_mmm_gdp_product_use_ods_other,HFC-134a GDP Product Use Emission Factor,,,,tonne,,,,chf2cf3
ippu,IPPU,ef_ippu_tonne_chf2cf3_per_mmm_gdp_product_use_ods_refrigeration,HFC-134a GDP Product Use Emission Factor,,,,tonne,,,,chf2cf3
ippu,IPPU,ef_ippu_tonne_chf2cf3_per_tonne_production_chemicals,HFC-134a Production Process Emission Factor,,,,tonne,,,,chf2cf3
ippu,IPPU,ef_ippu_tonne_chf2chf2_per_mmm_gdp_product_use_ods_refrigeration,HFC-134 GDP Product Use Emission Factor,,,,tonne,,,,chf2chf2
ippu,IPPU,ef_ippu_tonne_chf3_per_mmm_gdp_product_use_ods_other,HFC-23 GDP Product Use Emission Factor,,,,tonne,,,,chf3
ippu,IPPU,ef_ippu_tonne_chf3_per_mmm_gdp_product_use_ods_refrigeration,HFC-23 GDP Product Use Emission Factor,,,,tonne,,,,chf3
ippu,IPPU,ef_ippu_tonne_chf3_per_tonne_production_chemicals,HFC-23 Production Process Emission Factor,,,,tonne,,,,chf3
ippu,IPPU,ef_ippu_tonne_chf3_per_tonne_production_electronics,HFC-23 Production Process Emission Factor,,,,tonne,,,,chf3
ippu,IPPU,ef_ippu_tonne_co2_per_tonne_product_use_product_use_lubricants,:math:\text{CO}_2 Product Use Emission Factor,,,,tonne,,,,co2
ippu,IPPU,ef_ippu_tonne_co2_per_tonne_product_use_product_use_paraffin_wax,:math:\text{CO}_2 Product Use Emission Factor,,,,tonne,,,,co2
ippu,IPPU,ef_ippu_tonne_co2_per_tonne_production_cement_clinker,:math:\text{CO}_2 Clinker Production Process Emission Factor,,,,tonne,,,,co2
ippu,IPPU,ef_ippu_tonne_co2_per_tonne_production_chemicals,:math:\text{CO}_2 Production Process Emission Factor,,,,tonne,,,,co2
ippu,IPPU,ef_ippu_tonne_co2_per_tonne_production_glass,:math:\text{CO}_2 Production Process Emission Factor,,,,tonne,,,,co2
ippu,IPPU,ef_ippu_tonne_co2_per_tonne_production_lime_and_carbonite,:math:\text{CO}_2 Production Process Emission Factor,,,,tonne,,,,co2
ippu,IPPU,ef_ippu_tonne_co2_per_tonne_production_metals,:math:\text{CO}_2 Production Process Emission Factor,,,,tonne,,,,co2
ippu,IPPU,ef_ippu_tonne_co2_per_tonne_production_plastic,:math:\text{CO}_2 Production Process Emission Factor,,,,tonne,,,,co2
ippu,IPPU,ef_ippu_tonne_n2o_per_mmm_gdp_other_product_manufacturing,:math:\text{N}_2\text{O} GDP Production Process Emission Factor,,,,tonne,,,,n2o
ippu,IPPU,ef_ippu_tonne_n2o_per_tonne_production_chemicals,:math:\text{N}_2\text{O} Production Process Emission Factor,,,,tonne,,,,n2o
ippu,IPPU,ef_ippu_tonne_n2o_per_tonne_production_electronics,:math:\text{N}_2\text{O} Production Process Emission Factor,,,,tonne,,,,n2o
ippu,IPPU,ef_ippu_tonne_nf3_per_tonne_production_chemicals,:math:\text{NF}_3 Production Process Emission Factor,,,,tonne,,,,nf3
ippu,IPPU,ef_ippu_tonne_nf3_per_tonne_production_electronics,:math:\text{NF}_3 Production Process Emission Factor,,,,tonne,,,,nf3
ippu,IPPU,ef_ippu_tonne_sf6_per_mmm_gdp_other_product_manufacturing,:math:\text{SF}_6 GDP Production Process Emission Factor,,,,tonne,,,,sf6
ippu,IPPU,ef_ippu_tonne_sf6_per_tonne_production_chemicals,:math:\text{SF}_6 Production Process Emission Factor,,,,tonne,,,,sf6
ippu,IPPU,ef_ippu_tonne_sf6_per_tonne_production_electronics,:math:\text{SF}_6 Production Process Emission Factor,,,,tonne,,,,sf6
ippu,IPPU,ef_ippu_tonne_sf6_per_tonne_production_metals,:math:\text{SF}_6 Production Process Emission Factor,,,,tonne,,,,sf6
ippu,IPPU,elasticity_ippu_cement_production_to_gdp,Elasticity of Industrial Production to GDP,,,,,,,,
ippu,IPPU,elasticity_ippu_chemicals_production_to_gdp,Elasticity of Industrial Production to GDP,,,,,,,,
ippu,IPPU,elasticity_ippu_electronics_production_to_gdp,Elasticity of Industrial Production to GDP,,,,,,,,
ippu,IPPU,elasticity_ippu_glass_production_to_gdp,Elasticity of Industrial Production to GDP,,,,,,,,
ippu,IPPU,elasticity_ippu_lime_and_carbonite_production_to_gdp,Elasticity of Industrial Production to GDP,,,,,,,,
ippu,IPPU,elasticity_ippu_metals_production_to_gdp,Elasticity of Industrial Production to GDP,,,,,,,,
ippu,IPPU,elasticity_ippu_mining_production_to_gdp,Elasticity of Industrial Production to GDP,,,,,,,,
ippu,IPPU,elasticity_ippu_paper_production_to_gdp,Elasticity of Industrial Production to GDP,,,,,,,,
ippu,IPPU,elasticity_ippu_plastic_production_to_gdp,Elasticity of Industrial Production to GDP,,,,,,,,
ippu,IPPU,elasticity_ippu_product_use_lubricants_product_use_rate_to_gdppc,Elasticity of Product Use Rate to GDP per Capita,,,,,,,,
ippu,IPPU,elasticity_ippu_product_use_ods_other_product_use_rate_to_gdppc,Elasticity of Product Use Rate to GDP per Capita,,,,,,,,
ippu,IPPU,elasticity_ippu_product_use_ods_refrigeration_product_use_rate_to_gdppc,Elasticity of Product Use Rate to GDP per Capita,,,,,,,,
ippu,IPPU,elasticity_ippu_product_use_paraffin_wax_product_use_rate_to_gdppc,Elasticity of Product Use Rate to GDP per Capita,,,,,,,,
ippu,IPPU,elasticity_ippu_rubber_and_leather_production_to_gdp,Elasticity of Industrial Production to GDP,,,,,,,,
ippu,IPPU,elasticity_ippu_textiles_production_to_gdp,Elasticity of Industrial Production to GDP,,,,,,,,
ippu,IPPU,elasticity_ippu_wood_production_to_gdp,Elasticity of Industrial Production to GDP,,,,,,,,
ippu,IPPU,emitinit_ippu_product_use_other_kt_co2,Initial Other Non-Energy :math:\text{CO}_2 Emissions,,,,kt,,,,co2
ippu,IPPU,frac_ippu_cement_clinker,Clinker Fraction of Cement,,,,,,,,
ippu,IPPU,frac_ippu_production_with_co2_capture_cement,Industrial :math:\text{CO}_2 Capture Prevalence,,,,,,,,co2
ippu,IPPU,frac_ippu_production_with_co2_capture_chemicals,Industrial :math:\text{CO}_2 Capture Prevalence,,,,,,,,co2
ippu,IPPU,frac_ippu_production_with_co2_capture_glass,Industrial :math:\text{CO}_2 Capture Prevalence,,,,,,,,co2
ippu,IPPU,frac_ippu_production_with_co2_capture_lime_and_carbonite,Industrial :math:\text{CO}_2 Capture Prevalence,,,,,,,,co2
ippu,IPPU,frac_ippu_production_with_co2_capture_metals,Industrial :math:\text{CO}_2 Capture Prevalence,,,,,,,,co2
ippu,IPPU,frac_ippu_production_with_co2_capture_plastic,Industrial :math:\text{CO}_2 Capture Prevalence,,,,,,,,co2
ippu,IPPU,gasrf_ippu_co2_capture_cement,Industrial :math:\text{CO}_2 Capture Efficacy,,,,,,,,co2
ippu,IPPU,gasrf_ippu_co2_capture_chemicals,Industrial :math:\text{CO}_2 Capture Efficacy,,,,,,,,co2
ippu,IPPU,gasrf_ippu_co2_capture_glass,Industrial :math:\text{CO}_2 Capture Efficacy,,,,,,,,co2
ippu,IPPU,gasrf_ippu_co2_capture_lime_and_carbonite,Industrial :math:\text{CO}_2 Capture Efficacy,,,,,,,,co2
ippu,IPPU,gasrf_ippu_co2_capture_metals,Industrial :math:\text{CO}_2 Capture Efficacy,,,,,,,,co2
ippu,IPPU,gasrf_ippu_co2_capture_plastic,Industrial :math:\text{CO}_2 Capture Efficacy,,,,,,,,co2
ippu,IPPU,maxfrac_ippu_maximum_recylced_material_ratio_glass,Maximum Recycled Material Ratio in Virgin Process,,,,,,,,
ippu,IPPU,maxfrac_ippu_maximum_recylced_material_ratio_paper,Maximum Recycled Material Ratio in Virgin Process,,,,,,,,
ippu,IPPU,maxfrac_ippu_maximum_recylced_material_ratio_plastic,Maximum Recycled Material Ratio in Virgin Process,,,,,,,,
ippu,IPPU,maxfrac_ippu_maximum_recylced_material_ratio_wood,Maximum Recycled Material Ratio in Virgin Process,,,,,,,,
ippu,IPPU,net_imports_cement_clinker_tonne,Net Imports of Cement Clinker,,,,tonne,,,,
ippu,IPPU,prodinit_ippu_cement_tonne,Initial Industrial Production,,,,tonne,,,,
ippu,IPPU,prodinit_ippu_chemicals_tonne,Initial Industrial Production,,,,tonne,,,,
ippu,IPPU,prodinit_ippu_electronics_tonne,Initial Industrial Production,,,,tonne,,,,
ippu,IPPU,prodinit_ippu_glass_tonne,Initial Industrial Production,,,,tonne,,,,
ippu,IPPU,prodinit_ippu_lime_and_carbonite_tonne,Initial Industrial Production,,,,tonne,,,,
ippu,IPPU,prodinit_ippu_metals_tonne,Initial Industrial Production,,,,tonne,,,,
ippu,IPPU,prodinit_ippu_mining_tonne,Initial Industrial Production,,,,tonne,,,,
ippu,IPPU,prodinit_ippu_paper_tonne,Initial Industrial Production,,,,tonne,,,,
ippu,IPPU,prodinit_ippu_plastic_tonne,Initial Industrial Production,,,,tonne,,,,
ippu,IPPU,prodinit_ippu_recycled_glass_tonne,Initial Industrial Production,,,,tonne,,,,
ippu,IPPU,prodinit_ippu_recycled_metals_tonne,Initial Industrial Production,,,,tonne,,,,
ippu,IPPU,prodinit_ippu_recycled_paper_tonne,Initial Industrial Production,,,,tonne,,,,
ippu,IPPU,prodinit_ippu_recycled_plastic_tonne,Initial Industrial Production,,,,tonne,,,,
ippu,IPPU,prodinit_ippu_recycled_rubber_and_leather_tonne,Initial Industrial Production,,,,tonne,,,,
ippu,IPPU,prodinit_ippu_recycled_textiles_tonne,Initial Industrial Production,,,,tonne,,,,
ippu,IPPU,prodinit_ippu_rubber_and_leather_tonne,Initial Industrial Production,,,,tonne,,,,
ippu,IPPU,prodinit_ippu_textiles_tonne,Initial Industrial Production,,,,tonne,,,,
ippu,IPPU,prodinit_ippu_wood_tonne,Initial Industrial Production,,,,tonne,,,,
ippu,IPPU,qty_ippu_cement_tonne_cod_per_m3_ww,COD Wastewater Factor,,,,tonne,,,m3,
ippu,IPPU,qty_ippu_chemicals_tonne_cod_per_m3_ww,COD Wastewater Factor,,,,tonne,,,m3,
ippu,IPPU,qty_ippu_electronics_tonne_cod_per_m3_ww,COD Wastewater Factor,,,,tonne,,,m3,
ippu,IPPU,qty_ippu_glass_tonne_cod_per_m3_ww,COD Wastewater Factor,,,,tonne,,,m3,
ippu,IPPU,qty_ippu_lime_and_carbonite_tonne_cod_per_m3_ww,COD Wastewater Factor,,,,tonne,,,m3,
ippu,IPPU,qty_ippu_metals_tonne_cod_per_m3_ww,COD Wastewater Factor,,,,tonne,,,m3,
ippu,IPPU,qty_ippu_paper_tonne_cod_per_m3_ww,COD Wastewater Factor,,,,tonne,,,m3,
ippu,IPPU,qty_ippu_plastic_tonne_cod_per_m3_ww,COD Wastewater Factor,,,,tonne,,,m3,
ippu,IPPU,qty_ippu_recycled_metals_tonne_cod_per_m3_ww,COD Wastewater Factor,,,,tonne,,,m3,
ippu,IPPU,qty_ippu_recycled_paper_tonne_cod_per_m3_ww,COD Wastewater Factor,,,,tonne,,,m3,
ippu,IPPU,qty_ippu_recycled_plastic_tonne_cod_per_m3_ww,COD Wastewater Factor,,,,tonne,,,m3,
ippu,IPPU,qty_ippu_recycled_rubber_and_leather_tonne_cod_per_m3_ww,COD Wastewater Factor,,,,tonne,,,m3,
ippu,IPPU,qty_ippu_recycled_textiles_tonne_cod_per_m3_ww,COD Wastewater Factor,,,,tonne,,,m3,
ippu,IPPU,qty_ippu_rubber_and_leather_tonne_cod_per_m3_ww,COD Wastewater Factor,,,,tonne,,,m3,
ippu,IPPU,qty_ippu_textiles_tonne_cod_per_m3_ww,COD Wastewater Factor,,,,tonne,,,m3,
ippu,IPPU,qty_ippu_wood_tonne_cod_per_m3_ww,COD Wastewater Factor,,,,tonne,,,m3,
ippu,IPPU,ratio_ippu_production_to_harvested_wood_demand_paper,Ratio of Production to Harvested Wood Demand,,,,,,,,
ippu,IPPU,ratio_ippu_production_to_harvested_wood_demand_wood,Ratio of Production to Harvested Wood Demand,,,,,,,,
ippu,IPPU,timespan_ippu_average_lifetime_of_housing,Average Lifespan of Housing Construction,,,,,,,,
ippu,IPPU,useinit_ippu_product_use_lubricants_kt,Initial Non-Energy Fuel Use,,,,kt,,,,
ippu,IPPU,useinit_ippu_product_use_paraffin_wax_kt,Initial Non-Energy Fuel Use,,,,kt,,,,
ippu,IPPU,vol_ippu_cement_m3_ww_per_tonne_production,Wastewater Production Factor,,,,tonne,,,m3,
ippu,IPPU,vol_ippu_chemicals_m3_ww_per_tonne_production,Wastewater Production Factor,,,,tonne,,,m3,
ippu,IPPU,vol_ippu_electronics_m3_ww_per_tonne_production,Wastewater Production Factor,,,,tonne,,,m3,
ippu,IPPU,vol_ippu_glass_m3_ww_per_tonne_production,Wastewater Production Factor,,,,tonne,,,m3,
ippu,IPPU,vol_ippu_lime_and_carbonite_m3_ww_per_tonne_production,Wastewater Production Factor,,,,tonne,,,m3,
ippu,IPPU,vol_ippu_metals_m3_ww_per_tonne_production,Wastewater Production Factor,,,,tonne,,,m3,
ippu,IPPU,vol_ippu_paper_m3_ww_per_tonne_production,Wastewater Production Factor,,,,tonne,,,m3,
ippu,IPPU,vol_ippu_plastic_m3_ww_per_tonne_production,Wastewater Production Factor,,,,tonne,,,m3,
ippu,IPPU,vol_ippu_recycled_glass_m3_ww_per_tonne_production,Wastewater Production Factor,,,,tonne,,,m3,
ippu,IPPU,vol_ippu_recycled_metals_m3_ww_per_tonne_production,Wastewater Production Factor,,,,tonne,,,m3,
ippu,IPPU,vol_ippu_recycled_paper_m3_ww_per_tonne_production,Wastewater Production Factor,,,,tonne,,,m3,
ippu,IPPU,vol_ippu_recycled_plastic_m3_ww_per_tonne_production,Wastewater Production Factor,,,,tonne,,,m3,
ippu,IPPU,vol_ippu_recycled_rubber_and_leather_m3_ww_per_tonne_production,Wastewater Production Factor,,,,tonne,,,m3,
ippu,IPPU,vol_ippu_recycled_textiles_m3_ww_per_tonne_production,Wastewater Production Factor,,,,tonne,,,m3,
ippu,IPPU,vol_ippu_rubber_and_leather_m3_ww_per_tonne_production,Wastewater Production Factor,,,,tonne,,,m3,
ippu,IPPU,vol_ippu_textiles_m3_ww_per_tonne_production,Wastewater Production Factor,,,,tonne,,,m3,
ippu,IPPU,vol_ippu_wood_m3_ww_per_tonne_production,Wastewater Production Factor,,,,tonne,,,m3,
inen,Industrial Energy,consumpinit_inen_energy_tj_per_mmm_gdp_other_product_manufacturing,Initial Energy Consumption Intensity of GDP,,tj,,tonne,,,,
inen,Industrial Energy,consumpinit_inen_energy_tj_per_tonne_production_cement,Initial Energy Consumption Intensity of Production,,tj,,tonne,,,,
inen,Industrial Energy,consumpinit_inen_energy_tj_per_tonne_production_chemicals,Initial Energy Consumption Intensity of Production,,tj,,tonne,,,,
inen,Industrial Energy,consumpinit_inen_energy_tj_per_tonne_production_electronics,Initial Energy Consumption Intensity of Production,,tj,,tonne,,,,
inen,Industrial Energy,consumpinit_inen_energy_tj_per_tonne_production_glass,Initial Energy Consumption Intensity of Production,,tj,,tonne,,,,
inen,Industrial Energy,consumpinit_inen_energy_tj_per_tonne_production_lime_and_carbonite,Initial Energy Consumption Intensity of Production,,tj,,tonne,,,,
inen,Industrial Energy,consumpinit_inen_energy_tj_per_tonne_production_metals,Initial Energy Consumption Intensity of Production,,tj,,tonne,,,,
inen,Industrial Energy,consumpinit_inen_energy_tj_per_tonne_production_mining,Initial Energy Consumption Intensity of Production,,tj,,tonne,,,,
inen,Industrial Energy,consumpinit_inen_energy_tj_per_tonne_production_paper,Initial Energy Consumption Intensity of Production,,tj,,tonne,,,,
inen,Industrial Energy,consumpinit_inen_energy_tj_per_tonne_production_plastic,Initial Energy Consumption Intensity of Production,,tj,,tonne,,,,
inen,Industrial Energy,consumpinit_inen_energy_tj_per_tonne_production_recycled_glass,Initial Energy Consumption Intensity of Production,,tj,,tonne,,,,
inen,Industrial Energy,consumpinit_inen_energy_tj_per_tonne_production_recycled_metals,Initial Energy Consumption Intensity of Production,,tj,,tonne,,,,
inen,Industrial Energy,consumpinit_inen_energy_tj_per_tonne_production_recycled_paper,Initial Energy Consumption Intensity of Production,,tj,,tonne,,,,
inen,Industrial Energy,consumpinit_inen_energy_tj_per_tonne_production_recycled_plastic,Initial Energy Consumption Intensity of Production,,tj,,tonne,,,,
inen,Industrial Energy,consumpinit_inen_energy_tj_per_tonne_production_recycled_rubber_and_leather,Initial Energy Consumption Intensity of Production,,tj,,tonne,,,,
inen,Industrial Energy,consumpinit_inen_energy_tj_per_tonne_production_recycled_textiles,Initial Energy Consumption Intensity of Production,,tj,,tonne,,,,
inen,Industrial Energy,consumpinit_inen_energy_tj_per_tonne_production_recycled_wood,Initial Energy Consumption Intensity of Production,,tj,,tonne,,,,
inen,Industrial Energy,consumpinit_inen_energy_tj_per_tonne_production_rubber_and_leather,Initial Energy Consumption Intensity of Production,,tj,,tonne,,,,
inen,Industrial Energy,consumpinit_inen_energy_tj_per_tonne_production_textiles,Initial Energy Consumption Intensity of Production,,tj,,tonne,,,,
inen,Industrial Energy,consumpinit_inen_energy_tj_per_tonne_production_wood,Initial Energy Consumption Intensity of Production,,tj,,tonne,,,,
inen,Industrial Energy,consumpinit_inen_energy_total_pj_agriculture_and_livestock,Initial Energy Consumption in Agriculture and Livestock,,pj,,,,,,
inen,Industrial Energy,frac_inen_energy_agriculture_and_livestock_coal,Industrial Energy Fuel Fraction Coal,,,,,,,,
inen,Industrial Energy,frac_inen_energy_agriculture_and_livestock_coke,Industrial Energy Fuel Fraction Coke,,,,,,,,
inen,Industrial Energy,frac_inen_energy_agriculture_and_livestock_diesel,Industrial Energy Fuel Fraction Diesel,,,,,,,,
inen,Industrial Energy,frac_inen_energy_agriculture_and_livestock_electricity,Industrial Energy Fuel Fraction Electricity,,,,,,,,
inen,Industrial Energy,frac_inen_energy_agriculture_and_livestock_furnace_gas,Industrial Energy Fuel Fraction Furnace Gas,,,,,,,,
inen,Industrial Energy,frac_inen_energy_agriculture_and_livestock_gasoline,Industrial Energy Fuel Fraction Gasoline,,,,,,,,
inen,Industrial Energy,frac_inen_energy_agriculture_and_livestock_hydrocarbon_gas_liquids,Industrial Energy Fuel Fraction Hydrocarbon Gas Liquids,,,,,,,,
inen,Industrial Energy,frac_inen_energy_agriculture_and_livestock_hydrogen,Industrial Energy Fuel Fraction Hydrogen,,,,,,,,
inen,Industrial Energy,frac_inen_energy_agriculture_and_livestock_kerosene,Industrial Energy Fuel Fraction Kerosene,,,,,,,,
inen,Industrial Energy,frac_inen_energy_agriculture_and_livestock_natural_gas,Industrial Energy Fuel Fraction Natural Gas,,,,,,,,
inen,Industrial Energy,frac_inen_energy_agriculture_and_livestock_oil,Industrial Energy Fuel Fraction Oil,,,,,,,,
inen,Industrial Energy,frac_inen_energy_agriculture_and_livestock_solar,Industrial Energy Fuel Fraction Solar,,,,,,,,
inen,Industrial Energy,frac_inen_energy_agriculture_and_livestock_solid_biomass,Industrial Energy Fuel Fraction Solid Biomass,,,,,,,,
inen,Industrial Energy,frac_inen_energy_cement_coal,Industrial Energy Fuel Fraction Coal,,,,,,,,
inen,Industrial Energy,frac_inen_energy_cement_coke,Industrial Energy Fuel Fraction Coke,,,,,,,,
inen,Industrial Energy,frac_inen_energy_cement_diesel,Industrial Energy Fuel Fraction Diesel,,,,,,,,
inen,Industrial Energy,frac_inen_energy_cement_electricity,Industrial Energy Fuel Fraction Electricity,,,,,,,,
inen,Industrial Energy,frac_inen_energy_cement_furnace_gas,Industrial Energy Fuel Fraction Furnace Gas,,,,,,,,
inen,Industrial Energy,frac_inen_energy_cement_gasoline,Industrial Energy Fuel Fraction Gasoline,,,,,,,,
inen,Industrial Energy,frac_inen_energy_cement_hydrocarbon_gas_liquids,Industrial Energy Fuel Fraction Hydrocarbon Gas Liquids,,,,,,,,
inen,Industrial Energy,frac_inen_energy_cement_hydrogen,Industrial Energy Fuel Fraction Hydrogen,,,,,,,,
inen,Industrial Energy,frac_inen_energy_cement_kerosene,Industrial Energy Fuel Fraction Kerosene,,,,,,,,
inen,Industrial Energy,frac_inen_energy_cement_natural_gas,Industrial Energy Fuel Fraction Natural Gas,,,,,,,,
inen,Industrial Energy,frac_inen_energy_cement_oil,Industrial Energy Fuel Fraction Oil,,,,,,,,
inen,Industrial Energy,frac_inen_energy_cement_solar,Industrial Energy Fuel Fraction Solar,,,,,,,,
inen,Industrial Energy,frac_inen_energy_cement_solid_biomass,Industrial Energy Fuel Fraction Solid Biomass,,,,,,,,
inen,Industrial Energy,frac_inen_energy_chemicals_coal,Industrial Energy Fuel Fraction Coal,,,,,,,,
inen,Industrial Energy,frac_inen_energy_chemicals_coke,Industrial Energy Fuel Fraction Coke,,,,,,,,
inen,Industrial Energy,frac_inen_energy_chemicals_diesel,Industrial Energy Fuel Fraction Diesel,,,,,,,,
inen,Industrial Energy,frac_inen_energy_chemicals_electricity,Industrial Energy Fuel Fraction Electricity,,,,,,,,
inen,Industrial Energy,frac_inen_energy_chemicals_furnace_gas,Industrial Energy Fuel Fraction Furnace Gas,,,,,,,,
inen,Industrial Energy,frac_inen_energy_chemicals_gasoline,Industrial Energy Fuel Fraction Gasoline,,,,,,,,
inen,Industrial Energy,frac_inen_energy_chemicals_hydrocarbon_gas_liquids,Industrial Energy Fuel Fraction Hydrocarbon Gas Liquids,,,,,,,,
inen,Industrial Energy,frac_inen_energy_chemicals_hydrogen,Industrial Energy Fuel Fraction Hydrogen,,,,,,,,
inen,Industrial Energy,frac_inen_energy_chemicals_kerosene,Industrial Energy Fuel Fraction Kerosene,,,,,,,,
inen,Industrial Energy,frac_inen_energy_chemicals_natural_gas,Industrial Energy Fuel Fraction Natural Gas,,,,,,,,
inen,Industrial Energy,frac_inen_energy_chemicals_oil,Industrial Energy Fuel Fraction Oil,,,,,,,,
inen,Industrial Energy,frac_inen_energy_chemicals_solar,Industrial Energy Fuel Fraction Solar,,,,,,,,
inen,Industrial Energy,frac_inen_energy_chemicals_solid_biomass,Industrial Energy Fuel Fraction Solid Biomass,,,,,,,,
inen,Industrial Energy,frac_inen_energy_electronics_coal,Industrial Energy Fuel Fraction Coal,,,,,,,,
inen,Industrial Energy,frac_inen_energy_electronics_coke,Industrial Energy Fuel Fraction Coke,,,,,,,,
inen,Industrial Energy,frac_inen_energy_electronics_diesel,Industrial Energy Fuel Fraction Diesel,,,,,,,,
inen,Industrial Energy,frac_inen_energy_electronics_electricity,Industrial Energy Fuel Fraction Electricity,,,,,,,,
inen,Industrial Energy,frac_inen_energy_electronics_furnace_gas,Industrial Energy Fuel Fraction Furnace Gas,,,,,,,,
inen,Industrial Energy,frac_inen_energy_electronics_gasoline,Industrial Energy Fuel Fraction Gasoline,,,,,,,,
inen,Industrial Energy,frac_inen_energy_electronics_hydrocarbon_gas_liquids,Industrial Energy Fuel Fraction Hydrocarbon Gas Liquids,,,,,,,,
inen,Industrial Energy,frac_inen_energy_electronics_hydrogen,Industrial Energy Fuel Fraction Hydrogen,,,,,,,,
inen,Industrial Energy,frac_inen_energy_electronics_kerosene,Industrial Energy Fuel Fraction Kerosene,,,,,,,,
inen,Industrial Energy,frac_inen_energy_electronics_natural_gas,Industrial Energy Fuel Fraction Natural Gas,,,,,,,,
inen,Industrial Energy,frac_inen_energy_electronics_oil,Industrial Energy Fuel Fraction Oil,,,,,,,,
inen,Industrial Energy,frac_inen_energy_electronics_solar,Industrial Energy Fuel Fraction Solar,,,,,,,,
inen,Industrial Energy,frac_inen_energy_electronics_solid_biomass,Industrial Energy Fuel Fraction Solid Biomass,,,,,,,,
inen,Industrial Energy,frac_inen_energy_glass_coal,Industrial Energy Fuel Fraction Coal,,,,,,,,
inen,Industrial Energy,frac_inen_energy_glass_coke,Industrial Energy Fuel Fraction Coke,,,,,,,,
inen,Industrial Energy,frac_inen_energy_glass_diesel,Industrial Energy Fuel Fraction Diesel,,,,,,,,
inen,Industrial Energy,frac_inen_energy_glass_electricity,Industrial Energy Fuel Fraction Electricity,,,,,,,,
inen,Industrial Energy,frac_inen_energy_glass_furnace_gas,Industrial Energy Fuel Fraction Furnace Gas,,,,,,,,
inen,Industrial Energy,frac_inen_energy_glass_gasoline,Industrial Energy Fuel Fraction Gasoline,,,,,,,,
inen,Industrial Energy,frac_inen_energy_glass_hydrocarbon_gas_liquids,Industrial Energy Fuel Fraction Hydrocarbon Gas Liquids,,,,,,,,
inen,Industrial Energy,frac_inen_energy_glass_hydrogen,Industrial Energy Fuel Fraction Hydrogen,,,,,,,,
inen,Industrial Energy,frac_inen_energy_glass_kerosene,Industrial Energy Fuel Fraction Kerosene,,,,,,,,
inen,Industrial Energy,frac_inen_energy_glass_natural_gas,Industrial Energy Fuel Fraction Natural Gas,,,,,,,,
inen,Industrial Energy,frac_inen_energy_glass_oil,Industrial Energy Fuel Fraction Oil,,,,,,,,
inen,Industrial Energy,frac_inen_energy_glass_solar,Industrial Energy Fuel Fraction Solar,,,,,,,,
inen,Industrial Energy,frac_inen_energy_glass_solid_biomass,Industrial Energy Fuel Fraction Solid Biomass,,,,,,,,
inen,Industrial Energy,frac_inen_energy_lime_and_carbonite_coal,Industrial Energy Fuel Fraction Coal,,,,,,,,
inen,Industrial Energy,frac_inen_energy_lime_and_carbonite_coke,Industrial Energy Fuel Fraction Coke,,,,,,,,
inen,Industrial Energy,frac_inen_energy_lime_and_carbonite_diesel,Industrial Energy Fuel Fraction Diesel,,,,,,,,
inen,Industrial Energy,frac_inen_energy_lime_and_carbonite_electricity,Industrial Energy Fuel Fraction Electricity,,,,,,,,
inen,Industrial Energy,frac_inen_energy_lime_and_carbonite_furnace_gas,Industrial Energy Fuel Fraction Furnace Gas,,,,,,,,
inen,Industrial Energy,frac_inen_energy_lime_and_carbonite_gasoline,Industrial Energy Fuel Fraction Gasoline,,,,,,,,
inen,Industrial Energy,frac_inen_energy_lime_and_carbonite_hydrocarbon_gas_liquids,Industrial Energy Fuel Fraction Hydrocarbon Gas Liquids,,,,,,,,
inen,Industrial Energy,frac_inen_energy_lime_and_carbonite_hydrogen,Industrial Energy Fuel Fraction Hydrogen,,,,,,,,
inen,Industrial Energy,frac_inen_energy_lime_and_carbonite_kerosene,Industrial Energy Fuel Fraction Kerosene,,,,,,,,
inen,Industrial Energy,frac_inen_energy_lime_and_carbonite_natural_gas,Industrial Energy Fuel Fraction Natural Gas,,,,,,,,
inen,Industrial Energy,frac_inen_energy_lime_and_carbonite_oil,Industrial Energy Fuel Fraction Oil,,,,,,,,
inen,Industrial Energy,frac_inen_energy_lime_and_carbonite_solar,Industrial Energy Fuel Fraction Solar,,,,,,,,
inen,Industrial Energy,frac_inen_energy_lime_and_carbonite_solid_biomass,Industrial Energy Fuel Fraction Solid Biomass,,,,,,,,
inen,Industrial Energy,frac_inen_energy_metals_coal,Industrial Energy Fuel Fraction Coal,,,,,,,,
inen,Industrial Energy,frac_inen_energy_metals_coke,Industrial Energy Fuel Fraction Coke,,,,,,,,
inen,Industrial Energy,frac_inen_energy_metals_diesel,Industrial Energy Fuel Fraction Diesel,,,,,,,,
inen,Industrial Energy,frac_inen_energy_metals_electricity,Industrial Energy Fuel Fraction Electricity,,,,,,,,
inen,Industrial Energy,frac_inen_energy_metals_furnace_gas,Industrial Energy Fuel Fraction Furnace Gas,,,,,,,,
inen,Industrial Energy,frac_inen_energy_metals_gasoline,Industrial Energy Fuel Fraction Gasoline,,,,,,,,
inen,Industrial Energy,frac_inen_energy_metals_hydrocarbon_gas_liquids,Industrial Energy Fuel Fraction Hydrocarbon Gas Liquids,,,,,,,,
inen,Industrial Energy,frac_inen_energy_metals_hydrogen,Industrial Energy Fuel Fraction Hydrogen,,,,,,,,
inen,Industrial Energy,frac_inen_energy_metals_kerosene,Industrial Energy Fuel Fraction Kerosene,,,,,,,,
inen,Industrial Energy,frac_inen_energy_metals_natural_gas,Industrial Energy Fuel Fraction Natural Gas,,,,,,,,
inen,Industrial Energy,frac_inen_energy_metals_oil,Industrial Energy Fuel Fraction Oil,,,,,,,,
inen,Industrial Energy,frac_inen_energy_metals_solar,Industrial Energy Fuel Fraction Solar,,,,,,,,
inen,Industrial Energy,frac_inen_energy_metals_solid_biomass,Industrial Energy Fuel Fraction Solid Biomass,,,,,,,,
inen,Industrial Energy,frac_inen_energy_mining_coal,Industrial Energy Fuel Fraction Coal,,,,,,,,
inen,Industrial Energy,frac_inen_energy_mining_coke,Industrial Energy Fuel Fraction Coke,,,,,,,,
inen,Industrial Energy,frac_inen_energy_mining_diesel,Industrial Energy Fuel Fraction Diesel,,,,,,,,
inen,Industrial Energy,frac_inen_energy_mining_electricity,Industrial Energy Fuel Fraction Electricity,,,,,,,,
inen,Industrial Energy,frac_inen_energy_mining_furnace_gas,Industrial Energy Fuel Fraction Furnace Gas,,,,,,,,
inen,Industrial Energy,frac_inen_energy_mining_gasoline,Industrial Energy Fuel Fraction Gasoline,,,,,,,,
inen,Industrial Energy,frac_inen_energy_mining_geothermal,Industrial Energy Fuel Fraction Geothermal,,,,,,,,
inen,Industrial Energy,frac_inen_energy_mining_hydrocarbon_gas_liquids,Industrial Energy Fuel Fraction Hydrocarbon Gas Liquids,,,,,,,,
inen,Industrial Energy,frac_inen_energy_mining_hydrogen,Industrial Energy Fuel Fraction Hydrogen,,,,,,,,
inen,Industrial Energy,frac_inen_energy_mining_kerosene,Industrial Energy Fuel Fraction Kerosene,,,,,,,,
inen,Industrial Energy,frac_inen_energy_mining_natural_gas,Industrial Energy Fuel Fraction Natural Gas,,,,,,,,
inen,Industrial Energy,frac_inen_energy_mining_oil,Industrial Energy Fuel Fraction Oil,,,,,,,,
inen,Industrial Energy,frac_inen_energy_mining_solar,Industrial Energy Fuel Fraction Solar,,,,,,,,
inen,Industrial Energy,frac_inen_energy_mining_solid_biomass,Industrial Energy Fuel Fraction Solid Biomass,,,,,,,,
inen,Industrial Energy,frac_inen_energy_other_product_manufacturing_coal,Industrial Energy Fuel Fraction Coal,,,,,,,,
inen,Industrial Energy,frac_inen_energy_other_product_manufacturing_coke,Industrial Energy Fuel Fraction Coke,,,,,,,,
inen,Industrial Energy,frac_inen_energy_other_product_manufacturing_diesel,Industrial Energy Fuel Fraction Diesel,,,,,,,,
inen,Industrial Energy,frac_inen_energy_other_product_manufacturing_electricity,Industrial Energy Fuel Fraction Electricity,,,,,,,,
inen,Industrial Energy,frac_inen_energy_other_product_manufacturing_furnace_gas,Industrial Energy Fuel Fraction Furnace Gas,,,,,,,,
inen,Industrial Energy,frac_inen_energy_other_product_manufacturing_gasoline,Industrial Energy Fuel Fraction Gasoline,,,,,,,,
inen,Industrial Energy,frac_inen_energy_other_product_manufacturing_hydrocarbon_gas_liquids,Industrial Energy Fuel Fraction Hydrocarbon Gas Liquids,,,,,,,,
inen,Industrial Energy,frac_inen_energy_other_product_manufacturing_hydrogen,Industrial Energy Fuel Fraction Hydrogen,,,,,,,,
inen,Industrial Energy,frac_inen_energy_other_product_manufacturing_kerosene,Industrial Energy Fuel Fraction Kerosene,,,,,,,,
inen,Industrial Energy,frac_inen_energy_other_product_manufacturing_natural_gas,Industrial Energy Fuel Fraction Natural Gas,,,,,,,,
inen,Industrial Energy,frac_inen_energy_other_product_manufacturing_oil,Industrial Energy Fuel Fraction Oil,,,,,,,,
inen,Industrial Energy,frac_inen_energy_other_product_manufacturing_solar,Industrial Energy Fuel Fraction Solar,,,,,,,,
inen,Industrial Energy,frac_inen_energy_other_product_manufacturing_solid_biomass,Industrial Energy Fuel Fraction Solid Biomass,,,,,,,,
inen,Industrial Energy,frac_inen_energy_paper_coal,Industrial Energy Fuel Fraction Coal,,,,,,,,
inen,Industrial Energy,frac_inen_energy_paper_coke,Industrial Energy Fuel Fraction Coke,,,,,,,,
inen,Industrial Energy,frac_inen_energy_paper_diesel,Industrial Energy Fuel Fraction Diesel,,,,,,,,
inen,Industrial Energy,frac_inen_energy_paper_electricity,Industrial Energy Fuel Fraction Electricity,,,,,,,,
inen,Industrial Energy,frac_inen_energy_paper_furnace_gas,Industrial Energy Fuel Fraction Furnace Gas,,,,,,,,
inen,Industrial Energy,frac_inen_energy_paper_gasoline,Industrial Energy Fuel Fraction Gasoline,,,,,,,,
inen,Industrial Energy,frac_inen_energy_paper_hydrocarbon_gas_liquids,Industrial Energy Fuel Fraction Hydrocarbon Gas Liquids,,,,,,,,
inen,Industrial Energy,frac_inen_energy_paper_hydrogen,Industrial Energy Fuel Fraction Hydrogen,,,,,,,,
inen,Industrial Energy,frac_inen_energy_paper_kerosene,Industrial Energy Fuel Fraction Kerosene,,,,,,,,
inen,Industrial Energy,frac_inen_energy_paper_natural_gas,Industrial Energy Fuel Fraction Natural Gas,,,,,,,,
inen,Industrial Energy,frac_inen_energy_paper_oil,Industrial Energy Fuel Fraction Oil,,,,,,,,
inen,Industrial Energy,frac_inen_energy_paper_solar,Industrial Energy Fuel Fraction Solar,,,,,,,,
inen,Industrial Energy,frac_inen_energy_paper_solid_biomass,Industrial Energy Fuel Fraction Solid Biomass,,,,,,,,
inen,Industrial Energy,frac_inen_energy_plastic_coal,Industrial Energy Fuel Fraction Coal,,,,,,,,
inen,Industrial Energy,frac_inen_energy_plastic_coke,Industrial Energy Fuel Fraction Coke,,,,,,,,
inen,Industrial Energy,frac_inen_energy_plastic_diesel,Industrial Energy Fuel Fraction Diesel,,,,,,,,
inen,Industrial Energy,frac_inen_energy_plastic_electricity,Industrial Energy Fuel Fraction Electricity,,,,,,,,
inen,Industrial Energy,frac_inen_energy_plastic_furnace_gas,Industrial Energy Fuel Fraction Furnace Gas,,,,,,,,
inen,Industrial Energy,frac_inen_energy_plastic_gasoline,Industrial Energy Fuel Fraction Gasoline,,,,,,,,
inen,Industrial Energy,frac_inen_energy_plastic_hydrocarbon_gas_liquids,Industrial Energy Fuel Fraction Hydrocarbon Gas Liquids,,,,,,,,
inen,Industrial Energy,frac_inen_energy_plastic_hydrogen,Industrial Energy Fuel Fraction Hydrogen,,,,,,,,
inen,Industrial Energy,frac_inen_energy_plastic_kerosene,Industrial Energy Fuel Fraction Kerosene,,,,,,,,
inen,Industrial Energy,frac_inen_energy_plastic_natural_gas,Industrial Energy Fuel Fraction Natural Gas,,,,,,,,
inen,Industrial Energy,frac_inen_energy_plastic_oil,Industrial Energy Fuel Fraction Oil,,,,,,,,
inen,Industrial Energy,frac_inen_energy_plastic_solar,Industrial Energy Fuel Fraction Solar,,,,,,,,
inen,Industrial Energy,frac_inen_energy_plastic_solid_biomass,Industrial Energy Fuel Fraction Solid Biomass,,,,,,,,
inen,Industrial Energy,frac_inen_energy_recycled_glass_coal,Industrial Energy Fuel Fraction Coal,,,,,,,,
inen,Industrial Energy,frac_inen_energy_recycled_glass_coke,Industrial Energy Fuel Fraction Coke,,,,,,,,
inen,Industrial Energy,frac_inen_energy_recycled_glass_diesel,Industrial Energy Fuel Fraction Diesel,,,,,,,,
inen,Industrial Energy,frac_inen_energy_recycled_glass_electricity,Industrial Energy Fuel Fraction Electricity,,,,,,,,
inen,Industrial Energy,frac_inen_energy_recycled_glass_furnace_gas,Industrial Energy Fuel Fraction Furnace Gas,,,,,,,,
inen,Industrial Energy,frac_inen_energy_recycled_glass_gasoline,Industrial Energy Fuel Fraction Gasoline,,,,,,,,
inen,Industrial Energy,frac_inen_energy_recycled_glass_hydrocarbon_gas_liquids,Industrial Energy Fuel Fraction Hydrocarbon Gas Liquids,,,,,,,,
inen,Industrial Energy,frac_inen_energy_recycled_glass_hydrogen,Industrial Energy Fuel Fraction Hydrogen,,,,,,,,
inen,Industrial Energy,frac_inen_energy_recycled_glass_kerosene,Industrial Energy Fuel Fraction Kerosene,,,,,,,,
inen,Industrial Energy,frac_inen_energy_recycled_glass_natural_gas,Industrial Energy Fuel Fraction Natural Gas,,,,,,,,
inen,Industrial Energy,frac_inen_energy_recycled_glass_oil,Industrial Energy Fuel Fraction Oil,,,,,,,,
inen,Industrial Energy,frac_inen_energy_recycled_glass_solar,Industrial Energy Fuel Fraction Solar,,,,,,,,
inen,Industrial Energy,frac_inen_energy_recycled_glass_solid_biomass,Industrial Energy Fuel Fraction Solid Biomass,,,,,,,,
inen,Industrial Energy,frac_inen_energy_recycled_metals_coal,Industrial Energy Fuel Fraction Coal,,,,,,,,
inen,Industrial Energy,frac_inen_energy_recycled_metals_coke,Industrial Energy Fuel Fraction Coke,,,,,,,,
inen,Industrial Energy,frac_inen_energy_recycled_metals_diesel,Industrial Energy Fuel Fraction Diesel,,,,,,,,
inen,Industrial Energy,frac_inen_energy_recycled_metals_electricity,Industrial Energy Fuel Fraction Electricity,,,,,,,,
inen,Industrial Energy,frac_inen_energy_recycled_metals_furnace_gas,Industrial Energy Fuel Fraction Furnace Gas,,,,,,,,
inen,Industrial Energy,frac_inen_energy_recycled_metals_gasoline,Industrial Energy Fuel Fraction Gasoline,,,,,,,,
inen,Industrial Energy,frac_inen_energy_recycled_metals_hydrocarbon_gas_liquids,Industrial Energy Fuel Fraction Hydrocarbon Gas Liquids,,,,,,,,
inen,Industrial Energy,frac_inen_energy_recycled_metals_hydrogen,Industrial Energy Fuel Fraction Hydrogen,,,,,,,,
inen,Industrial Energy,frac_inen_energy_recycled_metals_kerosene,Industrial Energy Fuel Fraction Kerosene,,,,,,,,
inen,Industrial Energy,frac_inen_energy_recycled_metals_natural_gas,Industrial Energy Fuel Fraction Natural Gas,,,,,,,,
inen,Industrial Energy,frac_inen_energy_recycled_metals_oil,Industrial Energy Fuel Fraction Oil,,,,,,,,
inen,Industrial Energy,frac_inen_energy_recycled_metals_solar,Industrial Energy Fuel Fraction Solar,,,,,,,,
inen,Industrial Energy,frac_inen_energy_recycled_metals_solid_biomass,Industrial Energy Fuel Fraction Solid Biomass,,,,,,,,
inen,Industrial Energy,frac_inen_energy_recycled_paper_coal,Industrial Energy Fuel Fraction Coal,,,,,,,,
inen,Industrial Energy,frac_inen_energy_recycled_paper_coke,Industrial Energy Fuel Fraction Coke,,,,,,,,
inen,Industrial Energy,frac_inen_energy_recycled_paper_diesel,Industrial Energy Fuel Fraction Diesel,,,,,,,,
inen,Industrial Energy,frac_inen_energy_recycled_paper_electricity,Industrial Energy Fuel Fraction Electricity,,,,,,,,
inen,Industrial Energy,frac_inen_energy_recycled_paper_furnace_gas,Industrial Energy Fuel Fraction Furnace Gas,,,,,,,,
inen,Industrial Energy,frac_inen_energy_recycled_paper_gasoline,Industrial Energy Fuel Fraction Gasoline,,,,,,,,
inen,Industrial Energy,frac_inen_energy_recycled_paper_hydrocarbon_gas_liquids,Industrial Energy Fuel Fraction Hydrocarbon Gas Liquids,,,,,,,,
inen,Industrial Energy,frac_inen_energy_recycled_paper_hydrogen,Industrial Energy Fuel Fraction Hydrogen,,,,,,,,
inen,Industrial Energy,frac_inen_energy_recycled_paper_kerosene,Industrial Energy Fuel Fraction Kerosene,,,,,,,,
inen,Industrial Energy,frac_inen_energy_recycled_paper_natural_gas,Industrial Energy Fuel Fraction Natural Gas,,,,,,,,
inen,Industrial Energy,frac_inen_energy_recycled_paper_oil,Industrial Energy Fuel Fraction Oil,,,,,,,,
inen,Industrial Energy,frac_inen_energy_recycled_paper_solar,Industrial Energy Fuel Fraction Solar,,,,,,,,
inen,Industrial Energy,frac_inen_energy_recycled_paper_solid_biomass,Industrial Energy Fuel Fraction Solid Biomass,,,,,,,,
inen,Industrial Energy,frac_inen_energy_recycled_plastic_coal,Industrial Energy Fuel Fraction Coal,,,,,,,,
inen,Industrial Energy,frac_inen_energy_recycled_plastic_coke,Industrial Energy Fuel Fraction Coke,,,,,,,,
inen,Industrial Energy,frac_inen_energy_recycled_plastic_diesel,Industrial Energy Fuel Fraction Diesel,,,,,,,,
inen,Industrial Energy,frac_inen_energy_recycled_plastic_electricity,Industrial Energy Fuel Fraction Electricity,,,,,,,,
inen,Industrial Energy,frac_inen_energy_recycled_plastic_furnace_gas,Industrial Energy Fuel Fraction Furnace Gas,,,,,,,,
inen,Industrial Energy,frac_inen_energy_recycled_plastic_gasoline,Industrial Energy Fuel Fraction Gasoline,,,,,,,,
inen,Industrial Energy,frac_inen_energy_recycled_plastic_hydrocarbon_gas_liquids,Industrial Energy Fuel Fraction Hydrocarbon Gas Liquids,,,,,,,,
inen,Industrial Energy,frac_inen_energy_recycled_plastic_hydrogen,Industrial Energy Fuel Fraction Hydrogen,,,,,,,,
inen,Industrial Energy,frac_inen_energy_recycled_plastic_kerosene,Industrial Energy Fuel Fraction Kerosene,,,,,,,,
inen,Industrial Energy,frac_inen_energy_recycled_plastic_natural_gas,Industrial Energy Fuel Fraction Natural Gas,,,,,,,,
inen,Industrial Energy,frac_inen_energy_recycled_plastic_oil,Industrial Energy Fuel Fraction Oil,,,,,,,,
inen,Industrial Energy,frac_inen_energy_recycled_plastic_solar,Industrial Energy Fuel Fraction Solar,,,,,,,,
inen,Industrial Energy,frac_inen_energy_recycled_plastic_solid_biomass,Industrial Energy Fuel Fraction Solid Biomass,,,,,,,,
inen,Industrial Energy,frac_inen_energy_recycled_rubber_and_leather_coal,Industrial Energy Fuel Fraction Coal,,,,,,,,
inen,Industrial Energy,frac_inen_energy_recycled_rubber_and_leather_coke,Industrial Energy Fuel Fraction Coke,,,,,,,,
inen,Industrial Energy,frac_inen_energy_recycled_rubber_and_leather_diesel,Industrial Energy Fuel Fraction Diesel,,,,,,,,
inen,Industrial Energy,frac_inen_energy_recycled_rubber_and_leather_electricity,Industrial Energy Fuel Fraction Electricity,,,,,,,,
inen,Industrial Energy,frac_inen_energy_recycled_rubber_and_leather_furnace_gas,Industrial Energy Fuel Fraction Furnace Gas,,,,,,,,
inen,Industrial Energy,frac_inen_energy_recycled_rubber_and_leather_gasoline,Industrial Energy Fuel Fraction Gasoline,,,,,,,,
inen,Industrial Energy,frac_inen_energy_recycled_rubber_and_leather_hydrocarbon_gas_liquids,Industrial Energy Fuel Fraction Hydrocarbon Gas Liquids,,,,,,,,
inen,Industrial Energy,frac_inen_energy_recycled_rubber_and_leather_hydrogen,Industrial Energy Fuel Fraction Hydrogen,,,,,,,,
inen,Industrial Energy,frac_inen_energy_recycled_rubber_and_leather_kerosene,Industrial Energy Fuel Fraction Kerosene,,,,,,,,
inen,Industrial Energy,frac_inen_energy_recycled_rubber_and_leather_natural_gas,Industrial Energy Fuel Fraction Natural Gas,,,,,,,,
inen,Industrial Energy,frac_inen_energy_recycled_rubber_and_leather_oil,Industrial Energy Fuel Fraction Oil,,,,,,,,
inen,Industrial Energy,frac_inen_energy_recycled_rubber_and_leather_solar,Industrial Energy Fuel Fraction Solar,,,,,,,,
inen,Industrial Energy,frac_inen_energy_recycled_rubber_and_leather_solid_biomass,Industrial Energy Fuel Fraction Solid Biomass,,,,,,,,
inen,Industrial Energy,frac_inen_energy_recycled_textiles_coal,Industrial Energy Fuel Fraction Coal,,,,,,,,
inen,Industrial Energy,frac_inen_energy_recycled_textiles_coke,Industrial Energy Fuel Fraction Coke,,,,,,,,
inen,Industrial Energy,frac_inen_energy_recycled_textiles_diesel,Industrial Energy Fuel Fraction Diesel,,,,,,,,
inen,Industrial Energy,frac_inen_energy_recycled_textiles_electricity,Industrial Energy Fuel Fraction Electricity,,,,,,,,
inen,Industrial Energy,frac_inen_energy_recycled_textiles_furnace_gas,Industrial Energy Fuel Fraction Furnace Gas,,,,,,,,
inen,Industrial Energy,frac_inen_energy_recycled_textiles_gasoline,Industrial Energy Fuel Fraction Gasoline,,,,,,,,
inen,Industrial Energy,frac_inen_energy_recycled_textiles_hydrocarbon_gas_liquids,Industrial Energy Fuel Fraction Hydrocarbon Gas Liquids,,,,,,,,
inen,Industrial Energy,frac_inen_energy_recycled_textiles_hydrogen,Industrial Energy Fuel Fraction Hydrogen,,,,,,,,
inen,Industrial Energy,frac_inen_energy_recycled_textiles_kerosene,Industrial Energy Fuel Fraction Kerosene,,,,,,,,
inen,Industrial Energy,frac_inen_energy_recycled_textiles_natural_gas,Industrial Energy Fuel Fraction Natural Gas,,,,,,,,
inen,Industrial Energy,frac_inen_energy_recycled_textiles_oil,Industrial Energy Fuel Fraction Oil,,,,,,,,
inen,Industrial Energy,frac_inen_energy_recycled_textiles_solar,Industrial Energy Fuel Fraction Solar,,,,,,,,
inen,Industrial Energy,frac_inen_energy_recycled_textiles_solid_biomass,Industrial Energy Fuel Fraction Solid Biomass,,,,,,,,
inen,Industrial Energy,frac_inen_energy_recycled_wood_coal,Industrial Energy Fuel Fraction Coal,,,,,,,,
inen,Industrial Energy,frac_inen_energy_recycled_wood_coke,Industrial Energy Fuel Fraction Coke,,,,,,,,
inen,Industrial Energy,frac_inen_energy_recycled_wood_diesel,Industrial Energy Fuel Fraction Diesel,,,,,,,,
inen,Industrial Energy,frac_inen_energy_recycled_wood_electricity,Industrial Energy Fuel Fraction Electricity,,,,,,,,
inen,Industrial Energy,frac_inen_energy_recycled_wood_furnace_gas,Industrial Energy Fuel Fraction Furnace Gas,,,,,,,,
inen,Industrial Energy,frac_inen_energy_recycled_wood_gasoline,Industrial Energy Fuel Fraction Gasoline,,,,,,,,
inen,Industrial Energy,frac_inen_energy_recycled_wood_hydrocarbon_gas_liquids,Industrial Energy Fuel Fraction Hydrocarbon Gas Liquids,,,,,,,,
inen,Industrial Energy,frac_inen_energy_recycled_wood_hydrogen,Industrial Energy Fuel Fraction Hydrogen,,,,,,,,
inen,Industrial Energy,frac_inen_energy_recycled_wood_kerosene,Industrial Energy Fuel Fraction Kerosene,,,,,,,,
inen,Industrial Energy,frac_inen_energy_recycled_wood_natural_gas,Industrial Energy Fuel Fraction Natural Gas,,,,,,,,
inen,Industrial Energy,frac_inen_energy_recycled_wood_oil,Industrial Energy Fuel Fraction Oil,,,,,,,,
inen,Industrial Energy,frac_inen_energy_recycled_wood_solar,Industrial Energy Fuel Fraction Solar,,,,,,,,
inen,Industrial Energy,frac_inen_energy_recycled_wood_solid_biomass,Industrial Energy Fuel Fraction Solid Biomass,,,,,,,,
inen,Industrial Energy,frac_inen_energy_rubber_and_leather_coal,Industrial Energy Fuel Fraction Coal,,,,,,,,
inen,Industrial Energy,frac_inen_energy_rubber_and_leather_coke,Industrial Energy Fuel Fraction Coke,,,,,,,,
inen,Industrial Energy,frac_inen_energy_rubber_and_leather_diesel,Industrial Energy Fuel Fraction Diesel,,,,,,,,
inen,Industrial Energy,frac_inen_energy_rubber_and_leather_electricity,Industrial Energy Fuel Fraction Electricity,,,,,,,,
inen,Industrial Energy,frac_inen_energy_rubber_and_leather_furnace_gas,Industrial Energy Fuel Fraction Furnace Gas,,,,,,,,
inen,Industrial Energy,frac_inen_energy_rubber_and_leather_gasoline,Industrial Energy Fuel Fraction Gasoline,,,,,,,,
inen,Industrial Energy,frac_inen_energy_rubber_and_leather_hydrocarbon_gas_liquids,Industrial Energy Fuel Fraction Hydrocarbon Gas Liquids,,,,,,,,
inen,Industrial Energy,frac_inen_energy_rubber_and_leather_hydrogen,Industrial Energy Fuel Fraction Hydrogen,,,,,,,,
inen,Industrial Energy,frac_inen_energy_rubber_and_leather_kerosene,Industrial Energy Fuel Fraction Kerosene,,,,,,,,
inen,Industrial Energy,frac_inen_energy_rubber_and_leather_natural_gas,Industrial Energy Fuel Fraction Natural Gas,,,,,,,,
inen,Industrial Energy,frac_inen_energy_rubber_and_leather_oil,Industrial Energy Fuel Fraction Oil,,,,,,,,
inen,Industrial Energy,frac_inen_energy_rubber_and_leather_solar,Industrial Energy Fuel Fraction Solar,,,,,,,,
inen,Industrial Energy,frac_inen_energy_rubber_and_leather_solid_biomass,Industrial Energy Fuel Fraction Solid Biomass,,,,,,,,
inen,Industrial Energy,frac_inen_energy_textiles_coal,Industrial Energy Fuel Fraction Coal,,,,,,,,
inen,Industrial Energy,frac_inen_energy_textiles_coke,Industrial Energy Fuel Fraction Coke,,,,,,,,
inen,Industrial Energy,frac_inen_energy_textiles_diesel,Industrial Energy Fuel Fraction Diesel,,,,,,,,
inen,Industrial Energy,frac_inen_energy_textiles_electricity,Industrial Energy Fuel Fraction Electricity,,,,,,,,
inen,Industrial Energy,frac_inen_energy_textiles_furnace_gas,Industrial Energy Fuel Fraction Furnace Gas,,,,,,,,
inen,Industrial Energy,frac_inen_energy_textiles_gasoline,Industrial Energy Fuel Fraction Gasoline,,,,,,,,
inen,Industrial Energy,frac_inen_energy_textiles_hydrocarbon_gas_liquids,Industrial Energy Fuel Fraction Hydrocarbon Gas Liquids,,,,,,,,
inen,Industrial Energy,frac_inen_energy_textiles_hydrogen,Industrial Energy Fuel Fraction Hydrogen,,,,,,,,
inen,Industrial Energy,frac_inen_energy_textiles_kerosene,Industrial Energy Fuel Fraction Kerosene,,,,,,,,
inen,Industrial Energy,frac_inen_energy_textiles_natural_gas,Industrial Energy Fuel Fraction Natural Gas,,,,,,,,
inen,Industrial Energy,frac_inen_energy_textiles_oil,Industrial Energy Fuel Fraction Oil,,,,,,,,
inen,Industrial Energy,frac_inen_energy_textiles_solar,Industrial Energy Fuel Fraction Solar,,,,,,,,
inen,Industrial Energy,frac_inen_energy_textiles_solid_biomass,Industrial Energy Fuel Fraction Solid Biomass,,,,,,,,
inen,Industrial Energy,frac_inen_energy_wood_coal,Industrial Energy Fuel Fraction Coal,,,,,,,,
inen,Industrial Energy,frac_inen_energy_wood_coke,Industrial Energy Fuel Fraction Coke,,,,,,,,
inen,Industrial Energy,frac_inen_energy_wood_diesel,Industrial Energy Fuel Fraction Diesel,,,,,,,,
inen,Industrial Energy,frac_inen_energy_wood_electricity,Industrial Energy Fuel Fraction Electricity,,,,,,,,
inen,Industrial Energy,frac_inen_energy_wood_furnace_gas,Industrial Energy Fuel Fraction Furnace Gas,,,,,,,,
inen,Industrial Energy,frac_inen_energy_wood_gasoline,Industrial Energy Fuel Fraction Gasoline,,,,,,,,
inen,Industrial Energy,frac_inen_energy_wood_hydrocarbon_gas_liquids,Industrial Energy Fuel Fraction Hydrocarbon Gas Liquids,,,,,,,,
inen,Industrial Energy,frac_inen_energy_wood_hydrogen,Industrial Energy Fuel Fraction Hydrogen,,,,,,,,
inen,Industrial Energy,frac_inen_energy_wood_kerosene,Industrial Energy Fuel Fraction Kerosene,,,,,,,,
inen,Industrial Energy,frac_inen_energy_wood_natural_gas,Industrial Energy Fuel Fraction Natural Gas,,,,,,,,
inen,Industrial Energy,frac_inen_energy_wood_oil,Industrial Energy Fuel Fraction Oil,,,,,,,,
inen,Industrial Energy,frac_inen_energy_wood_solar,Industrial Energy Fuel Fraction Solar,,,,,,,,
inen,Industrial Energy,frac_inen_energy_wood_solid_biomass,Industrial Energy Fuel Fraction Solid Biomass,,,,,,,,
inen,Industrial Energy,scalar_inen_energy_demand_cement,Industrial Energy Demand Scalar,,,,,,,,
inen,Industrial Energy,scalar_inen_energy_demand_chemicals,Industrial Energy Demand Scalar,,,,,,,,
inen,Industrial Energy,scalar_inen_energy_demand_electronics,Industrial Energy Demand Scalar,,,,,,,,
inen,Industrial Energy,scalar_inen_energy_demand_glass,Industrial Energy Demand Scalar,,,,,,,,
inen,Industrial Energy,scalar_inen_energy_demand_lime_and_carbonite,Industrial Energy Demand Scalar,,,,,,,,
inen,Industrial Energy,scalar_inen_energy_demand_metals,Industrial Energy Demand Scalar,,,,,,,,
inen,Industrial Energy,scalar_inen_energy_demand_mining,Industrial Energy Demand Scalar,,,,,,,,
inen,Industrial Energy,scalar_inen_energy_demand_other_product_manufacturing,Industrial Energy Demand Scalar,,,,,,,,
inen,Industrial Energy,scalar_inen_energy_demand_paper,Industrial Energy Demand Scalar,,,,,,,,
inen,Industrial Energy,scalar_inen_energy_demand_plastic,Industrial Energy Demand Scalar,,,,,,,,
inen,Industrial Energy,scalar_inen_energy_demand_recycled_glass,Industrial Energy Demand Scalar,,,,,,,,
inen,Industrial Energy,scalar_inen_energy_demand_recycled_metals,Industrial Energy Demand Scalar,,,,,,,,
inen,Industrial Energy,scalar_inen_energy_demand_recycled_paper,Industrial Energy Demand Scalar,,,,,,,,
inen,Industrial Energy,scalar_inen_energy_demand_recycled_plastic,Industrial Energy Demand Scalar,,,,,,,,
inen,Industrial Energy,scalar_inen_energy_demand_recycled_rubber_and_leather,Industrial Energy Demand Scalar,,,,,,,,
inen,Industrial Energy,scalar_inen_energy_demand_recycled_textiles,Industrial Energy Demand Scalar,,,,,,,,
inen,Industrial Energy,scalar_inen_energy_demand_recycled_wood,Industrial Energy Demand Scalar,,,,,,,,
inen,Industrial Energy,scalar_inen_energy_demand_rubber_and_leather,Industrial Energy Demand Scalar,,,,,,,,
inen,Industrial Energy,scalar_inen_energy_demand_textiles,Industrial Energy Demand Scalar,,,,,,,,
inen,Industrial Energy,scalar_inen_energy_demand_wood,Industrial Energy Demand Scalar,,,,,,,,
lndu,Land Use,area_lndu_infimum_croplands_ha,Minimum Area,ha,,,,,,,
lndu,Land Use,area_lndu_infimum_flooded_ha,Minimum Area,ha,,,,,,,
lndu,Land Use,area_lndu_infimum_forests_mangroves_ha,Minimum Area,ha,,,,,,,
lndu,Land Use,area_lndu_infimum_forests_primary_ha,Minimum Area,ha,,,,,,,
lndu,Land Use,area_lndu_infimum_forests_secondary_ha,Minimum Area,ha,,,,,,,
lndu,Land Use,area_lndu_infimum_grasslands_ha,Minimum Area,ha,,,,,,,
lndu,Land Use,area_lndu_infimum_other_ha,Minimum Area,ha,,,,,,,
lndu,Land Use,area_lndu_infimum_pastures_ha,Minimum Area,ha,,,,,,,
lndu,Land Use,area_lndu_infimum_settlements_ha,Minimum Area,ha,,,,,,,
lndu,Land Use,area_lndu_infimum_shrublands_ha,Minimum Area,ha,,,,,,,
lndu,Land Use,area_lndu_infimum_wetlands_ha,Minimum Area,ha,,,,,,,
lndu,Land Use,area_lndu_supremum_croplands_ha,Maximum Area,ha,,,,,,,
lndu,Land Use,area_lndu_supremum_flooded_ha,Maximum Area,ha,,,,,,,
lndu,Land Use,area_lndu_supremum_forests_mangroves_ha,Maximum Area,ha,,,,,,,
lndu,Land Use,area_lndu_supremum_forests_primary_ha,Maximum Area,ha,,,,,,,
lndu,Land Use,area_lndu_supremum_forests_secondary_ha,Maximum Area,ha,,,,,,,
lndu,Land Use,area_lndu_supremum_grasslands_ha,Maximum Area,ha,,,,,,,
lndu,Land Use,area_lndu_supremum_other_ha,Maximum Area,ha,,,,,,,
lndu,Land Use,area_lndu_supremum_pastures_ha,Maximum Area,ha,,,,,,,
lndu,Land Use,area_lndu_supremum_settlements_ha,Maximum Area,ha,,,,,,,
lndu,Land Use,area_lndu_supremum_shrublands_ha,Maximum Area,ha,,,,,,,
lndu,Land Use,area_lndu_supremum_wetlands_ha,Maximum Area,ha,,,,,,,
lndu,Land Use,ef_lndu_boc_wetlands_gg_ch4_ha,Land Use BOC :math:\text{CH}_4 Emission Factor,ha,,,gg,,,,ch4
lndu,Land Use,ef_lndu_conv_croplands_to_croplands_gg_co2_ha,:math:\text{CO}_2 Land Use Conversion Emission Factor,ha,,,gg,,,,co2
lndu,Land Use,ef_lndu_conv_croplands_to_flooded_gg_co2_ha,:math:\text{CO}_2 Land Use Conversion Emission Factor,ha,,,gg,,,,co2
lndu,Land Use,ef_lndu_conv_croplands_to_forests_mangroves_gg_co2_ha,:math:\text{CO}_2 Land Use Conversion Emission Factor,ha,,,gg,,,,co2
lndu,Land Use,ef_lndu_conv_croplands_to_forests_primary_gg_co2_ha,:math:\text{CO}_2 Land Use Conversion Emission Factor,ha,,,gg,,,,co2
lndu,Land Use,ef_lndu_conv_croplands_to_forests_secondary_gg_co2_ha,:math:\text{CO}_2 Land Use Conversion Emission Factor,ha,,,gg,,,,co2
lndu,Land Use,ef_lndu_conv_croplands_to_grasslands_gg_co2_ha,:math:\text{CO}_2 Land Use Conversion Emission Factor,ha,,,gg,,,,co2
lndu,Land Use,ef_lndu_conv_croplands_to_other_gg_co2_ha,:math:\text{CO}_2 Land Use Conversion Emission Factor,ha,,,gg,,,,co2
lndu,Land Use,ef_lndu_conv_croplands_to_pastures_gg_co2_ha,:math:\text{CO}_2 Land Use Conversion Emission Factor,ha,,,gg,,,,co2
lndu,Land Use,ef_lndu_conv_croplands_to_settlements_gg_co2_ha,:math:\text{CO}_2 Land Use Conversion Emission Factor,ha,,,gg,,,,co2
lndu,Land Use,ef_lndu_conv_croplands_to_shrublands_gg_co2_ha,:math:\text{CO}_2 Land Use Conversion Emission Factor,ha,,,gg,,,,co2
lndu,Land Use,ef_lndu_conv_croplands_to_wetlands_gg_co2_ha,:math:\text{CO}_2 Land Use Conversion Emission Factor,ha,,,gg,,,,co2
lndu,Land Use,ef_lndu_conv_flooded_to_croplands_gg_co2_ha,:math:\text{CO}_2 Land Use Conversion Emission Factor,ha,,,gg,,,,co2
lndu,Land Use,ef_lndu_conv_flooded_to_flooded_gg_co2_ha,:math:\text{CO}_2 Land Use Conversion Emission Factor,ha,,,gg,,,,co2
lndu,Land Use,ef_lndu_conv_flooded_to_forests_mangroves_gg_co2_ha,:math:\text{CO}_2 Land Use Conversion Emission Factor,ha,,,gg,,,,co2
lndu,Land Use,ef_lndu_conv_flooded_to_forests_primary_gg_co2_ha,:math:\text{CO}_2 Land Use Conversion Emission Factor,ha,,,gg,,,,co2
lndu,Land Use,ef_lndu_conv_flooded_to_forests_secondary_gg_co2_ha,:math:\text{CO}_2 Land Use Conversion Emission Factor,ha,,,gg,,,,co2
lndu,Land Use,ef_lndu_conv_flooded_to_grasslands_gg_co2_ha,:math:\text{CO}_2 Land Use Conversion Emission Factor,ha,,,gg,,,,co2
lndu,Land Use,ef_lndu_conv_flooded_to_other_gg_co2_ha,:math:\text{CO}_2 Land Use Conversion Emission Factor,ha,,,gg,,,,co2
lndu,Land Use,ef_lndu_conv_flooded_to_pastures_gg_co2_ha,:math:\text{CO}_2 Land Use Conversion Emission Factor,ha,,,gg,,,,co2
lndu,Land Use,ef_lndu_conv_flooded_to_settlements_gg_co2_ha,:math:\text{CO}_2 Land Use Conversion Emission Factor,ha,,,gg,,,,co2
lndu,Land Use,ef_lndu_conv_flooded_to_shrublands_gg_co2_ha,:math:\text{CO}_2 Land Use Conversion Emission Factor,ha,,,gg,,,,co2
lndu,Land Use,ef_lndu_conv_flooded_to_wetlands_gg_co2_ha,:math:\text{CO}_2 Land Use Conversion Emission Factor,ha,,,gg,,,,co2
lndu,Land Use,ef_lndu_conv_forests_mangroves_to_croplands_gg_co2_ha,:math:\text{CO}_2 Land Use Conversion Emission Factor,ha,,,gg,,,,co2
lndu,Land Use,ef_lndu_conv_forests_mangroves_to_flooded_gg_co2_ha,:math:\text{CO}_2 Land Use Conversion Emission Factor,ha,,,gg,,,,co2
lndu,Land Use,ef_lndu_conv_forests_mangroves_to_forests_mangroves_gg_co2_ha,:math:\text{CO}_2 Land Use Conversion Emission Factor,ha,,,gg,,,,co2
lndu,Land Use,ef_lndu_conv_forests_mangroves_to_forests_primary_gg_co2_ha,:math:\text{CO}_2 Land Use Conversion Emission Factor,ha,,,gg,,,,co2
lndu,Land Use,ef_lndu_conv_forests_mangroves_to_forests_secondary_gg_co2_ha,:math:\text{CO}_2 Land Use Conversion Emission Factor,ha,,,gg,,,,co2
lndu,Land Use,ef_lndu_conv_forests_mangroves_to_grasslands_gg_co2_ha,:math:\text{CO}_2 Land Use Conversion Emission Factor,ha,,,gg,,,,co2
lndu,Land Use,ef_lndu_conv_forests_mangroves_to_other_gg_co2_ha,:math:\text{CO}_2 Land Use Conversion Emission Factor,ha,,,gg,,,,co2
lndu,Land Use,ef_lndu_conv_forests_mangroves_to_pastures_gg_co2_ha,:math:\text{CO}_2 Land Use Conversion Emission Factor,ha,,,gg,,,,co2
lndu,Land Use,ef_lndu_conv_forests_mangroves_to_settlements_gg_co2_ha,:math:\text{CO}_2 Land Use Conversion Emission Factor,ha,,,gg,,,,co2
lndu,Land Use,ef_lndu_conv_forests_mangroves_to_shrublands_gg_co2_ha,:math:\text{CO}_2 Land Use Conversion Emission Factor,ha,,,gg,,,,co2
lndu,Land Use,ef_lndu_conv_forests_mangroves_to_wetlands_gg_co2_ha,:math:\text{CO}_2 Land Use Conversion Emission Factor,ha,,,gg,,,,co2
lndu,Land Use,ef_lndu_conv_forests_primary_to_croplands_gg_co2_ha,:math:\text{CO}_2 Land Use Conversion Emission Factor,ha,,,gg,,,,co2
lndu,Land Use,ef_lndu_conv_forests_primary_to_flooded_gg_co2_ha,:math:\text{CO}_2 Land Use Conversion Emission Factor,ha,,,gg,,,,co2
lndu,Land Use,ef_lndu_conv_forests_primary_to_forests_mangroves_gg_co2_ha,:math:\text{CO}_2 Land Use Conversion Emission Factor,ha,,,gg,,,,co2
lndu,Land Use,ef_lndu_conv_forests_primary_to_forests_primary_gg_co2_ha,:math:\text{CO}_2 Land Use Conversion Emission Factor,ha,,,gg,,,,co2
lndu,Land Use,ef_lndu_conv_forests_primary_to_forests_secondary_gg_co2_ha,:math:\text{CO}_2 Land Use Conversion Emission Factor,ha,,,gg,,,,co2
lndu,Land Use,ef_lndu_conv_forests_primary_to_grasslands_gg_co2_ha,:math:\text{CO}_2 Land Use Conversion Emission Factor,ha,,,gg,,,,co2
lndu,Land Use,ef_lndu_conv_forests_primary_to_other_gg_co2_ha,:math:\text{CO}_2 Land Use Conversion Emission Factor,ha,,,gg,,,,co2
lndu,Land Use,ef_lndu_conv_forests_primary_to_pastures_gg_co2_ha,:math:\text{CO}_2 Land Use Conversion Emission Factor,ha,,,gg,,,,co2
lndu,Land Use,ef_lndu_conv_forests_primary_to_settlements_gg_co2_ha,:math:\text{CO}_2 Land Use Conversion Emission Factor,ha,,,gg,,,,co2
lndu,Land Use,ef_lndu_conv_forests_primary_to_shrublands_gg_co2_ha,:math:\text{CO}_2 Land Use Conversion Emission Factor,ha,,,gg,,,,co2
lndu,Land Use,ef_lndu_conv_forests_primary_to_wetlands_gg_co2_ha,:math:\text{CO}_2 Land Use Conversion Emission Factor,ha,,,gg,,,,co2
lndu,Land Use,ef_lndu_conv_forests_secondary_to_croplands_gg_co2_ha,:math:\text{CO}_2 Land Use Conversion Emission Factor,ha,,,gg,,,,co2
lndu,Land Use,ef_lndu_conv_forests_secondary_to_flooded_gg_co2_ha,:math:\text{CO}_2 Land Use Conversion Emission Factor,ha,,,gg,,,,co2
lndu,Land Use,ef_lndu_conv_forests_secondary_to_forests_mangroves_gg_co2_ha,:math:\text{CO}_2 Land Use Conversion Emission Factor,ha,,,gg,,,,co2
lndu,Land Use,ef_lndu_conv_forests_secondary_to_forests_primary_gg_co2_ha,:math:\text{CO}_2 Land Use Conversion Emission Factor,ha,,,gg,,,,co2
lndu,Land Use,ef_lndu_conv_forests_secondary_to_forests_secondary_gg_co2_ha,:math:\text{CO}_2 Land Use Conversion Emission Factor,ha,,,gg,,,,co2
lndu,Land Use,ef_lndu_conv_forests_secondary_to_grasslands_gg_co2_ha,:math:\text{CO}_2 Land Use Conversion Emission Factor,ha,,,gg,,,,co2
lndu,Land Use,ef_lndu_conv_forests_secondary_to_other_gg_co2_ha,:math:\text{CO}_2 Land Use Conversion Emission Factor,ha,,,gg,,,,co2
lndu,Land Use,ef_lndu_conv_forests_secondary_to_pastures_gg_co2_ha,:math:\text{CO}_2 Land Use Conversion Emission Factor,ha,,,gg,,,,co2
lndu,Land Use,ef_lndu_conv_forests_secondary_to_settlements_gg_co2_ha,:math:\text{CO}_2 Land Use Conversion Emission Factor,ha,,,gg,,,,co2
lndu,Land Use,ef_lndu_conv_forests_secondary_to_shrublands_gg_co2_ha,:math:\text{CO}_2 Land Use Conversion Emission Factor,ha,,,gg,,,,co2
lndu,Land Use,ef_lndu_conv_forests_secondary_to_wetlands_gg_co2_ha,:math:\text{CO}_2 Land Use Conversion Emission Factor,ha,,,gg,,,,co2
lndu,Land Use,ef_lndu_conv_grasslands_to_croplands_gg_co2_ha,:math:\text{CO}_2 Land Use Conversion Emission Factor,ha,,,gg,,,,co2
lndu,Land Use,ef_lndu_conv_grasslands_to_flooded_gg_co2_ha,:math:\text{CO}_2 Land Use Conversion Emission Factor,ha,,,gg,,,,co2
lndu,Land Use,ef_lndu_conv_grasslands_to_forests_mangroves_gg_co2_ha,:math:\text{CO}_2 Land Use Conversion Emission Factor,ha,,,gg,,,,co2
lndu,Land Use,ef_lndu_conv_grasslands_to_forests_primary_gg_co2_ha,:math:\text{CO}_2 Land Use Conversion Emission Factor,ha,,,gg,,,,co2
lndu,Land Use,ef_lndu_conv_grasslands_to_forests_secondary_gg_co2_ha,:math:\text{CO}_2 Land Use Conversion Emission Factor,ha,,,gg,,,,co2
lndu,Land Use,ef_lndu_conv_grasslands_to_grasslands_gg_co2_ha,:math:\text{CO}_2 Land Use Conversion Emission Factor,ha,,,gg,,,,co2
lndu,Land Use,ef_lndu_conv_grasslands_to_other_gg_co2_ha,:math:\text{CO}_2 Land Use Conversion Emission Factor,ha,,,gg,,,,co2
lndu,Land Use,ef_lndu_conv_grasslands_to_pastures_gg_co2_ha,:math:\text{CO}_2 Land Use Conversion Emission Factor,ha,,,gg,,,,co2
lndu,Land Use,ef_lndu_conv_grasslands_to_settlements_gg_co2_ha,:math:\text{CO}_2 Land Use Conversion Emission Factor,ha,,,gg,,,,co2
lndu,Land Use,ef_lndu_conv_grasslands_to_shrublands_gg_co2_ha,:math:\text{CO}_2 Land Use Conversion Emission Factor,ha,,,gg,,,,co2
lndu,Land Use,ef_lndu_conv_grasslands_to_wetlands_gg_co2_ha,:math:\text{CO}_2 Land Use Conversion Emission Factor,ha,,,gg,,,,co2
lndu,Land Use,ef_lndu_conv_other_to_croplands_gg_co2_ha,:math:\text{CO}_2 Land Use Conversion Emission Factor,ha,,,gg,,,,co2
lndu,Land Use,ef_lndu_conv_other_to_flooded_gg_co2_ha,:math:\text{CO}_2 Land Use Conversion Emission Factor,ha,,,gg,,,,co2
lndu,Land Use,ef_lndu_conv_other_to_forests_mangroves_gg_co2_ha,:math:\text{CO}_2 Land Use Conversion Emission Factor,ha,,,gg,,,,co2
lndu,Land Use,ef_lndu_conv_other_to_forests_primary_gg_co2_ha,:math:\text{CO}_2 Land Use Conversion Emission Factor,ha,,,gg,,,,co2
lndu,Land Use,ef_lndu_conv_other_to_forests_secondary_gg_co2_ha,:math:\text{CO}_2 Land Use Conversion Emission Factor,ha,,,gg,,,,co2
lndu,Land Use,ef_lndu_conv_other_to_grasslands_gg_co2_ha,:math:\text{CO}_2 Land Use Conversion Emission Factor,ha,,,gg,,,,co2
lndu,Land Use,ef_lndu_conv_other_to_other_gg_co2_ha,:math:\text{CO}_2 Land Use Conversion Emission Factor,ha,,,gg,,,,co2
lndu,Land Use,ef_lndu_conv_other_to_pastures_gg_co2_ha,:math:\text{CO}_2 Land Use Conversion Emission Factor,ha,,,gg,,,,co2
lndu,Land Use,ef_lndu_conv_other_to_settlements_gg_co2_ha,:math:\text{CO}_2 Land Use Conversion Emission Factor,ha,,,gg,,,,co2
lndu,Land Use,ef_lndu_conv_other_to_shrublands_gg_co2_ha,:math:\text{CO}_2 Land Use Conversion Emission Factor,ha,,,gg,,,,co2
lndu,Land Use,ef_lndu_conv_other_to_wetlands_gg_co2_ha,:math:\text{CO}_2 Land Use Conversion Emission Factor,ha,,,gg,,,,co2
lndu,Land Use,ef_lndu_conv_pastures_to_croplands_gg_co2_ha,:math:\text{CO}_2 Land Use Conversion Emission Factor,ha,,,gg,,,,co2
lndu,Land Use,ef_lndu_conv_pastures_to_flooded_gg_co2_ha,:math:\text{CO}_2 Land Use Conversion Emission Factor,ha,,,gg,,,,co2
lndu,Land Use,ef_lndu_conv_pastures_to_forests_mangroves_gg_co2_ha,:math:\text{CO}_2 Land Use Conversion Emission Factor,ha,,,gg,,,,co2
lndu,Land Use,ef_lndu_conv_pastures_to_forests_primary_gg_co2_ha,:math:\text{CO}_2 Land Use Conversion Emission Factor,ha,,,gg,,,,co2
lndu,Land Use,ef_lndu_conv_pastures_to_forests_secondary_gg_co2_ha,:math:\text{CO}_2 Land Use Conversion Emission Factor,ha,,,gg,,,,co2
lndu,Land Use,ef_lndu_conv_pastures_to_grasslands_gg_co2_ha,:math:\text{CO}_2 Land Use Conversion Emission Factor,ha,,,gg,,,,co2
lndu,Land Use,ef_lndu_conv_pastures_to_other_gg_co2_ha,:math:\text{CO}_2 Land Use Conversion Emission Factor,ha,,,gg,,,,co2
lndu,Land Use,ef_lndu_conv_pastures_to_pastures_gg_co2_ha,:math:\text{CO}_2 Land Use Conversion Emission Factor,ha,,,gg,,,,co2
lndu,Land Use,ef_lndu_conv_pastures_to_settlements_gg_co2_ha,:math:\text{CO}_2 Land Use Conversion Emission Factor,ha,,,gg,,,,co2
lndu,Land Use,ef_lndu_conv_pastures_to_shrublands_gg_co2_ha,:math:\text{CO}_2 Land Use Conversion Emission Factor,ha,,,gg,,,,co2
lndu,Land Use,ef_lndu_conv_pastures_to_wetlands_gg_co2_ha,:math:\text{CO}_2 Land Use Conversion Emission Factor,ha,,,gg,,,,co2
lndu,Land Use,ef_lndu_conv_settlements_to_croplands_gg_co2_ha,:math:\text{CO}_2 Land Use Conversion Emission Factor,ha,,,gg,,,,co2
lndu,Land Use,ef_lndu_conv_settlements_to_flooded_gg_co2_ha,:math:\text{CO}_2 Land Use Conversion Emission Factor,ha,,,gg,,,,co2
lndu,Land Use,ef_lndu_conv_settlements_to_forests_mangroves_gg_co2_ha,:math:\text{CO}_2 Land Use Conversion Emission Factor,ha,,,gg,,,,co2
lndu,Land Use,ef_lndu_conv_settlements_to_forests_primary_gg_co2_ha,:math:\text{CO}_2 Land Use Conversion Emission Factor,ha,,,gg,,,,co2
lndu,Land Use,ef_lndu_conv_settlements_to_forests_secondary_gg_co2_ha,:math:\text{CO}_2 Land Use Conversion Emission Factor,ha,,,gg,,,,co2
lndu,Land Use,ef_lndu_conv_settlements_to_grasslands_gg_co2_ha,:math:\text{CO}_2 Land Use Conversion Emission Factor,ha,,,gg,,,,co2
lndu,Land Use,ef_lndu_conv_settlements_to_other_gg_co2_ha,:math:\text{CO}_2 Land Use Conversion Emission Factor,ha,,,gg,,,,co2
lndu,Land Use,ef_lndu_conv_settlements_to_pastures_gg_co2_ha,:math:\text{CO}_2 Land Use Conversion Emission Factor,ha,,,gg,,,,co2
lndu,Land Use,ef_lndu_conv_settlements_to_settlements_gg_co2_ha,:math:\text{CO}_2 Land Use Conversion Emission Factor,ha,,,gg,,,,co2
lndu,Land Use,ef_lndu_conv_settlements_to_shrublands_gg_co2_ha,:math:\text{CO}_2 Land Use Conversion Emission Factor,ha,,,gg,,,,co2
lndu,Land Use,ef_lndu_conv_settlements_to_wetlands_gg_co2_ha,:math:\text{CO}_2 Land Use Conversion Emission Factor,ha,,,gg,,,,co2
lndu,Land Use,ef_lndu_conv_shrublands_to_croplands_gg_co2_ha,:math:\text{CO}_2 Land Use Conversion Emission Factor,ha,,,gg,,,,co2
lndu,Land Use,ef_lndu_conv_shrublands_to_flooded_gg_co2_ha,:math:\text{CO}_2 Land Use Conversion Emission Factor,ha,,,gg,,,,co2
lndu,Land Use,ef_lndu_conv_shrublands_to_forests_mangroves_gg_co2_ha,:math:\text{CO}_2 Land Use Conversion Emission Factor,ha,,,gg,,,,co2
lndu,Land Use,ef_lndu_conv_shrublands_to_forests_primary_gg_co2_ha,:math:\text{CO}_2 Land Use Conversion Emission Factor,ha,,,gg,,,,co2
lndu,Land Use,ef_lndu_conv_shrublands_to_forests_secondary_gg_co2_ha,:math:\text{CO}_2 Land Use Conversion Emission Factor,ha,,,gg,,,,co2
lndu,Land Use,ef_lndu_conv_shrublands_to_grasslands_gg_co2_ha,:math:\text{CO}_2 Land Use Conversion Emission Factor,ha,,,gg,,,,co2
lndu,Land Use,ef_lndu_conv_shrublands_to_other_gg_co2_ha,:math:\text{CO}_2 Land Use Conversion Emission Factor,ha,,,gg,,,,co2
lndu,Land Use,ef_lndu_conv_shrublands_to_pastures_gg_co2_ha,:math:\text{CO}_2 Land Use Conversion Emission Factor,ha,,,gg,,,,co2
lndu,Land Use,ef_lndu_conv_shrublands_to_settlements_gg_co2_ha,:math:\text{CO}_2 Land Use Conversion Emission Factor,ha,,,gg,,,,co2
lndu,Land Use,ef_lndu_conv_shrublands_to_shrublands_gg_co2_ha,:math:\text{CO}_2 Land Use Conversion Emission Factor,ha,,,gg,,,,co2
lndu,Land Use,ef_lndu_conv_shrublands_to_wetlands_gg_co2_ha,:math:\text{CO}_2 Land Use Conversion Emission Factor,ha,,,gg,,,,co2
lndu,Land Use,ef_lndu_conv_wetlands_to_croplands_gg_co2_ha,:math:\text{CO}_2 Land Use Conversion Emission Factor,ha,,,gg,,,,co2
lndu,Land Use,ef_lndu_conv_wetlands_to_flooded_gg_co2_ha,:math:\text{CO}_2 Land Use Conversion Emission Factor,ha,,,gg,,,,co2
lndu,Land Use,ef_lndu_conv_wetlands_to_forests_mangroves_gg_co2_ha,:math:\text{CO}_2 Land Use Conversion Emission Factor,ha,,,gg,,,,co2
lndu,Land Use,ef_lndu_conv_wetlands_to_forests_primary_gg_co2_ha,:math:\text{CO}_2 Land Use Conversion Emission Factor,ha,,,gg,,,,co2
lndu,Land Use,ef_lndu_conv_wetlands_to_forests_secondary_gg_co2_ha,:math:\text{CO}_2 Land Use Conversion Emission Factor,ha,,,gg,,,,co2
lndu,Land Use,ef_lndu_conv_wetlands_to_grasslands_gg_co2_ha,:math:\text{CO}_2 Land Use Conversion Emission Factor,ha,,,gg,,,,co2
lndu,Land Use,ef_lndu_conv_wetlands_to_other_gg_co2_ha,:math:\text{CO}_2 Land Use Conversion Emission Factor,ha,,,gg,,,,co2
lndu,Land Use,ef_lndu_conv_wetlands_to_pastures_gg_co2_ha,:math:\text{CO}_2 Land Use Conversion Emission Factor,ha,,,gg,,,,co2
lndu,Land Use,ef_lndu_conv_wetlands_to_settlements_gg_co2_ha,:math:\text{CO}_2 Land Use Conversion Emission Factor,ha,,,gg,,,,co2
lndu,Land Use,ef_lndu_conv_wetlands_to_shrublands_gg_co2_ha,:math:\text{CO}_2 Land Use Conversion Emission Factor,ha,,,gg,,,,co2
lndu,Land Use,ef_lndu_conv_wetlands_to_wetlands_gg_co2_ha,:math:\text{CO}_2 Land Use Conversion Emission Factor,ha,,,gg,,,,co2
lndu,Land Use,ef_lndu_sequestration_grasslands_kt_co2_ha,Land Use Biomass Sequestration Factor,ha,,,kt,,,,co2
lndu,Land Use,ef_lndu_sequestration_other_kt_co2_ha,Land Use Biomass Sequestration Factor,ha,,,kt,,,,co2
lndu,Land Use,ef_lndu_sequestration_pastures_kt_co2_ha,Land Use Biomass Sequestration Factor,ha,,,kt,,,,co2
lndu,Land Use,ef_lndu_sequestration_settlements_kt_co2_ha,Land Use Biomass Sequestration Factor,ha,,,kt,,,,co2
lndu,Land Use,ef_lndu_sequestration_shrublands_kt_co2_ha,Land Use Biomass Sequestration Factor,ha,,,kt,,,,co2
lndu,Land Use,ef_lndu_sequestration_wetlands_kt_co2_ha,Land Use Biomass Sequestration Factor,ha,,,kt,,,,co2
lndu,Land Use,factor_lndu_soil_carbon_croplands,Soil Carbon Land Use Factor,,,,,,,,
lndu,Land Use,factor_lndu_soil_carbon_flooded,Soil Carbon Land Use Factor,,,,,,,,
lndu,Land Use,factor_lndu_soil_carbon_forests_mangroves,Soil Carbon Land Use Factor,,,,,,,,
lndu,Land Use,factor_lndu_soil_carbon_forests_primary,Soil Carbon Land Use Factor,,,,,,,,
lndu,Land Use,factor_lndu_soil_carbon_forests_secondary,Soil Carbon Land Use Factor,,,,,,,,
lndu,Land Use,factor_lndu_soil_carbon_grasslands,Soil Carbon Land Use Factor,,,,,,,,
lndu,Land Use,factor_lndu_soil_carbon_other,Soil Carbon Land Use Factor,,,,,,,,
lndu,Land Use,factor_lndu_soil_carbon_pastures,Soil Carbon Land Use Factor,,,,,,,,
lndu,Land Use,factor_lndu_soil_carbon_settlements,Soil Carbon Land Use Factor,,,,,,,,
lndu,Land Use,factor_lndu_soil_carbon_shrublands,Soil Carbon Land Use Factor,,,,,,,,
lndu,Land Use,factor_lndu_soil_carbon_wetlands,Soil Carbon Land Use Factor,,,,,,,,
lndu,Land Use,factor_lndu_soil_inputs_supremum_without_manure_croplands,Maximum Soil Carbon Land Input Factor Without Manure,,,,,,,,
lndu,Land Use,factor_lndu_soil_management_supremum_croplands,Maximum Soil Carbon Land Management Factor,,,,,,,,
lndu,Land Use,factor_lndu_soil_management_supremum_pastures,Maximum Soil Carbon Land Management Factor,,,,,,,,
lndu,Land Use,factor_lndu_soil_management_unimproved_croplands,Unimproved Soil Carbon Land Management Factor,,,,,,,,
lndu,Land Use,factor_lndu_soil_management_unimproved_pastures,Unimproved Soil Carbon Land Management Factor,,,,,,,,
lndu,Land Use,frac_lndu_grasslands_cl1_temperate,Land Use Fraction Temperate,,,,,,,,
lndu,Land Use,frac_lndu_grasslands_cl1_tropical,Land Use Fraction Tropical,,,,,,,,
lndu,Land Use,frac_lndu_grasslands_cl2_dry,Land Use Fraction Dry,,,,,,,,
lndu,Land Use,frac_lndu_grasslands_cl2_wet,Land Use Fraction Wet,,,,,,,,
lndu,Land Use,frac_lndu_improved_pastures,Fraction of Pastures Improved,,,,,,,,
lndu,Land Use,frac_lndu_increasing_net_exports_met_croplands,Fraction of Increasing Net Exports Met,,,,,,,,
lndu,Land Use,frac_lndu_increasing_net_exports_met_pastures,Fraction of Increasing Net Exports Met,,,,,,,,
lndu,Land Use,frac_lndu_increasing_net_imports_met_croplands,Fraction of Increasing Net Imports Met,,,,,,,,
lndu,Land Use,frac_lndu_increasing_net_imports_met_pastures,Fraction of Increasing Net Imports Met,,,,,,,,
lndu,Land Use,frac_lndu_initial_croplands,Initial Land Use Area Proportion,,,,,,,,
lndu,Land Use,frac_lndu_initial_flooded,Initial Land Use Area Proportion,,,,,,,,
lndu,Land Use,frac_lndu_initial_forests_mangroves,Initial Land Use Area Proportion,,,,,,,,
lndu,Land Use,frac_lndu_initial_forests_primary,Initial Land Use Area Proportion,,,,,,,,
lndu,Land Use,frac_lndu_initial_forests_secondary,Initial Land Use Area Proportion,,,,,,,,
lndu,Land Use,frac_lndu_initial_grasslands,Initial Land Use Area Proportion,,,,,,,,
lndu,Land Use,frac_lndu_initial_other,Initial Land Use Area Proportion,,,,,,,,
lndu,Land Use,frac_lndu_initial_pastures,Initial Land Use Area Proportion,,,,,,,,
lndu,Land Use,frac_lndu_initial_settlements,Initial Land Use Area Proportion,,,,,,,,
lndu,Land Use,frac_lndu_initial_shrublands,Initial Land Use Area Proportion,,,,,,,,
lndu,Land Use,frac_lndu_initial_wetlands,Initial Land Use Area Proportion,,,,,,,,
lndu,Land Use,frac_lndu_initial_with_drained_organic_soils_croplands,Initial Fraction of Area with Drained Organic Soils,,,,,,,,
lndu,Land Use,frac_lndu_initial_with_drained_organic_soils_pastures,Initial Fraction of Area with Drained Organic Soils,,,,,,,,
lndu,Land Use,frac_lndu_other_cl2_dry,Land Use Fraction Dry,,,,,,,,
lndu,Land Use,frac_lndu_other_cl2_wet,Land Use Fraction Wet,,,,,,,,
lndu,Land Use,frac_lndu_pastures_cl1_temperate,Land Use Fraction Temperate,,,,,,,,
lndu,Land Use,frac_lndu_pastures_cl1_tropical,Land Use Fraction Tropical,,,,,,,,
lndu,Land Use,frac_lndu_pastures_cl2_dry,Land Use Fraction Dry,,,,,,,,
lndu,Land Use,frac_lndu_pastures_cl2_wet,Land Use Fraction Wet,,,,,,,,
lndu,Land Use,frac_lndu_receiving_fertilizer_croplands,Land Use Fraction Fertilized,,,,,,,,
lndu,Land Use,frac_lndu_receiving_fertilizer_pastures,Land Use Fraction Fertilized,,,,,,,,
lndu,Land Use,frac_lndu_settlements_cl2_dry,Land Use Fraction Dry,,,,,,,,
lndu,Land Use,frac_lndu_settlements_cl2_wet,Land Use Fraction Wet,,,,,,,,
lndu,Land Use,frac_lndu_soil_mineral_croplands,Fraction of Soils Mineral,,,,,,,,
lndu,Land Use,frac_lndu_soil_mineral_flooded,Fraction of Soils Mineral,,,,,,,,
lndu,Land Use,frac_lndu_soil_mineral_forests_mangroves,Fraction of Soils Mineral,,,,,,,,
lndu,Land Use,frac_lndu_soil_mineral_forests_primary,Fraction of Soils Mineral,,,,,,,,
lndu,Land Use,frac_lndu_soil_mineral_forests_secondary,Fraction of Soils Mineral,,,,,,,,
lndu,Land Use,frac_lndu_soil_mineral_grasslands,Fraction of Soils Mineral,,,,,,,,
lndu,Land Use,frac_lndu_soil_mineral_other,Fraction of Soils Mineral,,,,,,,,
lndu,Land Use,frac_lndu_soil_mineral_pastures,Fraction of Soils Mineral,,,,,,,,
lndu,Land Use,frac_lndu_soil_mineral_settlements,Fraction of Soils Mineral,,,,,,,,
lndu,Land Use,frac_lndu_soil_mineral_shrublands,Fraction of Soils Mineral,,,,,,,,
lndu,Land Use,frac_lndu_soil_mineral_wetlands,Fraction of Soils Mineral,,,,,,,,
lndu,Land Use,frac_lndu_utilization_rate_pastures,Utilization Rate,,,,,,,,
lndu,Land Use,lndu_reallocation_factor,Land Use Yield Reallocation Factor,,,,,,,,
lndu,Land Use,pij_lndu_croplands_to_croplands,Unadjusted Land Use Transition Probability,,,,,,,,
lndu,Land Use,pij_lndu_croplands_to_flooded,Unadjusted Land Use Transition Probability,,,,,,,,
lndu,Land Use,pij_lndu_croplands_to_forests_mangroves,Unadjusted Land Use Transition Probability,,,,,,,,
lndu,Land Use,pij_lndu_croplands_to_forests_primary,Unadjusted Land Use Transition Probability,,,,,,,,
lndu,Land Use,pij_lndu_croplands_to_forests_secondary,Unadjusted Land Use Transition Probability,,,,,,,,
lndu,Land Use,pij_lndu_croplands_to_grasslands,Unadjusted Land Use Transition Probability,,,,,,,,
lndu,Land Use,pij_lndu_croplands_to_other,Unadjusted Land Use Transition Probability,,,,,,,,
lndu,Land Use,pij_lndu_croplands_to_pastures,Unadjusted Land Use Transition Probability,,,,,,,,
lndu,Land Use,pij_lndu_croplands_to_settlements,Unadjusted Land Use Transition Probability,,,,,,,,
lndu,Land Use,pij_lndu_croplands_to_shrublands,Unadjusted Land Use Transition Probability,,,,,,,,
lndu,Land Use,pij_lndu_croplands_to_wetlands,Unadjusted Land Use Transition Probability,,,,,,,,
lndu,Land Use,pij_lndu_flooded_to_croplands,Unadjusted Land Use Transition Probability,,,,,,,,
lndu,Land Use,pij_lndu_flooded_to_flooded,Unadjusted Land Use Transition Probability,,,,,,,,
lndu,Land Use,pij_lndu_flooded_to_forests_mangroves,Unadjusted Land Use Transition Probability,,,,,,,,
lndu,Land Use,pij_lndu_flooded_to_forests_primary,Unadjusted Land Use Transition Probability,,,,,,,,
lndu,Land Use,pij_lndu_flooded_to_forests_secondary,Unadjusted Land Use Transition Probability,,,,,,,,
lndu,Land Use,pij_lndu_flooded_to_grasslands,Unadjusted Land Use Transition Probability,,,,,,,,
lndu,Land Use,pij_lndu_flooded_to_other,Unadjusted Land Use Transition Probability,,,,,,,,
lndu,Land Use,pij_lndu_flooded_to_pastures,Unadjusted Land Use Transition Probability,,,,,,,,
lndu,Land Use,pij_lndu_flooded_to_settlements,Unadjusted Land Use Transition Probability,,,,,,,,
lndu,Land Use,pij_lndu_flooded_to_shrublands,Unadjusted Land Use Transition Probability,,,,,,,,
lndu,Land Use,pij_lndu_flooded_to_wetlands,Unadjusted Land Use Transition Probability,,,,,,,,
lndu,Land Use,pij_lndu_forests_mangroves_to_croplands,Unadjusted Land Use Transition Probability,,,,,,,,
lndu,Land Use,pij_lndu_forests_mangroves_to_flooded,Unadjusted Land Use Transition Probability,,,,,,,,
lndu,Land Use,pij_lndu_forests_mangroves_to_forests_mangroves,Unadjusted Land Use Transition Probability,,,,,,,,
lndu,Land Use,pij_lndu_forests_mangroves_to_forests_primary,Unadjusted Land Use Transition Probability,,,,,,,,
lndu,Land Use,pij_lndu_forests_mangroves_to_forests_secondary,Unadjusted Land Use Transition Probability,,,,,,,,
lndu,Land Use,pij_lndu_forests_mangroves_to_grasslands,Unadjusted Land Use Transition Probability,,,,,,,,
lndu,Land Use,pij_lndu_forests_mangroves_to_other,Unadjusted Land Use Transition Probability,,,,,,,,
lndu,Land Use,pij_lndu_forests_mangroves_to_pastures,Unadjusted Land Use Transition Probability,,,,,,,,
lndu,Land Use,pij_lndu_forests_mangroves_to_settlements,Unadjusted Land Use Transition Probability,,,,,,,,
lndu,Land Use,pij_lndu_forests_mangroves_to_shrublands,Unadjusted Land Use Transition Probability,,,,,,,,
lndu,Land Use,pij_lndu_forests_mangroves_to_wetlands,Unadjusted Land Use Transition Probability,,,,,,,,
lndu,Land Use,pij_lndu_forests_primary_to_croplands,Unadjusted Land Use Transition Probability,,,,,,,,
lndu,Land Use,pij_lndu_forests_primary_to_flooded,Unadjusted Land Use Transition Probability,,,,,,,,
lndu,Land Use,pij_lndu_forests_primary_to_forests_mangroves,Unadjusted Land Use Transition Probability,,,,,,,,
lndu,Land Use,pij_lndu_forests_primary_to_forests_primary,Unadjusted Land Use Transition Probability,,,,,,,,
lndu,Land Use,pij_lndu_forests_primary_to_forests_secondary,Unadjusted Land Use Transition Probability,,,,,,,,
lndu,Land Use,pij_lndu_forests_primary_to_grasslands,Unadjusted Land Use Transition Probability,,,,,,,,
lndu,Land Use,pij_lndu_forests_primary_to_other,Unadjusted Land Use Transition Probability,,,,,,,,
lndu,Land Use,pij_lndu_forests_primary_to_pastures,Unadjusted Land Use Transition Probability,,,,,,,,
lndu,Land Use,pij_lndu_forests_primary_to_settlements,Unadjusted Land Use Transition Probability,,,,,,,,
lndu,Land Use,pij_lndu_forests_primary_to_shrublands,Unadjusted Land Use Transition Probability,,,,,,,,
lndu,Land Use,pij_lndu_forests_primary_to_wetlands,Unadjusted Land Use Transition Probability,,,,,,,,
lndu,Land Use,pij_lndu_forests_secondary_to_croplands,Unadjusted Land Use Transition Probability,,,,,,,,
lndu,Land Use,pij_lndu_forests_secondary_to_flooded,Unadjusted Land Use Transition Probability,,,,,,,,
lndu,Land Use,pij_lndu_forests_secondary_to_forests_mangroves,Unadjusted Land Use Transition Probability,,,,,,,,
lndu,Land Use,pij_lndu_forests_secondary_to_forests_primary,Unadjusted Land Use Transition Probability,,,,,,,,
lndu,Land Use,pij_lndu_forests_secondary_to_forests_secondary,Unadjusted Land Use Transition Probability,,,,,,,,
lndu,Land Use,pij_lndu_forests_secondary_to_grasslands,Unadjusted Land Use Transition Probability,,,,,,,,
lndu,Land Use,pij_lndu_forests_secondary_to_other,Unadjusted Land Use Transition Probability,,,,,,,,
lndu,Land Use,pij_lndu_forests_secondary_to_pastures,Unadjusted Land Use Transition Probability,,,,,,,,
lndu,Land Use,pij_lndu_forests_secondary_to_settlements,Unadjusted Land Use Transition Probability,,,,,,,,
lndu,Land Use,pij_lndu_forests_secondary_to_shrublands,Unadjusted Land Use Transition Probability,,,,,,,,
lndu,Land Use,pij_lndu_forests_secondary_to_wetlands,Unadjusted Land Use Transition Probability,,,,,,,,
lndu,Land Use,pij_lndu_grasslands_to_croplands,Unadjusted Land Use Transition Probability,,,,,,,,
lndu,Land Use,pij_lndu_grasslands_to_flooded,Unadjusted Land Use Transition Probability,,,,,,,,
lndu,Land Use,pij_lndu_grasslands_to_forests_mangroves,Unadjusted Land Use Transition Probability,,,,,,,,
lndu,Land Use,pij_lndu_grasslands_to_forests_primary,Unadjusted Land Use Transition Probability,,,,,,,,
lndu,Land Use,pij_lndu_grasslands_to_forests_secondary,Unadjusted Land Use Transition Probability,,,,,,,,
lndu,Land Use,pij_lndu_grasslands_to_grasslands,Unadjusted Land Use Transition Probability,,,,,,,,
lndu,Land Use,pij_lndu_grasslands_to_other,Unadjusted Land Use Transition Probability,,,,,,,,
lndu,Land Use,pij_lndu_grasslands_to_pastures,Unadjusted Land Use Transition Probability,,,,,,,,
lndu,Land Use,pij_lndu_grasslands_to_settlements,Unadjusted Land Use Transition Probability,,,,,,,,
lndu,Land Use,pij_lndu_grasslands_to_shrublands,Unadjusted Land Use Transition Probability,,,,,,,,
lndu,Land Use,pij_lndu_grasslands_to_wetlands,Unadjusted Land Use Transition Probability,,,,,,,,
lndu,Land Use,pij_lndu_other_to_croplands,Unadjusted Land Use Transition Probability,,,,,,,,
lndu,Land Use,pij_lndu_other_to_flooded,Unadjusted Land Use Transition Probability,,,,,,,,
lndu,Land Use,pij_lndu_other_to_forests_mangroves,Unadjusted Land Use Transition Probability,,,,,,,,
lndu,Land Use,pij_lndu_other_to_forests_primary,Unadjusted Land Use Transition Probability,,,,,,,,
lndu,Land Use,pij_lndu_other_to_forests_secondary,Unadjusted Land Use Transition Probability,,,,,,,,
lndu,Land Use,pij_lndu_other_to_grasslands,Unadjusted Land Use Transition Probability,,,,,,,,
lndu,Land Use,pij_lndu_other_to_other,Unadjusted Land Use Transition Probability,,,,,,,,
lndu,Land Use,pij_lndu_other_to_pastures,Unadjusted Land Use Transition Probability,,,,,,,,
lndu,Land Use,pij_lndu_other_to_settlements,Unadjusted Land Use Transition Probability,,,,,,,,
lndu,Land Use,pij_lndu_other_to_shrublands,Unadjusted Land Use Transition Probability,,,,,,,,
lndu,Land Use,pij_lndu_other_to_wetlands,Unadjusted Land Use Transition Probability,,,,,,,,
lndu,Land Use,pij_lndu_pastures_to_croplands,Unadjusted Land Use Transition Probability,,,,,,,,
lndu,Land Use,pij_lndu_pastures_to_flooded,Unadjusted Land Use Transition Probability,,,,,,,,
lndu,Land Use,pij_lndu_pastures_to_forests_mangroves,Unadjusted Land Use Transition Probability,,,,,,,,
lndu,Land Use,pij_lndu_pastures_to_forests_primary,Unadjusted Land Use Transition Probability,,,,,,,,
lndu,Land Use,pij_lndu_pastures_to_forests_secondary,Unadjusted Land Use Transition Probability,,,,,,,,
lndu,Land Use,pij_lndu_pastures_to_grasslands,Unadjusted Land Use Transition Probability,,,,,,,,
lndu,Land Use,pij_lndu_pastures_to_other,Unadjusted Land Use Transition Probability,,,,,,,,
lndu,Land Use,pij_lndu_pastures_to_pastures,Unadjusted Land Use Transition Probability,,,,,,,,
lndu,Land Use,pij_lndu_pastures_to_settlements,Unadjusted Land Use Transition Probability,,,,,,,,
lndu,Land Use,pij_lndu_pastures_to_shrublands,Unadjusted Land Use Transition Probability,,,,,,,,
lndu,Land Use,pij_lndu_pastures_to_wetlands,Unadjusted Land Use Transition Probability,,,,,,,,
lndu,Land Use,pij_lndu_settlements_to_croplands,Unadjusted Land Use Transition Probability,,,,,,,,
lndu,Land Use,pij_lndu_settlements_to_flooded,Unadjusted Land Use Transition Probability,,,,,,,,
lndu,Land Use,pij_lndu_settlements_to_forests_mangroves,Unadjusted Land Use Transition Probability,,,,,,,,
lndu,Land Use,pij_lndu_settlements_to_forests_primary,Unadjusted Land Use Transition Probability,,,,,,,,
lndu,Land Use,pij_lndu_settlements_to_forests_secondary,Unadjusted Land Use Transition Probability,,,,,,,,
lndu,Land Use,pij_lndu_settlements_to_grasslands,Unadjusted Land Use Transition Probability,,,,,,,,
lndu,Land Use,pij_lndu_settlements_to_other,Unadjusted Land Use Transition Probability,,,,,,,,
lndu,Land Use,pij_lndu_settlements_to_pastures,Unadjusted Land Use Transition Probability,,,,,,,,
lndu,Land Use,pij_lndu_settlements_to_settlements,Unadjusted Land Use Transition Probability,,,,,,,,
lndu,Land Use,pij_lndu_settlements_to_shrublands,Unadjusted Land Use Transition Probability,,,,,,,,
lndu,Land Use,pij_lndu_settlements_to_wetlands,Unadjusted Land Use Transition Probability,,,,,,,,
lndu,Land Use,pij_lndu_shrublands_to_croplands,Unadjusted Land Use Transition Probability,,,,,,,,
lndu,Land Use,pij_lndu_shrublands_to_flooded,Unadjusted Land Use Transition Probability,,,,,,,,
lndu,Land Use,pij_lndu_shrublands_to_forests_mangroves,Unadjusted Land Use Transition Probability,,,,,,,,
lndu,Land Use,pij_lndu_shrublands_to_forests_primary,Unadjusted Land Use Transition Probability,,,,,,,,
lndu,Land Use,pij_lndu_shrublands_to_forests_secondary,Unadjusted Land Use Transition Probability,,,,,,,,
lndu,Land Use,pij_lndu_shrublands_to_grasslands,Unadjusted Land Use Transition Probability,,,,,,,,
lndu,Land Use,pij_lndu_shrublands_to_other,Unadjusted Land Use Transition Probability,,,,,,,,
lndu,Land Use,pij_lndu_shrublands_to_pastures,Unadjusted Land Use Transition Probability,,,,,,,,
lndu,Land Use,pij_lndu_shrublands_to_settlements,Unadjusted Land Use Transition Probability,,,,,,,,
lndu,Land Use,pij_lndu_shrublands_to_shrublands,Unadjusted Land Use Transition Probability,,,,,,,,
lndu,Land Use,pij_lndu_shrublands_to_wetlands,Unadjusted Land Use Transition Probability,,,,,,,,
lndu,Land Use,pij_lndu_wetlands_to_croplands,Unadjusted Land Use Transition Probability,,,,,,,,
lndu,Land Use,pij_lndu_wetlands_to_flooded,Unadjusted Land Use Transition Probability,,,,,,,,
lndu,Land Use,pij_lndu_wetlands_to_forests_mangroves,Unadjusted Land Use Transition Probability,,,,,,,,
lndu,Land Use,pij_lndu_wetlands_to_forests_primary,Unadjusted Land Use Transition Probability,,,,,,,,
lndu,Land Use,pij_lndu_wetlands_to_forests_secondary,Unadjusted Land Use Transition Probability,,,,,,,,
lndu,Land Use,pij_lndu_wetlands_to_grasslands,Unadjusted Land Use Transition Probability,,,,,,,,
lndu,Land Use,pij_lndu_wetlands_to_other,Unadjusted Land Use Transition Probability,,,,,,,,
lndu,Land Use,pij_lndu_wetlands_to_pastures,Unadjusted Land Use Transition Probability,,,,,,,,
lndu,Land Use,pij_lndu_wetlands_to_settlements,Unadjusted Land Use Transition Probability,,,,,,,,
lndu,Land Use,pij_lndu_wetlands_to_shrublands,Unadjusted Land Use Transition Probability,,,,,,,,
lndu,Land Use,pij_lndu_wetlands_to_wetlands,Unadjusted Land Use Transition Probability,,,,,,,,
lndu,Land Use,scalar_lndu_vegetarian_dietary_exchange,Vegetarian Diet Exchange Scalar,,,,,,,,
lndu,Land Use,yf_lndu_supremum_pastures_tonne_per_ha,Maximum Pasture Dry Matter Yield Factor,ha,,,tonne,,,,
wali,Liquid Waste,density_wali_kg_n_per_m3_ww_industrial,Nitrogen Density of Industrial Wastewater,,,,kg,,,m3,
wali,Liquid Waste,elasticity_protein_in_diet_to_gdppc,(Optional) Elasticity of Protein in Diet to GDP per Capita,,,,,,,,
wali,Liquid Waste,frac_wali_protein_in_diet_with_red_meat,Fraction of Protein in Diet with Red Meat,,,,,,,,
wali,Liquid Waste,frac_wali_protein_in_diet_without_red_meat,Fraction of Protein in Diet without Red Meat,,,,,,,,
wali,Liquid Waste,frac_wali_ww_domestic_rural_treatment_path_advanced_aerobic,Treatment Fraction Advanced Aerobic,,,,,,,,
wali,Liquid Waste,frac_wali_ww_domestic_rural_treatment_path_advanced_anaerobic,Treatment Fraction Advanced Anaerobic,,,,,,,,
wali,Liquid Waste,frac_wali_ww_domestic_rural_treatment_path_latrine_improved,Treatment Fraction Improved Latrine,,,,,,,,
wali,Liquid Waste,frac_wali_ww_domestic_rural_treatment_path_latrine_unimproved,Treatment Fraction Unimproved Latrine,,,,,,,,
wali,Liquid Waste,frac_wali_ww_domestic_rural_treatment_path_primary,Treatment Fraction Primary,,,,,,,,
wali,Liquid Waste,frac_wali_ww_domestic_rural_treatment_path_secondary_aerobic,Treatment Fraction Secondary Aerobic,,,,,,,,
wali,Liquid Waste,frac_wali_ww_domestic_rural_treatment_path_secondary_anaerobic,Treatment Fraction Secondary Anaerobic,,,,,,,,
wali,Liquid Waste,frac_wali_ww_domestic_rural_treatment_path_septic,Treatment Fraction Septic,,,,,,,,
wali,Liquid Waste,frac_wali_ww_domestic_rural_treatment_path_untreated_no_sewerage,Treatment Fraction Untreated No Sewerage,,,,,,,,
wali,Liquid Waste,frac_wali_ww_domestic_rural_treatment_path_untreated_with_sewerage,Treatment Fraction Untreated With Sewerage,,,,,,,,
wali,Liquid Waste,frac_wali_ww_domestic_urban_treatment_path_advanced_aerobic,Treatment Fraction Advanced Aerobic,,,,,,,,
wali,Liquid Waste,frac_wali_ww_domestic_urban_treatment_path_advanced_anaerobic,Treatment Fraction Advanced Anaerobic,,,,,,,,
wali,Liquid Waste,frac_wali_ww_domestic_urban_treatment_path_latrine_improved,Treatment Fraction Improved Latrine,,,,,,,,
wali,Liquid Waste,frac_wali_ww_domestic_urban_treatment_path_latrine_unimproved,Treatment Fraction Unimproved Latrine,,,,,,,,
wali,Liquid Waste,frac_wali_ww_domestic_urban_treatment_path_primary,Treatment Fraction Primary,,,,,,,,
wali,Liquid Waste,frac_wali_ww_domestic_urban_treatment_path_secondary_aerobic,Treatment Fraction Secondary Aerobic,,,,,,,,
wali,Liquid Waste,frac_wali_ww_domestic_urban_treatment_path_secondary_anaerobic,Treatment Fraction Secondary Anaerobic,,,,,,,,
wali,Liquid Waste,frac_wali_ww_domestic_urban_treatment_path_septic,Treatment Fraction Septic,,,,,,,,
wali,Liquid Waste,frac_wali_ww_domestic_urban_treatment_path_untreated_no_sewerage,Treatment Fraction Untreated No Sewerage,,,,,,,,
wali,Liquid Waste,frac_wali_ww_domestic_urban_treatment_path_untreated_with_sewerage,Treatment Fraction Untreated With Sewerage,,,,,,,,
wali,Liquid Waste,frac_wali_ww_industrial_treatment_path_advanced_aerobic,Treatment Fraction Advanced Aerobic,,,,,,,,
wali,Liquid Waste,frac_wali_ww_industrial_treatment_path_advanced_anaerobic,Treatment Fraction Advanced Anaerobic,,,,,,,,
wali,Liquid Waste,frac_wali_ww_industrial_treatment_path_latrine_improved,Treatment Fraction Improved Latrine,,,,,,,,
wali,Liquid Waste,frac_wali_ww_industrial_treatment_path_latrine_unimproved,Treatment Fraction Unimproved Latrine,,,,,,,,
wali,Liquid Waste,frac_wali_ww_industrial_treatment_path_primary,Treatment Fraction Primary,,,,,,,,
wali,Liquid Waste,frac_wali_ww_industrial_treatment_path_secondary_aerobic,Treatment Fraction Secondary Aerobic,,,,,,,,
wali,Liquid Waste,frac_wali_ww_industrial_treatment_path_secondary_anaerobic,Treatment Fraction Secondary Anaerobic,,,,,,,,
wali,Liquid Waste,frac_wali_ww_industrial_treatment_path_septic,Treatment Fraction Septic,,,,,,,,
wali,Liquid Waste,frac_wali_ww_industrial_treatment_path_untreated_no_sewerage,Treatment Fraction Untreated No Sewerage,,,,,,,,
wali,Liquid Waste,frac_wali_ww_industrial_treatment_path_untreated_with_sewerage,Treatment Fraction Untreated With Sewerage,,,,,,,,
wali,Liquid Waste,logelasticity_wali_qty_prod_to_gdp_per_capita,Log Elasticity DWW Production to GDP Per Capita,,,,,,,,
wali,Liquid Waste,param_wali_f_noncon,Factor for Nitrogen in Non-Consumed Protein Disposed in Sewer System,,,,,,,,
wali,Liquid Waste,param_wali_n_hh_scalar,Scalar to Account for Nitrogen in Household Products,,,,,,,,
wali,Liquid Waste,physparam_wali_bo_tonne_ch4_tonne_bod,Maximum BOD :math:\text{CH}_4 Producing Capacity,,,,,,,,ch4
wali,Liquid Waste,physparam_wali_bo_tonne_ch4_tonne_cod,Maximum COD :math:\text{CH}_4 Producing Capacity,,,,,,,,ch4
wali,Liquid Waste,physparam_wali_daily_kg_bod_per_capita,BOD per Capita,,,,kg,,,,
wali,Liquid Waste,physparam_wali_p_per_bod,Phosphorous Per BOD Factor,,,,,,,,
wali,Liquid Waste,physparam_wali_p_per_cod,Phosphorous Per COD Factor,,,,,,,,
wali,Liquid Waste,physparam_wali_tonne_cod_per_mmm_gdp,COD per GDP,,,,tonne,,,,
wali,Liquid Waste,physparam_wali_tow_dom_generation_correction_factor,BOD Correction Factor for TOW,,,,,,,,
wali,Liquid Waste,qty_protein_per_capita_kg,Average Protein Consumption Per Capita,,,,kg,,,,
wali,Liquid Waste,qty_wali_m3_ww_domestic_rural_per_capita,Initial Per Capita Annual Domestic Wastewater Generated,,,,,,,m3,
wali,Liquid Waste,qty_wali_m3_ww_domestic_urban_per_capita,Initial Per Capita Annual Domestic Wastewater Generated,,,,,,,m3,
wali,Liquid Waste,qty_wali_m3_ww_industrial_per_gdp,Initial Per GDP Annual Industrial Wastewater Generated,,,,,,,m3,
lvst,Livestock,avgmass_lvst_animal_buffalo_kg,Animal Weight,,,,kg,,,,
lvst,Livestock,avgmass_lvst_animal_cattle_dairy_kg,Animal Weight,,,,kg,,,,
lvst,Livestock,avgmass_lvst_animal_cattle_nondairy_kg,Animal Weight,,,,kg,,,,
lvst,Livestock,avgmass_lvst_animal_chickens_kg,Animal Weight,,,,kg,,,,
lvst,Livestock,avgmass_lvst_animal_goats_kg,Animal Weight,,,,kg,,,,
lvst,Livestock,avgmass_lvst_animal_horses_kg,Animal Weight,,,,kg,,,,
lvst,Livestock,avgmass_lvst_animal_mules_kg,Animal Weight,,,,kg,,,,
lvst,Livestock,avgmass_lvst_animal_pigs_kg,Animal Weight,,,,kg,,,,
lvst,Livestock,avgmass_lvst_animal_sheep_kg,Animal Weight,,,,kg,,,,
lvst,Livestock,ef_lvst_entferm_buffalo_kg_ch4_head,:math:\text{CH}_4 Enteric Fermentation Emission Factor,,,,kg,,,,ch4
lvst,Livestock,ef_lvst_entferm_cattle_dairy_kg_ch4_head,:math:\text{CH}_4 Enteric Fermentation Emission Factor,,,,kg,,,,ch4
lvst,Livestock,ef_lvst_entferm_cattle_nondairy_kg_ch4_head,:math:\text{CH}_4 Enteric Fermentation Emission Factor,,,,kg,,,,ch4
lvst,Livestock,ef_lvst_entferm_chickens_kg_ch4_head,:math:\text{CH}_4 Enteric Fermentation Emission Factor,,,,kg,,,,ch4
lvst,Livestock,ef_lvst_entferm_goats_kg_ch4_head,:math:\text{CH}_4 Enteric Fermentation Emission Factor,,,,kg,,,,ch4
lvst,Livestock,ef_lvst_entferm_horses_kg_ch4_head,:math:\text{CH}_4 Enteric Fermentation Emission Factor,,,,kg,,,,ch4
lvst,Livestock,ef_lvst_entferm_mules_kg_ch4_head,:math:\text{CH}_4 Enteric Fermentation Emission Factor,,,,kg,,,,ch4
lvst,Livestock,ef_lvst_entferm_pigs_kg_ch4_head,:math:\text{CH}_4 Enteric Fermentation Emission Factor,,,,kg,,,,ch4
lvst,Livestock,ef_lvst_entferm_sheep_kg_ch4_head,:math:\text{CH}_4 Enteric Fermentation Emission Factor,,,,kg,,,,ch4
lvst,Livestock,elasticity_lvst_buffalo_demand_to_gdppc,Elasticity of Livestock Demand to GDP per Capita,,,,,,,,
lvst,Livestock,elasticity_lvst_cattle_dairy_demand_to_gdppc,Elasticity of Livestock Demand to GDP per Capita,,,,,,,,
lvst,Livestock,elasticity_lvst_cattle_nondairy_demand_to_gdppc,Elasticity of Livestock Demand to GDP per Capita,,,,,,,,
lvst,Livestock,elasticity_lvst_chickens_demand_to_gdppc,Elasticity of Livestock Demand to GDP per Capita,,,,,,,,
lvst,Livestock,elasticity_lvst_goats_demand_to_gdppc,Elasticity of Livestock Demand to GDP per Capita,,,,,,,,
lvst,Livestock,elasticity_lvst_horses_demand_to_gdppc,Elasticity of Livestock Demand to GDP per Capita,,,,,,,,
lvst,Livestock,elasticity_lvst_mules_demand_to_gdppc,Elasticity of Livestock Demand to GDP per Capita,,,,,,,,
lvst,Livestock,elasticity_lvst_pigs_demand_to_gdppc,Elasticity of Livestock Demand to GDP per Capita,,,,,,,,
lvst,Livestock,elasticity_lvst_sheep_demand_to_gdppc,Elasticity of Livestock Demand to GDP per Capita,,,,,,,,
lvst,Livestock,exports_lvst_buffalo,Livestock Equivalent Exports,,,,,,,,
lvst,Livestock,exports_lvst_cattle_dairy,Livestock Equivalent Exports,,,,,,,,
lvst,Livestock,exports_lvst_cattle_nondairy,Livestock Equivalent Exports,,,,,,,,
lvst,Livestock,exports_lvst_chickens,Livestock Equivalent Exports,,,,,,,,
lvst,Livestock,exports_lvst_goats,Livestock Equivalent Exports,,,,,,,,
lvst,Livestock,exports_lvst_horses,Livestock Equivalent Exports,,,,,,,,
lvst,Livestock,exports_lvst_mules,Livestock Equivalent Exports,,,,,,,,
lvst,Livestock,exports_lvst_pigs,Livestock Equivalent Exports,,,,,,,,
lvst,Livestock,exports_lvst_sheep,Livestock Equivalent Exports,,,,,,,,
lvst,Livestock,frac_lvst_livestock_demand_imported_buffalo,Fraction of Livestock Demand Imported,,,,,,,,
lvst,Livestock,frac_lvst_livestock_demand_imported_cattle_dairy,Fraction of Livestock Demand Imported,,,,,,,,
lvst,Livestock,frac_lvst_livestock_demand_imported_cattle_nondairy,Fraction of Livestock Demand Imported,,,,,,,,
lvst,Livestock,frac_lvst_livestock_demand_imported_chickens,Fraction of Livestock Demand Imported,,,,,,,,
lvst,Livestock,frac_lvst_livestock_demand_imported_goats,Fraction of Livestock Demand Imported,,,,,,,,
lvst,Livestock,frac_lvst_livestock_demand_imported_horses,Fraction of Livestock Demand Imported,,,,,,,,
lvst,Livestock,frac_lvst_livestock_demand_imported_mules,Fraction of Livestock Demand Imported,,,,,,,,
lvst,Livestock,frac_lvst_livestock_demand_imported_pigs,Fraction of Livestock Demand Imported,,,,,,,,
lvst,Livestock,frac_lvst_livestock_demand_imported_sheep,Fraction of Livestock Demand Imported,,,,,,,,
lvst,Livestock,frac_lvst_mm_buffalo_anaerobic_digester,Livestock Manure Management Fraction Anaerobic Digester,,,,,,,,
lvst,Livestock,frac_lvst_mm_buffalo_anaerobic_lagoon,Livestock Manure Management Fraction Anaerobic Lagoon,,,,,,,,
lvst,Livestock,frac_lvst_mm_buffalo_composting,Livestock Manure Management Fraction Composting,,,,,,,,
lvst,Livestock,frac_lvst_mm_buffalo_daily_spread,Livestock Manure Management Fraction Daily Spread,,,,,,,,
lvst,Livestock,frac_lvst_mm_buffalo_deep_bedding,Livestock Manure Management Fraction Deep Bedding,,,,,,,,
lvst,Livestock,frac_lvst_mm_buffalo_dry_lot,Livestock Manure Management Fraction Dry Lot,,,,,,,,
lvst,Livestock,frac_lvst_mm_buffalo_incineration,Livestock Manure Management Fraction Incineration,,,,,,,,
lvst,Livestock,frac_lvst_mm_buffalo_liquid_slurry,Livestock Manure Management Fraction Liquid Slurry,,,,,,,,
lvst,Livestock,frac_lvst_mm_buffalo_paddock_pasture_range,Livestock Manure Management Fraction Paddock Pasture Range,,,,,,,,
lvst,Livestock,frac_lvst_mm_buffalo_poultry_manure,Livestock Manure Management Fraction Poultry Manure,,,,,,,,
lvst,Livestock,frac_lvst_mm_buffalo_solid_storage,Livestock Manure Management Fraction Solid Storage,,,,,,,,
lvst,Livestock,frac_lvst_mm_cattle_dairy_anaerobic_digester,Livestock Manure Management Fraction Anaerobic Digester,,,,,,,,
lvst,Livestock,frac_lvst_mm_cattle_dairy_anaerobic_lagoon,Livestock Manure Management Fraction Anaerobic Lagoon,,,,,,,,
lvst,Livestock,frac_lvst_mm_cattle_dairy_composting,Livestock Manure Management Fraction Composting,,,,,,,,
lvst,Livestock,frac_lvst_mm_cattle_dairy_daily_spread,Livestock Manure Management Fraction Daily Spread,,,,,,,,
lvst,Livestock,frac_lvst_mm_cattle_dairy_deep_bedding,Livestock Manure Management Fraction Deep Bedding,,,,,,,,
lvst,Livestock,frac_lvst_mm_cattle_dairy_dry_lot,Livestock Manure Management Fraction Dry Lot,,,,,,,,
lvst,Livestock,frac_lvst_mm_cattle_dairy_incineration,Livestock Manure Management Fraction Incineration,,,,,,,,
lvst,Livestock,frac_lvst_mm_cattle_dairy_liquid_slurry,Livestock Manure Management Fraction Liquid Slurry,,,,,,,,
lvst,Livestock,frac_lvst_mm_cattle_dairy_paddock_pasture_range,Livestock Manure Management Fraction Paddock Pasture Range,,,,,,,,
lvst,Livestock,frac_lvst_mm_cattle_dairy_poultry_manure,Livestock Manure Management Fraction Poultry Manure,,,,,,,,
lvst,Livestock,frac_lvst_mm_cattle_dairy_solid_storage,Livestock Manure Management Fraction Solid Storage,,,,,,,,
lvst,Livestock,frac_lvst_mm_cattle_nondairy_anaerobic_digester,Livestock Manure Management Fraction Anaerobic Digester,,,,,,,,
lvst,Livestock,frac_lvst_mm_cattle_nondairy_anaerobic_lagoon,Livestock Manure Management Fraction Anaerobic Lagoon,,,,,,,,
lvst,Livestock,frac_lvst_mm_cattle_nondairy_composting,Livestock Manure Management Fraction Composting,,,,,,,,
lvst,Livestock,frac_lvst_mm_cattle_nondairy_daily_spread,Livestock Manure Management Fraction Daily Spread,,,,,,,,
lvst,Livestock,frac_lvst_mm_cattle_nondairy_deep_bedding,Livestock Manure Management Fraction Deep Bedding,,,,,,,,
lvst,Livestock,frac_lvst_mm_cattle_nondairy_dry_lot,Livestock Manure Management Fraction Dry Lot,,,,,,,,
lvst,Livestock,frac_lvst_mm_cattle_nondairy_incineration,Livestock Manure Management Fraction Incineration,,,,,,,,
lvst,Livestock,frac_lvst_mm_cattle_nondairy_liquid_slurry,Livestock Manure Management Fraction Liquid Slurry,,,,,,,,
lvst,Livestock,frac_lvst_mm_cattle_nondairy_paddock_pasture_range,Livestock Manure Management Fraction Paddock Pasture Range,,,,,,,,
lvst,Livestock,frac_lvst_mm_cattle_nondairy_poultry_manure,Livestock Manure Management Fraction Poultry Manure,,,,,,,,
lvst,Livestock,frac_lvst_mm_cattle_nondairy_solid_storage,Livestock Manure Management Fraction Solid Storage,,,,,,,,
lvst,Livestock,frac_lvst_mm_chickens_anaerobic_digester,Livestock Manure Management Fraction Anaerobic Digester,,,,,,,,
lvst,Livestock,frac_lvst_mm_chickens_anaerobic_lagoon,Livestock Manure Management Fraction Anaerobic Lagoon,,,,,,,,
lvst,Livestock,frac_lvst_mm_chickens_composting,Livestock Manure Management Fraction Composting,,,,,,,,
lvst,Livestock,frac_lvst_mm_chickens_daily_spread,Livestock Manure Management Fraction Daily Spread,,,,,,,,
lvst,Livestock,frac_lvst_mm_chickens_deep_bedding,Livestock Manure Management Fraction Deep Bedding,,,,,,,,
lvst,Livestock,frac_lvst_mm_chickens_dry_lot,Livestock Manure Management Fraction Dry Lot,,,,,,,,
lvst,Livestock,frac_lvst_mm_chickens_incineration,Livestock Manure Management Fraction Incineration,,,,,,,,
lvst,Livestock,frac_lvst_mm_chickens_liquid_slurry,Livestock Manure Management Fraction Liquid Slurry,,,,,,,,
lvst,Livestock,frac_lvst_mm_chickens_paddock_pasture_range,Livestock Manure Management Fraction Paddock Pasture Range,,,,,,,,
lvst,Livestock,frac_lvst_mm_chickens_poultry_manure,Livestock Manure Management Fraction Poultry Manure,,,,,,,,
lvst,Livestock,frac_lvst_mm_chickens_solid_storage,Livestock Manure Management Fraction Solid Storage,,,,,,,,
lvst,Livestock,frac_lvst_mm_goats_anaerobic_digester,Livestock Manure Management Fraction Anaerobic Digester,,,,,,,,
lvst,Livestock,frac_lvst_mm_goats_anaerobic_lagoon,Livestock Manure Management Fraction Anaerobic Lagoon,,,,,,,,
lvst,Livestock,frac_lvst_mm_goats_composting,Livestock Manure Management Fraction Composting,,,,,,,,
lvst,Livestock,frac_lvst_mm_goats_daily_spread,Livestock Manure Management Fraction Daily Spread,,,,,,,,
lvst,Livestock,frac_lvst_mm_goats_deep_bedding,Livestock Manure Management Fraction Deep Bedding,,,,,,,,
lvst,Livestock,frac_lvst_mm_goats_dry_lot,Livestock Manure Management Fraction Dry Lot,,,,,,,,
lvst,Livestock,frac_lvst_mm_goats_incineration,Livestock Manure Management Fraction Incineration,,,,,,,,
lvst,Livestock,frac_lvst_mm_goats_liquid_slurry,Livestock Manure Management Fraction Liquid Slurry,,,,,,,,
lvst,Livestock,frac_lvst_mm_goats_paddock_pasture_range,Livestock Manure Management Fraction Paddock Pasture Range,,,,,,,,
lvst,Livestock,frac_lvst_mm_goats_poultry_manure,Livestock Manure Management Fraction Poultry Manure,,,,,,,,
lvst,Livestock,frac_lvst_mm_goats_solid_storage,Livestock Manure Management Fraction Solid Storage,,,,,,,,
lvst,Livestock,frac_lvst_mm_horses_anaerobic_digester,Livestock Manure Management Fraction Anaerobic Digester,,,,,,,,
lvst,Livestock,frac_lvst_mm_horses_anaerobic_lagoon,Livestock Manure Management Fraction Anaerobic Lagoon,,,,,,,,
lvst,Livestock,frac_lvst_mm_horses_composting,Livestock Manure Management Fraction Composting,,,,,,,,
lvst,Livestock,frac_lvst_mm_horses_daily_spread,Livestock Manure Management Fraction Daily Spread,,,,,,,,
lvst,Livestock,frac_lvst_mm_horses_deep_bedding,Livestock Manure Management Fraction Deep Bedding,,,,,,,,
lvst,Livestock,frac_lvst_mm_horses_dry_lot,Livestock Manure Management Fraction Dry Lot,,,,,,,,
lvst,Livestock,frac_lvst_mm_horses_incineration,Livestock Manure Management Fraction Incineration,,,,,,,,
lvst,Livestock,frac_lvst_mm_horses_liquid_slurry,Livestock Manure Management Fraction Liquid Slurry,,,,,,,,
lvst,Livestock,frac_lvst_mm_horses_paddock_pasture_range,Livestock Manure Management Fraction Paddock Pasture Range,,,,,,,,
lvst,Livestock,frac_lvst_mm_horses_poultry_manure,Livestock Manure Management Fraction Poultry Manure,,,,,,,,
lvst,Livestock,frac_lvst_mm_horses_solid_storage,Livestock Manure Management Fraction Solid Storage,,,,,,,,
lvst,Livestock,frac_lvst_mm_mules_anaerobic_digester,Livestock Manure Management Fraction Anaerobic Digester,,,,,,,,
lvst,Livestock,frac_lvst_mm_mules_anaerobic_lagoon,Livestock Manure Management Fraction Anaerobic Lagoon,,,,,,,,
lvst,Livestock,frac_lvst_mm_mules_composting,Livestock Manure Management Fraction Composting,,,,,,,,
lvst,Livestock,frac_lvst_mm_mules_daily_spread,Livestock Manure Management Fraction Daily Spread,,,,,,,,
lvst,Livestock,frac_lvst_mm_mules_deep_bedding,Livestock Manure Management Fraction Deep Bedding,,,,,,,,
lvst,Livestock,frac_lvst_mm_mules_dry_lot,Livestock Manure Management Fraction Dry Lot,,,,,,,,
lvst,Livestock,frac_lvst_mm_mules_incineration,Livestock Manure Management Fraction Incineration,,,,,,,,
lvst,Livestock,frac_lvst_mm_mules_liquid_slurry,Livestock Manure Management Fraction Liquid Slurry,,,,,,,,
lvst,Livestock,frac_lvst_mm_mules_paddock_pasture_range,Livestock Manure Management Fraction Paddock Pasture Range,,,,,,,,
lvst,Livestock,frac_lvst_mm_mules_poultry_manure,Livestock Manure Management Fraction Poultry Manure,,,,,,,,
lvst,Livestock,frac_lvst_mm_mules_solid_storage,Livestock Manure Management Fraction Solid Storage,,,,,,,,
lvst,Livestock,frac_lvst_mm_pigs_anaerobic_digester,Livestock Manure Management Fraction Anaerobic Digester,,,,,,,,
lvst,Livestock,frac_lvst_mm_pigs_anaerobic_lagoon,Livestock Manure Management Fraction Anaerobic Lagoon,,,,,,,,
lvst,Livestock,frac_lvst_mm_pigs_composting,Livestock Manure Management Fraction Composting,,,,,,,,
lvst,Livestock,frac_lvst_mm_pigs_daily_spread,Livestock Manure Management Fraction Daily Spread,,,,,,,,
lvst,Livestock,frac_lvst_mm_pigs_deep_bedding,Livestock Manure Management Fraction Deep Bedding,,,,,,,,
lvst,Livestock,frac_lvst_mm_pigs_dry_lot,Livestock Manure Management Fraction Dry Lot,,,,,,,,
lvst,Livestock,frac_lvst_mm_pigs_incineration,Livestock Manure Management Fraction Incineration,,,,,,,,
lvst,Livestock,frac_lvst_mm_pigs_liquid_slurry,Livestock Manure Management Fraction Liquid Slurry,,,,,,,,
lvst,Livestock,frac_lvst_mm_pigs_paddock_pasture_range,Livestock Manure Management Fraction Paddock Pasture Range,,,,,,,,
lvst,Livestock,frac_lvst_mm_pigs_poultry_manure,Livestock Manure Management Fraction Poultry Manure,,,,,,,,
lvst,Livestock,frac_lvst_mm_pigs_solid_storage,Livestock Manure Management Fraction Solid Storage,,,,,,,,
lvst,Livestock,frac_lvst_mm_sheep_anaerobic_digester,Livestock Manure Management Fraction Anaerobic Digester,,,,,,,,
lvst,Livestock,frac_lvst_mm_sheep_anaerobic_lagoon,Livestock Manure Management Fraction Anaerobic Lagoon,,,,,,,,
lvst,Livestock,frac_lvst_mm_sheep_composting,Livestock Manure Management Fraction Composting,,,,,,,,
lvst,Livestock,frac_lvst_mm_sheep_daily_spread,Livestock Manure Management Fraction Daily Spread,,,,,,,,
lvst,Livestock,frac_lvst_mm_sheep_deep_bedding,Livestock Manure Management Fraction Deep Bedding,,,,,,,,
lvst,Livestock,frac_lvst_mm_sheep_dry_lot,Livestock Manure Management Fraction Dry Lot,,,,,,,,
lvst,Livestock,frac_lvst_mm_sheep_incineration,Livestock Manure Management Fraction Incineration,,,,,,,,
lvst,Livestock,frac_lvst_mm_sheep_liquid_slurry,Livestock Manure Management Fraction Liquid Slurry,,,,,,,,
lvst,Livestock,frac_lvst_mm_sheep_paddock_pasture_range,Livestock Manure Management Fraction Paddock Pasture Range,,,,,,,,
lvst,Livestock,frac_lvst_mm_sheep_poultry_manure,Livestock Manure Management Fraction Poultry Manure,,,,,,,,
lvst,Livestock,frac_lvst_mm_sheep_solid_storage,Livestock Manure Management Fraction Solid Storage,,,,,,,,
lvst,Livestock,frac_lvst_n_in_dung,Fraction Nitrogen Excretion in Dung,,,,,,,,
lvst,Livestock,genfactor_lvst_daily_nitrogen_buffalo,Daily Nitrogen Generation Factor,,,,,,,,
lvst,Livestock,genfactor_lvst_daily_nitrogen_cattle_dairy,Daily Nitrogen Generation Factor,,,,,,,,
lvst,Livestock,genfactor_lvst_daily_nitrogen_cattle_nondairy,Daily Nitrogen Generation Factor,,,,,,,,
lvst,Livestock,genfactor_lvst_daily_nitrogen_chickens,Daily Nitrogen Generation Factor,,,,,,,,
lvst,Livestock,genfactor_lvst_daily_nitrogen_goats,Daily Nitrogen Generation Factor,,,,,,,,
lvst,Livestock,genfactor_lvst_daily_nitrogen_horses,Daily Nitrogen Generation Factor,,,,,,,,
lvst,Livestock,genfactor_lvst_daily_nitrogen_mules,Daily Nitrogen Generation Factor,,,,,,,,
lvst,Livestock,genfactor_lvst_daily_nitrogen_pigs,Daily Nitrogen Generation Factor,,,,,,,,
lvst,Livestock,genfactor_lvst_daily_nitrogen_sheep,Daily Nitrogen Generation Factor,,,,,,,,
lvst,Livestock,genfactor_lvst_daily_volatile_solids_buffalo,Daily Volatile Solid Generation Factor,,,,,,,,
lvst,Livestock,genfactor_lvst_daily_volatile_solids_cattle_dairy,Daily Volatile Solid Generation Factor,,,,,,,,
lvst,Livestock,genfactor_lvst_daily_volatile_solids_cattle_nondairy,Daily Volatile Solid Generation Factor,,,,,,,,
lvst,Livestock,genfactor_lvst_daily_volatile_solids_chickens,Daily Volatile Solid Generation Factor,,,,,,,,
lvst,Livestock,genfactor_lvst_daily_volatile_solids_goats,Daily Volatile Solid Generation Factor,,,,,,,,
lvst,Livestock,genfactor_lvst_daily_volatile_solids_horses,Daily Volatile Solid Generation Factor,,,,,,,,
lvst,Livestock,genfactor_lvst_daily_volatile_solids_mules,Daily Volatile Solid Generation Factor,,,,,,,,
lvst,Livestock,genfactor_lvst_daily_volatile_solids_pigs,Daily Volatile Solid Generation Factor,,,,,,,,
lvst,Livestock,genfactor_lvst_daily_volatile_solids_sheep,Daily Volatile Solid Generation Factor,,,,,,,,
lvst,Livestock,physparam_lvst_bo_buffalo_kg_ch4_kg_manure,Maximum Manure :math:\text{CH}_4 Generation Capacity,,,,kg,,,,ch4
lvst,Livestock,physparam_lvst_bo_cattle_dairy_kg_ch4_kg_manure,Maximum Manure :math:\text{CH}_4 Generation Capacity,,,,kg,,,,ch4
lvst,Livestock,physparam_lvst_bo_cattle_nondairy_kg_ch4_kg_manure,Maximum Manure :math:\text{CH}_4 Generation Capacity,,,,kg,,,,ch4
lvst,Livestock,physparam_lvst_bo_chickens_kg_ch4_kg_manure,Maximum Manure :math:\text{CH}_4 Generation Capacity,,,,kg,,,,ch4
lvst,Livestock,physparam_lvst_bo_goats_kg_ch4_kg_manure,Maximum Manure :math:\text{CH}_4 Generation Capacity,,,,kg,,,,ch4
lvst,Livestock,physparam_lvst_bo_horses_kg_ch4_kg_manure,Maximum Manure :math:\text{CH}_4 Generation Capacity,,,,kg,,,,ch4
lvst,Livestock,physparam_lvst_bo_mules_kg_ch4_kg_manure,Maximum Manure :math:\text{CH}_4 Generation Capacity,,,,kg,,,,ch4
lvst,Livestock,physparam_lvst_bo_pigs_kg_ch4_kg_manure,Maximum Manure :math:\text{CH}_4 Generation Capacity,,,,kg,,,,ch4
lvst,Livestock,physparam_lvst_bo_sheep_kg_ch4_kg_manure,Maximum Manure :math:\text{CH}_4 Generation Capacity,,,,kg,,,,ch4
lvst,Livestock,pop_lvst_initial_buffalo,Initial Livestock Head Count,,,,,,,,
lvst,Livestock,pop_lvst_initial_cattle_dairy,Initial Livestock Head Count,,,,,,,,
lvst,Livestock,pop_lvst_initial_cattle_nondairy,Initial Livestock Head Count,,,,,,,,
lvst,Livestock,pop_lvst_initial_chickens,Initial Livestock Head Count,,,,,,,,
lvst,Livestock,pop_lvst_initial_goats,Initial Livestock Head Count,,,,,,,,
lvst,Livestock,pop_lvst_initial_horses,Initial Livestock Head Count,,,,,,,,
lvst,Livestock,pop_lvst_initial_mules,Initial Livestock Head Count,,,,,,,,
lvst,Livestock,pop_lvst_initial_pigs,Initial Livestock Head Count,,,,,,,,
lvst,Livestock,pop_lvst_initial_sheep,Initial Livestock Head Count,,,,,,,,
lvst,Livestock,qty_lvst_daily_dry_matter_consumed_buffalo_kg,Daily Dry Matter Consumption,,,,kg,,,,
lvst,Livestock,qty_lvst_daily_dry_matter_consumed_cattle_dairy_kg,Daily Dry Matter Consumption,,,,kg,,,,
lvst,Livestock,qty_lvst_daily_dry_matter_consumed_cattle_nondairy_kg,Daily Dry Matter Consumption,,,,kg,,,,
lvst,Livestock,qty_lvst_daily_dry_matter_consumed_chickens_kg,Daily Dry Matter Consumption,,,,kg,,,,
lvst,Livestock,qty_lvst_daily_dry_matter_consumed_goats_kg,Daily Dry Matter Consumption,,,,kg,,,,
lvst,Livestock,qty_lvst_daily_dry_matter_consumed_horses_kg,Daily Dry Matter Consumption,,,,kg,,,,
lvst,Livestock,qty_lvst_daily_dry_matter_consumed_mules_kg,Daily Dry Matter Consumption,,,,kg,,,,
lvst,Livestock,qty_lvst_daily_dry_matter_consumed_pigs_kg,Daily Dry Matter Consumption,,,,kg,,,,
lvst,Livestock,qty_lvst_daily_dry_matter_consumed_sheep_kg,Daily Dry Matter Consumption,,,,kg,,,,
lvst,Livestock,scalar_lvst_carrying_capacity,Carrying Capacity Scalar,,,,,,,,
lsmm,Livestock Manure Management,ef_lsmm_direct_management_anaerobic_digester_n2o_per_n,:math:\text{N}_2\text{O} Manure Management Emission Factor,,,,,,,,n2o
lsmm,Livestock Manure Management,ef_lsmm_direct_management_anaerobic_lagoon_n2o_per_n,:math:\text{N}_2\text{O} Manure Management Emission Factor,,,,,,,,n2o
lsmm,Livestock Manure Management,ef_lsmm_direct_management_composting_n2o_per_n,:math:\text{N}_2\text{O} Manure Management Emission Factor,,,,,,,,n2o
lsmm,Livestock Manure Management,ef_lsmm_direct_management_daily_spread_n2o_per_n,:math:\text{N}_2\text{O} Manure Management Emission Factor,,,,,,,,n2o
lsmm,Livestock Manure Management,ef_lsmm_direct_management_deep_bedding_n2o_per_n,:math:\text{N}_2\text{O} Manure Management Emission Factor,,,,,,,,n2o
lsmm,Livestock Manure Management,ef_lsmm_direct_management_dry_lot_n2o_per_n,:math:\text{N}_2\text{O} Manure Management Emission Factor,,,,,,,,n2o
lsmm,Livestock Manure Management,ef_lsmm_direct_management_incineration_n2o_per_n,:math:\text{N}_2\text{O} Manure Management Emission Factor,,,,,,,,n2o
lsmm,Livestock Manure Management,ef_lsmm_direct_management_liquid_slurry_n2o_per_n,:math:\text{N}_2\text{O} Manure Management Emission Factor,,,,,,,,n2o
lsmm,Livestock Manure Management,ef_lsmm_direct_management_paddock_pasture_range_n2o_per_n,:math:\text{N}_2\text{O} Manure Management Emission Factor,,,,,,,,n2o
lsmm,Livestock Manure Management,ef_lsmm_direct_management_poultry_manure_n2o_per_n,:math:\text{N}_2\text{O} Manure Management Emission Factor,,,,,,,,n2o
lsmm,Livestock Manure Management,ef_lsmm_direct_management_storage_solid_n2o_per_n,:math:\text{N}_2\text{O} Manure Management Emission Factor,,,,,,,,n2o
lsmm,Livestock Manure Management,factor_lsmm_n_from_codigestates_anaerobic_digester,Nitrogen from Co-Digestates Factor,,,,,,,,
lsmm,Livestock Manure Management,frac_lsmm_manure_to_fertilizer_anaerobic_lagoon,Fraction of Nitrogen Used in Fertilizer,,,,,,,,
lsmm,Livestock Manure Management,frac_lsmm_manure_to_fertilizer_daily_spread,Fraction of Nitrogen Used in Fertilizer,,,,,,,,
lsmm,Livestock Manure Management,frac_lsmm_manure_to_fertilizer_deep_bedding,Fraction of Nitrogen Used in Fertilizer,,,,,,,,
lsmm,Livestock Manure Management,frac_lsmm_manure_to_fertilizer_dry_lot,Fraction of Nitrogen Used in Fertilizer,,,,,,,,
lsmm,Livestock Manure Management,frac_lsmm_manure_to_fertilizer_incineration,Fraction of Nitrogen Used in Fertilizer,,,,,,,,
lsmm,Livestock Manure Management,frac_lsmm_manure_to_fertilizer_liquid_slurry,Fraction of Nitrogen Used in Fertilizer,,,,,,,,
lsmm,Livestock Manure Management,frac_lsmm_manure_to_fertilizer_poultry_manure,Fraction of Nitrogen Used in Fertilizer,,,,,,,,
lsmm,Livestock Manure Management,frac_lsmm_manure_to_fertilizer_storage_solid,Fraction of Nitrogen Used in Fertilizer,,,,,,,,
lsmm,Livestock Manure Management,frac_lsmm_n_loss_leaching_anaerobic_digester,Fraction of Nitrogen Lost to Leaching,,,,,,,,
lsmm,Livestock Manure Management,frac_lsmm_n_loss_leaching_anaerobic_lagoon,Fraction of Nitrogen Lost to Leaching,,,,,,,,
lsmm,Livestock Manure Management,frac_lsmm_n_loss_leaching_composting,Fraction of Nitrogen Lost to Leaching,,,,,,,,
lsmm,Livestock Manure Management,frac_lsmm_n_loss_leaching_daily_spread,Fraction of Nitrogen Lost to Leaching,,,,,,,,
lsmm,Livestock Manure Management,frac_lsmm_n_loss_leaching_deep_bedding,Fraction of Nitrogen Lost to Leaching,,,,,,,,
lsmm,Livestock Manure Management,frac_lsmm_n_loss_leaching_dry_lot,Fraction of Nitrogen Lost to Leaching,,,,,,,,
lsmm,Livestock Manure Management,frac_lsmm_n_loss_leaching_incineration,Fraction of Nitrogen Lost to Leaching,,,,,,,,
lsmm,Livestock Manure Management,frac_lsmm_n_loss_leaching_liquid_slurry,Fraction of Nitrogen Lost to Leaching,,,,,,,,
lsmm,Livestock Manure Management,frac_lsmm_n_loss_leaching_paddock_pasture_range,Fraction of Nitrogen Lost to Leaching,,,,,,,,
lsmm,Livestock Manure Management,frac_lsmm_n_loss_leaching_poultry_manure,Fraction of Nitrogen Lost to Leaching,,,,,,,,
lsmm,Livestock Manure Management,frac_lsmm_n_loss_leaching_storage_solid,Fraction of Nitrogen Lost to Leaching,,,,,,,,
lsmm,Livestock Manure Management,frac_lsmm_n_loss_volatilisation_anaerobic_digester,Fraction of Nitrogen Lost to Volatilisation,,,,,,,,
lsmm,Livestock Manure Management,frac_lsmm_n_loss_volatilisation_anaerobic_lagoon,Fraction of Nitrogen Lost to Volatilisation,,,,,,,,
lsmm,Livestock Manure Management,frac_lsmm_n_loss_volatilisation_composting,Fraction of Nitrogen Lost to Volatilisation,,,,,,,,
lsmm,Livestock Manure Management,frac_lsmm_n_loss_volatilisation_daily_spread,Fraction of Nitrogen Lost to Volatilisation,,,,,,,,
lsmm,Livestock Manure Management,frac_lsmm_n_loss_volatilisation_deep_bedding,Fraction of Nitrogen Lost to Volatilisation,,,,,,,,
lsmm,Livestock Manure Management,frac_lsmm_n_loss_volatilisation_dry_lot,Fraction of Nitrogen Lost to Volatilisation,,,,,,,,
lsmm,Livestock Manure Management,frac_lsmm_n_loss_volatilisation_incineration,Fraction of Nitrogen Lost to Volatilisation,,,,,,,,
lsmm,Livestock Manure Management,frac_lsmm_n_loss_volatilisation_liquid_slurry,Fraction of Nitrogen Lost to Volatilisation,,,,,,,,
lsmm,Livestock Manure Management,frac_lsmm_n_loss_volatilisation_paddock_pasture_range,Fraction of Nitrogen Lost to Volatilisation,,,,,,,,
lsmm,Livestock Manure Management,frac_lsmm_n_loss_volatilisation_poultry_manure,Fraction of Nitrogen Lost to Volatilisation,,,,,,,,
lsmm,Livestock Manure Management,frac_lsmm_n_loss_volatilisation_storage_solid,Fraction of Nitrogen Lost to Volatilisation,,,,,,,,
lsmm,Livestock Manure Management,gasrf_lsmm_biogas_anaerobic_digester,Biogas Recovery Factor at LSMM Anaerobic Facilities,,,,,,,,
lsmm,Livestock Manure Management,gasrf_lsmm_biogas_anaerobic_lagoon,Biogas Recovery Factor at LSMM Anaerobic Facilities,,,,,,,,
lsmm,Livestock Manure Management,mcf_lsmm_anaerobic_digester,Manure Management Methane Correction Factor,,,,,,,,
lsmm,Livestock Manure Management,mcf_lsmm_anaerobic_lagoon,Manure Management Methane Correction Factor,,,,,,,,
lsmm,Livestock Manure Management,mcf_lsmm_composting,Manure Management Methane Correction Factor,,,,,,,,
lsmm,Livestock Manure Management,mcf_lsmm_daily_spread,Manure Management Methane Correction Factor,,,,,,,,
lsmm,Livestock Manure Management,mcf_lsmm_deep_bedding,Manure Management Methane Correction Factor,,,,,,,,
lsmm,Livestock Manure Management,mcf_lsmm_dry_lot,Manure Management Methane Correction Factor,,,,,,,,
lsmm,Livestock Manure Management,mcf_lsmm_incineration,Manure Management Methane Correction Factor,,,,,,,,
lsmm,Livestock Manure Management,mcf_lsmm_liquid_slurry,Manure Management Methane Correction Factor,,,,,,,,
lsmm,Livestock Manure Management,mcf_lsmm_paddock_pasture_range,Manure Management Methane Correction Factor,,,,,,,,
lsmm,Livestock Manure Management,mcf_lsmm_poultry_manure,Manure Management Methane Correction Factor,,,,,,,,
lsmm,Livestock Manure Management,mcf_lsmm_storage_solid,Manure Management Methane Correction Factor,,,,,,,,
lsmm,Livestock Manure Management,qty_lsmm_nitrogen_in_bedding_kg_per_head_deep_bedding,Nitrogen from Bedding per Animal,,,,kg,,,,
lsmm,Livestock Manure Management,qty_lsmm_nitrogen_in_bedding_kg_per_head_storage_solid,Nitrogen from Bedding per Animal,,,,kg,,,,
lsmm,Livestock Manure Management,ratio_lsmm_n2_to_n2o,Ratio of :math:\text{N}_2 to :math:\text{N}_2\text{O},,,,,,,,
soil,Soil Management,demscalar_soil_fertilizer_n_per_area,Fertilizer N Demand Scalar,,,,,,,,
soil,Soil Management,demscalar_soil_liming_per_area,Liming Demand Scalar,,,,,,,,
soil,Soil Management,ef_soil_c_croplands_drained_organic_temperate_crop_grass_tonne_per_ha,C Annual Croplands Drained Organic Soils Emission Factor,ha,,,tonne,,,,
soil,Soil Management,ef_soil_c_croplands_drained_organic_tropical_crop_grass_tonne_per_ha,C Annual Croplands Drained Organic Soils Emission Factor,ha,,,tonne,,,,
soil,Soil Management,ef_soil_c_liming_dolomite,C Liming Emission Factor Dolomite,,,,,,,,
soil,Soil Management,ef_soil_c_liming_limestone,C Liming Emission Factor Limestone,,,,,,,,
soil,Soil Management,ef_soil_c_managed_grasslands_drained_organic_temperate_crop_grass_tonne_per_ha,C Annual Managed Grasslands Drained Organic Soils Emission Factor,ha,,,tonne,,,,
soil,Soil Management,ef_soil_c_managed_grasslands_drained_organic_tropical_crop_grass_tonne_per_ha,C Annual Managed Grasslands Drained Organic Soils Emission Factor,ha,,,tonne,,,,
soil,Soil Management,ef_soil_c_urea,C Urea Emission Factor,,,,,,,,
soil,Soil Management,ef_soil_ef1_n_organic_amerndments_fertilizer_n2o_dry_climate,:math:\text{EF}_1 - \text{N}_2\text{O} Synthetic Fertilizer,,,,,,,,n2o
soil,Soil Management,ef_soil_ef1_n_organic_amerndments_fertilizer_n2o_wet_climate,:math:\text{EF}_1 - \text{N}_2\text{O} Synthetic Fertilizer,,,,,,,,n2o
soil,Soil Management,ef_soil_ef1_n_rice_fields_n2o,:math:\text{EF}_{1FR} - \text{N}_2\text{O} Rice Fields,,,,,,,,n2o
soil,Soil Management,ef_soil_ef1_n_synthetic_fertilizer_n2o_dry_climate,:math:\text{EF}_1 - \text{N}_2\text{O} Organic Amendments and Fertilizer,,,,,,,,n2o
soil,Soil Management,ef_soil_ef1_n_synthetic_fertilizer_n2o_wet_climate,:math:\text{EF}_1 - \text{N}_2\text{O} Organic Amendments and Fertilizer,,,,,,,,n2o
soil,Soil Management,ef_soil_ef2_n_drained_managed_soils_n2o_temperate_crop_grass_kg_n2on_ha,:math:\text{EF}_2 - \text{N}_2\text{O} Emissions from Drained and Managed Organic Soils,ha,,,kg,,,,n2o
soil,Soil Management,ef_soil_ef2_n_drained_managed_soils_n2o_temperate_forest_nutrient_poor_kg_n2on_ha,:math:\text{EF}_2 - \text{N}_2\text{O} Emissions from Drained and Managed Organic Soils,ha,,,kg,,,,n2o
soil,Soil Management,ef_soil_ef2_n_drained_managed_soils_n2o_temperate_forest_nutrient_rich_kg_n2on_ha,:math:\text{EF}_2 - \text{N}_2\text{O} Emissions from Drained and Managed Organic Soils,ha,,,kg,,,,n2o
soil,Soil Management,ef_soil_ef2_n_drained_managed_soils_n2o_tropical_crop_grass_kg_n2on_ha,:math:\text{EF}_2 - \text{N}_2\text{O} Emissions from Drained and Managed Organic Soils,ha,,,kg,,,,n2o
soil,Soil Management,ef_soil_ef2_n_drained_managed_soils_n2o_tropical_forest_kg_n2on_ha,:math:\text{EF}_2 - \text{N}_2\text{O} Emissions from Drained and Managed Organic Soils,ha,,,kg,,,,n2o
soil,Soil Management,ef_soil_ef3_pasture_n2o_dry_climate,EF3 N Pasture Range and Paddock,,,,,,,,n2o
soil,Soil Management,ef_soil_ef3_pasture_n2o_wet_climate,EF3 N Pasture Range and Paddock,,,,,,,,n2o
soil,Soil Management,ef_soil_ef4_n_volatilisation_n2o_dry_climate,EF4 N Volatilisation and Re-Deposition Emission Factor,,,,,,,,n2o
soil,Soil Management,ef_soil_ef4_n_volatilisation_n2o_wet_climate,EF4 N Volatilisation and Re-Deposition Emission Factor,,,,,,,,n2o
soil,Soil Management,ef_soil_ef5_n_leaching_n2o,EF5 N Leaching and Runoff Emission Factor,,,,,,,,n2o
soil,Soil Management,frac_soil_gasf_n_volatilisation_synthetic_fertilizer_non_urea,Volatilisation Fraction from Non-Urea Synthetic Fertilizers,,,,,,,,
soil,Soil Management,frac_soil_gasf_n_volatilisation_synthetic_fertilizer_urea,Volatilisation Fraction from Urea Synthetic Fertilizers,,,,,,,,
soil,Soil Management,frac_soil_gasm_n_volatilisation_organic_amendments_fertilizer,Volatilisation Fraction from Organic Amendments and Fertilizers,,,,,,,,
soil,Soil Management,frac_soil_leachh_n_lost_to_leaching,Leaching Fraction of N Lost,,,,,,,,
soil,Soil Management,frac_soil_synthetic_fertilizer_urea,Fraction Synthetic Fertilizer Use Urea,,,,,,,,
soil,Soil Management,qty_soil_organic_c_stock_dry_climate_tonne_per_ha,Soil Organic C Stocks,ha,,,tonne,,,,
soil,Soil Management,qty_soil_organic_c_stock_temperate_crop_grass_tonne_per_ha,Soil Organic C Stocks,ha,,,tonne,,,,
soil,Soil Management,qty_soil_organic_c_stock_temperate_forest_nutrient_poor_tonne_per_ha,Soil Organic C Stocks,ha,,,tonne,,,,
soil,Soil Management,qty_soil_organic_c_stock_temperate_forest_nutrient_rich_tonne_per_ha,Soil Organic C Stocks,ha,,,tonne,,,,
soil,Soil Management,qty_soil_organic_c_stock_tropical_crop_grass_tonne_per_ha,Soil Organic C Stocks,ha,,,tonne,,,,
soil,Soil Management,qty_soil_organic_c_stock_tropical_forest_tonne_per_ha,Soil Organic C Stocks,ha,,,tonne,,,,
soil,Soil Management,qty_soil_organic_c_stock_wet_climate_tonne_per_ha,Soil Organic C Stocks,ha,,,tonne,,,,
soil,Soil Management,qtyinit_soil_liming_dolomite_applied_to_soils_kt,Initial Liming Dolomite Applied to Soils,,,,kt,,,,
soil,Soil Management,qtyinit_soil_liming_limestone_applied_to_soils_kt,Initial Liming Limestone Applied to Soils,,,,kt,,,,
soil,Soil Management,qtyinit_soil_synthetic_fertilizer_kt,Initial Synthetic Fertilizer Use,,,,kt,,,,
soil,Soil Management,ratio_soil_organic_matter_c_to_n,C to N Ratio of Soil Organic Matter,,,,,,,,
waso,Solid Waste,ef_waso_biogas_kg_ch4_per_kg_food,:math:\text{CH}_4 Anaerobic Biogas Emission Factor,,,,kg,,,,ch4
waso,Solid Waste,ef_waso_biogas_kg_ch4_per_kg_sludge,:math:\text{CH}_4 Anaerobic Biogas Emission Factor,,,,kg,,,,ch4
waso,Solid Waste,ef_waso_biogas_kg_ch4_per_kg_yard,:math:\text{CH}_4 Anaerobic Biogas Emission Factor,,,,kg,,,,ch4
waso,Solid Waste,ef_waso_compost_kg_ch4_per_kg_food,:math:\text{CH}_4 Composting Emission Factor,,,,kg,,,,ch4
waso,Solid Waste,ef_waso_compost_kg_ch4_per_kg_sludge,:math:\text{CH}_4 Composting Emission Factor,,,,kg,,,,ch4
waso,Solid Waste,ef_waso_compost_kg_ch4_per_kg_yard,:math:\text{CH}_4 Composting Emission Factor,,,,kg,,,,ch4
waso,Solid Waste,ef_waso_compost_kg_n2o_per_kg_food,:math:\text{N}_2\text{O} Composting Emission Factor,,,,kg,,,,n2o
waso,Solid Waste,ef_waso_compost_kg_n2o_per_kg_sludge,:math:\text{N}_2\text{O} Composting Emission Factor,,,,kg,,,,n2o
waso,Solid Waste,ef_waso_compost_kg_n2o_per_kg_yard,:math:\text{N}_2\text{O} Composting Emission Factor,,,,kg,,,,n2o
waso,Solid Waste,ef_waso_incineration_kg_ch4_per_kg_isw,:math:\text{CH}_4 ISW Incineration Emission Factor,,,,kg,,,,ch4
waso,Solid Waste,ef_waso_incineration_kg_ch4_per_kg_msw,:math:\text{CH}_4 MSW Incineration Emission Factor,,,,kg,,,,ch4
waso,Solid Waste,ef_waso_incineration_tonne_n2o_per_tonne_chemical_industrial,:math:\text{N}_2\text{O} Incineration Emission Factor,,,,tonne,,,,n2o
waso,Solid Waste,ef_waso_incineration_tonne_n2o_per_tonne_food,:math:\text{N}_2\text{O} Incineration Emission Factor,,,,tonne,,,,n2o
waso,Solid Waste,ef_waso_incineration_tonne_n2o_per_tonne_glass,:math:\text{N}_2\text{O} Incineration Emission Factor,,,,tonne,,,,n2o
waso,Solid Waste,ef_waso_incineration_tonne_n2o_per_tonne_metal,:math:\text{N}_2\text{O} Incineration Emission Factor,,,,tonne,,,,n2o
waso,Solid Waste,ef_waso_incineration_tonne_n2o_per_tonne_nappies,:math:\text{N}_2\text{O} Incineration Emission Factor,,,,tonne,,,,n2o
waso,Solid Waste,ef_waso_incineration_tonne_n2o_per_tonne_other,:math:\text{N}_2\text{O} Incineration Emission Factor,,,,tonne,,,,n2o
waso,Solid Waste,ef_waso_incineration_tonne_n2o_per_tonne_paper,:math:\text{N}_2\text{O} Incineration Emission Factor,,,,tonne,,,,n2o
waso,Solid Waste,ef_waso_incineration_tonne_n2o_per_tonne_plastic,:math:\text{N}_2\text{O} Incineration Emission Factor,,,,tonne,,,,n2o
waso,Solid Waste,ef_waso_incineration_tonne_n2o_per_tonne_rubber_leather,:math:\text{N}_2\text{O} Incineration Emission Factor,,,,tonne,,,,n2o
waso,Solid Waste,ef_waso_incineration_tonne_n2o_per_tonne_sludge,:math:\text{N}_2\text{O} Incineration Emission Factor,,,,tonne,,,,n2o
waso,Solid Waste,ef_waso_incineration_tonne_n2o_per_tonne_textiles,:math:\text{N}_2\text{O} Incineration Emission Factor,,,,tonne,,,,n2o
waso,Solid Waste,ef_waso_incineration_tonne_n2o_per_tonne_wood,:math:\text{N}_2\text{O} Incineration Emission Factor,,,,tonne,,,,n2o
waso,Solid Waste,ef_waso_incineration_tonne_n2o_per_tonne_yard,:math:\text{N}_2\text{O} Incineration Emission Factor,,,,tonne,,,,n2o
waso,Solid Waste,elasticity_waso_msw_to_gdppc_chemical_industrial,Elasticity of Municipal Solid Waste Produced to GDP per Capita,,,,,,,,
waso,Solid Waste,elasticity_waso_msw_to_gdppc_food,Elasticity of Municipal Solid Waste Produced to GDP per Capita,,,,,,,,
waso,Solid Waste,elasticity_waso_msw_to_gdppc_glass,Elasticity of Municipal Solid Waste Produced to GDP per Capita,,,,,,,,
waso,Solid Waste,elasticity_waso_msw_to_gdppc_metal,Elasticity of Municipal Solid Waste Produced to GDP per Capita,,,,,,,,
waso,Solid Waste,elasticity_waso_msw_to_gdppc_nappies,Elasticity of Municipal Solid Waste Produced to GDP per Capita,,,,,,,,
waso,Solid Waste,elasticity_waso_msw_to_gdppc_other,Elasticity of Municipal Solid Waste Produced to GDP per Capita,,,,,,,,
waso,Solid Waste,elasticity_waso_msw_to_gdppc_paper,Elasticity of Municipal Solid Waste Produced to GDP per Capita,,,,,,,,
waso,Solid Waste,elasticity_waso_msw_to_gdppc_plastic,Elasticity of Municipal Solid Waste Produced to GDP per Capita,,,,,,,,
waso,Solid Waste,elasticity_waso_msw_to_gdppc_rubber_leather,Elasticity of Municipal Solid Waste Produced to GDP per Capita,,,,,,,,
waso,Solid Waste,elasticity_waso_msw_to_gdppc_sludge,Elasticity of Municipal Solid Waste Produced to GDP per Capita,,,,,,,,
waso,Solid Waste,elasticity_waso_msw_to_gdppc_textiles,Elasticity of Municipal Solid Waste Produced to GDP per Capita,,,,,,,,
waso,Solid Waste,elasticity_waso_msw_to_gdppc_wood,Elasticity of Municipal Solid Waste Produced to GDP per Capita,,,,,,,,
waso,Solid Waste,elasticity_waso_msw_to_gdppc_yard,Elasticity of Municipal Solid Waste Produced to GDP per Capita,,,,,,,,
waso,Solid Waste,factor_waso_waste_per_capita_scalar_chemical_industrial,Waste Per Capita Scale Factor,,,,,,,,
waso,Solid Waste,factor_waso_waste_per_capita_scalar_food,Waste Per Capita Scale Factor,,,,,,,,
waso,Solid Waste,factor_waso_waste_per_capita_scalar_glass,Waste Per Capita Scale Factor,,,,,,,,
waso,Solid Waste,factor_waso_waste_per_capita_scalar_metal,Waste Per Capita Scale Factor,,,,,,,,
waso,Solid Waste,factor_waso_waste_per_capita_scalar_nappies,Waste Per Capita Scale Factor,,,,,,,,
waso,Solid Waste,factor_waso_waste_per_capita_scalar_other,Waste Per Capita Scale Factor,,,,,,,,
waso,Solid Waste,factor_waso_waste_per_capita_scalar_paper,Waste Per Capita Scale Factor,,,,,,,,
waso,Solid Waste,factor_waso_waste_per_capita_scalar_plastic,Waste Per Capita Scale Factor,,,,,,,,
waso,Solid Waste,factor_waso_waste_per_capita_scalar_rubber_leather,Waste Per Capita Scale Factor,,,,,,,,
waso,Solid Waste,factor_waso_waste_per_capita_scalar_sludge,Waste Per Capita Scale Factor,,,,,,,,
waso,Solid Waste,factor_waso_waste_per_capita_scalar_textiles,Waste Per Capita Scale Factor,,,,,,,,
waso,Solid Waste,factor_waso_waste_per_capita_scalar_wood,Waste Per Capita Scale Factor,,,,,,,,
waso,Solid Waste,factor_waso_waste_per_capita_scalar_yard,Waste Per Capita Scale Factor,,,,,,,,
waso,Solid Waste,frac_waso_biogas_food,Fraction of Waste Treated Anaerobically,,,,,,,,
waso,Solid Waste,frac_waso_biogas_sludge,Fraction of Waste Treated Anaerobically,,,,,,,,
waso,Solid Waste,frac_waso_biogas_yard,Fraction of Waste Treated Anaerobically,,,,,,,,
waso,Solid Waste,frac_waso_compost_food,Fraction of Waste Composted,,,,,,,,
waso,Solid Waste,frac_waso_compost_methane_flared,Fraction of Methane Flared at Composting Facilities,,,,,,,,
waso,Solid Waste,frac_waso_compost_sludge,Fraction of Waste Composted,,,,,,,,
waso,Solid Waste,frac_waso_compost_yard,Fraction of Waste Composted,,,,,,,,
waso,Solid Waste,frac_waso_initial_composition_ind_chemical_industrial,Initial Composition Fraction Industrial Solid Waste,,,,,,,,
waso,Solid Waste,frac_waso_initial_composition_ind_food,Initial Composition Fraction Industrial Solid Waste,,,,,,,,
waso,Solid Waste,frac_waso_initial_composition_ind_glass,Initial Composition Fraction Industrial Solid Waste,,,,,,,,
waso,Solid Waste,frac_waso_initial_composition_ind_metal,Initial Composition Fraction Industrial Solid Waste,,,,,,,,
waso,Solid Waste,frac_waso_initial_composition_ind_nappies,Initial Composition Fraction Industrial Solid Waste,,,,,,,,
waso,Solid Waste,frac_waso_initial_composition_ind_other,Initial Composition Fraction Industrial Solid Waste,,,,,,,,
waso,Solid Waste,frac_waso_initial_composition_ind_paper,Initial Composition Fraction Industrial Solid Waste,,,,,,,,
waso,Solid Waste,frac_waso_initial_composition_ind_plastic,Initial Composition Fraction Industrial Solid Waste,,,,,,,,
waso,Solid Waste,frac_waso_initial_composition_ind_rubber_leather,Initial Composition Fraction Industrial Solid Waste,,,,,,,,
waso,Solid Waste,frac_waso_initial_composition_ind_sludge,Initial Composition Fraction Industrial Solid Waste,,,,,,,,
waso,Solid Waste,frac_waso_initial_composition_ind_textiles,Initial Composition Fraction Industrial Solid Waste,,,,,,,,
waso,Solid Waste,frac_waso_initial_composition_ind_wood,Initial Composition Fraction Industrial Solid Waste,,,,,,,,
waso,Solid Waste,frac_waso_initial_composition_ind_yard,Initial Composition Fraction Industrial Solid Waste,,,,,,,,
waso,Solid Waste,frac_waso_initial_composition_mun_chemical_industrial,Initial Composition Fraction Municipal Solid Waste,,,,,,,,
waso,Solid Waste,frac_waso_initial_composition_mun_food,Initial Composition Fraction Municipal Solid Waste,,,,,,,,
waso,Solid Waste,frac_waso_initial_composition_mun_glass,Initial Composition Fraction Municipal Solid Waste,,,,,,,,
waso,Solid Waste,frac_waso_initial_composition_mun_metal,Initial Composition Fraction Municipal Solid Waste,,,,,,,,
waso,Solid Waste,frac_waso_initial_composition_mun_nappies,Initial Composition Fraction Municipal Solid Waste,,,,,,,,
waso,Solid Waste,frac_waso_initial_composition_mun_other,Initial Composition Fraction Municipal Solid Waste,,,,,,,,
waso,Solid Waste,frac_waso_initial_composition_mun_paper,Initial Composition Fraction Municipal Solid Waste,,,,,,,,
waso,Solid Waste,frac_waso_initial_composition_mun_plastic,Initial Composition Fraction Municipal Solid Waste,,,,,,,,
waso,Solid Waste,frac_waso_initial_composition_mun_rubber_leather,Initial Composition Fraction Municipal Solid Waste,,,,,,,,
waso,Solid Waste,frac_waso_initial_composition_mun_sludge,Initial Composition Fraction Municipal Solid Waste,,,,,,,,
waso,Solid Waste,frac_waso_initial_composition_mun_textiles,Initial Composition Fraction Municipal Solid Waste,,,,,,,,
waso,Solid Waste,frac_waso_initial_composition_mun_wood,Initial Composition Fraction Municipal Solid Waste,,,,,,,,
waso,Solid Waste,frac_waso_initial_composition_mun_yard,Initial Composition Fraction Municipal Solid Waste,,,,,,,,
waso,Solid Waste,frac_waso_isw_incinerated_recovered_for_energy,Fraction of ISW Incineration Recovered for Energy,,,,,,,,
waso,Solid Waste,frac_waso_landfill_gas_recovered,Fraction of Landfill Gas Recovered at Landfills,,,,,,,,
waso,Solid Waste,frac_waso_lgc_recovered_for_energy,Fraction of Landfill Gas Recovered for Energy,,,,,,,,
waso,Solid Waste,frac_waso_msw_incinerated_recovered_for_energy,Fraction of MSW Incineration Recovered for Energy,,,,,,,,
waso,Solid Waste,frac_waso_non_recycled_incinerated,Fraction of Non-Recycled Solid Waste Incinerated,,,,,,,,
waso,Solid Waste,frac_waso_non_recycled_landfilled,Fraction of Non-Recycled Solid Waste Landfilled,,,,,,,,
waso,Solid Waste,frac_waso_non_recycled_open_dump,Fraction of Non-Recycled Solid Waste Open Dumps,,,,,,,,
waso,Solid Waste,frac_waso_recycled_glass,Fraction of Waste Recycled,,,,,,,,
waso,Solid Waste,frac_waso_recycled_metal,Fraction of Waste Recycled,,,,,,,,
waso,Solid Waste,frac_waso_recycled_paper,Fraction of Waste Recycled,,,,,,,,
waso,Solid Waste,frac_waso_recycled_plastic,Fraction of Waste Recycled,,,,,,,,
waso,Solid Waste,frac_waso_recycled_rubber_leather,Fraction of Waste Recycled,,,,,,,,
waso,Solid Waste,frac_waso_recycled_textiles,Fraction of Waste Recycled,,,,,,,,
waso,Solid Waste,frac_waso_recycled_wood,Fraction of Waste Recycled,,,,,,,,
waso,Solid Waste,gasrf_waso_biogas,Biogas Recovery Factor,,,,,,,,
waso,Solid Waste,gasrf_waso_landfill_to_ch4,:math:\text{CH}_4 Recovery Factor Landfill Gas,,,,,,,,ch4
waso,Solid Waste,historical_back_projection_growth_rate,Historical Back Projection Growth Rate in Solid Waste Generation,,,,,,,,
waso,Solid Waste,mcf_waso_average_landfilled,Average Methane Correction Factor at Landfills,,,,,,,,
waso,Solid Waste,mcf_waso_average_open_dump,Average Methane Correction Factor for Open Dumping,,,,,,,,
waso,Solid Waste,oxf_waso_average_landfilled,Average Oxidization Factor at Landfills,,,,,,,,
waso,Solid Waste,physparam_waso_k_chemical_industrial,K,,,,,,,,
waso,Solid Waste,physparam_waso_k_food,K,,,,,,,,
waso,Solid Waste,physparam_waso_k_glass,K,,,,,,,,
waso,Solid Waste,physparam_waso_k_metal,K,,,,,,,,
waso,Solid Waste,physparam_waso_k_nappies,K,,,,,,,,
waso,Solid Waste,physparam_waso_k_other,K,,,,,,,,
waso,Solid Waste,physparam_waso_k_paper,K,,,,,,,,
waso,Solid Waste,physparam_waso_k_plastic,K,,,,,,,,
waso,Solid Waste,physparam_waso_k_rubber_leather,K,,,,,,,,
waso,Solid Waste,physparam_waso_k_sludge,K,,,,,,,,
waso,Solid Waste,physparam_waso_k_textiles,K,,,,,,,,
waso,Solid Waste,physparam_waso_k_wood,K,,,,,,,,
waso,Solid Waste,physparam_waso_k_yard,K,,,,,,,,
waso,Solid Waste,qty_waso_annual_waste_collected_tonne_per_vehicle,Average Annual Waste Transported Per Waste Collection Vehicle,,,,tonne,,,,
waso,Solid Waste,qty_waso_industrial_waste_kt_per_mmm_gdp,Per GDP Industrial Solid Waste Generated,,,,kt,,,,
waso,Solid Waste,qty_waso_initial_municipal_waste_tonne_per_capita,Initial Per Capita Municipal Solid Waste Generated,,,,tonne,,,,
waso,Solid Waste,vkmt_per_vehicle_waso,Average VKMT Per Waste Collection Vehicle,,,,,,,,
scoe,Stationary Combustion and Other Energy,consumpinit_scoe_gj_per_hh_residential_elec_appliances,SCOE Initial Per Household Electric Appliances Energy Consumption,,gj,,,,,,
scoe,Stationary Combustion and Other Energy,consumpinit_scoe_gj_per_hh_residential_heat_energy,SCOE Initial Per Household Heat Energy Consumption,,gj,,,,,,
scoe,Stationary Combustion and Other Energy,consumpinit_scoe_tj_per_mmmgdp_commercial_municipal_elec_appliances,SCOE Initial Per GDP Electric Appliances Energy Consumption,,tj,,,,,,
scoe,Stationary Combustion and Other Energy,consumpinit_scoe_tj_per_mmmgdp_commercial_municipal_heat_energy,SCOE Initial Per GDP Heat Energy Consumption,,tj,,,,,,
scoe,Stationary Combustion and Other Energy,consumpinit_scoe_tj_per_mmmgdp_other_se_elec_appliances,SCOE Initial Per GDP Electric Appliances Energy Consumption,,tj,,,,,,
scoe,Stationary Combustion and Other Energy,consumpinit_scoe_tj_per_mmmgdp_other_se_heat_energy,SCOE Initial Per GDP Heat Energy Consumption,,tj,,,,,,
scoe,Stationary Combustion and Other Energy,efficfactor_scoe_heat_energy_commercial_municipal_coal,SCOE Efficiency Factor for Heat Energy from Coal,,,,,,,,
scoe,Stationary Combustion and Other Energy,efficfactor_scoe_heat_energy_commercial_municipal_diesel,SCOE Efficiency Factor for Heat Energy from Diesel,,,,,,,,
scoe,Stationary Combustion and Other Energy,efficfactor_scoe_heat_energy_commercial_municipal_electricity,SCOE Efficiency Factor for Heat Energy from Electricity,,,,,,,,
scoe,Stationary Combustion and Other Energy,efficfactor_scoe_heat_energy_commercial_municipal_gasoline,SCOE Efficiency Factor for Heat Energy from Gasoline,,,,,,,,
scoe,Stationary Combustion and Other Energy,efficfactor_scoe_heat_energy_commercial_municipal_hydrocarbon_gas_liquids,SCOE Efficiency Factor for Heat Energy from Hydrocarbon Gas Liquids,,,,,,,,
scoe,Stationary Combustion and Other Energy,efficfactor_scoe_heat_energy_commercial_municipal_hydrogen,SCOE Efficiency Factor for Heat Energy from Hydrogen,,,,,,,,
scoe,Stationary Combustion and Other Energy,efficfactor_scoe_heat_energy_commercial_municipal_kerosene,SCOE Efficiency Factor for Heat Energy from Kerosene,,,,,,,,
scoe,Stationary Combustion and Other Energy,efficfactor_scoe_heat_energy_commercial_municipal_natural_gas,SCOE Efficiency Factor for Heat Energy from Natural Gas,,,,,,,,
scoe,Stationary Combustion and Other Energy,efficfactor_scoe_heat_energy_commercial_municipal_solid_biomass,SCOE Efficiency Factor for Heat Energy from Solid Biomass,,,,,,,,
scoe,Stationary Combustion and Other Energy,efficfactor_scoe_heat_energy_other_se_coal,SCOE Efficiency Factor for Heat Energy from Coal,,,,,,,,
scoe,Stationary Combustion and Other Energy,efficfactor_scoe_heat_energy_other_se_diesel,SCOE Efficiency Factor for Heat Energy from Diesel,,,,,,,,
scoe,Stationary Combustion and Other Energy,efficfactor_scoe_heat_energy_other_se_electricity,SCOE Efficiency Factor for Heat Energy from Electricity,,,,,,,,
scoe,Stationary Combustion and Other Energy,efficfactor_scoe_heat_energy_other_se_gasoline,SCOE Efficiency Factor for Heat Energy from Gasoline,,,,,,,,
scoe,Stationary Combustion and Other Energy,efficfactor_scoe_heat_energy_other_se_hydrocarbon_gas_liquids,SCOE Efficiency Factor for Heat Energy from Hydrocarbon Gas Liquids,,,,,,,,
scoe,Stationary Combustion and Other Energy,efficfactor_scoe_heat_energy_other_se_hydrogen,SCOE Efficiency Factor for Heat Energy from Hydrogen,,,,,,,,
scoe,Stationary Combustion and Other Energy,efficfactor_scoe_heat_energy_other_se_kerosene,SCOE Efficiency Factor for Heat Energy from Kerosene,,,,,,,,
scoe,Stationary Combustion and Other Energy,efficfactor_scoe_heat_energy_other_se_natural_gas,SCOE Efficiency Factor for Heat Energy from Natural Gas,,,,,,,,
scoe,Stationary Combustion and Other Energy,efficfactor_scoe_heat_energy_other_se_solid_biomass,SCOE Efficiency Factor for Heat Energy from Solid Biomass,,,,,,,,
scoe,Stationary Combustion and Other Energy,efficfactor_scoe_heat_energy_residential_coal,SCOE Efficiency Factor for Heat Energy from Coal,,,,,,,,
scoe,Stationary Combustion and Other Energy,efficfactor_scoe_heat_energy_residential_diesel,SCOE Efficiency Factor for Heat Energy from Diesel,,,,,,,,
scoe,Stationary Combustion and Other Energy,efficfactor_scoe_heat_energy_residential_electricity,SCOE Efficiency Factor for Heat Energy from Electricity,,,,,,,,
scoe,Stationary Combustion and Other Energy,efficfactor_scoe_heat_energy_residential_gasoline,SCOE Efficiency Factor for Heat Energy from Gasoline,,,,,,,,
scoe,Stationary Combustion and Other Energy,efficfactor_scoe_heat_energy_residential_hydrocarbon_gas_liquids,SCOE Efficiency Factor for Heat Energy from Hydrocarbon Gas Liquids,,,,,,,,
scoe,Stationary Combustion and Other Energy,efficfactor_scoe_heat_energy_residential_hydrogen,SCOE Efficiency Factor for Heat Energy from Hydrogen,,,,,,,,
scoe,Stationary Combustion and Other Energy,efficfactor_scoe_heat_energy_residential_kerosene,SCOE Efficiency Factor for Heat Energy from Kerosene,,,,,,,,
scoe,Stationary Combustion and Other Energy,efficfactor_scoe_heat_energy_residential_natural_gas,SCOE Efficiency Factor for Heat Energy from Natural Gas,,,,,,,,
scoe,Stationary Combustion and Other Energy,efficfactor_scoe_heat_energy_residential_solid_biomass,SCOE Efficiency Factor for Heat Energy from Solid Biomass,,,,,,,,
scoe,Stationary Combustion and Other Energy,elasticity_scoe_enerdem_per_hh_residential_elec_appliances_to_gdppc,SCOE Elasticity of Per Household Electrical Applicance Demand to GDP Per Capita,,,,,,,,
scoe,Stationary Combustion and Other Energy,elasticity_scoe_enerdem_per_hh_residential_heat_energy_to_gdppc,SCOE Elasticity of Per Household Heat Energy Demand to GDP Per Capita,,,,,,,,
scoe,Stationary Combustion and Other Energy,elasticity_scoe_enerdem_per_mmmgdp_commercial_municipal_elec_appliances_to_gdppc,SCOE Elasticity of Per GDP Electrical Applicance Demand to GDP Per Capita,,,,,,,,
scoe,Stationary Combustion and Other Energy,elasticity_scoe_enerdem_per_mmmgdp_commercial_municipal_heat_energy_to_gdppc,SCOE Elasticity of Per GDP Heat Energy Demand to GDP Per Capita,,,,,,,,
scoe,Stationary Combustion and Other Energy,elasticity_scoe_enerdem_per_mmmgdp_other_se_elec_appliances_to_gdppc,SCOE Elasticity of Per GDP Electrical Applicance Demand to GDP Per Capita,,,,,,,,
scoe,Stationary Combustion and Other Energy,elasticity_scoe_enerdem_per_mmmgdp_other_se_heat_energy_to_gdppc,SCOE Elasticity of Per GDP Heat Energy Demand to GDP Per Capita,,,,,,,,
scoe,Stationary Combustion and Other Energy,frac_scoe_heat_energy_commercial_municipal_coal,SCOE Fraction Heat Energy Demand Coal,,,,,,,,
scoe,Stationary Combustion and Other Energy,frac_scoe_heat_energy_commercial_municipal_diesel,SCOE Fraction Heat Energy Demand Diesel,,,,,,,,
scoe,Stationary Combustion and Other Energy,frac_scoe_heat_energy_commercial_municipal_electricity,SCOE Fraction Heat Energy Demand Electricity,,,,,,,,
scoe,Stationary Combustion and Other Energy,frac_scoe_heat_energy_commercial_municipal_gasoline,SCOE Fraction Heat Energy Demand Gasoline,,,,,,,,
scoe,Stationary Combustion and Other Energy,frac_scoe_heat_energy_commercial_municipal_hydrocarbon_gas_liquids,SCOE Fraction Heat Energy Demand Hydrocarbon Gas Liquids,,,,,,,,
scoe,Stationary Combustion and Other Energy,frac_scoe_heat_energy_commercial_municipal_hydrogen,SCOE Fraction Heat Energy Demand Hydrogen,,,,,,,,
scoe,Stationary Combustion and Other Energy,frac_scoe_heat_energy_commercial_municipal_kerosene,SCOE Fraction Heat Energy Demand Kerosene,,,,,,,,
scoe,Stationary Combustion and Other Energy,frac_scoe_heat_energy_commercial_municipal_natural_gas,SCOE Fraction Heat Energy Demand Natural Gas,,,,,,,,
scoe,Stationary Combustion and Other Energy,frac_scoe_heat_energy_commercial_municipal_solid_biomass,SCOE Fraction Heat Energy Demand Solid Biomass,,,,,,,,
scoe,Stationary Combustion and Other Energy,frac_scoe_heat_energy_other_se_coal,SCOE Fraction Heat Energy Demand Coal,,,,,,,,
scoe,Stationary Combustion and Other Energy,frac_scoe_heat_energy_other_se_diesel,SCOE Fraction Heat Energy Demand Diesel,,,,,,,,
scoe,Stationary Combustion and Other Energy,frac_scoe_heat_energy_other_se_electricity,SCOE Fraction Heat Energy Demand Electricity,,,,,,,,
scoe,Stationary Combustion and Other Energy,frac_scoe_heat_energy_other_se_gasoline,SCOE Fraction Heat Energy Demand Gasoline,,,,,,,,
scoe,Stationary Combustion and Other Energy,frac_scoe_heat_energy_other_se_hydrocarbon_gas_liquids,SCOE Fraction Heat Energy Demand Hydrocarbon Gas Liquids,,,,,,,,
scoe,Stationary Combustion and Other Energy,frac_scoe_heat_energy_other_se_hydrogen,SCOE Fraction Heat Energy Demand Hydrogen,,,,,,,,
scoe,Stationary Combustion and Other Energy,frac_scoe_heat_energy_other_se_kerosene,SCOE Fraction Heat Energy Demand Kerosene,,,,,,,,
scoe,Stationary Combustion and Other Energy,frac_scoe_heat_energy_other_se_natural_gas,SCOE Fraction Heat Energy Demand Natural Gas,,,,,,,,
scoe,Stationary Combustion and Other Energy,frac_scoe_heat_energy_other_se_solid_biomass,SCOE Fraction Heat Energy Demand Solid Biomass,,,,,,,,
scoe,Stationary Combustion and Other Energy,frac_scoe_heat_energy_residential_coal,SCOE Fraction Heat Energy Demand Coal,,,,,,,,
scoe,Stationary Combustion and Other Energy,frac_scoe_heat_energy_residential_diesel,SCOE Fraction Heat Energy Demand Diesel,,,,,,,,
scoe,Stationary Combustion and Other Energy,frac_scoe_heat_energy_residential_electricity,SCOE Fraction Heat Energy Demand Electricity,,,,,,,,
scoe,Stationary Combustion and Other Energy,frac_scoe_heat_energy_residential_gasoline,SCOE Fraction Heat Energy Demand Gasoline,,,,,,,,
scoe,Stationary Combustion and Other Energy,frac_scoe_heat_energy_residential_hydrocarbon_gas_liquids,SCOE Fraction Heat Energy Demand Hydrocarbon Gas Liquids,,,,,,,,
scoe,Stationary Combustion and Other Energy,frac_scoe_heat_energy_residential_hydrogen,SCOE Fraction Heat Energy Demand Hydrogen,,,,,,,,
scoe,Stationary Combustion and Other Energy,frac_scoe_heat_energy_residential_kerosene,SCOE Fraction Heat Energy Demand Kerosene,,,,,,,,
scoe,Stationary Combustion and Other Energy,frac_scoe_heat_energy_residential_natural_gas,SCOE Fraction Heat Energy Demand Natural Gas,,,,,,,,
scoe,Stationary Combustion and Other Energy,frac_scoe_heat_energy_residential_solid_biomass,SCOE Fraction Heat Energy Demand Solid Biomass,,,,,,,,
scoe,Stationary Combustion and Other Energy,scalar_scoe_appliance_energy_demand_commercial_municipal,SCOE Appliance Energy Demand Scalar,,,,,,,,
scoe,Stationary Combustion and Other Energy,scalar_scoe_appliance_energy_demand_other_se,SCOE Appliance Energy Demand Scalar,,,,,,,,
scoe,Stationary Combustion and Other Energy,scalar_scoe_appliance_energy_demand_residential,SCOE Appliance Energy Demand Scalar,,,,,,,,
scoe,Stationary Combustion and Other Energy,scalar_scoe_heat_energy_demand_commercial_municipal,SCOE Heat Energy Demand Scalar,,,,,,,,
scoe,Stationary Combustion and Other Energy,scalar_scoe_heat_energy_demand_other_se,SCOE Heat Energy Demand Scalar,,,,,,,,
scoe,Stationary Combustion and Other Energy,scalar_scoe_heat_energy_demand_residential,SCOE Heat Energy Demand Scalar,,,,,,,,
trns,Transportation,avgload_trns_freight_tonne_per_vehicle_aviation,Average Freight Vehicle Load,,,,tonne,,,,
trns,Transportation,avgload_trns_freight_tonne_per_vehicle_rail_freight,Average Freight Vehicle Load,,,,tonne,,,,
trns,Transportation,avgload_trns_freight_tonne_per_vehicle_road_heavy_freight,Average Freight Vehicle Load,,,,tonne,,,,
trns,Transportation,avgload_trns_freight_tonne_per_vehicle_water_borne,Average Freight Vehicle Load,,,,tonne,,,,
trns,Transportation,ef_trns_mobile_combustion_aviation_kg_ch4_per_tj_kerosene,:math:\text{CH}_4 Kerosene Mobile Combustion Emission Factor,,tj,,kg,,,,ch4
trns,Transportation,ef_trns_mobile_combustion_aviation_kg_n2o_per_tj_kerosene,:math:\text{N}_2\text{O} Kerosene Mobile Combustion Emission Factor,,tj,,kg,,,,n2o
trns,Transportation,ef_trns_mobile_combustion_powered_bikes_kg_ch4_per_tj_gasoline,:math:\text{CH}_4 Gasoline Mobile Combustion Emission Factor,,tj,,kg,,,,ch4
trns,Transportation,ef_trns_mobile_combustion_powered_bikes_kg_n2o_per_tj_gasoline,:math:\text{N}_2\text{O} Gasoline Mobile Combustion Emission Factor,,tj,,kg,,,,n2o
trns,Transportation,ef_trns_mobile_combustion_public_kg_ch4_per_tj_biofuels,:math:\text{CH}_4 Biofuels Mobile Combustion Emission Factor,,tj,,kg,,,,ch4
trns,Transportation,ef_trns_mobile_combustion_public_kg_ch4_per_tj_diesel,:math:\text{CH}_4 Diesel Mobile Combustion Emission Factor,,tj,,kg,,,,ch4
trns,Transportation,ef_trns_mobile_combustion_public_kg_ch4_per_tj_gasoline,:math:\text{CH}_4 Gasoline Mobile Combustion Emission Factor,,tj,,kg,,,,ch4
trns,Transportation,ef_trns_mobile_combustion_public_kg_ch4_per_tj_hydrocarbon_gas_liquids,:math:\text{CH}_4 Hydrocarbon Gas Liquids Mobile Combustion Emission Factor,,tj,,kg,,,,ch4
trns,Transportation,ef_trns_mobile_combustion_public_kg_ch4_per_tj_natural_gas,:math:\text{CH}_4 Natural Gas Mobile Combustion Emission Factor,,tj,,kg,,,,ch4
trns,Transportation,ef_trns_mobile_combustion_public_kg_n2o_per_tj_biofuels,:math:\text{N}_2\text{O} Biofuels Mobile Combustion Emission Factor,,tj,,kg,,,,n2o
trns,Transportation,ef_trns_mobile_combustion_public_kg_n2o_per_tj_diesel,:math:\text{N}_2\text{O} Diesel Mobile Combustion Emission Factor,,tj,,kg,,,,n2o
trns,Transportation,ef_trns_mobile_combustion_public_kg_n2o_per_tj_gasoline,:math:\text{N}_2\text{O} Gasoline Mobile Combustion Emission Factor,,tj,,kg,,,,n2o
trns,Transportation,ef_trns_mobile_combustion_public_kg_n2o_per_tj_hydrocarbon_gas_liquids,:math:\text{N}_2\text{O} Hydrocarbon Gas Liquids Mobile Combustion Emission Factor,,tj,,kg,,,,n2o
trns,Transportation,ef_trns_mobile_combustion_public_kg_n2o_per_tj_natural_gas,:math:\text{N}_2\text{O} Natural Gas Mobile Combustion Emission Factor,,tj,,kg,,,,n2o
trns,Transportation,ef_trns_mobile_combustion_rail_freight_kg_ch4_per_tj_diesel,:math:\text{CH}_4 Diesel Mobile Combustion Emission Factor,,tj,,kg,,,,ch4
trns,Transportation,ef_trns_mobile_combustion_rail_freight_kg_ch4_per_tj_natural_gas,:math:\text{CH}_4 Natural Gas Mobile Combustion Emission Factor,,tj,,kg,,,,ch4
trns,Transportation,ef_trns_mobile_combustion_rail_freight_kg_n2o_per_tj_diesel,:math:\text{N}_2\text{O} Diesel Mobile Combustion Emission Factor,,tj,,kg,,,,n2o
trns,Transportation,ef_trns_mobile_combustion_rail_freight_kg_n2o_per_tj_natural_gas,:math:\text{N}_2\text{O} Natural Gas Mobile Combustion Emission Factor,,tj,,kg,,,,n2o
trns,Transportation,ef_trns_mobile_combustion_rail_passenger_kg_ch4_per_tj_diesel,:math:\text{CH}_4 Diesel Mobile Combustion Emission Factor,,tj,,kg,,,,ch4
trns,Transportation,ef_trns_mobile_combustion_rail_passenger_kg_ch4_per_tj_natural_gas,:math:\text{CH}_4 Natural Gas Mobile Combustion Emission Factor,,tj,,kg,,,,ch4
trns,Transportation,ef_trns_mobile_combustion_rail_passenger_kg_n2o_per_tj_diesel,:math:\text{N}_2\text{O} Diesel Mobile Combustion Emission Factor,,tj,,kg,,,,n2o
trns,Transportation,ef_trns_mobile_combustion_rail_passenger_kg_n2o_per_tj_natural_gas,:math:\text{N}_2\text{O} Natural Gas Mobile Combustion Emission Factor,,tj,,kg,,,,n2o
trns,Transportation,ef_trns_mobile_combustion_road_heavy_freight_kg_ch4_per_tj_biofuels,:math:\text{CH}_4 Biofuels Mobile Combustion Emission Factor,,tj,,kg,,,,ch4
trns,Transportation,ef_trns_mobile_combustion_road_heavy_freight_kg_ch4_per_tj_diesel,:math:\text{CH}_4 Diesel Mobile Combustion Emission Factor,,tj,,kg,,,,ch4
trns,Transportation,ef_trns_mobile_combustion_road_heavy_freight_kg_ch4_per_tj_gasoline,:math:\text{CH}_4 Gasoline Mobile Combustion Emission Factor,,tj,,kg,,,,ch4
trns,Transportation,ef_trns_mobile_combustion_road_heavy_freight_kg_ch4_per_tj_hydrocarbon_gas_liquids,:math:\text{CH}_4 Hydrocarbon Gas Liquids Mobile Combustion Emission Factor,,tj,,kg,,,,ch4
trns,Transportation,ef_trns_mobile_combustion_road_heavy_freight_kg_ch4_per_tj_natural_gas,:math:\text{CH}_4 Natural Gas Mobile Combustion Emission Factor,,tj,,kg,,,,ch4
trns,Transportation,ef_trns_mobile_combustion_road_heavy_freight_kg_n2o_per_tj_biofuels,:math:\text{N}_2\text{O} Biofuels Mobile Combustion Emission Factor,,tj,,kg,,,,n2o
trns,Transportation,ef_trns_mobile_combustion_road_heavy_freight_kg_n2o_per_tj_diesel,:math:\text{N}_2\text{O} Diesel Mobile Combustion Emission Factor,,tj,,kg,,,,n2o
trns,Transportation,ef_trns_mobile_combustion_road_heavy_freight_kg_n2o_per_tj_gasoline,:math:\text{N}_2\text{O} Gasoline Mobile Combustion Emission Factor,,tj,,kg,,,,n2o
trns,Transportation,ef_trns_mobile_combustion_road_heavy_freight_kg_n2o_per_tj_hydrocarbon_gas_liquids,:math:\text{N}_2\text{O} Hydrocarbon Gas Liquids Mobile Combustion Emission Factor,,tj,,kg,,,,n2o
trns,Transportation,ef_trns_mobile_combustion_road_heavy_freight_kg_n2o_per_tj_natural_gas,:math:\text{N}_2\text{O} Natural Gas Mobile Combustion Emission Factor,,tj,,kg,,,,n2o
trns,Transportation,ef_trns_mobile_combustion_road_heavy_regional_kg_ch4_per_tj_biofuels,:math:\text{CH}_4 Biofuels Mobile Combustion Emission Factor,,tj,,kg,,,,ch4
trns,Transportation,ef_trns_mobile_combustion_road_heavy_regional_kg_ch4_per_tj_diesel,:math:\text{CH}_4 Diesel Mobile Combustion Emission Factor,,tj,,kg,,,,ch4
trns,Transportation,ef_trns_mobile_combustion_road_heavy_regional_kg_ch4_per_tj_gasoline,:math:\text{CH}_4 Gasoline Mobile Combustion Emission Factor,,tj,,kg,,,,ch4
trns,Transportation,ef_trns_mobile_combustion_road_heavy_regional_kg_ch4_per_tj_hydrocarbon_gas_liquids,:math:\text{CH}_4 Hydrocarbon Gas Liquids Mobile Combustion Emission Factor,,tj,,kg,,,,ch4
trns,Transportation,ef_trns_mobile_combustion_road_heavy_regional_kg_ch4_per_tj_natural_gas,:math:\text{CH}_4 Natural Gas Mobile Combustion Emission Factor,,tj,,kg,,,,ch4
trns,Transportation,ef_trns_mobile_combustion_road_heavy_regional_kg_n2o_per_tj_biofuels,:math:\text{N}_2\text{O} Biofuels Mobile Combustion Emission Factor,,tj,,kg,,,,n2o
trns,Transportation,ef_trns_mobile_combustion_road_heavy_regional_kg_n2o_per_tj_diesel,:math:\text{N}_2\text{O} Diesel Mobile Combustion Emission Factor,,tj,,kg,,,,n2o
trns,Transportation,ef_trns_mobile_combustion_road_heavy_regional_kg_n2o_per_tj_gasoline,:math:\text{N}_2\text{O} Gasoline Mobile Combustion Emission Factor,,tj,,kg,,,,n2o
trns,Transportation,ef_trns_mobile_combustion_road_heavy_regional_kg_n2o_per_tj_hydrocarbon_gas_liquids,:math:\text{N}_2\text{O} Hydrocarbon Gas Liquids Mobile Combustion Emission Factor,,tj,,kg,,,,n2o
trns,Transportation,ef_trns_mobile_combustion_road_heavy_regional_kg_n2o_per_tj_natural_gas,:math:\text{N}_2\text{O} Natural Gas Mobile Combustion Emission Factor,,tj,,kg,,,,n2o
trns,Transportation,ef_trns_mobile_combustion_road_light_kg_ch4_per_tj_biofuels,:math:\text{CH}_4 Biofuels Mobile Combustion Emission Factor,,tj,,kg,,,,ch4
trns,Transportation,ef_trns_mobile_combustion_road_light_kg_ch4_per_tj_diesel,:math:\text{CH}_4 Diesel Mobile Combustion Emission Factor,,tj,,kg,,,,ch4
trns,Transportation,ef_trns_mobile_combustion_road_light_kg_ch4_per_tj_gasoline,:math:\text{CH}_4 Gasoline Mobile Combustion Emission Factor,,tj,,kg,,,,ch4
trns,Transportation,ef_trns_mobile_combustion_road_light_kg_ch4_per_tj_hydrocarbon_gas_liquids,:math:\text{CH}_4 Hydrocarbon Gas Liquids Mobile Combustion Emission Factor,,tj,,kg,,,,ch4
trns,Transportation,ef_trns_mobile_combustion_road_light_kg_ch4_per_tj_natural_gas,:math:\text{CH}_4 Natural Gas Mobile Combustion Emission Factor,,tj,,kg,,,,ch4
trns,Transportation,ef_trns_mobile_combustion_road_light_kg_n2o_per_tj_biofuels,:math:\text{N}_2\text{O} Biofuels Mobile Combustion Emission Factor,,tj,,kg,,,,n2o
trns,Transportation,ef_trns_mobile_combustion_road_light_kg_n2o_per_tj_diesel,:math:\text{N}_2\text{O} Diesel Mobile Combustion Emission Factor,,tj,,kg,,,,n2o
trns,Transportation,ef_trns_mobile_combustion_road_light_kg_n2o_per_tj_gasoline,:math:\text{N}_2\text{O} Gasoline Mobile Combustion Emission Factor,,tj,,kg,,,,n2o
trns,Transportation,ef_trns_mobile_combustion_road_light_kg_n2o_per_tj_hydrocarbon_gas_liquids,:math:\text{N}_2\text{O} Hydrocarbon Gas Liquids Mobile Combustion Emission Factor,,tj,,kg,,,,n2o
trns,Transportation,ef_trns_mobile_combustion_road_light_kg_n2o_per_tj_natural_gas,:math:\text{N}_2\text{O} Natural Gas Mobile Combustion Emission Factor,,tj,,kg,,,,n2o
trns,Transportation,ef_trns_mobile_combustion_water_borne_kg_ch4_per_tj_diesel,:math:\text{CH}_4 Diesel Mobile Combustion Emission Factor,,tj,,kg,,,,ch4
trns,Transportation,ef_trns_mobile_combustion_water_borne_kg_ch4_per_tj_natural_gas,:math:\text{CH}_4 Natural Gas Mobile Combustion Emission Factor,,tj,,kg,,,,ch4
trns,Transportation,ef_trns_mobile_combustion_water_borne_kg_n2o_per_tj_ammonia,:math:\text{N}_2\text{O} Ammonia Mobile Combustion Emission Factor,,tj,,kg,,,,n2o
trns,Transportation,ef_trns_mobile_combustion_water_borne_kg_n2o_per_tj_diesel,:math:\text{N}_2\text{O} Diesel Mobile Combustion Emission Factor,,tj,,kg,,,,n2o
trns,Transportation,ef_trns_mobile_combustion_water_borne_kg_n2o_per_tj_natural_gas,:math:\text{N}_2\text{O} Natural Gas Mobile Combustion Emission Factor,,tj,,kg,,,,n2o
trns,Transportation,elecfuelefficiency_trns_aviation_km_per_kwh,Electrical Vehicle Efficiency,,kwh,km,,,,,
trns,Transportation,elecfuelefficiency_trns_powered_bikes_km_per_kwh,Electrical Vehicle Efficiency,,kwh,km,,,,,
trns,Transportation,elecfuelefficiency_trns_public_km_per_kwh,Electrical Vehicle Efficiency,,kwh,km,,,,,
trns,Transportation,elecfuelefficiency_trns_rail_freight_km_per_kwh,Electrical Vehicle Efficiency,,kwh,km,,,,,
trns,Transportation,elecfuelefficiency_trns_rail_passenger_km_per_kwh,Electrical Vehicle Efficiency,,kwh,km,,,,,
trns,Transportation,elecfuelefficiency_trns_road_heavy_freight_km_per_kwh,Electrical Vehicle Efficiency,,kwh,km,,,,,
trns,Transportation,elecfuelefficiency_trns_road_heavy_regional_km_per_kwh,Electrical Vehicle Efficiency,,kwh,km,,,,,
trns,Transportation,elecfuelefficiency_trns_road_light_km_per_kwh,Electrical Vehicle Efficiency,,kwh,km,,,,,
trns,Transportation,elecfuelefficiency_trns_water_borne_km_per_kwh,Electrical Vehicle Efficiency,,kwh,km,,,,,
trns,Transportation,frac_trns_fuelmix_aviation_electricity,Transportation Mode Fuel Fraction Electricity,,,,,,,,
trns,Transportation,frac_trns_fuelmix_aviation_hydrogen,Transportation Mode Fuel Fraction Hydrogen,,,,,,,,
trns,Transportation,frac_trns_fuelmix_aviation_kerosene,Transportation Mode Fuel Fraction Kerosene,,,,,,,,
trns,Transportation,frac_trns_fuelmix_powered_bikes_electricity,Transportation Mode Fuel Fraction Electricity,,,,,,,,
trns,Transportation,frac_trns_fuelmix_powered_bikes_gasoline,Transportation Mode Fuel Fraction Gasoline,,,,,,,,
trns,Transportation,frac_trns_fuelmix_public_biofuels,Transportation Mode Fuel Fraction Biofuels,,,,,,,,
trns,Transportation,frac_trns_fuelmix_public_diesel,Transportation Mode Fuel Fraction Diesel,,,,,,,,
trns,Transportation,frac_trns_fuelmix_public_electricity,Transportation Mode Fuel Fraction Electricity,,,,,,,,
trns,Transportation,frac_trns_fuelmix_public_gasoline,Transportation Mode Fuel Fraction Gasoline,,,,,,,,
trns,Transportation,frac_trns_fuelmix_public_hydrocarbon_gas_liquids,Transportation Mode Fuel Fraction Hydrocarbon Gas Liquids,,,,,,,,
trns,Transportation,frac_trns_fuelmix_public_hydrogen,Transportation Mode Fuel Fraction Hydrogen,,,,,,,,
trns,Transportation,frac_trns_fuelmix_public_natural_gas,Transportation Mode Fuel Fraction Natural Gas,,,,,,,,
trns,Transportation,frac_trns_fuelmix_rail_freight_diesel,Transportation Mode Fuel Fraction Diesel,,,,,,,,
trns,Transportation,frac_trns_fuelmix_rail_freight_electricity,Transportation Mode Fuel Fraction Electricity,,,,,,,,
trns,Transportation,frac_trns_fuelmix_rail_freight_hydrogen,Transportation Mode Fuel Fraction Hydrogen,,,,,,,,
trns,Transportation,frac_trns_fuelmix_rail_freight_natural_gas,Transportation Mode Fuel Fraction Natural Gas,,,,,,,,
trns,Transportation,frac_trns_fuelmix_rail_passenger_diesel,Transportation Mode Fuel Fraction Diesel,,,,,,,,
trns,Transportation,frac_trns_fuelmix_rail_passenger_electricity,Transportation Mode Fuel Fraction Electricity,,,,,,,,
trns,Transportation,frac_trns_fuelmix_rail_passenger_hydrogen,Transportation Mode Fuel Fraction Hydrogen,,,,,,,,
trns,Transportation,frac_trns_fuelmix_rail_passenger_natural_gas,Transportation Mode Fuel Fraction Natural Gas,,,,,,,,
trns,Transportation,frac_trns_fuelmix_road_heavy_freight_biofuels,Transportation Mode Fuel Fraction Biofuels,,,,,,,,
trns,Transportation,frac_trns_fuelmix_road_heavy_freight_diesel,Transportation Mode Fuel Fraction Diesel,,,,,,,,
trns,Transportation,frac_trns_fuelmix_road_heavy_freight_electricity,Transportation Mode Fuel Fraction Electricity,,,,,,,,
trns,Transportation,frac_trns_fuelmix_road_heavy_freight_gasoline,Transportation Mode Fuel Fraction Gasoline,,,,,,,,
trns,Transportation,frac_trns_fuelmix_road_heavy_freight_hydrocarbon_gas_liquids,Transportation Mode Fuel Fraction Hydrocarbon Gas Liquids,,,,,,,,
trns,Transportation,frac_trns_fuelmix_road_heavy_freight_hydrogen,Transportation Mode Fuel Fraction Hydrogen,,,,,,,,
trns,Transportation,frac_trns_fuelmix_road_heavy_freight_natural_gas,Transportation Mode Fuel Fraction Natural Gas,,,,,,,,
trns,Transportation,frac_trns_fuelmix_road_heavy_regional_biofuels,Transportation Mode Fuel Fraction Biofuels,,,,,,,,
trns,Transportation,frac_trns_fuelmix_road_heavy_regional_diesel,Transportation Mode Fuel Fraction Diesel,,,,,,,,
trns,Transportation,frac_trns_fuelmix_road_heavy_regional_electricity,Transportation Mode Fuel Fraction Electricity,,,,,,,,
trns,Transportation,frac_trns_fuelmix_road_heavy_regional_gasoline,Transportation Mode Fuel Fraction Gasoline,,,,,,,,
trns,Transportation,frac_trns_fuelmix_road_heavy_regional_hydrocarbon_gas_liquids,Transportation Mode Fuel Fraction Hydrocarbon Gas Liquids,,,,,,,,
trns,Transportation,frac_trns_fuelmix_road_heavy_regional_hydrogen,Transportation Mode Fuel Fraction Hydrogen,,,,,,,,
trns,Transportation,frac_trns_fuelmix_road_heavy_regional_natural_gas,Transportation Mode Fuel Fraction Natural Gas,,,,,,,,
trns,Transportation,frac_trns_fuelmix_road_light_biofuels,Transportation Mode Fuel Fraction Biofuels,,,,,,,,
trns,Transportation,frac_trns_fuelmix_road_light_diesel,Transportation Mode Fuel Fraction Diesel,,,,,,,,
trns,Transportation,frac_trns_fuelmix_road_light_electricity,Transportation Mode Fuel Fraction Electricity,,,,,,,,
trns,Transportation,frac_trns_fuelmix_road_light_gasoline,Transportation Mode Fuel Fraction Gasoline,,,,,,,,
trns,Transportation,frac_trns_fuelmix_road_light_hydrocarbon_gas_liquids,Transportation Mode Fuel Fraction Hydrocarbon Gas Liquids,,,,,,,,
trns,Transportation,frac_trns_fuelmix_road_light_hydrogen,Transportation Mode Fuel Fraction Hydrogen,,,,,,,,
trns,Transportation,frac_trns_fuelmix_road_light_natural_gas,Transportation Mode Fuel Fraction Natural Gas,,,,,,,,
trns,Transportation,frac_trns_fuelmix_water_borne_ammonia,Transportation Mode Fuel Fraction Ammonia,,,,,,,,
trns,Transportation,frac_trns_fuelmix_water_borne_diesel,Transportation Mode Fuel Fraction Diesel,,,,,,,,
trns,Transportation,frac_trns_fuelmix_water_borne_electricity,Transportation Mode Fuel Fraction Electricity,,,,,,,,
trns,Transportation,frac_trns_fuelmix_water_borne_gasoline,Transportation Mode Fuel Fraction Gasoline,,,,,,,,
trns,Transportation,frac_trns_fuelmix_water_borne_hydrogen,Transportation Mode Fuel Fraction Hydrogen,,,,,,,,
trns,Transportation,frac_trns_fuelmix_water_borne_natural_gas,Transportation Mode Fuel Fraction Natural Gas,,,,,,,,
trns,Transportation,frac_trns_mtkm_dem_freight_aviation,Freight Transportation Mode Share,,,,,,,,
trns,Transportation,frac_trns_mtkm_dem_freight_rail_freight,Freight Transportation Mode Share,,,,,,,,
trns,Transportation,frac_trns_mtkm_dem_freight_road_heavy_freight,Freight Transportation Mode Share,,,,,,,,
trns,Transportation,frac_trns_mtkm_dem_freight_water_borne,Freight Transportation Mode Share,,,,,,,,
trns,Transportation,frac_trns_pkm_dem_private_and_public_human_powered,Private and Public Transportation Mode Share,,,,,,,,
trns,Transportation,frac_trns_pkm_dem_private_and_public_powered_bikes,Private and Public Transportation Mode Share,,,,,,,,
trns,Transportation,frac_trns_pkm_dem_private_and_public_public,Private and Public Transportation Mode Share,,,,,,,,
trns,Transportation,frac_trns_pkm_dem_private_and_public_road_light,Private and Public Transportation Mode Share,,,,,,,,
trns,Transportation,frac_trns_pkm_dem_private_and_public_water_borne,Private and Public Transportation Mode Share,,,,,,,,
trns,Transportation,frac_trns_pkm_dem_regional_aviation,Regional Transportation Mode Share,,,,,,,,
trns,Transportation,frac_trns_pkm_dem_regional_rail_passenger,Regional Transportation Mode Share,,,,,,,,
trns,Transportation,frac_trns_pkm_dem_regional_road_heavy_regional,Regional Transportation Mode Share,,,,,,,,
trns,Transportation,frac_trns_pkm_dem_regional_road_light,Regional Transportation Mode Share,,,,,,,,
trns,Transportation,frac_trns_pkm_dem_regional_water_borne,Regional Transportation Mode Share,,,,,,,,
trns,Transportation,fuelefficiency_trns_aviation_hydrogen_km_per_litre,Fuel Efficiency Hydrogen,,,km,,,,litre,
trns,Transportation,fuelefficiency_trns_aviation_kerosene_km_per_litre,Fuel Efficiency Kerosene,,,km,,,,litre,
trns,Transportation,fuelefficiency_trns_powered_bikes_gasoline_km_per_litre,Fuel Efficiency Gasoline,,,km,,,,litre,
trns,Transportation,fuelefficiency_trns_public_biofuels_km_per_litre,Fuel Efficiency Biofuels,,,km,,,,litre,
trns,Transportation,fuelefficiency_trns_public_diesel_km_per_litre,Fuel Efficiency Diesel,,,km,,,,litre,
trns,Transportation,fuelefficiency_trns_public_gasoline_km_per_litre,Fuel Efficiency Gasoline,,,km,,,,litre,
trns,Transportation,fuelefficiency_trns_public_hydrocarbon_gas_liquids_km_per_litre,Fuel Efficiency Hydrocarbon Gas Liquids,,,km,,,,litre,
trns,Transportation,fuelefficiency_trns_public_hydrogen_km_per_litre,Fuel Efficiency Hydrogen,,,km,,,,litre,
trns,Transportation,fuelefficiency_trns_public_natural_gas_km_per_litre,Fuel Efficiency Natural Gas,,,km,,,,litre,
trns,Transportation,fuelefficiency_trns_rail_freight_diesel_km_per_litre,Fuel Efficiency Diesel,,,km,,,,litre,
trns,Transportation,fuelefficiency_trns_rail_freight_hydrogen_km_per_litre,Fuel Efficiency Hydrogen,,,km,,,,litre,
trns,Transportation,fuelefficiency_trns_rail_freight_natural_gas_km_per_litre,Fuel Efficiency Natural Gas,,,km,,,,litre,
trns,Transportation,fuelefficiency_trns_rail_passenger_diesel_km_per_litre,Fuel Efficiency Diesel,,,km,,,,litre,
trns,Transportation,fuelefficiency_trns_rail_passenger_hydrogen_km_per_litre,Fuel Efficiency Hydrogen,,,km,,,,litre,
trns,Transportation,fuelefficiency_trns_rail_passenger_natural_gas_km_per_litre,Fuel Efficiency Natural Gas,,,km,,,,litre,
trns,Transportation,fuelefficiency_trns_road_heavy_freight_biofuels_km_per_litre,Fuel Efficiency Biofuels,,,km,,,,litre,
trns,Transportation,fuelefficiency_trns_road_heavy_freight_diesel_km_per_litre,Fuel Efficiency Diesel,,,km,,,,litre,
trns,Transportation,fuelefficiency_trns_road_heavy_freight_gasoline_km_per_litre,Fuel Efficiency Gasoline,,,km,,,,litre,
trns,Transportation,fuelefficiency_trns_road_heavy_freight_hydrocarbon_gas_liquids_km_per_litre,Fuel Efficiency Hydrocarbon Gas Liquids,,,km,,,,litre,
trns,Transportation,fuelefficiency_trns_road_heavy_freight_hydrogen_km_per_litre,Fuel Efficiency Hydrogen,,,km,,,,litre,
trns,Transportation,fuelefficiency_trns_road_heavy_freight_natural_gas_km_per_litre,Fuel Efficiency Natural Gas,,,km,,,,litre,
trns,Transportation,fuelefficiency_trns_road_heavy_regional_biofuels_km_per_litre,Fuel Efficiency Biofuels,,,km,,,,litre,
trns,Transportation,fuelefficiency_trns_road_heavy_regional_diesel_km_per_litre,Fuel Efficiency Diesel,,,km,,,,litre,
trns,Transportation,fuelefficiency_trns_road_heavy_regional_gasoline_km_per_litre,Fuel Efficiency Gasoline,,,km,,,,litre,
trns,Transportation,fuelefficiency_trns_road_heavy_regional_hydrocarbon_gas_liquids_km_per_litre,Fuel Efficiency Hydrocarbon Gas Liquids,,,km,,,,litre,
trns,Transportation,fuelefficiency_trns_road_heavy_regional_hydrogen_km_per_litre,Fuel Efficiency Hydrogen,,,km,,,,litre,
trns,Transportation,fuelefficiency_trns_road_heavy_regional_natural_gas_km_per_litre,Fuel Efficiency Natural Gas,,,km,,,,litre,
trns,Transportation,fuelefficiency_trns_road_light_biofuels_km_per_litre,Fuel Efficiency Biofuels,,,km,,,,litre,
trns,Transportation,fuelefficiency_trns_road_light_diesel_km_per_litre,Fuel Efficiency Diesel,,,km,,,,litre,
trns,Transportation,fuelefficiency_trns_road_light_gasoline_km_per_litre,Fuel Efficiency Gasoline,,,km,,,,litre,
trns,Transportation,fuelefficiency_trns_road_light_hydrocarbon_gas_liquids_km_per_litre,Fuel Efficiency Hydrocarbon Gas Liquids,,,km,,,,litre,
trns,Transportation,fuelefficiency_trns_road_light_hydrogen_km_per_litre,Fuel Efficiency Hydrogen,,,km,,,,litre,
trns,Transportation,fuelefficiency_trns_road_light_natural_gas_km_per_litre,Fuel Efficiency Natural Gas,,,km,,,,litre,
trns,Transportation,fuelefficiency_trns_water_borne_diesel_km_per_litre,Fuel Efficiency Diesel,,,km,,,,litre,
trns,Transportation,fuelefficiency_trns_water_borne_hydrogen_km_per_litre,Fuel Efficiency Hydrogen,,,km,,,,litre,
trns,Transportation,fuelefficiency_trns_water_borne_natural_gas_km_per_litre,Fuel Efficiency Natural Gas,,,km,,,,litre,
trns,Transportation,occrate_trns_passenger_per_vehicle_aviation,Average Passenger Vehicle Occupancy Rate,,,,,,,,
trns,Transportation,occrate_trns_passenger_per_vehicle_human_powered,Average Passenger Vehicle Occupancy Rate,,,,,,,,
trns,Transportation,occrate_trns_passenger_per_vehicle_powered_bikes,Average Passenger Vehicle Occupancy Rate,,,,,,,,
trns,Transportation,occrate_trns_passenger_per_vehicle_public,Average Passenger Vehicle Occupancy Rate,,,,,,,,
trns,Transportation,occrate_trns_passenger_per_vehicle_rail_passenger,Average Passenger Vehicle Occupancy Rate,,,,,,,,
trns,Transportation,occrate_trns_passenger_per_vehicle_road_heavy_regional,Average Passenger Vehicle Occupancy Rate,,,,,,,,
trns,Transportation,occrate_trns_passenger_per_vehicle_road_light,Average Passenger Vehicle Occupancy Rate,,,,,,,,
trns,Transportation,occrate_trns_passenger_per_vehicle_water_borne,Average Passenger Vehicle Occupancy Rate,,,,,,,,
trde,Transportation Demand,deminit_trde_freight_mt_km,Initial Megatonne-Kilometer Demand,,,km,mt,,,,
trde,Transportation Demand,deminit_trde_private_and_public_per_capita_passenger_km,Initial per Capita Passenger-Kilometer Demand,,,km,,,,,
trde,Transportation Demand,deminit_trde_regional_per_capita_passenger_km,Initial per Capita Passenger-Kilometer Demand,,,km,,,,,
trde,Transportation Demand,demscalar_trde_freight,Transportation Demand Scalar,,,,,,,,
trde,Transportation Demand,demscalar_trde_private_and_public,Transportation Demand Scalar,,,,,,,,
trde,Transportation Demand,demscalar_trde_regional,Transportation Demand Scalar,,,,,,,,
trde,Transportation Demand,elasticity_trde_mtkm_to_gdp_freight,Elasticity of Megatonne-Kilometer Demand to GDP,,,,,,,,
trde,Transportation Demand,elasticity_trde_pkm_to_gdppc_private_and_public,Elasticity of Passenger-Kilometer Demand per Capita to GDP per Capita,,,,,,,,
trde,Transportation Demand,elasticity_trde_pkm_to_gdppc_regional,Elasticity of Passenger-Kilometer Demand per Capita to GDP per Capita,,,,,,,,
trww,Wastewater Treatment,ef_trww_treated_advanced_aerobic_g_n2o_per_g_n,:math:\text{N}_2\text{O} Wastewater Treatment Emission Factor,,,,g,,,,n2o
trww,Wastewater Treatment,ef_trww_treated_advanced_anaerobic_g_n2o_per_g_n,:math:\text{N}_2\text{O} Wastewater Treatment Emission Factor,,,,g,,,,n2o
trww,Wastewater Treatment,ef_trww_treated_latrine_improved_g_n2o_per_g_n,:math:\text{N}_2\text{O} Wastewater Treatment Emission Factor,,,,g,,,,n2o
trww,Wastewater Treatment,ef_trww_treated_latrine_unimproved_g_n2o_per_g_n,:math:\text{N}_2\text{O} Wastewater Treatment Emission Factor,,,,g,,,,n2o
trww,Wastewater Treatment,ef_trww_treated_primary_g_n2o_per_g_n,:math:\text{N}_2\text{O} Wastewater Treatment Emission Factor,,,,g,,,,n2o
trww,Wastewater Treatment,ef_trww_treated_secondary_aerobic_g_n2o_per_g_n,:math:\text{N}_2\text{O} Wastewater Treatment Emission Factor,,,,g,,,,n2o
trww,Wastewater Treatment,ef_trww_treated_secondary_anaerobic_g_n2o_per_g_n,:math:\text{N}_2\text{O} Wastewater Treatment Emission Factor,,,,g,,,,n2o
trww,Wastewater Treatment,ef_trww_treated_septic_g_n2o_per_g_n,:math:\text{N}_2\text{O} Wastewater Treatment Emission Factor,,,,g,,,,n2o
trww,Wastewater Treatment,ef_trww_untreated_no_sewerage_g_n2o_per_g_n,:math:\text{N}_2\text{O} Wastewater Treatment Emission Factor,,,,g,,,,n2o
trww,Wastewater Treatment,ef_trww_untreated_with_sewerage_g_n2o_per_g_n,:math:\text{N}_2\text{O} Wastewater Treatment Emission Factor,,,,g,,,,n2o
trww,Wastewater Treatment,frac_sludge_compliant_treated_septic,Septic Sludge Compliance Fraction,,,,,,,,
trww,Wastewater Treatment,frac_trww_n_removed_treated_advanced_aerobic,Fraction of Nitrogen Removed in Treatment,,,,,,,,
trww,Wastewater Treatment,frac_trww_n_removed_treated_advanced_anaerobic,Fraction of Nitrogen Removed in Treatment,,,,,,,,
trww,Wastewater Treatment,frac_trww_n_removed_treated_latrine_improved,Fraction of Nitrogen Removed in Treatment,,,,,,,,
trww,Wastewater Treatment,frac_trww_n_removed_treated_latrine_unimproved,Fraction of Nitrogen Removed in Treatment,,,,,,,,
trww,Wastewater Treatment,frac_trww_n_removed_treated_primary,Fraction of Nitrogen Removed in Treatment,,,,,,,,
trww,Wastewater Treatment,frac_trww_n_removed_treated_secondary_aerobic,Fraction of Nitrogen Removed in Treatment,,,,,,,,
trww,Wastewater Treatment,frac_trww_n_removed_treated_secondary_anaerobic,Fraction of Nitrogen Removed in Treatment,,,,,,,,
trww,Wastewater Treatment,frac_trww_n_removed_treated_septic,Fraction of Nitrogen Removed in Treatment,,,,,,,,
trww,Wastewater Treatment,frac_trww_n_removed_untreated_no_sewerage,Fraction of Nitrogen Removed in Treatment,,,,,,,,
trww,Wastewater Treatment,frac_trww_n_removed_untreated_with_sewerage,Fraction of Nitrogen Removed in Treatment,,,,,,,,
trww,Wastewater Treatment,frac_trww_p_removed_treated_advanced_aerobic,Fraction of Phosphorous Removed in Treatment,,,,,,,,
trww,Wastewater Treatment,frac_trww_p_removed_treated_advanced_anaerobic,Fraction of Phosphorous Removed in Treatment,,,,,,,,
trww,Wastewater Treatment,frac_trww_p_removed_treated_latrine_improved,Fraction of Phosphorous Removed in Treatment,,,,,,,,
trww,Wastewater Treatment,frac_trww_p_removed_treated_latrine_unimproved,Fraction of Phosphorous Removed in Treatment,,,,,,,,
trww,Wastewater Treatment,frac_trww_p_removed_treated_primary,Fraction of Phosphorous Removed in Treatment,,,,,,,,
trww,Wastewater Treatment,frac_trww_p_removed_treated_secondary_aerobic,Fraction of Phosphorous Removed in Treatment,,,,,,,,
trww,Wastewater Treatment,frac_trww_p_removed_treated_secondary_anaerobic,Fraction of Phosphorous Removed in Treatment,,,,,,,,
trww,Wastewater Treatment,frac_trww_p_removed_treated_septic,Fraction of Phosphorous Removed in Treatment,,,,,,,,
trww,Wastewater Treatment,frac_trww_p_removed_untreated_no_sewerage,Fraction of Phosphorous Removed in Treatment,,,,,,,,
trww,Wastewater Treatment,frac_trww_p_removed_untreated_with_sewerage,Fraction of Phosphorous Removed in Treatment,,,,,,,,
trww,Wastewater Treatment,frac_trww_tow_removed_treated_advanced_aerobic,Fraction of Total Organic Waste Removed in Treatment,,,,,,,,
trww,Wastewater Treatment,frac_trww_tow_removed_treated_advanced_anaerobic,Fraction of Total Organic Waste Removed in Treatment,,,,,,,,
trww,Wastewater Treatment,frac_trww_tow_removed_treated_latrine_improved,Fraction of Total Organic Waste Removed in Treatment,,,,,,,,
trww,Wastewater Treatment,frac_trww_tow_removed_treated_latrine_unimproved,Fraction of Total Organic Waste Removed in Treatment,,,,,,,,
trww,Wastewater Treatment,frac_trww_tow_removed_treated_primary,Fraction of Total Organic Waste Removed in Treatment,,,,,,,,
trww,Wastewater Treatment,frac_trww_tow_removed_treated_secondary_aerobic,Fraction of Total Organic Waste Removed in Treatment,,,,,,,,
trww,Wastewater Treatment,frac_trww_tow_removed_treated_secondary_anaerobic,Fraction of Total Organic Waste Removed in Treatment,,,,,,,,
trww,Wastewater Treatment,frac_trww_tow_removed_treated_septic,Fraction of Total Organic Waste Removed in Treatment,,,,,,,,
trww,Wastewater Treatment,frac_trww_tow_removed_untreated_no_sewerage,Fraction of Total Organic Waste Removed in Treatment,,,,,,,,
trww,Wastewater Treatment,frac_trww_tow_removed_untreated_with_sewerage,Fraction of Total Organic Waste Removed in Treatment,,,,,,,,
trww,Wastewater Treatment,gasrf_trww_biogas_treated_advanced_aerobic,Biogas Recovery Factor at Wastewater Treatment Plants,,,,,,,,
trww,Wastewater Treatment,gasrf_trww_biogas_treated_advanced_anaerobic,Biogas Recovery Factor at Wastewater Treatment Plants,,,,,,,,
trww,Wastewater Treatment,gasrf_trww_biogas_treated_secondary_aerobic,Biogas Recovery Factor at Wastewater Treatment Plants,,,,,,,,
trww,Wastewater Treatment,gasrf_trww_biogas_treated_secondary_anaerobic,Biogas Recovery Factor at Wastewater Treatment Plants,,,,,,,,
trww,Wastewater Treatment,mcf_trww_treated_advanced_aerobic,Wastewater Treatment Methane Correction Factor,,,,,,,,
trww,Wastewater Treatment,mcf_trww_treated_advanced_anaerobic,Wastewater Treatment Methane Correction Factor,,,,,,,,
trww,Wastewater Treatment,mcf_trww_treated_latrine_improved,Wastewater Treatment Methane Correction Factor,,,,,,,,
trww,Wastewater Treatment,mcf_trww_treated_latrine_unimproved,Wastewater Treatment Methane Correction Factor,,,,,,,,
trww,Wastewater Treatment,mcf_trww_treated_primary,Wastewater Treatment Methane Correction Factor,,,,,,,,
trww,Wastewater Treatment,mcf_trww_treated_secondary_aerobic,Wastewater Treatment Methane Correction Factor,,,,,,,,
trww,Wastewater Treatment,mcf_trww_treated_secondary_anaerobic,Wastewater Treatment Methane Correction Factor,,,,,,,,
trww,Wastewater Treatment,mcf_trww_treated_septic,Wastewater Treatment Methane Correction Factor,,,,,,,,
trww,Wastewater Treatment,mcf_trww_untreated_no_sewerage,Wastewater Treatment Methane Correction Factor,,,,,,,,
trww,Wastewater Treatment,mcf_trww_untreated_with_sewerage,Wastewater Treatment Methane Correction Factor,,,,,,,,
trww,Wastewater Treatment,physparam_krem_sludge_factor_treated_advanced_aerobic,:math:\text{K}_{REM} Sludge Factor,,,,,,,,
trww,Wastewater Treatment,physparam_krem_sludge_factor_treated_secondary_aerobic,:math:\text{K}_{REM} Sludge Factor,,,,,,,,
