transformation_code,variable,variable_field
TX:AGRC:DEC_LOSSES_SUPPLY_CHAIN,Crop Demand,demand_agrc_cereals_tonne
TX:AGRC:DEC_LOSSES_SUPPLY_CHAIN,Crop Demand,demand_agrc_fruits_tonne
TX:AGRC:DEC_LOSSES_SUPPLY_CHAIN,Crop Demand,demand_agrc_nuts_tonne
TX:AGRC:DEC_LOSSES_SUPPLY_CHAIN,Crop Demand,demand_agrc_pulses_tonne
TX:AGRC:DEC_LOSSES_SUPPLY_CHAIN,Crop Demand,demand_agrc_tubers_tonne
TX:AGRC:DEC_LOSSES_SUPPLY_CHAIN,Crop Demand,demand_agrc_vegetables_and_vines_tonne
TX:AGRC:DEC_LOSSES_SUPPLY_CHAIN,:math:\text{CH}_4 Emissions from Anaerobic Biogas,emission_co2e_ch4_waso_biogas_food
TX:AGRC:DEC_LOSSES_SUPPLY_CHAIN,:math:\text{CH}_4 Emissions from Composting,emission_co2e_ch4_waso_compost_food
TX:AGRC:DEC_LOSSES_SUPPLY_CHAIN,:math:\text{CH}_4 Emissions from Incineration,emission_co2e_ch4_waso_incineration
TX:AGRC:DEC_LOSSES_SUPPLY_CHAIN,:math:\text{CH}_4 Emissions from Open Dumping,emission_co2e_ch4_waso_open_dump_food
TX:AGRC:DEC_LOSSES_SUPPLY_CHAIN,:math:\text{N}_2\text{O} Emissions from Composting,emission_co2e_n2o_waso_compost_food
TX:AGRC:DEC_LOSSES_SUPPLY_CHAIN,:math:\text{N}_2\text{O} Emissions from Incineration,emission_co2e_n2o_waso_incineration
TX:AGRC:DEC_LOSSES_SUPPLY_CHAIN,emission_co2e_subsector_total_waso,emission_co2e_subsector_total_waso
TX:AGRC:DEC_LOSSES_SUPPLY_CHAIN,Adjusted Agriculture Equivalent Exports,exportsadj_agrc_cereals_tonne
TX:AGRC:DEC_LOSSES_SUPPLY_CHAIN,Adjusted Agriculture Equivalent Exports,exportsadj_agrc_fruits_tonne
TX:AGRC:DEC_LOSSES_SUPPLY_CHAIN,Adjusted Agriculture Equivalent Exports,exportsadj_agrc_nuts_tonne
TX:AGRC:DEC_LOSSES_SUPPLY_CHAIN,Adjusted Agriculture Equivalent Exports,exportsadj_agrc_pulses_tonne
TX:AGRC:DEC_LOSSES_SUPPLY_CHAIN,Adjusted Agriculture Equivalent Exports,exportsadj_agrc_tubers_tonne
TX:AGRC:DEC_LOSSES_SUPPLY_CHAIN,Adjusted Agriculture Equivalent Exports,exportsadj_agrc_vegetables_and_vines_tonne
TX:AGRC:DEC_LOSSES_SUPPLY_CHAIN,Biogas Recovered from Anaerobic Facilities,gasrecovered_waso_biogas_anaerobic_tonne
TX:AGRC:DEC_LOSSES_SUPPLY_CHAIN,Total Food Loss Sent to Municipal Solid Waste,qty_agrc_food_produced_lost_sent_to_msw_tonne
TX:AGRC:DEC_LOSSES_SUPPLY_CHAIN,Total Food Produced Lost Before Consumption,qty_agrc_total_food_produced_lost_tonne
TX:AGRC:DEC_LOSSES_SUPPLY_CHAIN,Total Waste Anaerobic Biogas,qty_waso_biogas_food_tonne
TX:AGRC:DEC_LOSSES_SUPPLY_CHAIN,Total Waste Composted,qty_waso_compost_food_tonne
TX:AGRC:DEC_LOSSES_SUPPLY_CHAIN,Total Waste Incinerated,qty_waso_incinerated_food_tonne
TX:AGRC:DEC_LOSSES_SUPPLY_CHAIN,Total MSW Recovered for Energy,qty_waso_msw_recovered_for_energy_incineration_tonne
TX:AGRC:DEC_LOSSES_SUPPLY_CHAIN,Total Waste Open Dumped,qty_waso_open_dump_food_tonne
TX:AGRC:DEC_LOSSES_SUPPLY_CHAIN,Total Solid Waste Produced,qty_waso_total_food_produced_tonne
TX:AGRC:INC_CONSERVATION_AGRICULTURE,Area of Improved Land,area_lndu_improved_croplands
TX:AGRC:INC_CONSERVATION_AGRICULTURE,:math:\text{CH}_4 Emissions from Biomass Burning,emission_co2e_ch4_agrc_biomass_burning
TX:AGRC:INC_CONSERVATION_AGRICULTURE,:math:\text{CO}_2 Emissions from Soil Carbon in Mineral Soils,emission_co2e_co2_soil_soc_mineral_soils
TX:AGRC:INC_CONSERVATION_AGRICULTURE,:math:\text{N}_2\text{O} Emissions from Biomass Burning,emission_co2e_n2o_agrc_biomass_burning
TX:AGRC:INC_CONSERVATION_AGRICULTURE,:math:\text{N}_2\text{O} Emissions from Crop Residues,emission_co2e_n2o_agrc_crop_residues
TX:AGRC:INC_CONSERVATION_AGRICULTURE,:math:\text{N}_2\text{O} Emissions from Mineral Soils,emission_co2e_n2o_soil_mineral_soils
TX:AGRC:INC_CONSERVATION_AGRICULTURE,emission_co2e_subsector_total_agrc,emission_co2e_subsector_total_agrc
TX:AGRC:INC_CONSERVATION_AGRICULTURE,emission_co2e_subsector_total_soil,emission_co2e_subsector_total_soil
TX:AGRC:INC_PRODUCTIVITY,:math:\text{CH}_4 Emissions from Biomass Burning,emission_co2e_ch4_agrc_biomass_burning
TX:AGRC:INC_PRODUCTIVITY,:math:\text{CH}_4 Emissions from Industrial Energy,emission_co2e_ch4_inen_agriculture_and_livestock
TX:AGRC:INC_PRODUCTIVITY,:math:\text{CO}_2 Biomass Emissions from Industrial Energy,emission_co2e_co2_inen_bmass_agriculture_and_livestock
TX:AGRC:INC_PRODUCTIVITY,:math:\text{CO}_2 Non-Biomass Emissions from Industrial Energy,emission_co2e_co2_inen_nbmass_agriculture_and_livestock
TX:AGRC:INC_PRODUCTIVITY,:math:\text{N}_2\text{O} Emissions from Biomass Burning,emission_co2e_n2o_agrc_biomass_burning
TX:AGRC:INC_PRODUCTIVITY,:math:\text{N}_2\text{O} Emissions from Crop Residues,emission_co2e_n2o_agrc_crop_residues
TX:AGRC:INC_PRODUCTIVITY,:math:\text{N}_2\text{O} Emissions from Industrial Energy,emission_co2e_n2o_inen_agriculture_and_livestock
TX:AGRC:INC_PRODUCTIVITY,emission_co2e_subsector_total_agrc,emission_co2e_subsector_total_agrc
TX:AGRC:INC_PRODUCTIVITY,emission_co2e_subsector_total_inen,emission_co2e_subsector_total_inen
TX:AGRC:INC_PRODUCTIVITY,Electrical Energy Consumption from Industrial Energy,energy_consumption_electricity_inen_agriculture_and_livestock
TX:AGRC:INC_PRODUCTIVITY,Total Electrical Energy Consumption from Industrial Energy,energy_consumption_electricity_inen_total
TX:AGRC:INC_PRODUCTIVITY,Energy Consumption from Industrial Energy,energy_consumption_inen_agriculture_and_livestock
TX:AGRC:INC_PRODUCTIVITY,Total Energy Consumption from Industrial Energy,energy_consumption_inen_total
TX:AGRC:INC_PRODUCTIVITY,Energy Demand by Fuel in Industrial Energy,energy_demand_enfu_subsector_total_pj_inen_fuel_biomass
TX:AGRC:INC_PRODUCTIVITY,Energy Demand by Fuel in Industrial Energy,energy_demand_enfu_subsector_total_pj_inen_fuel_coal
TX:AGRC:INC_PRODUCTIVITY,Energy Demand by Fuel in Industrial Energy,energy_demand_enfu_subsector_total_pj_inen_fuel_coke
TX:AGRC:INC_PRODUCTIVITY,Energy Demand by Fuel in Industrial Energy,energy_demand_enfu_subsector_total_pj_inen_fuel_diesel
TX:AGRC:INC_PRODUCTIVITY,Energy Demand by Fuel in Industrial Energy,energy_demand_enfu_subsector_total_pj_inen_fuel_electricity
TX:AGRC:INC_PRODUCTIVITY,Energy Demand by Fuel in Industrial Energy,energy_demand_enfu_subsector_total_pj_inen_fuel_furnace_gas
TX:AGRC:INC_PRODUCTIVITY,Energy Demand by Fuel in Industrial Energy,energy_demand_enfu_subsector_total_pj_inen_fuel_gasoline
TX:AGRC:INC_PRODUCTIVITY,Energy Demand by Fuel in Industrial Energy,energy_demand_enfu_subsector_total_pj_inen_fuel_natural_gas
TX:AGRC:INC_PRODUCTIVITY,Energy Demand by Fuel in Industrial Energy,energy_demand_enfu_subsector_total_pj_inen_fuel_oil
TX:AGRC:INC_PRODUCTIVITY,Energy Demand by Fuel in Industrial Energy,energy_demand_enfu_subsector_total_pj_inen_fuel_solar
TX:AGRC:INC_PRODUCTIVITY,Energy Demand in Industrial Energy,energy_demand_inen_agriculture_and_livestock
TX:AGRC:INC_PRODUCTIVITY,Adjusted Agriculture Equivalent Exports,exportsadj_agrc_cereals_tonne
TX:AGRC:INC_PRODUCTIVITY,Adjusted Agriculture Equivalent Exports,exportsadj_agrc_fruits_tonne
TX:AGRC:INC_PRODUCTIVITY,Adjusted Agriculture Equivalent Exports,exportsadj_agrc_nuts_tonne
TX:AGRC:INC_PRODUCTIVITY,Adjusted Agriculture Equivalent Exports,exportsadj_agrc_pulses_tonne
TX:AGRC:INC_PRODUCTIVITY,Adjusted Agriculture Equivalent Exports,exportsadj_agrc_tubers_tonne
TX:AGRC:INC_PRODUCTIVITY,Adjusted Agriculture Equivalent Exports,exportsadj_agrc_vegetables_and_vines_tonne
TX:AGRC:INC_PRODUCTIVITY,Value of Fuel Consumed in Industrial Energy,totalvalue_enfu_fuel_consumed_inen_fuel_biomass
TX:AGRC:INC_PRODUCTIVITY,Value of Fuel Consumed in Industrial Energy,totalvalue_enfu_fuel_consumed_inen_fuel_coal
TX:AGRC:INC_PRODUCTIVITY,Value of Fuel Consumed in Industrial Energy,totalvalue_enfu_fuel_consumed_inen_fuel_coke
TX:AGRC:INC_PRODUCTIVITY,Value of Fuel Consumed in Industrial Energy,totalvalue_enfu_fuel_consumed_inen_fuel_diesel
TX:AGRC:INC_PRODUCTIVITY,Value of Fuel Consumed in Industrial Energy,totalvalue_enfu_fuel_consumed_inen_fuel_electricity
TX:AGRC:INC_PRODUCTIVITY,Value of Fuel Consumed in Industrial Energy,totalvalue_enfu_fuel_consumed_inen_fuel_furnace_gas
TX:AGRC:INC_PRODUCTIVITY,Value of Fuel Consumed in Industrial Energy,totalvalue_enfu_fuel_consumed_inen_fuel_gasoline
TX:AGRC:INC_PRODUCTIVITY,Value of Fuel Consumed in Industrial Energy,totalvalue_enfu_fuel_consumed_inen_fuel_natural_gas
TX:AGRC:INC_PRODUCTIVITY,Value of Fuel Consumed in Industrial Energy,totalvalue_enfu_fuel_consumed_inen_fuel_oil
TX:AGRC:INC_PRODUCTIVITY,Crop Yield,yield_agrc_cereals_tonne
TX:AGRC:INC_PRODUCTIVITY,Crop Yield,yield_agrc_fruits_tonne
TX:AGRC:INC_PRODUCTIVITY,Crop Yield,yield_agrc_nuts_tonne
TX:AGRC:INC_PRODUCTIVITY,Crop Yield,yield_agrc_pulses_tonne
TX:AGRC:INC_PRODUCTIVITY,Crop Yield,yield_agrc_tubers_tonne
TX:AGRC:INC_PRODUCTIVITY,Crop Yield,yield_agrc_vegetables_and_vines_tonne
TX:CCSQ:INC_CAPTURE,:math:\text{CH}_4 Emissions from CCSQ,emission_co2e_ch4_ccsq_direct_air_capture
TX:CCSQ:INC_CAPTURE,:math:\text{CO}_2 Emissions from CCSQ,emission_co2e_co2_ccsq_direct_air_capture
TX:CCSQ:INC_CAPTURE,:math:\text{N}_2\text{O} Emissions from CCSQ,emission_co2e_n2o_ccsq_direct_air_capture
TX:CCSQ:INC_CAPTURE,emission_co2e_subsector_total_ccsq,emission_co2e_subsector_total_ccsq
TX:CCSQ:INC_CAPTURE,Energy Consumption from CCSQ,energy_consumption_ccsq_direct_air_capture
TX:CCSQ:INC_CAPTURE,Total Energy Consumption from CCSQ,energy_consumption_ccsq_total
TX:CCSQ:INC_CAPTURE,Electrical Energy Consumption from CCSQ,energy_consumption_electricity_ccsq_direct_air_capture
TX:CCSQ:INC_CAPTURE,Total Electrical Energy Consumption from CCSQ,energy_consumption_electricity_ccsq_total
TX:CCSQ:INC_CAPTURE,Energy Demand by Fuel in CCSQ,energy_demand_enfu_subsector_total_pj_ccsq_fuel_electricity
TX:CCSQ:INC_CAPTURE,Energy Demand by Fuel in CCSQ,energy_demand_enfu_subsector_total_pj_ccsq_fuel_geothermal
TX:CCSQ:INC_CAPTURE,Energy Demand by Fuel in CCSQ,energy_demand_enfu_subsector_total_pj_ccsq_fuel_hydrogen
TX:CCSQ:INC_CAPTURE,Energy Demand by Fuel in CCSQ,energy_demand_enfu_subsector_total_pj_ccsq_fuel_natural_gas
TX:CCSQ:INC_CAPTURE,Value of Fuel Consumed in CCSQ,totalvalue_enfu_fuel_consumed_ccsq_fuel_electricity
TX:CCSQ:INC_CAPTURE,Value of Fuel Consumed in CCSQ,totalvalue_enfu_fuel_consumed_ccsq_fuel_hydrogen
TX:CCSQ:INC_CAPTURE,Value of Fuel Consumed in CCSQ,totalvalue_enfu_fuel_consumed_ccsq_fuel_natural_gas
TX:FRST:INCREASE_SEQUESTRATION,:math:\text{CO}_2 Emissions from Forest Biomass Sequestration,emission_co2e_co2_frst_sequestration_secondary
TX:FRST:INCREASE_SEQUESTRATION,emission_co2e_subsector_total_frst,emission_co2e_subsector_total_frst
TX:INEN:INC_EFFICIENCY_ENERGY,:math:\text{CH}_4 Emissions from Industrial Energy,emission_co2e_ch4_inen_agriculture_and_livestock
TX:INEN:INC_EFFICIENCY_ENERGY,:math:\text{CH}_4 Emissions from Industrial Energy,emission_co2e_ch4_inen_cement
TX:INEN:INC_EFFICIENCY_ENERGY,:math:\text{CH}_4 Emissions from Industrial Energy,emission_co2e_ch4_inen_chemicals
TX:INEN:INC_EFFICIENCY_ENERGY,:math:\text{CH}_4 Emissions from Industrial Energy,emission_co2e_ch4_inen_electronics
TX:INEN:INC_EFFICIENCY_ENERGY,:math:\text{CH}_4 Emissions from Industrial Energy,emission_co2e_ch4_inen_glass
TX:INEN:INC_EFFICIENCY_ENERGY,:math:\text{CH}_4 Emissions from Industrial Energy,emission_co2e_ch4_inen_lime_and_carbonite
TX:INEN:INC_EFFICIENCY_ENERGY,:math:\text{CH}_4 Emissions from Industrial Energy,emission_co2e_ch4_inen_metals
TX:INEN:INC_EFFICIENCY_ENERGY,:math:\text{CH}_4 Emissions from Industrial Energy,emission_co2e_ch4_inen_mining
TX:INEN:INC_EFFICIENCY_ENERGY,:math:\text{CH}_4 Emissions from Industrial Energy,emission_co2e_ch4_inen_other_product_manufacturing
TX:INEN:INC_EFFICIENCY_ENERGY,:math:\text{CH}_4 Emissions from Industrial Energy,emission_co2e_ch4_inen_paper
TX:INEN:INC_EFFICIENCY_ENERGY,:math:\text{CH}_4 Emissions from Industrial Energy,emission_co2e_ch4_inen_plastic
TX:INEN:INC_EFFICIENCY_ENERGY,:math:\text{CH}_4 Emissions from Industrial Energy,emission_co2e_ch4_inen_textiles
TX:INEN:INC_EFFICIENCY_ENERGY,:math:\text{CH}_4 Emissions from Industrial Energy,emission_co2e_ch4_inen_wood
TX:INEN:INC_EFFICIENCY_ENERGY,:math:\text{CO}_2 Biomass Emissions from Industrial Energy,emission_co2e_co2_inen_bmass_agriculture_and_livestock
TX:INEN:INC_EFFICIENCY_ENERGY,:math:\text{CO}_2 Biomass Emissions from Industrial Energy,emission_co2e_co2_inen_bmass_cement
TX:INEN:INC_EFFICIENCY_ENERGY,:math:\text{CO}_2 Biomass Emissions from Industrial Energy,emission_co2e_co2_inen_bmass_chemicals
TX:INEN:INC_EFFICIENCY_ENERGY,:math:\text{CO}_2 Biomass Emissions from Industrial Energy,emission_co2e_co2_inen_bmass_electronics
TX:INEN:INC_EFFICIENCY_ENERGY,:math:\text{CO}_2 Biomass Emissions from Industrial Energy,emission_co2e_co2_inen_bmass_glass
TX:INEN:INC_EFFICIENCY_ENERGY,:math:\text{CO}_2 Biomass Emissions from Industrial Energy,emission_co2e_co2_inen_bmass_lime_and_carbonite
TX:INEN:INC_EFFICIENCY_ENERGY,:math:\text{CO}_2 Biomass Emissions from Industrial Energy,emission_co2e_co2_inen_bmass_metals
TX:INEN:INC_EFFICIENCY_ENERGY,:math:\text{CO}_2 Biomass Emissions from Industrial Energy,emission_co2e_co2_inen_bmass_mining
TX:INEN:INC_EFFICIENCY_ENERGY,:math:\text{CO}_2 Biomass Emissions from Industrial Energy,emission_co2e_co2_inen_bmass_other_product_manufacturing
TX:INEN:INC_EFFICIENCY_ENERGY,:math:\text{CO}_2 Biomass Emissions from Industrial Energy,emission_co2e_co2_inen_bmass_paper
TX:INEN:INC_EFFICIENCY_ENERGY,:math:\text{CO}_2 Biomass Emissions from Industrial Energy,emission_co2e_co2_inen_bmass_plastic
TX:INEN:INC_EFFICIENCY_ENERGY,:math:\text{CO}_2 Biomass Emissions from Industrial Energy,emission_co2e_co2_inen_bmass_textiles
TX:INEN:INC_EFFICIENCY_ENERGY,:math:\text{CO}_2 Biomass Emissions from Industrial Energy,emission_co2e_co2_inen_bmass_wood
TX:INEN:INC_EFFICIENCY_ENERGY,:math:\text{CO}_2 Non-Biomass Emissions from Industrial Energy,emission_co2e_co2_inen_nbmass_agriculture_and_livestock
TX:INEN:INC_EFFICIENCY_ENERGY,:math:\text{CO}_2 Non-Biomass Emissions from Industrial Energy,emission_co2e_co2_inen_nbmass_cement
TX:INEN:INC_EFFICIENCY_ENERGY,:math:\text{CO}_2 Non-Biomass Emissions from Industrial Energy,emission_co2e_co2_inen_nbmass_chemicals
TX:INEN:INC_EFFICIENCY_ENERGY,:math:\text{CO}_2 Non-Biomass Emissions from Industrial Energy,emission_co2e_co2_inen_nbmass_electronics
TX:INEN:INC_EFFICIENCY_ENERGY,:math:\text{CO}_2 Non-Biomass Emissions from Industrial Energy,emission_co2e_co2_inen_nbmass_glass
TX:INEN:INC_EFFICIENCY_ENERGY,:math:\text{CO}_2 Non-Biomass Emissions from Industrial Energy,emission_co2e_co2_inen_nbmass_lime_and_carbonite
TX:INEN:INC_EFFICIENCY_ENERGY,:math:\text{CO}_2 Non-Biomass Emissions from Industrial Energy,emission_co2e_co2_inen_nbmass_metals
TX:INEN:INC_EFFICIENCY_ENERGY,:math:\text{CO}_2 Non-Biomass Emissions from Industrial Energy,emission_co2e_co2_inen_nbmass_mining
TX:INEN:INC_EFFICIENCY_ENERGY,:math:\text{CO}_2 Non-Biomass Emissions from Industrial Energy,emission_co2e_co2_inen_nbmass_other_product_manufacturing
TX:INEN:INC_EFFICIENCY_ENERGY,:math:\text{CO}_2 Non-Biomass Emissions from Industrial Energy,emission_co2e_co2_inen_nbmass_paper
TX:INEN:INC_EFFICIENCY_ENERGY,:math:\text{CO}_2 Non-Biomass Emissions from Industrial Energy,emission_co2e_co2_inen_nbmass_plastic
TX:INEN:INC_EFFICIENCY_ENERGY,:math:\text{CO}_2 Non-Biomass Emissions from Industrial Energy,emission_co2e_co2_inen_nbmass_textiles
TX:INEN:INC_EFFICIENCY_ENERGY,:math:\text{CO}_2 Non-Biomass Emissions from Industrial Energy,emission_co2e_co2_inen_nbmass_wood
TX:INEN:INC_EFFICIENCY_ENERGY,:math:\text{N}_2\text{O} Emissions from Industrial Energy,emission_co2e_n2o_inen_agriculture_and_livestock
TX:INEN:INC_EFFICIENCY_ENERGY,:math:\text{N}_2\text{O} Emissions from Industrial Energy,emission_co2e_n2o_inen_cement
TX:INEN:INC_EFFICIENCY_ENERGY,:math:\text{N}_2\text{O} Emissions from Industrial Energy,emission_co2e_n2o_inen_chemicals
TX:INEN:INC_EFFICIENCY_ENERGY,:math:\text{N}_2\text{O} Emissions from Industrial Energy,emission_co2e_n2o_inen_electronics
TX:INEN:INC_EFFICIENCY_ENERGY,:math:\text{N}_2\text{O} Emissions from Industrial Energy,emission_co2e_n2o_inen_glass
TX:INEN:INC_EFFICIENCY_ENERGY,:math:\text{N}_2\text{O} Emissions from Industrial Energy,emission_co2e_n2o_inen_lime_and_carbonite
TX:INEN:INC_EFFICIENCY_ENERGY,:math:\text{N}_2\text{O} Emissions from Industrial Energy,emission_co2e_n2o_inen_metals
TX:INEN:INC_EFFICIENCY_ENERGY,:math:\text{N}_2\text{O} Emissions from Industrial Energy,emission_co2e_n2o_inen_mining
TX:INEN:INC_EFFICIENCY_ENERGY,:math:\text{N}_2\text{O} Emissions from Industrial Energy,emission_co2e_n2o_inen_other_product_manufacturing
TX:INEN:INC_EFFICIENCY_ENERGY,:math:\text{N}_2\text{O} Emissions from Industrial Energy,emission_co2e_n2o_inen_paper
TX:INEN:INC_EFFICIENCY_ENERGY,:math:\text{N}_2\text{O} Emissions from Industrial Energy,emission_co2e_n2o_inen_plastic
TX:INEN:INC_EFFICIENCY_ENERGY,:math:\text{N}_2\text{O} Emissions from Industrial Energy,emission_co2e_n2o_inen_textiles
TX:INEN:INC_EFFICIENCY_ENERGY,:math:\text{N}_2\text{O} Emissions from Industrial Energy,emission_co2e_n2o_inen_wood
TX:INEN:INC_EFFICIENCY_ENERGY,emission_co2e_subsector_total_inen,emission_co2e_subsector_total_inen
TX:INEN:INC_EFFICIENCY_ENERGY,Electrical Energy Consumption from Industrial Energy,energy_consumption_electricity_inen_agriculture_and_livestock
TX:INEN:INC_EFFICIENCY_ENERGY,Electrical Energy Consumption from Industrial Energy,energy_consumption_electricity_inen_cement
TX:INEN:INC_EFFICIENCY_ENERGY,Electrical Energy Consumption from Industrial Energy,energy_consumption_electricity_inen_chemicals
TX:INEN:INC_EFFICIENCY_ENERGY,Electrical Energy Consumption from Industrial Energy,energy_consumption_electricity_inen_electronics
TX:INEN:INC_EFFICIENCY_ENERGY,Electrical Energy Consumption from Industrial Energy,energy_consumption_electricity_inen_glass
TX:INEN:INC_EFFICIENCY_ENERGY,Electrical Energy Consumption from Industrial Energy,energy_consumption_electricity_inen_lime_and_carbonite
TX:INEN:INC_EFFICIENCY_ENERGY,Electrical Energy Consumption from Industrial Energy,energy_consumption_electricity_inen_metals
TX:INEN:INC_EFFICIENCY_ENERGY,Electrical Energy Consumption from Industrial Energy,energy_consumption_electricity_inen_mining
TX:INEN:INC_EFFICIENCY_ENERGY,Electrical Energy Consumption from Industrial Energy,energy_consumption_electricity_inen_other_product_manufacturing
TX:INEN:INC_EFFICIENCY_ENERGY,Electrical Energy Consumption from Industrial Energy,energy_consumption_electricity_inen_paper
TX:INEN:INC_EFFICIENCY_ENERGY,Electrical Energy Consumption from Industrial Energy,energy_consumption_electricity_inen_plastic
TX:INEN:INC_EFFICIENCY_ENERGY,Electrical Energy Consumption from Industrial Energy,energy_consumption_electricity_inen_textiles
TX:INEN:INC_EFFICIENCY_ENERGY,Total Electrical Energy Consumption from Industrial Energy,energy_consumption_electricity_inen_total
TX:INEN:INC_EFFICIENCY_ENERGY,Electrical Energy Consumption from Industrial Energy,energy_consumption_electricity_inen_wood
TX:INEN:INC_EFFICIENCY_ENERGY,Energy Consumption from Industrial Energy,energy_consumption_inen_agriculture_and_livestock
TX:INEN:INC_EFFICIENCY_ENERGY,Energy Consumption from Industrial Energy,energy_consumption_inen_cement
TX:INEN:INC_EFFICIENCY_ENERGY,Energy Consumption from Industrial Energy,energy_consumption_inen_chemicals
TX:INEN:INC_EFFICIENCY_ENERGY,Energy Consumption from Industrial Energy,energy_consumption_inen_electronics
TX:INEN:INC_EFFICIENCY_ENERGY,Energy Consumption from Industrial Energy,energy_consumption_inen_glass
TX:INEN:INC_EFFICIENCY_ENERGY,Energy Consumption from Industrial Energy,energy_consumption_inen_lime_and_carbonite
TX:INEN:INC_EFFICIENCY_ENERGY,Energy Consumption from Industrial Energy,energy_consumption_inen_metals
TX:INEN:INC_EFFICIENCY_ENERGY,Energy Consumption from Industrial Energy,energy_consumption_inen_mining
TX:INEN:INC_EFFICIENCY_ENERGY,Energy Consumption from Industrial Energy,energy_consumption_inen_other_product_manufacturing
TX:INEN:INC_EFFICIENCY_ENERGY,Energy Consumption from Industrial Energy,energy_consumption_inen_paper
TX:INEN:INC_EFFICIENCY_ENERGY,Energy Consumption from Industrial Energy,energy_consumption_inen_plastic
TX:INEN:INC_EFFICIENCY_ENERGY,Energy Consumption from Industrial Energy,energy_consumption_inen_textiles
TX:INEN:INC_EFFICIENCY_ENERGY,Total Energy Consumption from Industrial Energy,energy_consumption_inen_total
TX:INEN:INC_EFFICIENCY_ENERGY,Energy Consumption from Industrial Energy,energy_consumption_inen_wood
TX:INEN:INC_EFFICIENCY_ENERGY,Energy Demand by Fuel in Industrial Energy,energy_demand_enfu_subsector_total_pj_inen_fuel_biomass
TX:INEN:INC_EFFICIENCY_ENERGY,Energy Demand by Fuel in Industrial Energy,energy_demand_enfu_subsector_total_pj_inen_fuel_coal
TX:INEN:INC_EFFICIENCY_ENERGY,Energy Demand by Fuel in Industrial Energy,energy_demand_enfu_subsector_total_pj_inen_fuel_coke
TX:INEN:INC_EFFICIENCY_ENERGY,Energy Demand by Fuel in Industrial Energy,energy_demand_enfu_subsector_total_pj_inen_fuel_diesel
TX:INEN:INC_EFFICIENCY_ENERGY,Energy Demand by Fuel in Industrial Energy,energy_demand_enfu_subsector_total_pj_inen_fuel_electricity
TX:INEN:INC_EFFICIENCY_ENERGY,Energy Demand by Fuel in Industrial Energy,energy_demand_enfu_subsector_total_pj_inen_fuel_furnace_gas
TX:INEN:INC_EFFICIENCY_ENERGY,Energy Demand by Fuel in Industrial Energy,energy_demand_enfu_subsector_total_pj_inen_fuel_gasoline
TX:INEN:INC_EFFICIENCY_ENERGY,Energy Demand by Fuel in Industrial Energy,energy_demand_enfu_subsector_total_pj_inen_fuel_natural_gas
TX:INEN:INC_EFFICIENCY_ENERGY,Energy Demand by Fuel in Industrial Energy,energy_demand_enfu_subsector_total_pj_inen_fuel_oil
TX:INEN:INC_EFFICIENCY_ENERGY,Energy Demand by Fuel in Industrial Energy,energy_demand_enfu_subsector_total_pj_inen_fuel_solar
TX:INEN:INC_EFFICIENCY_ENERGY,Value of Fuel Consumed in Industrial Energy,totalvalue_enfu_fuel_consumed_inen_fuel_biomass
TX:INEN:INC_EFFICIENCY_ENERGY,Value of Fuel Consumed in Industrial Energy,totalvalue_enfu_fuel_consumed_inen_fuel_coal
TX:INEN:INC_EFFICIENCY_ENERGY,Value of Fuel Consumed in Industrial Energy,totalvalue_enfu_fuel_consumed_inen_fuel_coke
TX:INEN:INC_EFFICIENCY_ENERGY,Value of Fuel Consumed in Industrial Energy,totalvalue_enfu_fuel_consumed_inen_fuel_diesel
TX:INEN:INC_EFFICIENCY_ENERGY,Value of Fuel Consumed in Industrial Energy,totalvalue_enfu_fuel_consumed_inen_fuel_electricity
TX:INEN:INC_EFFICIENCY_ENERGY,Value of Fuel Consumed in Industrial Energy,totalvalue_enfu_fuel_consumed_inen_fuel_furnace_gas
TX:INEN:INC_EFFICIENCY_ENERGY,Value of Fuel Consumed in Industrial Energy,totalvalue_enfu_fuel_consumed_inen_fuel_gasoline
TX:INEN:INC_EFFICIENCY_ENERGY,Value of Fuel Consumed in Industrial Energy,totalvalue_enfu_fuel_consumed_inen_fuel_natural_gas
TX:INEN:INC_EFFICIENCY_ENERGY,Value of Fuel Consumed in Industrial Energy,totalvalue_enfu_fuel_consumed_inen_fuel_oil
TX:INEN:INC_EFFICIENCY_ENERGY_STRATEGY_CONDITIONAL,:math:\text{CH}_4 Emissions from Industrial Energy,emission_co2e_ch4_inen_agriculture_and_livestock
TX:INEN:INC_EFFICIENCY_ENERGY_STRATEGY_CONDITIONAL,:math:\text{CH}_4 Emissions from Industrial Energy,emission_co2e_ch4_inen_cement
TX:INEN:INC_EFFICIENCY_ENERGY_STRATEGY_CONDITIONAL,:math:\text{CH}_4 Emissions from Industrial Energy,emission_co2e_ch4_inen_chemicals
TX:INEN:INC_EFFICIENCY_ENERGY_STRATEGY_CONDITIONAL,:math:\text{CH}_4 Emissions from Industrial Energy,emission_co2e_ch4_inen_electronics
TX:INEN:INC_EFFICIENCY_ENERGY_STRATEGY_CONDITIONAL,:math:\text{CH}_4 Emissions from Industrial Energy,emission_co2e_ch4_inen_glass
TX:INEN:INC_EFFICIENCY_ENERGY_STRATEGY_CONDITIONAL,:math:\text{CH}_4 Emissions from Industrial Energy,emission_co2e_ch4_inen_lime_and_carbonite
TX:INEN:INC_EFFICIENCY_ENERGY_STRATEGY_CONDITIONAL,:math:\text{CH}_4 Emissions from Industrial Energy,emission_co2e_ch4_inen_metals
TX:INEN:INC_EFFICIENCY_ENERGY_STRATEGY_CONDITIONAL,:math:\text{CH}_4 Emissions from Industrial Energy,emission_co2e_ch4_inen_mining
TX:INEN:INC_EFFICIENCY_ENERGY_STRATEGY_CONDITIONAL,:math:\text{CH}_4 Emissions from Industrial Energy,emission_co2e_ch4_inen_other_product_manufacturing
TX:INEN:INC_EFFICIENCY_ENERGY_STRATEGY_CONDITIONAL,:math:\text{CH}_4 Emissions from Industrial Energy,emission_co2e_ch4_inen_paper
TX:INEN:INC_EFFICIENCY_ENERGY_STRATEGY_CONDITIONAL,:math:\text{CH}_4 Emissions from Industrial Energy,emission_co2e_ch4_inen_plastic
TX:INEN:INC_EFFICIENCY_ENERGY_STRATEGY_CONDITIONAL,:math:\text{CH}_4 Emissions from Industrial Energy,emission_co2e_ch4_inen_textiles
TX:INEN:INC_EFFICIENCY_ENERGY_STRATEGY_CONDITIONAL,:math:\text{CH}_4 Emissions from Industrial Energy,emission_co2e_ch4_inen_wood
TX:INEN:INC_EFFICIENCY_ENERGY_STRATEGY_CONDITIONAL,:math:\text{CO}_2 Biomass Emissions from Industrial Energy,emission_co2e_co2_inen_bmass_agriculture_and_livestock
TX:INEN:INC_EFFICIENCY_ENERGY_STRATEGY_CONDITIONAL,:math:\text{CO}_2 Biomass Emissions from Industrial Energy,emission_co2e_co2_inen_bmass_cement
TX:INEN:INC_EFFICIENCY_ENERGY_STRATEGY_CONDITIONAL,:math:\text{CO}_2 Biomass Emissions from Industrial Energy,emission_co2e_co2_inen_bmass_chemicals
TX:INEN:INC_EFFICIENCY_ENERGY_STRATEGY_CONDITIONAL,:math:\text{CO}_2 Biomass Emissions from Industrial Energy,emission_co2e_co2_inen_bmass_electronics
TX:INEN:INC_EFFICIENCY_ENERGY_STRATEGY_CONDITIONAL,:math:\text{CO}_2 Biomass Emissions from Industrial Energy,emission_co2e_co2_inen_bmass_glass
TX:INEN:INC_EFFICIENCY_ENERGY_STRATEGY_CONDITIONAL,:math:\text{CO}_2 Biomass Emissions from Industrial Energy,emission_co2e_co2_inen_bmass_lime_and_carbonite
TX:INEN:INC_EFFICIENCY_ENERGY_STRATEGY_CONDITIONAL,:math:\text{CO}_2 Biomass Emissions from Industrial Energy,emission_co2e_co2_inen_bmass_metals
TX:INEN:INC_EFFICIENCY_ENERGY_STRATEGY_CONDITIONAL,:math:\text{CO}_2 Biomass Emissions from Industrial Energy,emission_co2e_co2_inen_bmass_mining
TX:INEN:INC_EFFICIENCY_ENERGY_STRATEGY_CONDITIONAL,:math:\text{CO}_2 Biomass Emissions from Industrial Energy,emission_co2e_co2_inen_bmass_other_product_manufacturing
TX:INEN:INC_EFFICIENCY_ENERGY_STRATEGY_CONDITIONAL,:math:\text{CO}_2 Biomass Emissions from Industrial Energy,emission_co2e_co2_inen_bmass_paper
TX:INEN:INC_EFFICIENCY_ENERGY_STRATEGY_CONDITIONAL,:math:\text{CO}_2 Biomass Emissions from Industrial Energy,emission_co2e_co2_inen_bmass_plastic
TX:INEN:INC_EFFICIENCY_ENERGY_STRATEGY_CONDITIONAL,:math:\text{CO}_2 Biomass Emissions from Industrial Energy,emission_co2e_co2_inen_bmass_textiles
TX:INEN:INC_EFFICIENCY_ENERGY_STRATEGY_CONDITIONAL,:math:\text{CO}_2 Biomass Emissions from Industrial Energy,emission_co2e_co2_inen_bmass_wood
TX:INEN:INC_EFFICIENCY_ENERGY_STRATEGY_CONDITIONAL,:math:\text{CO}_2 Non-Biomass Emissions from Industrial Energy,emission_co2e_co2_inen_nbmass_agriculture_and_livestock
TX:INEN:INC_EFFICIENCY_ENERGY_STRATEGY_CONDITIONAL,:math:\text{CO}_2 Non-Biomass Emissions from Industrial Energy,emission_co2e_co2_inen_nbmass_cement
TX:INEN:INC_EFFICIENCY_ENERGY_STRATEGY_CONDITIONAL,:math:\text{CO}_2 Non-Biomass Emissions from Industrial Energy,emission_co2e_co2_inen_nbmass_chemicals
TX:INEN:INC_EFFICIENCY_ENERGY_STRATEGY_CONDITIONAL,:math:\text{CO}_2 Non-Biomass Emissions from Industrial Energy,emission_co2e_co2_inen_nbmass_electronics
TX:INEN:INC_EFFICIENCY_ENERGY_STRATEGY_CONDITIONAL,:math:\text{CO}_2 Non-Biomass Emissions from Industrial Energy,emission_co2e_co2_inen_nbmass_glass
TX:INEN:INC_EFFICIENCY_ENERGY_STRATEGY_CONDITIONAL,:math:\text{CO}_2 Non-Biomass Emissions from Industrial Energy,emission_co2e_co2_inen_nbmass_lime_and_carbonite
TX:INEN:INC_EFFICIENCY_ENERGY_STRATEGY_CONDITIONAL,:math:\text{CO}_2 Non-Biomass Emissions from Industrial Energy,emission_co2e_co2_inen_nbmass_metals
TX:INEN:INC_EFFICIENCY_ENERGY_STRATEGY_CONDITIONAL,:math:\text{CO}_2 Non-Biomass Emissions from Industrial Energy,emission_co2e_co2_inen_nbmass_mining
TX:INEN:INC_EFFICIENCY_ENERGY_STRATEGY_CONDITIONAL,:math:\text{CO}_2 Non-Biomass Emissions from Industrial Energy,emission_co2e_co2_inen_nbmass_other_product_manufacturing
TX:INEN:INC_EFFICIENCY_ENERGY_STRATEGY_CONDITIONAL,:math:\text{CO}_2 Non-Biomass Emissions from Industrial Energy,emission_co2e_co2_inen_nbmass_paper
TX:INEN:INC_EFFICIENCY_ENERGY_STRATEGY_CONDITIONAL,:math:\text{CO}_2 Non-Biomass Emissions from Industrial Energy,emission_co2e_co2_inen_nbmass_plastic
TX:INEN:INC_EFFICIENCY_ENERGY_STRATEGY_CONDITIONAL,:math:\text{CO}_2 Non-Biomass Emissions from Industrial Energy,emission_co2e_co2_inen_nbmass_textiles
TX:INEN:INC_EFFICIENCY_ENERGY_STRATEGY_CONDITIONAL,:math:\text{CO}_2 Non-Biomass Emissions from Industrial Energy,emission_co2e_co2_inen_nbmass_wood
TX:INEN:INC_EFFICIENCY_ENERGY_STRATEGY_CONDITIONAL,:math:\text{N}_2\text{O} Emissions from Industrial Energy,emission_co2e_n2o_inen_agriculture_and_livestock
TX:INEN:INC_EFFICIENCY_ENERGY_STRATEGY_CONDITIONAL,:math:\text{N}_2\text{O} Emissions from Industrial Energy,emission_co2e_n2o_inen_cement
TX:INEN:INC_EFFICIENCY_ENERGY_STRATEGY_CONDITIONAL,:math:\text{N}_2\text{O} Emissions from Industrial Energy,emission_co2e_n2o_inen_chemicals
TX:INEN:INC_EFFICIENCY_ENERGY_STRATEGY_CONDITIONAL,:math:\text{N}_2\text{O} Emissions from Industrial Energy,emission_co2e_n2o_inen_electronics
TX:INEN:INC_EFFICIENCY_ENERGY_STRATEGY_CONDITIONAL,:math:\text{N}_2\text{O} Emissions from Industrial Energy,emission_co2e_n2o_inen_glass
TX:INEN:INC_EFFICIENCY_ENERGY_STRATEGY_CONDITIONAL,:math:\text{N}_2\text{O} Emissions from Industrial Energy,emission_co2e_n2o_inen_lime_and_carbonite
TX:INEN:INC_EFFICIENCY_ENERGY_STRATEGY_CONDITIONAL,:math:\text{N}_2\text{O} Emissions from Industrial Energy,emission_co2e_n2o_inen_metals
TX:INEN:INC_EFFICIENCY_ENERGY_STRATEGY_CONDITIONAL,:math:\text{N}_2\text{O} Emissions from Industrial Energy,emission_co2e_n2o_inen_mining
TX:INEN:INC_EFFICIENCY_ENERGY_STRATEGY_CONDITIONAL,:math:\text{N}_2\text{O} Emissions from Industrial Energy,emission_co2e_n2o_inen_other_product_manufacturing
TX:INEN:INC_EFFICIENCY_ENERGY_STRATEGY_CONDITIONAL,:math:\text{N}_2\text{O} Emissions from Industrial Energy,emission_co2e_n2o_inen_paper
TX:INEN:INC_EFFICIENCY_ENERGY_STRATEGY_CONDITIONAL,:math:\text{N}_2\text{O} Emissions from Industrial Energy,emission_co2e_n2o_inen_plastic
TX:INEN:INC_EFFICIENCY_ENERGY_STRATEGY_CONDITIONAL,:math:\text{N}_2\text{O} Emissions from Industrial Energy,emission_co2e_n2o_inen_textiles
TX:INEN:INC_EFFICIENCY_ENERGY_STRATEGY_CONDITIONAL,:math:\text{N}_2\text{O} Emissions from Industrial Energy,emission_co2e_n2o_inen_wood
TX:INEN:INC_EFFICIENCY_ENERGY_STRATEGY_CONDITIONAL,emission_co2e_subsector_total_inen,emission_co2e_subsector_total_inen
TX:INEN:INC_EFFICIENCY_ENERGY_STRATEGY_CONDITIONAL,Electrical Energy Consumption from Industrial Energy,energy_consumption_electricity_inen_agriculture_and_livestock
TX:INEN:INC_EFFICIENCY_ENERGY_STRATEGY_CONDITIONAL,Electrical Energy Consumption from Industrial Energy,energy_consumption_electricity_inen_cement
TX:INEN:INC_EFFICIENCY_ENERGY_STRATEGY_CONDITIONAL,Electrical Energy Consumption from Industrial Energy,energy_consumption_electricity_inen_chemicals
TX:INEN:INC_EFFICIENCY_ENERGY_STRATEGY_CONDITIONAL,Electrical Energy Consumption from Industrial Energy,energy_consumption_electricity_inen_electronics
TX:INEN:INC_EFFICIENCY_ENERGY_STRATEGY_CONDITIONAL,Electrical Energy Consumption from Industrial Energy,energy_consumption_electricity_inen_glass
TX:INEN:INC_EFFICIENCY_ENERGY_STRATEGY_CONDITIONAL,Electrical Energy Consumption from Industrial Energy,energy_consumption_electricity_inen_lime_and_carbonite
TX:INEN:INC_EFFICIENCY_ENERGY_STRATEGY_CONDITIONAL,Electrical Energy Consumption from Industrial Energy,energy_consumption_electricity_inen_metals
TX:INEN:INC_EFFICIENCY_ENERGY_STRATEGY_CONDITIONAL,Electrical Energy Consumption from Industrial Energy,energy_consumption_electricity_inen_mining
TX:INEN:INC_EFFICIENCY_ENERGY_STRATEGY_CONDITIONAL,Electrical Energy Consumption from Industrial Energy,energy_consumption_electricity_inen_other_product_manufacturing
TX:INEN:INC_EFFICIENCY_ENERGY_STRATEGY_CONDITIONAL,Electrical Energy Consumption from Industrial Energy,energy_consumption_electricity_inen_paper
TX:INEN:INC_EFFICIENCY_ENERGY_STRATEGY_CONDITIONAL,Electrical Energy Consumption from Industrial Energy,energy_consumption_electricity_inen_plastic
TX:INEN:INC_EFFICIENCY_ENERGY_STRATEGY_CONDITIONAL,Electrical Energy Consumption from Industrial Energy,energy_consumption_electricity_inen_textiles
TX:INEN:INC_EFFICIENCY_ENERGY_STRATEGY_CONDITIONAL,Total Electrical Energy Consumption from Industrial Energy,energy_consumption_electricity_inen_total
TX:INEN:INC_EFFICIENCY_ENERGY_STRATEGY_CONDITIONAL,Electrical Energy Consumption from Industrial Energy,energy_consumption_electricity_inen_wood
TX:INEN:INC_EFFICIENCY_ENERGY_STRATEGY_CONDITIONAL,Energy Consumption from Industrial Energy,energy_consumption_inen_agriculture_and_livestock
TX:INEN:INC_EFFICIENCY_ENERGY_STRATEGY_CONDITIONAL,Energy Consumption from Industrial Energy,energy_consumption_inen_cement
TX:INEN:INC_EFFICIENCY_ENERGY_STRATEGY_CONDITIONAL,Energy Consumption from Industrial Energy,energy_consumption_inen_chemicals
TX:INEN:INC_EFFICIENCY_ENERGY_STRATEGY_CONDITIONAL,Energy Consumption from Industrial Energy,energy_consumption_inen_electronics
TX:INEN:INC_EFFICIENCY_ENERGY_STRATEGY_CONDITIONAL,Energy Consumption from Industrial Energy,energy_consumption_inen_glass
TX:INEN:INC_EFFICIENCY_ENERGY_STRATEGY_CONDITIONAL,Energy Consumption from Industrial Energy,energy_consumption_inen_lime_and_carbonite
TX:INEN:INC_EFFICIENCY_ENERGY_STRATEGY_CONDITIONAL,Energy Consumption from Industrial Energy,energy_consumption_inen_metals
TX:INEN:INC_EFFICIENCY_ENERGY_STRATEGY_CONDITIONAL,Energy Consumption from Industrial Energy,energy_consumption_inen_mining
TX:INEN:INC_EFFICIENCY_ENERGY_STRATEGY_CONDITIONAL,Energy Consumption from Industrial Energy,energy_consumption_inen_other_product_manufacturing
TX:INEN:INC_EFFICIENCY_ENERGY_STRATEGY_CONDITIONAL,Energy Consumption from Industrial Energy,energy_consumption_inen_paper
TX:INEN:INC_EFFICIENCY_ENERGY_STRATEGY_CONDITIONAL,Energy Consumption from Industrial Energy,energy_consumption_inen_plastic
TX:INEN:INC_EFFICIENCY_ENERGY_STRATEGY_CONDITIONAL,Energy Consumption from Industrial Energy,energy_consumption_inen_textiles
TX:INEN:INC_EFFICIENCY_ENERGY_STRATEGY_CONDITIONAL,Total Energy Consumption from Industrial Energy,energy_consumption_inen_total
TX:INEN:INC_EFFICIENCY_ENERGY_STRATEGY_CONDITIONAL,Energy Consumption from Industrial Energy,energy_consumption_inen_wood
TX:INEN:INC_EFFICIENCY_ENERGY_STRATEGY_CONDITIONAL,Energy Demand by Fuel in Industrial Energy,energy_demand_enfu_subsector_total_pj_inen_fuel_biomass
TX:INEN:INC_EFFICIENCY_ENERGY_STRATEGY_CONDITIONAL,Energy Demand by Fuel in Industrial Energy,energy_demand_enfu_subsector_total_pj_inen_fuel_coal
TX:INEN:INC_EFFICIENCY_ENERGY_STRATEGY_CONDITIONAL,Energy Demand by Fuel in Industrial Energy,energy_demand_enfu_subsector_total_pj_inen_fuel_coke
TX:INEN:INC_EFFICIENCY_ENERGY_STRATEGY_CONDITIONAL,Energy Demand by Fuel in Industrial Energy,energy_demand_enfu_subsector_total_pj_inen_fuel_diesel
TX:INEN:INC_EFFICIENCY_ENERGY_STRATEGY_CONDITIONAL,Energy Demand by Fuel in Industrial Energy,energy_demand_enfu_subsector_total_pj_inen_fuel_electricity
TX:INEN:INC_EFFICIENCY_ENERGY_STRATEGY_CONDITIONAL,Energy Demand by Fuel in Industrial Energy,energy_demand_enfu_subsector_total_pj_inen_fuel_furnace_gas
TX:INEN:INC_EFFICIENCY_ENERGY_STRATEGY_CONDITIONAL,Energy Demand by Fuel in Industrial Energy,energy_demand_enfu_subsector_total_pj_inen_fuel_gasoline
TX:INEN:INC_EFFICIENCY_ENERGY_STRATEGY_CONDITIONAL,Energy Demand by Fuel in Industrial Energy,energy_demand_enfu_subsector_total_pj_inen_fuel_natural_gas
TX:INEN:INC_EFFICIENCY_ENERGY_STRATEGY_CONDITIONAL,Energy Demand by Fuel in Industrial Energy,energy_demand_enfu_subsector_total_pj_inen_fuel_oil
TX:INEN:INC_EFFICIENCY_ENERGY_STRATEGY_CONDITIONAL,Energy Demand by Fuel in Industrial Energy,energy_demand_enfu_subsector_total_pj_inen_fuel_solar
TX:INEN:INC_EFFICIENCY_ENERGY_STRATEGY_CONDITIONAL,Value of Fuel Consumed in Industrial Energy,totalvalue_enfu_fuel_consumed_inen_fuel_biomass
TX:INEN:INC_EFFICIENCY_ENERGY_STRATEGY_CONDITIONAL,Value of Fuel Consumed in Industrial Energy,totalvalue_enfu_fuel_consumed_inen_fuel_coal
TX:INEN:INC_EFFICIENCY_ENERGY_STRATEGY_CONDITIONAL,Value of Fuel Consumed in Industrial Energy,totalvalue_enfu_fuel_consumed_inen_fuel_coke
TX:INEN:INC_EFFICIENCY_ENERGY_STRATEGY_CONDITIONAL,Value of Fuel Consumed in Industrial Energy,totalvalue_enfu_fuel_consumed_inen_fuel_diesel
TX:INEN:INC_EFFICIENCY_ENERGY_STRATEGY_CONDITIONAL,Value of Fuel Consumed in Industrial Energy,totalvalue_enfu_fuel_consumed_inen_fuel_electricity
TX:INEN:INC_EFFICIENCY_ENERGY_STRATEGY_CONDITIONAL,Value of Fuel Consumed in Industrial Energy,totalvalue_enfu_fuel_consumed_inen_fuel_furnace_gas
TX:INEN:INC_EFFICIENCY_ENERGY_STRATEGY_CONDITIONAL,Value of Fuel Consumed in Industrial Energy,totalvalue_enfu_fuel_consumed_inen_fuel_gasoline
TX:INEN:INC_EFFICIENCY_ENERGY_STRATEGY_CONDITIONAL,Value of Fuel Consumed in Industrial Energy,totalvalue_enfu_fuel_consumed_inen_fuel_natural_gas
TX:INEN:INC_EFFICIENCY_ENERGY_STRATEGY_CONDITIONAL,Value of Fuel Consumed in Industrial Energy,totalvalue_enfu_fuel_consumed_inen_fuel_oil
TX:INEN:INC_EFFICIENCY_ENERGY_STRATEGY_LEP,:math:\text{CH}_4 Emissions from Industrial Energy,emission_co2e_ch4_inen_agriculture_and_livestock
TX:INEN:INC_EFFICIENCY_ENERGY_STRATEGY_LEP,:math:\text{CH}_4 Emissions from Industrial Energy,emission_co2e_ch4_inen_cement
TX:INEN:INC_EFFICIENCY_ENERGY_STRATEGY_LEP,:math:\text{CH}_4 Emissions from Industrial Energy,emission_co2e_ch4_inen_chemicals
TX:INEN:INC_EFFICIENCY_ENERGY_STRATEGY_LEP,:math:\text{CH}_4 Emissions from Industrial Energy,emission_co2e_ch4_inen_electronics
TX:INEN:INC_EFFICIENCY_ENERGY_STRATEGY_LEP,:math:\text{CH}_4 Emissions from Industrial Energy,emission_co2e_ch4_inen_glass
TX:INEN:INC_EFFICIENCY_ENERGY_STRATEGY_LEP,:math:\text{CH}_4 Emissions from Industrial Energy,emission_co2e_ch4_inen_lime_and_carbonite
TX:INEN:INC_EFFICIENCY_ENERGY_STRATEGY_LEP,:math:\text{CH}_4 Emissions from Industrial Energy,emission_co2e_ch4_inen_metals
TX:INEN:INC_EFFICIENCY_ENERGY_STRATEGY_LEP,:math:\text{CH}_4 Emissions from Industrial Energy,emission_co2e_ch4_inen_mining
TX:INEN:INC_EFFICIENCY_ENERGY_STRATEGY_LEP,:math:\text{CH}_4 Emissions from Industrial Energy,emission_co2e_ch4_inen_other_product_manufacturing
TX:INEN:INC_EFFICIENCY_ENERGY_STRATEGY_LEP,:math:\text{CH}_4 Emissions from Industrial Energy,emission_co2e_ch4_inen_paper
TX:INEN:INC_EFFICIENCY_ENERGY_STRATEGY_LEP,:math:\text{CH}_4 Emissions from Industrial Energy,emission_co2e_ch4_inen_plastic
TX:INEN:INC_EFFICIENCY_ENERGY_STRATEGY_LEP,:math:\text{CH}_4 Emissions from Industrial Energy,emission_co2e_ch4_inen_textiles
TX:INEN:INC_EFFICIENCY_ENERGY_STRATEGY_LEP,:math:\text{CH}_4 Emissions from Industrial Energy,emission_co2e_ch4_inen_wood
TX:INEN:INC_EFFICIENCY_ENERGY_STRATEGY_LEP,:math:\text{CO}_2 Biomass Emissions from Industrial Energy,emission_co2e_co2_inen_bmass_agriculture_and_livestock
TX:INEN:INC_EFFICIENCY_ENERGY_STRATEGY_LEP,:math:\text{CO}_2 Biomass Emissions from Industrial Energy,emission_co2e_co2_inen_bmass_cement
TX:INEN:INC_EFFICIENCY_ENERGY_STRATEGY_LEP,:math:\text{CO}_2 Biomass Emissions from Industrial Energy,emission_co2e_co2_inen_bmass_chemicals
TX:INEN:INC_EFFICIENCY_ENERGY_STRATEGY_LEP,:math:\text{CO}_2 Biomass Emissions from Industrial Energy,emission_co2e_co2_inen_bmass_electronics
TX:INEN:INC_EFFICIENCY_ENERGY_STRATEGY_LEP,:math:\text{CO}_2 Biomass Emissions from Industrial Energy,emission_co2e_co2_inen_bmass_glass
TX:INEN:INC_EFFICIENCY_ENERGY_STRATEGY_LEP,:math:\text{CO}_2 Biomass Emissions from Industrial Energy,emission_co2e_co2_inen_bmass_lime_and_carbonite
TX:INEN:INC_EFFICIENCY_ENERGY_STRATEGY_LEP,:math:\text{CO}_2 Biomass Emissions from Industrial Energy,emission_co2e_co2_inen_bmass_metals
TX:INEN:INC_EFFICIENCY_ENERGY_STRATEGY_LEP,:math:\text{CO}_2 Biomass Emissions from Industrial Energy,emission_co2e_co2_inen_bmass_mining
TX:INEN:INC_EFFICIENCY_ENERGY_STRATEGY_LEP,:math:\text{CO}_2 Biomass Emissions from Industrial Energy,emission_co2e_co2_inen_bmass_other_product_manufacturing
TX:INEN:INC_EFFICIENCY_ENERGY_STRATEGY_LEP,:math:\text{CO}_2 Biomass Emissions from Industrial Energy,emission_co2e_co2_inen_bmass_paper
TX:INEN:INC_EFFICIENCY_ENERGY_STRATEGY_LEP,:math:\text{CO}_2 Biomass Emissions from Industrial Energy,emission_co2e_co2_inen_bmass_plastic
TX:INEN:INC_EFFICIENCY_ENERGY_STRATEGY_LEP,:math:\text{CO}_2 Biomass Emissions from Industrial Energy,emission_co2e_co2_inen_bmass_textiles
TX:INEN:INC_EFFICIENCY_ENERGY_STRATEGY_LEP,:math:\text{CO}_2 Biomass Emissions from Industrial Energy,emission_co2e_co2_inen_bmass_wood
TX:INEN:INC_EFFICIENCY_ENERGY_STRATEGY_LEP,:math:\text{CO}_2 Non-Biomass Emissions from Industrial Energy,emission_co2e_co2_inen_nbmass_agriculture_and_livestock
TX:INEN:INC_EFFICIENCY_ENERGY_STRATEGY_LEP,:math:\text{CO}_2 Non-Biomass Emissions from Industrial Energy,emission_co2e_co2_inen_nbmass_cement
TX:INEN:INC_EFFICIENCY_ENERGY_STRATEGY_LEP,:math:\text{CO}_2 Non-Biomass Emissions from Industrial Energy,emission_co2e_co2_inen_nbmass_chemicals
TX:INEN:INC_EFFICIENCY_ENERGY_STRATEGY_LEP,:math:\text{CO}_2 Non-Biomass Emissions from Industrial Energy,emission_co2e_co2_inen_nbmass_electronics
TX:INEN:INC_EFFICIENCY_ENERGY_STRATEGY_LEP,:math:\text{CO}_2 Non-Biomass Emissions from Industrial Energy,emission_co2e_co2_inen_nbmass_glass
TX:INEN:INC_EFFICIENCY_ENERGY_STRATEGY_LEP,:math:\text{CO}_2 Non-Biomass Emissions from Industrial Energy,emission_co2e_co2_inen_nbmass_lime_and_carbonite
TX:INEN:INC_EFFICIENCY_ENERGY_STRATEGY_LEP,:math:\text{CO}_2 Non-Biomass Emissions from Industrial Energy,emission_co2e_co2_inen_nbmass_metals
TX:INEN:INC_EFFICIENCY_ENERGY_STRATEGY_LEP,:math:\text{CO}_2 Non-Biomass Emissions from Industrial Energy,emission_co2e_co2_inen_nbmass_mining
TX:INEN:INC_EFFICIENCY_ENERGY_STRATEGY_LEP,:math:\text{CO}_2 Non-Biomass Emissions from Industrial Energy,emission_co2e_co2_inen_nbmass_other_product_manufacturing
TX:INEN:INC_EFFICIENCY_ENERGY_STRATEGY_LEP,:math:\text{CO}_2 Non-Biomass Emissions from Industrial Energy,emission_co2e_co2_inen_nbmass_paper
TX:INEN:INC_EFFICIENCY_ENERGY_STRATEGY_LEP,:math:\text{CO}_2 Non-Biomass Emissions from Industrial Energy,emission_co2e_co2_inen_nbmass_plastic
TX:INEN:INC_EFFICIENCY_ENERGY_STRATEGY_LEP,:math:\text{CO}_2 Non-Biomass Emissions from Industrial Energy,emission_co2e_co2_inen_nbmass_textiles
TX:INEN:INC_EFFICIENCY_ENERGY_STRATEGY_LEP,:math:\text{CO}_2 Non-Biomass Emissions from Industrial Energy,emission_co2e_co2_inen_nbmass_wood
TX:INEN:INC_EFFICIENCY_ENERGY_STRATEGY_LEP,:math:\text{N}_2\text{O} Emissions from Industrial Energy,emission_co2e_n2o_inen_agriculture_and_livestock
TX:INEN:INC_EFFICIENCY_ENERGY_STRATEGY_LEP,:math:\text{N}_2\text{O} Emissions from Industrial Energy,emission_co2e_n2o_inen_cement
TX:INEN:INC_EFFICIENCY_ENERGY_STRATEGY_LEP,:math:\text{N}_2\text{O} Emissions from Industrial Energy,emission_co2e_n2o_inen_chemicals
TX:INEN:INC_EFFICIENCY_ENERGY_STRATEGY_LEP,:math:\text{N}_2\text{O} Emissions from Industrial Energy,emission_co2e_n2o_inen_electronics
TX:INEN:INC_EFFICIENCY_ENERGY_STRATEGY_LEP,:math:\text{N}_2\text{O} Emissions from Industrial Energy,emission_co2e_n2o_inen_glass
TX:INEN:INC_EFFICIENCY_ENERGY_STRATEGY_LEP,:math:\text{N}_2\text{O} Emissions from Industrial Energy,emission_co2e_n2o_inen_lime_and_carbonite
TX:INEN:INC_EFFICIENCY_ENERGY_STRATEGY_LEP,:math:\text{N}_2\text{O} Emissions from Industrial Energy,emission_co2e_n2o_inen_metals
TX:INEN:INC_EFFICIENCY_ENERGY_STRATEGY_LEP,:math:\text{N}_2\text{O} Emissions from Industrial Energy,emission_co2e_n2o_inen_mining
TX:INEN:INC_EFFICIENCY_ENERGY_STRATEGY_LEP,:math:\text{N}_2\text{O} Emissions from Industrial Energy,emission_co2e_n2o_inen_other_product_manufacturing
TX:INEN:INC_EFFICIENCY_ENERGY_STRATEGY_LEP,:math:\text{N}_2\text{O} Emissions from Industrial Energy,emission_co2e_n2o_inen_paper
TX:INEN:INC_EFFICIENCY_ENERGY_STRATEGY_LEP,:math:\text{N}_2\text{O} Emissions from Industrial Energy,emission_co2e_n2o_inen_plastic
TX:INEN:INC_EFFICIENCY_ENERGY_STRATEGY_LEP,:math:\text{N}_2\text{O} Emissions from Industrial Energy,emission_co2e_n2o_inen_textiles
TX:INEN:INC_EFFICIENCY_ENERGY_STRATEGY_LEP,:math:\text{N}_2\text{O} Emissions from Industrial Energy,emission_co2e_n2o_inen_wood
TX:INEN:INC_EFFICIENCY_ENERGY_STRATEGY_LEP,emission_co2e_subsector_total_inen,emission_co2e_subsector_total_inen
TX:INEN:INC_EFFICIENCY_ENERGY_STRATEGY_LEP,Electrical Energy Consumption from Industrial Energy,energy_consumption_electricity_inen_agriculture_and_livestock
TX:INEN:INC_EFFICIENCY_ENERGY_STRATEGY_LEP,Electrical Energy Consumption from Industrial Energy,energy_consumption_electricity_inen_cement
TX:INEN:INC_EFFICIENCY_ENERGY_STRATEGY_LEP,Electrical Energy Consumption from Industrial Energy,energy_consumption_electricity_inen_chemicals
TX:INEN:INC_EFFICIENCY_ENERGY_STRATEGY_LEP,Electrical Energy Consumption from Industrial Energy,energy_consumption_electricity_inen_electronics
TX:INEN:INC_EFFICIENCY_ENERGY_STRATEGY_LEP,Electrical Energy Consumption from Industrial Energy,energy_consumption_electricity_inen_glass
TX:INEN:INC_EFFICIENCY_ENERGY_STRATEGY_LEP,Electrical Energy Consumption from Industrial Energy,energy_consumption_electricity_inen_lime_and_carbonite
TX:INEN:INC_EFFICIENCY_ENERGY_STRATEGY_LEP,Electrical Energy Consumption from Industrial Energy,energy_consumption_electricity_inen_metals
TX:INEN:INC_EFFICIENCY_ENERGY_STRATEGY_LEP,Electrical Energy Consumption from Industrial Energy,energy_consumption_electricity_inen_mining
TX:INEN:INC_EFFICIENCY_ENERGY_STRATEGY_LEP,Electrical Energy Consumption from Industrial Energy,energy_consumption_electricity_inen_other_product_manufacturing
TX:INEN:INC_EFFICIENCY_ENERGY_STRATEGY_LEP,Electrical Energy Consumption from Industrial Energy,energy_consumption_electricity_inen_paper
TX:INEN:INC_EFFICIENCY_ENERGY_STRATEGY_LEP,Electrical Energy Consumption from Industrial Energy,energy_consumption_electricity_inen_plastic
TX:INEN:INC_EFFICIENCY_ENERGY_STRATEGY_LEP,Electrical Energy Consumption from Industrial Energy,energy_consumption_electricity_inen_textiles
TX:INEN:INC_EFFICIENCY_ENERGY_STRATEGY_LEP,Total Electrical Energy Consumption from Industrial Energy,energy_consumption_electricity_inen_total
TX:INEN:INC_EFFICIENCY_ENERGY_STRATEGY_LEP,Electrical Energy Consumption from Industrial Energy,energy_consumption_electricity_inen_wood
TX:INEN:INC_EFFICIENCY_ENERGY_STRATEGY_LEP,Energy Consumption from Industrial Energy,energy_consumption_inen_agriculture_and_livestock
TX:INEN:INC_EFFICIENCY_ENERGY_STRATEGY_LEP,Energy Consumption from Industrial Energy,energy_consumption_inen_cement
TX:INEN:INC_EFFICIENCY_ENERGY_STRATEGY_LEP,Energy Consumption from Industrial Energy,energy_consumption_inen_chemicals
TX:INEN:INC_EFFICIENCY_ENERGY_STRATEGY_LEP,Energy Consumption from Industrial Energy,energy_consumption_inen_electronics
TX:INEN:INC_EFFICIENCY_ENERGY_STRATEGY_LEP,Energy Consumption from Industrial Energy,energy_consumption_inen_glass
TX:INEN:INC_EFFICIENCY_ENERGY_STRATEGY_LEP,Energy Consumption from Industrial Energy,energy_consumption_inen_lime_and_carbonite
TX:INEN:INC_EFFICIENCY_ENERGY_STRATEGY_LEP,Energy Consumption from Industrial Energy,energy_consumption_inen_metals
TX:INEN:INC_EFFICIENCY_ENERGY_STRATEGY_LEP,Energy Consumption from Industrial Energy,energy_consumption_inen_mining
TX:INEN:INC_EFFICIENCY_ENERGY_STRATEGY_LEP,Energy Consumption from Industrial Energy,energy_consumption_inen_other_product_manufacturing
TX:INEN:INC_EFFICIENCY_ENERGY_STRATEGY_LEP,Energy Consumption from Industrial Energy,energy_consumption_inen_paper
TX:INEN:INC_EFFICIENCY_ENERGY_STRATEGY_LEP,Energy Consumption from Industrial Energy,energy_consumption_inen_plastic
TX:INEN:INC_EFFICIENCY_ENERGY_STRATEGY_LEP,Energy Consumption from Industrial Energy,energy_consumption_inen_textiles
TX:INEN:INC_EFFICIENCY_ENERGY_STRATEGY_LEP,Total Energy Consumption from Industrial Energy,energy_consumption_inen_total
TX:INEN:INC_EFFICIENCY_ENERGY_STRATEGY_LEP,Energy Consumption from Industrial Energy,energy_consumption_inen_wood
TX:INEN:INC_EFFICIENCY_ENERGY_STRATEGY_LEP,Energy Demand by Fuel in Industrial Energy,energy_demand_enfu_subsector_total_pj_inen_fuel_biomass
TX:INEN:INC_EFFICIENCY_ENERGY_STRATEGY_LEP,Energy Demand by Fuel in Industrial Energy,energy_demand_enfu_subsector_total_pj_inen_fuel_coal
TX:INEN:INC_EFFICIENCY_ENERGY_STRATEGY_LEP,Energy Demand by Fuel in Industrial Energy,energy_demand_enfu_subsector_total_pj_inen_fuel_coke
TX:INEN:INC_EFFICIENCY_ENERGY_STRATEGY_LEP,Energy Demand by Fuel in Industrial Energy,energy_demand_enfu_subsector_total_pj_inen_fuel_diesel
TX:INEN:INC_EFFICIENCY_ENERGY_STRATEGY_LEP,Energy Demand by Fuel in Industrial Energy,energy_demand_enfu_subsector_total_pj_inen_fuel_electricity
TX:INEN:INC_EFFICIENCY_ENERGY_STRATEGY_LEP,Energy Demand by Fuel in Industrial Energy,energy_demand_enfu_subsector_total_pj_inen_fuel_furnace_gas
TX:INEN:INC_EFFICIENCY_ENERGY_STRATEGY_LEP,Energy Demand by Fuel in Industrial Energy,energy_demand_enfu_subsector_total_pj_inen_fuel_gasoline
TX:INEN:INC_EFFICIENCY_ENERGY_STRATEGY_LEP,Energy Demand by Fuel in Industrial Energy,energy_demand_enfu_subsector_total_pj_inen_fuel_natural_gas
TX:INEN:INC_EFFICIENCY_ENERGY_STRATEGY_LEP,Energy Demand by Fuel in Industrial Energy,energy_demand_enfu_subsector_total_pj_inen_fuel_oil
TX:INEN:INC_EFFICIENCY_ENERGY_STRATEGY_LEP,Energy Demand by Fuel in Industrial Energy,energy_demand_enfu_subsector_total_pj_inen_fuel_solar
TX:INEN:INC_EFFICIENCY_ENERGY_STRATEGY_LEP,Value of Fuel Consumed in Industrial Energy,totalvalue_enfu_fuel_consumed_inen_fuel_biomass
TX:INEN:INC_EFFICIENCY_ENERGY_STRATEGY_LEP,Value of Fuel Consumed in Industrial Energy,totalvalue_enfu_fuel_consumed_inen_fuel_coal
TX:INEN:INC_EFFICIENCY_ENERGY_STRATEGY_LEP,Value of Fuel Consumed in Industrial Energy,totalvalue_enfu_fuel_consumed_inen_fuel_coke
TX:INEN:INC_EFFICIENCY_ENERGY_STRATEGY_LEP,Value of Fuel Consumed in Industrial Energy,totalvalue_enfu_fuel_consumed_inen_fuel_diesel
TX:INEN:INC_EFFICIENCY_ENERGY_STRATEGY_LEP,Value of Fuel Consumed in Industrial Energy,totalvalue_enfu_fuel_consumed_inen_fuel_electricity
TX:INEN:INC_EFFICIENCY_ENERGY_STRATEGY_LEP,Value of Fuel Consumed in Industrial Energy,totalvalue_enfu_fuel_consumed_inen_fuel_furnace_gas
TX:INEN:INC_EFFICIENCY_ENERGY_STRATEGY_LEP,Value of Fuel Consumed in Industrial Energy,totalvalue_enfu_fuel_consumed_inen_fuel_gasoline
TX:INEN:INC_EFFICIENCY_ENERGY_STRATEGY_LEP,Value of Fuel Consumed in Industrial Energy,totalvalue_enfu_fuel_consumed_inen_fuel_natural_gas
TX:INEN:INC_EFFICIENCY_ENERGY_STRATEGY_LEP,Value of Fuel Consumed in Industrial Energy,totalvalue_enfu_fuel_consumed_inen_fuel_oil
TX:INEN:INC_EFFICIENCY_ENERGY_STRATEGY_NDC,:math:\text{CH}_4 Emissions from Industrial Energy,emission_co2e_ch4_inen_agriculture_and_livestock
TX:INEN:INC_EFFICIENCY_ENERGY_STRATEGY_NDC,:math:\text{CH}_4 Emissions from Industrial Energy,emission_co2e_ch4_inen_cement
TX:INEN:INC_EFFICIENCY_ENERGY_STRATEGY_NDC,:math:\text{CH}_4 Emissions from Industrial Energy,emission_co2e_ch4_inen_chemicals
TX:INEN:INC_EFFICIENCY_ENERGY_STRATEGY_NDC,:math:\text{CH}_4 Emissions from Industrial Energy,emission_co2e_ch4_inen_electronics
TX:INEN:INC_EFFICIENCY_ENERGY_STRATEGY_NDC,:math:\text{CH}_4 Emissions from Industrial Energy,emission_co2e_ch4_inen_glass
TX:INEN:INC_EFFICIENCY_ENERGY_STRATEGY_NDC,:math:\text{CH}_4 Emissions from Industrial Energy,emission_co2e_ch4_inen_lime_and_carbonite
TX:INEN:INC_EFFICIENCY_ENERGY_STRATEGY_NDC,:math:\text{CH}_4 Emissions from Industrial Energy,emission_co2e_ch4_inen_metals
TX:INEN:INC_EFFICIENCY_ENERGY_STRATEGY_NDC,:math:\text{CH}_4 Emissions from Industrial Energy,emission_co2e_ch4_inen_mining
TX:INEN:INC_EFFICIENCY_ENERGY_STRATEGY_NDC,:math:\text{CH}_4 Emissions from Industrial Energy,emission_co2e_ch4_inen_other_product_manufacturing
TX:INEN:INC_EFFICIENCY_ENERGY_STRATEGY_NDC,:math:\text{CH}_4 Emissions from Industrial Energy,emission_co2e_ch4_inen_paper
TX:INEN:INC_EFFICIENCY_ENERGY_STRATEGY_NDC,:math:\text{CH}_4 Emissions from Industrial Energy,emission_co2e_ch4_inen_plastic
TX:INEN:INC_EFFICIENCY_ENERGY_STRATEGY_NDC,:math:\text{CH}_4 Emissions from Industrial Energy,emission_co2e_ch4_inen_textiles
TX:INEN:INC_EFFICIENCY_ENERGY_STRATEGY_NDC,:math:\text{CH}_4 Emissions from Industrial Energy,emission_co2e_ch4_inen_wood
TX:INEN:INC_EFFICIENCY_ENERGY_STRATEGY_NDC,:math:\text{CO}_2 Biomass Emissions from Industrial Energy,emission_co2e_co2_inen_bmass_agriculture_and_livestock
TX:INEN:INC_EFFICIENCY_ENERGY_STRATEGY_NDC,:math:\text{CO}_2 Biomass Emissions from Industrial Energy,emission_co2e_co2_inen_bmass_cement
TX:INEN:INC_EFFICIENCY_ENERGY_STRATEGY_NDC,:math:\text{CO}_2 Biomass Emissions from Industrial Energy,emission_co2e_co2_inen_bmass_chemicals
TX:INEN:INC_EFFICIENCY_ENERGY_STRATEGY_NDC,:math:\text{CO}_2 Biomass Emissions from Industrial Energy,emission_co2e_co2_inen_bmass_electronics
TX:INEN:INC_EFFICIENCY_ENERGY_STRATEGY_NDC,:math:\text{CO}_2 Biomass Emissions from Industrial Energy,emission_co2e_co2_inen_bmass_glass
TX:INEN:INC_EFFICIENCY_ENERGY_STRATEGY_NDC,:math:\text{CO}_2 Biomass Emissions from Industrial Energy,emission_co2e_co2_inen_bmass_lime_and_carbonite
TX:INEN:INC_EFFICIENCY_ENERGY_STRATEGY_NDC,:math:\text{CO}_2 Biomass Emissions from Industrial Energy,emission_co2e_co2_inen_bmass_metals
TX:INEN:INC_EFFICIENCY_ENERGY_STRATEGY_NDC,:math:\text{CO}_2 Biomass Emissions from Industrial Energy,emission_co2e_co2_inen_bmass_mining
TX:INEN:INC_EFFICIENCY_ENERGY_STRATEGY_NDC,:math:\text{CO}_2 Biomass Emissions from Industrial Energy,emission_co2e_co2_inen_bmass_other_product_manufacturing
TX:INEN:INC_EFFICIENCY_ENERGY_STRATEGY_NDC,:math:\text{CO}_2 Biomass Emissions from Industrial Energy,emission_co2e_co2_inen_bmass_paper
TX:INEN:INC_EFFICIENCY_ENERGY_STRATEGY_NDC,:math:\text{CO}_2 Biomass Emissions from Industrial Energy,emission_co2e_co2_inen_bmass_plastic
TX:INEN:INC_EFFICIENCY_ENERGY_STRATEGY_NDC,:math:\text{CO}_2 Biomass Emissions from Industrial Energy,emission_co2e_co2_inen_bmass_textiles
TX:INEN:INC_EFFICIENCY_ENERGY_STRATEGY_NDC,:math:\text{CO}_2 Biomass Emissions from Industrial Energy,emission_co2e_co2_inen_bmass_wood
TX:INEN:INC_EFFICIENCY_ENERGY_STRATEGY_NDC,:math:\text{CO}_2 Non-Biomass Emissions from Industrial Energy,emission_co2e_co2_inen_nbmass_agriculture_and_livestock
TX:INEN:INC_EFFICIENCY_ENERGY_STRATEGY_NDC,:math:\text{CO}_2 Non-Biomass Emissions from Industrial Energy,emission_co2e_co2_inen_nbmass_cement
TX:INEN:INC_EFFICIENCY_ENERGY_STRATEGY_NDC,:math:\text{CO}_2 Non-Biomass Emissions from Industrial Energy,emission_co2e_co2_inen_nbmass_chemicals
TX:INEN:INC_EFFICIENCY_ENERGY_STRATEGY_NDC,:math:\text{CO}_2 Non-Biomass Emissions from Industrial Energy,emission_co2e_co2_inen_nbmass_electronics
TX:INEN:INC_EFFICIENCY_ENERGY_STRATEGY_NDC,:math:\text{CO}_2 Non-Biomass Emissions from Industrial Energy,emission_co2e_co2_inen_nbmass_glass
TX:INEN:INC_EFFICIENCY_ENERGY_STRATEGY_NDC,:math:\text{CO}_2 Non-Biomass Emissions from Industrial Energy,emission_co2e_co2_inen_nbmass_lime_and_carbonite
TX:INEN:INC_EFFICIENCY_ENERGY_STRATEGY_NDC,:math:\text{CO}_2 Non-Biomass Emissions from Industrial Energy,emission_co2e_co2_inen_nbmass_metals
TX:INEN:INC_EFFICIENCY_ENERGY_STRATEGY_NDC,:math:\text{CO}_2 Non-Biomass Emissions from Industrial Energy,emission_co2e_co2_inen_nbmass_mining
TX:INEN:INC_EFFICIENCY_ENERGY_STRATEGY_NDC,:math:\text{CO}_2 Non-Biomass Emissions from Industrial Energy,emission_co2e_co2_inen_nbmass_other_product_manufacturing
TX:INEN:INC_EFFICIENCY_ENERGY_STRATEGY_NDC,:math:\text{CO}_2 Non-Biomass Emissions from Industrial Energy,emission_co2e_co2_inen_nbmass_paper
TX:INEN:INC_EFFICIENCY_ENERGY_STRATEGY_NDC,:math:\text{CO}_2 Non-Biomass Emissions from Industrial Energy,emission_co2e_co2_inen_nbmass_plastic
TX:INEN:INC_EFFICIENCY_ENERGY_STRATEGY_NDC,:math:\text{CO}_2 Non-Biomass Emissions from Industrial Energy,emission_co2e_co2_inen_nbmass_textiles
TX:INEN:INC_EFFICIENCY_ENERGY_STRATEGY_NDC,:math:\text{CO}_2 Non-Biomass Emissions from Industrial Energy,emission_co2e_co2_inen_nbmass_wood
TX:INEN:INC_EFFICIENCY_ENERGY_STRATEGY_NDC,:math:\text{N}_2\text{O} Emissions from Industrial Energy,emission_co2e_n2o_inen_agriculture_and_livestock
TX:INEN:INC_EFFICIENCY_ENERGY_STRATEGY_NDC,:math:\text{N}_2\text{O} Emissions from Industrial Energy,emission_co2e_n2o_inen_cement
TX:INEN:INC_EFFICIENCY_ENERGY_STRATEGY_NDC,:math:\text{N}_2\text{O} Emissions from Industrial Energy,emission_co2e_n2o_inen_chemicals
TX:INEN:INC_EFFICIENCY_ENERGY_STRATEGY_NDC,:math:\text{N}_2\text{O} Emissions from Industrial Energy,emission_co2e_n2o_inen_electronics
TX:INEN:INC_EFFICIENCY_ENERGY_STRATEGY_NDC,:math:\text{N}_2\text{O} Emissions from Industrial Energy,emission_co2e_n2o_inen_glass
TX:INEN:INC_EFFICIENCY_ENERGY_STRATEGY_NDC,:math:\text{N}_2\text{O} Emissions from Industrial Energy,emission_co2e_n2o_inen_lime_and_carbonite
TX:INEN:INC_EFFICIENCY_ENERGY_STRATEGY_NDC,:math:\text{N}_2\text{O} Emissions from Industrial Energy,emission_co2e_n2o_inen_metals
TX:INEN:INC_EFFICIENCY_ENERGY_STRATEGY_NDC,:math:\text{N}_2\text{O} Emissions from Industrial Energy,emission_co2e_n2o_inen_mining
TX:INEN:INC_EFFICIENCY_ENERGY_STRATEGY_NDC,:math:\text{N}_2\text{O} Emissions from Industrial Energy,emission_co2e_n2o_inen_other_product_manufacturing
TX:INEN:INC_EFFICIENCY_ENERGY_STRATEGY_NDC,:math:\text{N}_2\text{O} Emissions from Industrial Energy,emission_co2e_n2o_inen_paper
TX:INEN:INC_EFFICIENCY_ENERGY_STRATEGY_NDC,:math:\text{N}_2\text{O} Emissions from Industrial Energy,emission_co2e_n2o_inen_plastic
TX:INEN:INC_EFFICIENCY_ENERGY_STRATEGY_NDC,:math:\text{N}_2\text{O} Emissions from Industrial Energy,emission_co2e_n2o_inen_textiles
TX:INEN:INC_EFFICIENCY_ENERGY_STRATEGY_NDC,:math:\text{N}_2\text{O} Emissions from Industrial Energy,emission_co2e_n2o_inen_wood
TX:INEN:INC_EFFICIENCY_ENERGY_STRATEGY_NDC,emission_co2e_subsector_total_inen,emission_co2e_subsector_total_inen
TX:INEN:INC_EFFICIENCY_ENERGY_STRATEGY_NDC,Electrical Energy Consumption from Industrial Energy,energy_consumption_electricity_inen_agriculture_and_livestock
TX:INEN:INC_EFFICIENCY_ENERGY_STRATEGY_NDC,Electrical Energy Consumption from Industrial Energy,energy_consumption_electricity_inen_cement
TX:INEN:INC_EFFICIENCY_ENERGY_STRATEGY_NDC,Electrical Energy Consumption from Industrial Energy,energy_consumption_electricity_inen_chemicals
TX:INEN:INC_EFFICIENCY_ENERGY_STRATEGY_NDC,Electrical Energy Consumption from Industrial Energy,energy_consumption_electricity_inen_electronics
TX:INEN:INC_EFFICIENCY_ENERGY_STRATEGY_NDC,Electrical Energy Consumption from Industrial Energy,energy_consumption_electricity_inen_glass
TX:INEN:INC_EFFICIENCY_ENERGY_STRATEGY_NDC,Electrical Energy Consumption from Industrial Energy,energy_consumption_electricity_inen_lime_and_carbonite
TX:INEN:INC_EFFICIENCY_ENERGY_STRATEGY_NDC,Electrical Energy Consumption from Industrial Energy,energy_consumption_electricity_inen_metals
TX:INEN:INC_EFFICIENCY_ENERGY_STRATEGY_NDC,Electrical Energy Consumption from Industrial Energy,energy_consumption_electricity_inen_mining
TX:INEN:INC_EFFICIENCY_ENERGY_STRATEGY_NDC,Electrical Energy Consumption from Industrial Energy,energy_consumption_electricity_inen_other_product_manufacturing
TX:INEN:INC_EFFICIENCY_ENERGY_STRATEGY_NDC,Electrical Energy Consumption from Industrial Energy,energy_consumption_electricity_inen_paper
TX:INEN:INC_EFFICIENCY_ENERGY_STRATEGY_NDC,Electrical Energy Consumption from Industrial Energy,energy_consumption_electricity_inen_plastic
TX:INEN:INC_EFFICIENCY_ENERGY_STRATEGY_NDC,Electrical Energy Consumption from Industrial Energy,energy_consumption_electricity_inen_textiles
TX:INEN:INC_EFFICIENCY_ENERGY_STRATEGY_NDC,Total Electrical Energy Consumption from Industrial Energy,energy_consumption_electricity_inen_total
TX:INEN:INC_EFFICIENCY_ENERGY_STRATEGY_NDC,Electrical Energy Consumption from Industrial Energy,energy_consumption_electricity_inen_wood
TX:INEN:INC_EFFICIENCY_ENERGY_STRATEGY_NDC,Energy Consumption from Industrial Energy,energy_consumption_inen_agriculture_and_livestock
TX:INEN:INC_EFFICIENCY_ENERGY_STRATEGY_NDC,Energy Consumption from Industrial Energy,energy_consumption_inen_cement
TX:INEN:INC_EFFICIENCY_ENERGY_STRATEGY_NDC,Energy Consumption from Industrial Energy,energy_consumption_inen_chemicals
TX:INEN:INC_EFFICIENCY_ENERGY_STRATEGY_NDC,Energy Consumption from Industrial Energy,energy_consumption_inen_electronics
TX:INEN:INC_EFFICIENCY_ENERGY_STRATEGY_NDC,Energy Consumption from Industrial Energy,energy_consumption_inen_glass
TX:INEN:INC_EFFICIENCY_ENERGY_STRATEGY_NDC,Energy Consumption from Industrial Energy,energy_consumption_inen_lime_and_carbonite
TX:INEN:INC_EFFICIENCY_ENERGY_STRATEGY_NDC,Energy Consumption from Industrial Energy,energy_consumption_inen_metals
TX:INEN:INC_EFFICIENCY_ENERGY_STRATEGY_NDC,Energy Consumption from Industrial Energy,energy_consumption_inen_mining
TX:INEN:INC_EFFICIENCY_ENERGY_STRATEGY_NDC,Energy Consumption from Industrial Energy,energy_consumption_inen_other_product_manufacturing
TX:INEN:INC_EFFICIENCY_ENERGY_STRATEGY_NDC,Energy Consumption from Industrial Energy,energy_consumption_inen_paper
TX:INEN:INC_EFFICIENCY_ENERGY_STRATEGY_NDC,Energy Consumption from Industrial Energy,energy_consumption_inen_plastic
TX:INEN:INC_EFFICIENCY_ENERGY_STRATEGY_NDC,Energy Consumption from Industrial Energy,energy_consumption_inen_textiles
TX:INEN:INC_EFFICIENCY_ENERGY_STRATEGY_NDC,Total Energy Consumption from Industrial Energy,energy_consumption_inen_total
TX:INEN:INC_EFFICIENCY_ENERGY_STRATEGY_NDC,Energy Consumption from Industrial Energy,energy_consumption_inen_wood
TX:INEN:INC_EFFICIENCY_ENERGY_STRATEGY_NDC,Energy Demand by Fuel in Industrial Energy,energy_demand_enfu_subsector_total_pj_inen_fuel_biomass
TX:INEN:INC_EFFICIENCY_ENERGY_STRATEGY_NDC,Energy Demand by Fuel in Industrial Energy,energy_demand_enfu_subsector_total_pj_inen_fuel_coal
TX:INEN:INC_EFFICIENCY_ENERGY_STRATEGY_NDC,Energy Demand by Fuel in Industrial Energy,energy_demand_enfu_subsector_total_pj_inen_fuel_coke
TX:INEN:INC_EFFICIENCY_ENERGY_STRATEGY_NDC,Energy Demand by Fuel in Industrial Energy,energy_demand_enfu_subsector_total_pj_inen_fuel_diesel
TX:INEN:INC_EFFICIENCY_ENERGY_STRATEGY_NDC,Energy Demand by Fuel in Industrial Energy,energy_demand_enfu_subsector_total_pj_inen_fuel_electricity
TX:INEN:INC_EFFICIENCY_ENERGY_STRATEGY_NDC,Energy Demand by Fuel in Industrial Energy,energy_demand_enfu_subsector_total_pj_inen_fuel_furnace_gas
TX:INEN:INC_EFFICIENCY_ENERGY_STRATEGY_NDC,Energy Demand by Fuel in Industrial Energy,energy_demand_enfu_subsector_total_pj_inen_fuel_gasoline
TX:INEN:INC_EFFICIENCY_ENERGY_STRATEGY_NDC,Energy Demand by Fuel in Industrial Energy,energy_demand_enfu_subsector_total_pj_inen_fuel_natural_gas
TX:INEN:INC_EFFICIENCY_ENERGY_STRATEGY_NDC,Energy Demand by Fuel in Industrial Energy,energy_demand_enfu_subsector_total_pj_inen_fuel_oil
TX:INEN:INC_EFFICIENCY_ENERGY_STRATEGY_NDC,Energy Demand by Fuel in Industrial Energy,energy_demand_enfu_subsector_total_pj_inen_fuel_solar
TX:INEN:INC_EFFICIENCY_ENERGY_STRATEGY_NDC,Value of Fuel Consumed in Industrial Energy,totalvalue_enfu_fuel_consumed_inen_fuel_biomass
TX:INEN:INC_EFFICIENCY_ENERGY_STRATEGY_NDC,Value of Fuel Consumed in Industrial Energy,totalvalue_enfu_fuel_consumed_inen_fuel_coal
TX:INEN:INC_EFFICIENCY_ENERGY_STRATEGY_NDC,Value of Fuel Consumed in Industrial Energy,totalvalue_enfu_fuel_consumed_inen_fuel_coke
TX:INEN:INC_EFFICIENCY_ENERGY_STRATEGY_NDC,Value of Fuel Consumed in Industrial Energy,totalvalue_enfu_fuel_consumed_inen_fuel_diesel
TX:INEN:INC_EFFICIENCY_ENERGY_STRATEGY_NDC,Value of Fuel Consumed in Industrial Energy,totalvalue_enfu_fuel_consumed_inen_fuel_electricity
TX:INEN:INC_EFFICIENCY_ENERGY_STRATEGY_NDC,Value of Fuel Consumed in Industrial Energy,totalvalue_enfu_fuel_consumed_inen_fuel_furnace_gas
TX:INEN:INC_EFFICIENCY_ENERGY_STRATEGY_NDC,Value of Fuel Consumed in Industrial Energy,totalvalue_enfu_fuel_consumed_inen_fuel_gasoline
TX:INEN:INC_EFFICIENCY_ENERGY_STRATEGY_NDC,Value of Fuel Consumed in Industrial Energy,totalvalue_enfu_fuel_consumed_inen_fuel_natural_gas
TX:INEN:INC_EFFICIENCY_ENERGY_STRATEGY_NDC,Value of Fuel Consumed in Industrial Energy,totalvalue_enfu_fuel_consumed_inen_fuel_oil
TX:INEN:INC_EFFICIENCY_PRODUCTION,:math:\text{CH}_4 Emissions from Industrial Energy,emission_co2e_ch4_inen_cement
TX:INEN:INC_EFFICIENCY_PRODUCTION,:math:\text{CH}_4 Emissions from Industrial Energy,emission_co2e_ch4_inen_chemicals
TX:INEN:INC_EFFICIENCY_PRODUCTION,:math:\text{CH}_4 Emissions from Industrial Energy,emission_co2e_ch4_inen_electronics
TX:INEN:INC_EFFICIENCY_PRODUCTION,:math:\text{CH}_4 Emissions from Industrial Energy,emission_co2e_ch4_inen_glass
TX:INEN:INC_EFFICIENCY_PRODUCTION,:math:\text{CH}_4 Emissions from Industrial Energy,emission_co2e_ch4_inen_lime_and_carbonite
TX:INEN:INC_EFFICIENCY_PRODUCTION,:math:\text{CH}_4 Emissions from Industrial Energy,emission_co2e_ch4_inen_metals
TX:INEN:INC_EFFICIENCY_PRODUCTION,:math:\text{CH}_4 Emissions from Industrial Energy,emission_co2e_ch4_inen_mining
TX:INEN:INC_EFFICIENCY_PRODUCTION,:math:\text{CH}_4 Emissions from Industrial Energy,emission_co2e_ch4_inen_other_product_manufacturing
TX:INEN:INC_EFFICIENCY_PRODUCTION,:math:\text{CH}_4 Emissions from Industrial Energy,emission_co2e_ch4_inen_paper
TX:INEN:INC_EFFICIENCY_PRODUCTION,:math:\text{CH}_4 Emissions from Industrial Energy,emission_co2e_ch4_inen_plastic
TX:INEN:INC_EFFICIENCY_PRODUCTION,:math:\text{CH}_4 Emissions from Industrial Energy,emission_co2e_ch4_inen_textiles
TX:INEN:INC_EFFICIENCY_PRODUCTION,:math:\text{CH}_4 Emissions from Industrial Energy,emission_co2e_ch4_inen_wood
TX:INEN:INC_EFFICIENCY_PRODUCTION,:math:\text{CO}_2 Biomass Emissions from Industrial Energy,emission_co2e_co2_inen_bmass_cement
TX:INEN:INC_EFFICIENCY_PRODUCTION,:math:\text{CO}_2 Biomass Emissions from Industrial Energy,emission_co2e_co2_inen_bmass_chemicals
TX:INEN:INC_EFFICIENCY_PRODUCTION,:math:\text{CO}_2 Biomass Emissions from Industrial Energy,emission_co2e_co2_inen_bmass_electronics
TX:INEN:INC_EFFICIENCY_PRODUCTION,:math:\text{CO}_2 Biomass Emissions from Industrial Energy,emission_co2e_co2_inen_bmass_glass
TX:INEN:INC_EFFICIENCY_PRODUCTION,:math:\text{CO}_2 Biomass Emissions from Industrial Energy,emission_co2e_co2_inen_bmass_lime_and_carbonite
TX:INEN:INC_EFFICIENCY_PRODUCTION,:math:\text{CO}_2 Biomass Emissions from Industrial Energy,emission_co2e_co2_inen_bmass_metals
TX:INEN:INC_EFFICIENCY_PRODUCTION,:math:\text{CO}_2 Biomass Emissions from Industrial Energy,emission_co2e_co2_inen_bmass_mining
TX:INEN:INC_EFFICIENCY_PRODUCTION,:math:\text{CO}_2 Biomass Emissions from Industrial Energy,emission_co2e_co2_inen_bmass_other_product_manufacturing
TX:INEN:INC_EFFICIENCY_PRODUCTION,:math:\text{CO}_2 Biomass Emissions from Industrial Energy,emission_co2e_co2_inen_bmass_paper
TX:INEN:INC_EFFICIENCY_PRODUCTION,:math:\text{CO}_2 Biomass Emissions from Industrial Energy,emission_co2e_co2_inen_bmass_plastic
TX:INEN:INC_EFFICIENCY_PRODUCTION,:math:\text{CO}_2 Biomass Emissions from Industrial Energy,emission_co2e_co2_inen_bmass_textiles
TX:INEN:INC_EFFICIENCY_PRODUCTION,:math:\text{CO}_2 Biomass Emissions from Industrial Energy,emission_co2e_co2_inen_bmass_wood
TX:INEN:INC_EFFICIENCY_PRODUCTION,:math:\text{CO}_2 Non-Biomass Emissions from Industrial Energy,emission_co2e_co2_inen_nbmass_cement
TX:INEN:INC_EFFICIENCY_PRODUCTION,:math:\text{CO}_2 Non-Biomass Emissions from Industrial Energy,emission_co2e_co2_inen_nbmass_chemicals
TX:INEN:INC_EFFICIENCY_PRODUCTION,:math:\text{CO}_2 Non-Biomass Emissions from Industrial Energy,emission_co2e_co2_inen_nbmass_electronics
TX:INEN:INC_EFFICIENCY_PRODUCTION,:math:\text{CO}_2 Non-Biomass Emissions from Industrial Energy,emission_co2e_co2_inen_nbmass_glass
TX:INEN:INC_EFFICIENCY_PRODUCTION,:math:\text{CO}_2 Non-Biomass Emissions from Industrial Energy,emission_co2e_co2_inen_nbmass_lime_and_carbonite
TX:INEN:INC_EFFICIENCY_PRODUCTION,:math:\text{CO}_2 Non-Biomass Emissions from Industrial Energy,emission_co2e_co2_inen_nbmass_metals
TX:INEN:INC_EFFICIENCY_PRODUCTION,:math:\text{CO}_2 Non-Biomass Emissions from Industrial Energy,emission_co2e_co2_inen_nbmass_mining
TX:INEN:INC_EFFICIENCY_PRODUCTION,:math:\text{CO}_2 Non-Biomass Emissions from Industrial Energy,emission_co2e_co2_inen_nbmass_other_product_manufacturing
TX:INEN:INC_EFFICIENCY_PRODUCTION,:math:\text{CO}_2 Non-Biomass Emissions from Industrial Energy,emission_co2e_co2_inen_nbmass_paper
TX:INEN:INC_EFFICIENCY_PRODUCTION,:math:\text{CO}_2 Non-Biomass Emissions from Industrial Energy,emission_co2e_co2_inen_nbmass_plastic
TX:INEN:INC_EFFICIENCY_PRODUCTION,:math:\text{CO}_2 Non-Biomass Emissions from Industrial Energy,emission_co2e_co2_inen_nbmass_textiles
TX:INEN:INC_EFFICIENCY_PRODUCTION,:math:\text{CO}_2 Non-Biomass Emissions from Industrial Energy,emission_co2e_co2_inen_nbmass_wood
TX:INEN:INC_EFFICIENCY_PRODUCTION,:math:\text{N}_2\text{O} Emissions from Industrial Energy,emission_co2e_n2o_inen_cement
TX:INEN:INC_EFFICIENCY_PRODUCTION,:math:\text{N}_2\text{O} Emissions from Industrial Energy,emission_co2e_n2o_inen_chemicals
TX:INEN:INC_EFFICIENCY_PRODUCTION,:math:\text{N}_2\text{O} Emissions from Industrial Energy,emission_co2e_n2o_inen_electronics
TX:INEN:INC_EFFICIENCY_PRODUCTION,:math:\text{N}_2\text{O} Emissions from Industrial Energy,emission_co2e_n2o_inen_glass
TX:INEN:INC_EFFICIENCY_PRODUCTION,:math:\text{N}_2\text{O} Emissions from Industrial Energy,emission_co2e_n2o_inen_lime_and_carbonite
TX:INEN:INC_EFFICIENCY_PRODUCTION,:math:\text{N}_2\text{O} Emissions from Industrial Energy,emission_co2e_n2o_inen_metals
TX:INEN:INC_EFFICIENCY_PRODUCTION,:math:\text{N}_2\text{O} Emissions from Industrial Energy,emission_co2e_n2o_inen_mining
TX:INEN:INC_EFFICIENCY_PRODUCTION,:math:\text{N}_2\text{O} Emissions from Industrial Energy,emission_co2e_n2o_inen_other_product_manufacturing
TX:INEN:INC_EFFICIENCY_PRODUCTION,:math:\text{N}_2\text{O} Emissions from Industrial Energy,emission_co2e_n2o_inen_paper
TX:INEN:INC_EFFICIENCY_PRODUCTION,:math:\text{N}_2\text{O} Emissions from Industrial Energy,emission_co2e_n2o_inen_plastic
TX:INEN:INC_EFFICIENCY_PRODUCTION,:math:\text{N}_2\text{O} Emissions from Industrial Energy,emission_co2e_n2o_inen_textiles
TX:INEN:INC_EFFICIENCY_PRODUCTION,:math:\text{N}_2\text{O} Emissions from Industrial Energy,emission_co2e_n2o_inen_wood
TX:INEN:INC_EFFICIENCY_PRODUCTION,emission_co2e_subsector_total_inen,emission_co2e_subsector_total_inen
TX:INEN:INC_EFFICIENCY_PRODUCTION,Electrical Energy Consumption from Industrial Energy,energy_consumption_electricity_inen_cement
TX:INEN:INC_EFFICIENCY_PRODUCTION,Electrical Energy Consumption from Industrial Energy,energy_consumption_electricity_inen_chemicals
TX:INEN:INC_EFFICIENCY_PRODUCTION,Electrical Energy Consumption from Industrial Energy,energy_consumption_electricity_inen_electronics
TX:INEN:INC_EFFICIENCY_PRODUCTION,Electrical Energy Consumption from Industrial Energy,energy_consumption_electricity_inen_glass
TX:INEN:INC_EFFICIENCY_PRODUCTION,Electrical Energy Consumption from Industrial Energy,energy_consumption_electricity_inen_lime_and_carbonite
TX:INEN:INC_EFFICIENCY_PRODUCTION,Electrical Energy Consumption from Industrial Energy,energy_consumption_electricity_inen_metals
TX:INEN:INC_EFFICIENCY_PRODUCTION,Electrical Energy Consumption from Industrial Energy,energy_consumption_electricity_inen_mining
TX:INEN:INC_EFFICIENCY_PRODUCTION,Electrical Energy Consumption from Industrial Energy,energy_consumption_electricity_inen_other_product_manufacturing
TX:INEN:INC_EFFICIENCY_PRODUCTION,Electrical Energy Consumption from Industrial Energy,energy_consumption_electricity_inen_paper
TX:INEN:INC_EFFICIENCY_PRODUCTION,Electrical Energy Consumption from Industrial Energy,energy_consumption_electricity_inen_plastic
TX:INEN:INC_EFFICIENCY_PRODUCTION,Electrical Energy Consumption from Industrial Energy,energy_consumption_electricity_inen_textiles
TX:INEN:INC_EFFICIENCY_PRODUCTION,Total Electrical Energy Consumption from Industrial Energy,energy_consumption_electricity_inen_total
TX:INEN:INC_EFFICIENCY_PRODUCTION,Electrical Energy Consumption from Industrial Energy,energy_consumption_electricity_inen_wood
TX:INEN:INC_EFFICIENCY_PRODUCTION,Energy Consumption from Industrial Energy,energy_consumption_inen_cement
TX:INEN:INC_EFFICIENCY_PRODUCTION,Energy Consumption from Industrial Energy,energy_consumption_inen_chemicals
TX:INEN:INC_EFFICIENCY_PRODUCTION,Energy Consumption from Industrial Energy,energy_consumption_inen_electronics
TX:INEN:INC_EFFICIENCY_PRODUCTION,Energy Consumption from Industrial Energy,energy_consumption_inen_glass
TX:INEN:INC_EFFICIENCY_PRODUCTION,Energy Consumption from Industrial Energy,energy_consumption_inen_lime_and_carbonite
TX:INEN:INC_EFFICIENCY_PRODUCTION,Energy Consumption from Industrial Energy,energy_consumption_inen_metals
TX:INEN:INC_EFFICIENCY_PRODUCTION,Energy Consumption from Industrial Energy,energy_consumption_inen_mining
TX:INEN:INC_EFFICIENCY_PRODUCTION,Energy Consumption from Industrial Energy,energy_consumption_inen_other_product_manufacturing
TX:INEN:INC_EFFICIENCY_PRODUCTION,Energy Consumption from Industrial Energy,energy_consumption_inen_paper
TX:INEN:INC_EFFICIENCY_PRODUCTION,Energy Consumption from Industrial Energy,energy_consumption_inen_plastic
TX:INEN:INC_EFFICIENCY_PRODUCTION,Energy Consumption from Industrial Energy,energy_consumption_inen_textiles
TX:INEN:INC_EFFICIENCY_PRODUCTION,Total Energy Consumption from Industrial Energy,energy_consumption_inen_total
TX:INEN:INC_EFFICIENCY_PRODUCTION,Energy Consumption from Industrial Energy,energy_consumption_inen_wood
TX:INEN:INC_EFFICIENCY_PRODUCTION,Energy Demand by Fuel in Industrial Energy,energy_demand_enfu_subsector_total_pj_inen_fuel_biomass
TX:INEN:INC_EFFICIENCY_PRODUCTION,Energy Demand by Fuel in Industrial Energy,energy_demand_enfu_subsector_total_pj_inen_fuel_coal
TX:INEN:INC_EFFICIENCY_PRODUCTION,Energy Demand by Fuel in Industrial Energy,energy_demand_enfu_subsector_total_pj_inen_fuel_coke
TX:INEN:INC_EFFICIENCY_PRODUCTION,Energy Demand by Fuel in Industrial Energy,energy_demand_enfu_subsector_total_pj_inen_fuel_diesel
TX:INEN:INC_EFFICIENCY_PRODUCTION,Energy Demand by Fuel in Industrial Energy,energy_demand_enfu_subsector_total_pj_inen_fuel_electricity
TX:INEN:INC_EFFICIENCY_PRODUCTION,Energy Demand by Fuel in Industrial Energy,energy_demand_enfu_subsector_total_pj_inen_fuel_furnace_gas
TX:INEN:INC_EFFICIENCY_PRODUCTION,Energy Demand by Fuel in Industrial Energy,energy_demand_enfu_subsector_total_pj_inen_fuel_gasoline
TX:INEN:INC_EFFICIENCY_PRODUCTION,Energy Demand by Fuel in Industrial Energy,energy_demand_enfu_subsector_total_pj_inen_fuel_natural_gas
TX:INEN:INC_EFFICIENCY_PRODUCTION,Energy Demand by Fuel in Industrial Energy,energy_demand_enfu_subsector_total_pj_inen_fuel_oil
TX:INEN:INC_EFFICIENCY_PRODUCTION,Energy Demand by Fuel in Industrial Energy,energy_demand_enfu_subsector_total_pj_inen_fuel_solar
TX:INEN:INC_EFFICIENCY_PRODUCTION,Energy Demand in Industrial Energy,energy_demand_inen_cement
TX:INEN:INC_EFFICIENCY_PRODUCTION,Energy Demand in Industrial Energy,energy_demand_inen_chemicals
TX:INEN:INC_EFFICIENCY_PRODUCTION,Energy Demand in Industrial Energy,energy_demand_inen_electronics
TX:INEN:INC_EFFICIENCY_PRODUCTION,Energy Demand in Industrial Energy,energy_demand_inen_glass
TX:INEN:INC_EFFICIENCY_PRODUCTION,Energy Demand in Industrial Energy,energy_demand_inen_lime_and_carbonite
TX:INEN:INC_EFFICIENCY_PRODUCTION,Energy Demand in Industrial Energy,energy_demand_inen_metals
TX:INEN:INC_EFFICIENCY_PRODUCTION,Energy Demand in Industrial Energy,energy_demand_inen_mining
TX:INEN:INC_EFFICIENCY_PRODUCTION,Energy Demand in Industrial Energy,energy_demand_inen_other_product_manufacturing
TX:INEN:INC_EFFICIENCY_PRODUCTION,Energy Demand in Industrial Energy,energy_demand_inen_paper
TX:INEN:INC_EFFICIENCY_PRODUCTION,Energy Demand in Industrial Energy,energy_demand_inen_plastic
TX:INEN:INC_EFFICIENCY_PRODUCTION,Energy Demand in Industrial Energy,energy_demand_inen_textiles
TX:INEN:INC_EFFICIENCY_PRODUCTION,Energy Demand in Industrial Energy,energy_demand_inen_wood
TX:INEN:INC_EFFICIENCY_PRODUCTION,Value of Fuel Consumed in Industrial Energy,totalvalue_enfu_fuel_consumed_inen_fuel_biomass
TX:INEN:INC_EFFICIENCY_PRODUCTION,Value of Fuel Consumed in Industrial Energy,totalvalue_enfu_fuel_consumed_inen_fuel_coal
TX:INEN:INC_EFFICIENCY_PRODUCTION,Value of Fuel Consumed in Industrial Energy,totalvalue_enfu_fuel_consumed_inen_fuel_coke
TX:INEN:INC_EFFICIENCY_PRODUCTION,Value of Fuel Consumed in Industrial Energy,totalvalue_enfu_fuel_consumed_inen_fuel_diesel
TX:INEN:INC_EFFICIENCY_PRODUCTION,Value of Fuel Consumed in Industrial Energy,totalvalue_enfu_fuel_consumed_inen_fuel_electricity
TX:INEN:INC_EFFICIENCY_PRODUCTION,Value of Fuel Consumed in Industrial Energy,totalvalue_enfu_fuel_consumed_inen_fuel_furnace_gas
TX:INEN:INC_EFFICIENCY_PRODUCTION,Value of Fuel Consumed in Industrial Energy,totalvalue_enfu_fuel_consumed_inen_fuel_gasoline
TX:INEN:INC_EFFICIENCY_PRODUCTION,Value of Fuel Consumed in Industrial Energy,totalvalue_enfu_fuel_consumed_inen_fuel_natural_gas
TX:INEN:INC_EFFICIENCY_PRODUCTION,Value of Fuel Consumed in Industrial Energy,totalvalue_enfu_fuel_consumed_inen_fuel_oil
TX:INEN:INC_EFFICIENCY_PRODUCTION_STRATEGY_CONDITIONAL,:math:\text{CH}_4 Emissions from Industrial Energy,emission_co2e_ch4_inen_cement
TX:INEN:INC_EFFICIENCY_PRODUCTION_STRATEGY_CONDITIONAL,:math:\text{CH}_4 Emissions from Industrial Energy,emission_co2e_ch4_inen_chemicals
TX:INEN:INC_EFFICIENCY_PRODUCTION_STRATEGY_CONDITIONAL,:math:\text{CH}_4 Emissions from Industrial Energy,emission_co2e_ch4_inen_electronics
TX:INEN:INC_EFFICIENCY_PRODUCTION_STRATEGY_CONDITIONAL,:math:\text{CH}_4 Emissions from Industrial Energy,emission_co2e_ch4_inen_glass
TX:INEN:INC_EFFICIENCY_PRODUCTION_STRATEGY_CONDITIONAL,:math:\text{CH}_4 Emissions from Industrial Energy,emission_co2e_ch4_inen_lime_and_carbonite
TX:INEN:INC_EFFICIENCY_PRODUCTION_STRATEGY_CONDITIONAL,:math:\text{CH}_4 Emissions from Industrial Energy,emission_co2e_ch4_inen_metals
TX:INEN:INC_EFFICIENCY_PRODUCTION_STRATEGY_CONDITIONAL,:math:\text{CH}_4 Emissions from Industrial Energy,emission_co2e_ch4_inen_mining
TX:INEN:INC_EFFICIENCY_PRODUCTION_STRATEGY_CONDITIONAL,:math:\text{CH}_4 Emissions from Industrial Energy,emission_co2e_ch4_inen_other_product_manufacturing
TX:INEN:INC_EFFICIENCY_PRODUCTION_STRATEGY_CONDITIONAL,:math:\text{CH}_4 Emissions from Industrial Energy,emission_co2e_ch4_inen_paper
TX:INEN:INC_EFFICIENCY_PRODUCTION_STRATEGY_CONDITIONAL,:math:\text{CH}_4 Emissions from Industrial Energy,emission_co2e_ch4_inen_plastic
TX:INEN:INC_EFFICIENCY_PRODUCTION_STRATEGY_CONDITIONAL,:math:\text{CH}_4 Emissions from Industrial Energy,emission_co2e_ch4_inen_textiles
TX:INEN:INC_EFFICIENCY_PRODUCTION_STRATEGY_CONDITIONAL,:math:\text{CH}_4 Emissions from Industrial Energy,emission_co2e_ch4_inen_wood
TX:INEN:INC_EFFICIENCY_PRODUCTION_STRATEGY_CONDITIONAL,:math:\text{CO}_2 Biomass Emissions from Industrial Energy,emission_co2e_co2_inen_bmass_cement
TX:INEN:INC_EFFICIENCY_PRODUCTION_STRATEGY_CONDITIONAL,:math:\text{CO}_2 Biomass Emissions from Industrial Energy,emission_co2e_co2_inen_bmass_chemicals
TX:INEN:INC_EFFICIENCY_PRODUCTION_STRATEGY_CONDITIONAL,:math:\text{CO}_2 Biomass Emissions from Industrial Energy,emission_co2e_co2_inen_bmass_electronics
TX:INEN:INC_EFFICIENCY_PRODUCTION_STRATEGY_CONDITIONAL,:math:\text{CO}_2 Biomass Emissions from Industrial Energy,emission_co2e_co2_inen_bmass_glass
TX:INEN:INC_EFFICIENCY_PRODUCTION_STRATEGY_CONDITIONAL,:math:\text{CO}_2 Biomass Emissions from Industrial Energy,emission_co2e_co2_inen_bmass_lime_and_carbonite
TX:INEN:INC_EFFICIENCY_PRODUCTION_STRATEGY_CONDITIONAL,:math:\text{CO}_2 Biomass Emissions from Industrial Energy,emission_co2e_co2_inen_bmass_metals
TX:INEN:INC_EFFICIENCY_PRODUCTION_STRATEGY_CONDITIONAL,:math:\text{CO}_2 Biomass Emissions from Industrial Energy,emission_co2e_co2_inen_bmass_mining
TX:INEN:INC_EFFICIENCY_PRODUCTION_STRATEGY_CONDITIONAL,:math:\text{CO}_2 Biomass Emissions from Industrial Energy,emission_co2e_co2_inen_bmass_other_product_manufacturing
TX:INEN:INC_EFFICIENCY_PRODUCTION_STRATEGY_CONDITIONAL,:math:\text{CO}_2 Biomass Emissions from Industrial Energy,emission_co2e_co2_inen_bmass_paper
TX:INEN:INC_EFFICIENCY_PRODUCTION_STRATEGY_CONDITIONAL,:math:\text{CO}_2 Biomass Emissions from Industrial Energy,emission_co2e_co2_inen_bmass_plastic
TX:INEN:INC_EFFICIENCY_PRODUCTION_STRATEGY_CONDITIONAL,:math:\text{CO}_2 Biomass Emissions from Industrial Energy,emission_co2e_co2_inen_bmass_textiles
TX:INEN:INC_EFFICIENCY_PRODUCTION_STRATEGY_CONDITIONAL,:math:\text{CO}_2 Biomass Emissions from Industrial Energy,emission_co2e_co2_inen_bmass_wood
TX:INEN:INC_EFFICIENCY_PRODUCTION_STRATEGY_CONDITIONAL,:math:\text{CO}_2 Non-Biomass Emissions from Industrial Energy,emission_co2e_co2_inen_nbmass_cement
TX:INEN:INC_EFFICIENCY_PRODUCTION_STRATEGY_CONDITIONAL,:math:\text{CO}_2 Non-Biomass Emissions from Industrial Energy,emission_co2e_co2_inen_nbmass_chemicals
TX:INEN:INC_EFFICIENCY_PRODUCTION_STRATEGY_CONDITIONAL,:math:\text{CO}_2 Non-Biomass Emissions from Industrial Energy,emission_co2e_co2_inen_nbmass_electronics
TX:INEN:INC_EFFICIENCY_PRODUCTION_STRATEGY_CONDITIONAL,:math:\text{CO}_2 Non-Biomass Emissions from Industrial Energy,emission_co2e_co2_inen_nbmass_glass
TX:INEN:INC_EFFICIENCY_PRODUCTION_STRATEGY_CONDITIONAL,:math:\text{CO}_2 Non-Biomass Emissions from Industrial Energy,emission_co2e_co2_inen_nbmass_lime_and_carbonite
TX:INEN:INC_EFFICIENCY_PRODUCTION_STRATEGY_CONDITIONAL,:math:\text{CO}_2 Non-Biomass Emissions from Industrial Energy,emission_co2e_co2_inen_nbmass_metals
TX:INEN:INC_EFFICIENCY_PRODUCTION_STRATEGY_CONDITIONAL,:math:\text{CO}_2 Non-Biomass Emissions from Industrial Energy,emission_co2e_co2_inen_nbmass_mining
TX:INEN:INC_EFFICIENCY_PRODUCTION_STRATEGY_CONDITIONAL,:math:\text{CO}_2 Non-Biomass Emissions from Industrial Energy,emission_co2e_co2_inen_nbmass_other_product_manufacturing
TX:INEN:INC_EFFICIENCY_PRODUCTION_STRATEGY_CONDITIONAL,:math:\text{CO}_2 Non-Biomass Emissions from Industrial Energy,emission_co2e_co2_inen_nbmass_paper
TX:INEN:INC_EFFICIENCY_PRODUCTION_STRATEGY_CONDITIONAL,:math:\text{CO}_2 Non-Biomass Emissions from Industrial Energy,emission_co2e_co2_inen_nbmass_plastic
TX:INEN:INC_EFFICIENCY_PRODUCTION_STRATEGY_CONDITIONAL,:math:\text{CO}_2 Non-Biomass Emissions from Industrial Energy,emission_co2e_co2_inen_nbmass_textiles
TX:INEN:INC_EFFICIENCY_PRODUCTION_STRATEGY_CONDITIONAL,:math:\text{CO}_2 Non-Biomass Emissions from Industrial Energy,emission_co2e_co2_inen_nbmass_wood
TX:INEN:INC_EFFICIENCY_PRODUCTION_STRATEGY_CONDITIONAL,:math:\text{N}_2\text{O} Emissions from Industrial Energy,emission_co2e_n2o_inen_cement
TX:INEN:INC_EFFICIENCY_PRODUCTION_STRATEGY_CONDITIONAL,:math:\text{N}_2\text{O} Emissions from Industrial Energy,emission_co2e_n2o_inen_chemicals
TX:INEN:INC_EFFICIENCY_PRODUCTION_STRATEGY_CONDITIONAL,:math:\text{N}_2\text{O} Emissions from Industrial Energy,emission_co2e_n2o_inen_electronics
TX:INEN:INC_EFFICIENCY_PRODUCTION_STRATEGY_CONDITIONAL,:math:\text{N}_2\text{O} Emissions from Industrial Energy,emission_co2e_n2o_inen_glass
TX:INEN:INC_EFFICIENCY_PRODUCTION_STRATEGY_CONDITIONAL,:math:\text{N}_2\text{O} Emissions from Industrial Energy,emission_co2e_n2o_inen_lime_and_carbonite
TX:INEN:INC_EFFICIENCY_PRODUCTION_STRATEGY_CONDITIONAL,:math:\text{N}_2\text{O} Emissions from Industrial Energy,emission_co2e_n2o_inen_metals
TX:INEN:INC_EFFICIENCY_PRODUCTION_STRATEGY_CONDITIONAL,:math:\text{N}_2\text{O} Emissions from Industrial Energy,emission_co2e_n2o_inen_mining
TX:INEN:INC_EFFICIENCY_PRODUCTION_STRATEGY_CONDITIONAL,:math:\text{N}_2\text{O} Emissions from Industrial Energy,emission_co2e_n2o_inen_other_product_manufacturing
TX:INEN:INC_EFFICIENCY_PRODUCTION_STRATEGY_CONDITIONAL,:math:\text{N}_2\text{O} Emissions from Industrial Energy,emission_co2e_n2o_inen_paper
TX:INEN:INC_EFFICIENCY_PRODUCTION_STRATEGY_CONDITIONAL,:math:\text{N}_2\text{O} Emissions from Industrial Energy,emission_co2e_n2o_inen_plastic
TX:INEN:INC_EFFICIENCY_PRODUCTION_STRATEGY_CONDITIONAL,:math:\text{N}_2\text{O} Emissions from Industrial Energy,emission_co2e_n2o_inen_textiles
TX:INEN:INC_EFFICIENCY_PRODUCTION_STRATEGY_CONDITIONAL,:math:\text{N}_2\text{O} Emissions from Industrial Energy,emission_co2e_n2o_inen_wood
TX:INEN:INC_EFFICIENCY_PRODUCTION_STRATEGY_CONDITIONAL,emission_co2e_subsector_total_inen,emission_co2e_subsector_total_inen
TX:INEN:INC_EFFICIENCY_PRODUCTION_STRATEGY_CONDITIONAL,Electrical Energy Consumption from Industrial Energy,energy_consumption_electricity_inen_cement
TX:INEN:INC_EFFICIENCY_PRODUCTION_STRATEGY_CONDITIONAL,Electrical Energy Consumption from Industrial Energy,energy_consumption_electricity_inen_chemicals
TX:INEN:INC_EFFICIENCY_PRODUCTION_STRATEGY_CONDITIONAL,Electrical Energy Consumption from Industrial Energy,energy_consumption_electricity_inen_electronics
TX:INEN:INC_EFFICIENCY_PRODUCTION_STRATEGY_CONDITIONAL,Electrical Energy Consumption from Industrial Energy,energy_consumption_electricity_inen_glass
TX:INEN:INC_EFFICIENCY_PRODUCTION_STRATEGY_CONDITIONAL,Electrical Energy Consumption from Industrial Energy,energy_consumption_electricity_inen_lime_and_carbonite
TX:INEN:INC_EFFICIENCY_PRODUCTION_STRATEGY_CONDITIONAL,Electrical Energy Consumption from Industrial Energy,energy_consumption_electricity_inen_metals
TX:INEN:INC_EFFICIENCY_PRODUCTION_STRATEGY_CONDITIONAL,Electrical Energy Consumption from Industrial Energy,energy_consumption_electricity_inen_mining
TX:INEN:INC_EFFICIENCY_PRODUCTION_STRATEGY_CONDITIONAL,Electrical Energy Consumption from Industrial Energy,energy_consumption_electricity_inen_other_product_manufacturing
TX:INEN:INC_EFFICIENCY_PRODUCTION_STRATEGY_CONDITIONAL,Electrical Energy Consumption from Industrial Energy,energy_consumption_electricity_inen_paper
TX:INEN:INC_EFFICIENCY_PRODUCTION_STRATEGY_CONDITIONAL,Electrical Energy Consumption from Industrial Energy,energy_consumption_electricity_inen_plastic
TX:INEN:INC_EFFICIENCY_PRODUCTION_STRATEGY_CONDITIONAL,Electrical Energy Consumption from Industrial Energy,energy_consumption_electricity_inen_textiles
TX:INEN:INC_EFFICIENCY_PRODUCTION_STRATEGY_CONDITIONAL,Total Electrical Energy Consumption from Industrial Energy,energy_consumption_electricity_inen_total
TX:INEN:INC_EFFICIENCY_PRODUCTION_STRATEGY_CONDITIONAL,Electrical Energy Consumption from Industrial Energy,energy_consumption_electricity_inen_wood
TX:INEN:INC_EFFICIENCY_PRODUCTION_STRATEGY_CONDITIONAL,Energy Consumption from Industrial Energy,energy_consumption_inen_cement
TX:INEN:INC_EFFICIENCY_PRODUCTION_STRATEGY_CONDITIONAL,Energy Consumption from Industrial Energy,energy_consumption_inen_chemicals
TX:INEN:INC_EFFICIENCY_PRODUCTION_STRATEGY_CONDITIONAL,Energy Consumption from Industrial Energy,energy_consumption_inen_electronics
TX:INEN:INC_EFFICIENCY_PRODUCTION_STRATEGY_CONDITIONAL,Energy Consumption from Industrial Energy,energy_consumption_inen_glass
TX:INEN:INC_EFFICIENCY_PRODUCTION_STRATEGY_CONDITIONAL,Energy Consumption from Industrial Energy,energy_consumption_inen_lime_and_carbonite
TX:INEN:INC_EFFICIENCY_PRODUCTION_STRATEGY_CONDITIONAL,Energy Consumption from Industrial Energy,energy_consumption_inen_metals
TX:INEN:INC_EFFICIENCY_PRODUCTION_STRATEGY_CONDITIONAL,Energy Consumption from Industrial Energy,energy_consumption_inen_mining
TX:INEN:INC_EFFICIENCY_PRODUCTION_STRATEGY_CONDITIONAL,Energy Consumption from Industrial Energy,energy_consumption_inen_other_product_manufacturing
TX:INEN:INC_EFFICIENCY_PRODUCTION_STRATEGY_CONDITIONAL,Energy Consumption from Industrial Energy,energy_consumption_inen_paper
TX:INEN:INC_EFFICIENCY_PRODUCTION_STRATEGY_CONDITIONAL,Energy Consumption from Industrial Energy,energy_consumption_inen_plastic
TX:INEN:INC_EFFICIENCY_PRODUCTION_STRATEGY_CONDITIONAL,Energy Consumption from Industrial Energy,energy_consumption_inen_textiles
TX:INEN:INC_EFFICIENCY_PRODUCTION_STRATEGY_CONDITIONAL,Total Energy Consumption from Industrial Energy,energy_consumption_inen_total
TX:INEN:INC_EFFICIENCY_PRODUCTION_STRATEGY_CONDITIONAL,Energy Consumption from Industrial Energy,energy_consumption_inen_wood
TX:INEN:INC_EFFICIENCY_PRODUCTION_STRATEGY_CONDITIONAL,Energy Demand by Fuel in Industrial Energy,energy_demand_enfu_subsector_total_pj_inen_fuel_biomass
TX:INEN:INC_EFFICIENCY_PRODUCTION_STRATEGY_CONDITIONAL,Energy Demand by Fuel in Industrial Energy,energy_demand_enfu_subsector_total_pj_inen_fuel_coal
TX:INEN:INC_EFFICIENCY_PRODUCTION_STRATEGY_CONDITIONAL,Energy Demand by Fuel in Industrial Energy,energy_demand_enfu_subsector_total_pj_inen_fuel_coke
TX:INEN:INC_EFFICIENCY_PRODUCTION_STRATEGY_CONDITIONAL,Energy Demand by Fuel in Industrial Energy,energy_demand_enfu_subsector_total_pj_inen_fuel_diesel
TX:INEN:INC_EFFICIENCY_PRODUCTION_STRATEGY_CONDITIONAL,Energy Demand by Fuel in Industrial Energy,energy_demand_enfu_subsector_total_pj_inen_fuel_electricity
TX:INEN:INC_EFFICIENCY_PRODUCTION_STRATEGY_CONDITIONAL,Energy Demand by Fuel in Industrial Energy,energy_demand_enfu_subsector_total_pj_inen_fuel_furnace_gas
TX:INEN:INC_EFFICIENCY_PRODUCTION_STRATEGY_CONDITIONAL,Energy Demand by Fuel in Industrial Energy,energy_demand_enfu_subsector_total_pj_inen_fuel_gasoline
TX:INEN:INC_EFFICIENCY_PRODUCTION_STRATEGY_CONDITIONAL,Energy Demand by Fuel in Industrial Energy,energy_demand_enfu_subsector_total_pj_inen_fuel_natural_gas
TX:INEN:INC_EFFICIENCY_PRODUCTION_STRATEGY_CONDITIONAL,Energy Demand by Fuel in Industrial Energy,energy_demand_enfu_subsector_total_pj_inen_fuel_oil
TX:INEN:INC_EFFICIENCY_PRODUCTION_STRATEGY_CONDITIONAL,Energy Demand by Fuel in Industrial Energy,energy_demand_enfu_subsector_total_pj_inen_fuel_solar
TX:INEN:INC_EFFICIENCY_PRODUCTION_STRATEGY_CONDITIONAL,Energy Demand in Industrial Energy,energy_demand_inen_cement
TX:INEN:INC_EFFICIENCY_PRODUCTION_STRATEGY_CONDITIONAL,Energy Demand in Industrial Energy,energy_demand_inen_chemicals
TX:INEN:INC_EFFICIENCY_PRODUCTION_STRATEGY_CONDITIONAL,Energy Demand in Industrial Energy,energy_demand_inen_electronics
TX:INEN:INC_EFFICIENCY_PRODUCTION_STRATEGY_CONDITIONAL,Energy Demand in Industrial Energy,energy_demand_inen_glass
TX:INEN:INC_EFFICIENCY_PRODUCTION_STRATEGY_CONDITIONAL,Energy Demand in Industrial Energy,energy_demand_inen_lime_and_carbonite
TX:INEN:INC_EFFICIENCY_PRODUCTION_STRATEGY_CONDITIONAL,Energy Demand in Industrial Energy,energy_demand_inen_metals
TX:INEN:INC_EFFICIENCY_PRODUCTION_STRATEGY_CONDITIONAL,Energy Demand in Industrial Energy,energy_demand_inen_mining
TX:INEN:INC_EFFICIENCY_PRODUCTION_STRATEGY_CONDITIONAL,Energy Demand in Industrial Energy,energy_demand_inen_other_product_manufacturing
TX:INEN:INC_EFFICIENCY_PRODUCTION_STRATEGY_CONDITIONAL,Energy Demand in Industrial Energy,energy_demand_inen_paper
TX:INEN:INC_EFFICIENCY_PRODUCTION_STRATEGY_CONDITIONAL,Energy Demand in Industrial Energy,energy_demand_inen_plastic
TX:INEN:INC_EFFICIENCY_PRODUCTION_STRATEGY_CONDITIONAL,Energy Demand in Industrial Energy,energy_demand_inen_textiles
TX:INEN:INC_EFFICIENCY_PRODUCTION_STRATEGY_CONDITIONAL,Energy Demand in Industrial Energy,energy_demand_inen_wood
TX:INEN:INC_EFFICIENCY_PRODUCTION_STRATEGY_CONDITIONAL,Value of Fuel Consumed in Industrial Energy,totalvalue_enfu_fuel_consumed_inen_fuel_biomass
TX:INEN:INC_EFFICIENCY_PRODUCTION_STRATEGY_CONDITIONAL,Value of Fuel Consumed in Industrial Energy,totalvalue_enfu_fuel_consumed_inen_fuel_coal
TX:INEN:INC_EFFICIENCY_PRODUCTION_STRATEGY_CONDITIONAL,Value of Fuel Consumed in Industrial Energy,totalvalue_enfu_fuel_consumed_inen_fuel_coke
TX:INEN:INC_EFFICIENCY_PRODUCTION_STRATEGY_CONDITIONAL,Value of Fuel Consumed in Industrial Energy,totalvalue_enfu_fuel_consumed_inen_fuel_diesel
TX:INEN:INC_EFFICIENCY_PRODUCTION_STRATEGY_CONDITIONAL,Value of Fuel Consumed in Industrial Energy,totalvalue_enfu_fuel_consumed_inen_fuel_electricity
TX:INEN:INC_EFFICIENCY_PRODUCTION_STRATEGY_CONDITIONAL,Value of Fuel Consumed in Industrial Energy,totalvalue_enfu_fuel_consumed_inen_fuel_furnace_gas
TX:INEN:INC_EFFICIENCY_PRODUCTION_STRATEGY_CONDITIONAL,Value of Fuel Consumed in Industrial Energy,totalvalue_enfu_fuel_consumed_inen_fuel_gasoline
TX:INEN:INC_EFFICIENCY_PRODUCTION_STRATEGY_CONDITIONAL,Value of Fuel Consumed in Industrial Energy,totalvalue_enfu_fuel_consumed_inen_fuel_natural_gas
TX:INEN:INC_EFFICIENCY_PRODUCTION_STRATEGY_CONDITIONAL,Value of Fuel Consumed in Industrial Energy,totalvalue_enfu_fuel_consumed_inen_fuel_oil
TX:INEN:INC_EFFICIENCY_PRODUCTION_STRATEGY_LEP,:math:\text{CH}_4 Emissions from Industrial Energy,emission_co2e_ch4_inen_cement
TX:INEN:INC_EFFICIENCY_PRODUCTION_STRATEGY_LEP,:math:\text{CH}_4 Emissions from Industrial Energy,emission_co2e_ch4_inen_chemicals
TX:INEN:INC_EFFICIENCY_PRODUCTION_STRATEGY_LEP,:math:\text{CH}_4 Emissions from Industrial Energy,emission_co2e_ch4_inen_electronics
TX:INEN:INC_EFFICIENCY_PRODUCTION_STRATEGY_LEP,:math:\text{CH}_4 Emissions from Industrial Energy,emission_co2e_ch4_inen_glass
TX:INEN:INC_EFFICIENCY_PRODUCTION_STRATEGY_LEP,:math:\text{CH}_4 Emissions from Industrial Energy,emission_co2e_ch4_inen_lime_and_carbonite
TX:INEN:INC_EFFICIENCY_PRODUCTION_STRATEGY_LEP,:math:\text{CH}_4 Emissions from Industrial Energy,emission_co2e_ch4_inen_metals
TX:INEN:INC_EFFICIENCY_PRODUCTION_STRATEGY_LEP,:math:\text{CH}_4 Emissions from Industrial Energy,emission_co2e_ch4_inen_mining
TX:INEN:INC_EFFICIENCY_PRODUCTION_STRATEGY_LEP,:math:\text{CH}_4 Emissions from Industrial Energy,emission_co2e_ch4_inen_other_product_manufacturing
TX:INEN:INC_EFFICIENCY_PRODUCTION_STRATEGY_LEP,:math:\text{CH}_4 Emissions from Industrial Energy,emission_co2e_ch4_inen_paper
TX:INEN:INC_EFFICIENCY_PRODUCTION_STRATEGY_LEP,:math:\text{CH}_4 Emissions from Industrial Energy,emission_co2e_ch4_inen_plastic
TX:INEN:INC_EFFICIENCY_PRODUCTION_STRATEGY_LEP,:math:\text{CH}_4 Emissions from Industrial Energy,emission_co2e_ch4_inen_textiles
TX:INEN:INC_EFFICIENCY_PRODUCTION_STRATEGY_LEP,:math:\text{CH}_4 Emissions from Industrial Energy,emission_co2e_ch4_inen_wood
TX:INEN:INC_EFFICIENCY_PRODUCTION_STRATEGY_LEP,:math:\text{CO}_2 Biomass Emissions from Industrial Energy,emission_co2e_co2_inen_bmass_cement
TX:INEN:INC_EFFICIENCY_PRODUCTION_STRATEGY_LEP,:math:\text{CO}_2 Biomass Emissions from Industrial Energy,emission_co2e_co2_inen_bmass_chemicals
TX:INEN:INC_EFFICIENCY_PRODUCTION_STRATEGY_LEP,:math:\text{CO}_2 Biomass Emissions from Industrial Energy,emission_co2e_co2_inen_bmass_electronics
TX:INEN:INC_EFFICIENCY_PRODUCTION_STRATEGY_LEP,:math:\text{CO}_2 Biomass Emissions from Industrial Energy,emission_co2e_co2_inen_bmass_glass
TX:INEN:INC_EFFICIENCY_PRODUCTION_STRATEGY_LEP,:math:\text{CO}_2 Biomass Emissions from Industrial Energy,emission_co2e_co2_inen_bmass_lime_and_carbonite
TX:INEN:INC_EFFICIENCY_PRODUCTION_STRATEGY_LEP,:math:\text{CO}_2 Biomass Emissions from Industrial Energy,emission_co2e_co2_inen_bmass_metals
TX:INEN:INC_EFFICIENCY_PRODUCTION_STRATEGY_LEP,:math:\text{CO}_2 Biomass Emissions from Industrial Energy,emission_co2e_co2_inen_bmass_mining
TX:INEN:INC_EFFICIENCY_PRODUCTION_STRATEGY_LEP,:math:\text{CO}_2 Biomass Emissions from Industrial Energy,emission_co2e_co2_inen_bmass_other_product_manufacturing
TX:INEN:INC_EFFICIENCY_PRODUCTION_STRATEGY_LEP,:math:\text{CO}_2 Biomass Emissions from Industrial Energy,emission_co2e_co2_inen_bmass_paper
TX:INEN:INC_EFFICIENCY_PRODUCTION_STRATEGY_LEP,:math:\text{CO}_2 Biomass Emissions from Industrial Energy,emission_co2e_co2_inen_bmass_plastic
TX:INEN:INC_EFFICIENCY_PRODUCTION_STRATEGY_LEP,:math:\text{CO}_2 Biomass Emissions from Industrial Energy,emission_co2e_co2_inen_bmass_textiles
TX:INEN:INC_EFFICIENCY_PRODUCTION_STRATEGY_LEP,:math:\text{CO}_2 Biomass Emissions from Industrial Energy,emission_co2e_co2_inen_bmass_wood
TX:INEN:INC_EFFICIENCY_PRODUCTION_STRATEGY_LEP,:math:\text{CO}_2 Non-Biomass Emissions from Industrial Energy,emission_co2e_co2_inen_nbmass_cement
TX:INEN:INC_EFFICIENCY_PRODUCTION_STRATEGY_LEP,:math:\text{CO}_2 Non-Biomass Emissions from Industrial Energy,emission_co2e_co2_inen_nbmass_chemicals
TX:INEN:INC_EFFICIENCY_PRODUCTION_STRATEGY_LEP,:math:\text{CO}_2 Non-Biomass Emissions from Industrial Energy,emission_co2e_co2_inen_nbmass_electronics
TX:INEN:INC_EFFICIENCY_PRODUCTION_STRATEGY_LEP,:math:\text{CO}_2 Non-Biomass Emissions from Industrial Energy,emission_co2e_co2_inen_nbmass_glass
TX:INEN:INC_EFFICIENCY_PRODUCTION_STRATEGY_LEP,:math:\text{CO}_2 Non-Biomass Emissions from Industrial Energy,emission_co2e_co2_inen_nbmass_lime_and_carbonite
TX:INEN:INC_EFFICIENCY_PRODUCTION_STRATEGY_LEP,:math:\text{CO}_2 Non-Biomass Emissions from Industrial Energy,emission_co2e_co2_inen_nbmass_metals
TX:INEN:INC_EFFICIENCY_PRODUCTION_STRATEGY_LEP,:math:\text{CO}_2 Non-Biomass Emissions from Industrial Energy,emission_co2e_co2_inen_nbmass_mining
TX:INEN:INC_EFFICIENCY_PRODUCTION_STRATEGY_LEP,:math:\text{CO}_2 Non-Biomass Emissions from Industrial Energy,emission_co2e_co2_inen_nbmass_other_product_manufacturing
TX:INEN:INC_EFFICIENCY_PRODUCTION_STRATEGY_LEP,:math:\text{CO}_2 Non-Biomass Emissions from Industrial Energy,emission_co2e_co2_inen_nbmass_paper
TX:INEN:INC_EFFICIENCY_PRODUCTION_STRATEGY_LEP,:math:\text{CO}_2 Non-Biomass Emissions from Industrial Energy,emission_co2e_co2_inen_nbmass_plastic
TX:INEN:INC_EFFICIENCY_PRODUCTION_STRATEGY_LEP,:math:\text{CO}_2 Non-Biomass Emissions from Industrial Energy,emission_co2e_co2_inen_nbmass_textiles
TX:INEN:INC_EFFICIENCY_PRODUCTION_STRATEGY_LEP,:math:\text{CO}_2 Non-Biomass Emissions from Industrial Energy,emission_co2e_co2_inen_nbmass_wood
TX:INEN:INC_EFFICIENCY_PRODUCTION_STRATEGY_LEP,:math:\text{N}_2\text{O} Emissions from Industrial Energy,emission_co2e_n2o_inen_cement
TX:INEN:INC_EFFICIENCY_PRODUCTION_STRATEGY_LEP,:math:\text{N}_2\text{O} Emissions from Industrial Energy,emission_co2e_n2o_inen_chemicals
TX:INEN:INC_EFFICIENCY_PRODUCTION_STRATEGY_LEP,:math:\text{N}_2\text{O} Emissions from Industrial Energy,emission_co2e_n2o_inen_electronics
TX:INEN:INC_EFFICIENCY_PRODUCTION_STRATEGY_LEP,:math:\text{N}_2\text{O} Emissions from Industrial Energy,emission_co2e_n2o_inen_glass
TX:INEN:INC_EFFICIENCY_PRODUCTION_STRATEGY_LEP,:math:\text{N}_2\text{O} Emissions from Industrial Energy,emission_co2e_n2o_inen_lime_and_carbonite
TX:INEN:INC_EFFICIENCY_PRODUCTION_STRATEGY_LEP,:math:\text{N}_2\text{O} Emissions from Industrial Energy,emission_co2e_n2o_inen_metals
TX:INEN:INC_EFFICIENCY_PRODUCTION_STRATEGY_LEP,:math:\text{N}_2\text{O} Emissions from Industrial Energy,emission_co2e_n2o_inen_mining
TX:INEN:INC_EFFICIENCY_PRODUCTION_STRATEGY_LEP,:math:\text{N}_2\text{O} Emissions from Industrial Energy,emission_co2e_n2o_inen_other_product_manufacturing
TX:INEN:INC_EFFICIENCY_PRODUCTION_STRATEGY_LEP,:math:\text{N}_2\text{O} Emissions from Industrial Energy,emission_co2e_n2o_inen_paper
TX:INEN:INC_EFFICIENCY_PRODUCTION_STRATEGY_LEP,:math:\text{N}_2\text{O} Emissions from Industrial Energy,emission_co2e_n2o_inen_plastic
TX:INEN:INC_EFFICIENCY_PRODUCTION_STRATEGY_LEP,:math:\text{N}_2\text{O} Emissions from Industrial Energy,emission_co2e_n2o_inen_textiles
TX:INEN:INC_EFFICIENCY_PRODUCTION_STRATEGY_LEP,:math:\text{N}_2\text{O} Emissions from Industrial Energy,emission_co2e_n2o_inen_wood
TX:INEN:INC_EFFICIENCY_PRODUCTION_STRATEGY_LEP,emission_co2e_subsector_total_inen,emission_co2e_subsector_total_inen
TX:INEN:INC_EFFICIENCY_PRODUCTION_STRATEGY_LEP,Electrical Energy Consumption from Industrial Energy,energy_consumption_electricity_inen_cement
TX:INEN:INC_EFFICIENCY_PRODUCTION_STRATEGY_LEP,Electrical Energy Consumption from Industrial Energy,energy_consumption_electricity_inen_chemicals
TX:INEN:INC_EFFICIENCY_PRODUCTION_STRATEGY_LEP,Electrical Energy Consumption from Industrial Energy,energy_consumption_electricity_inen_electronics
TX:INEN:INC_EFFICIENCY_PRODUCTION_STRATEGY_LEP,Electrical Energy Consumption from Industrial Energy,energy_consumption_electricity_inen_glass
TX:INEN:INC_EFFICIENCY_PRODUCTION_STRATEGY_LEP,Electrical Energy Consumption from Industrial Energy,energy_consumption_electricity_inen_lime_and_carbonite
TX:INEN:INC_EFFICIENCY_PRODUCTION_STRATEGY_LEP,Electrical Energy Consumption from Industrial Energy,energy_consumption_electricity_inen_metals
TX:INEN:INC_EFFICIENCY_PRODUCTION_STRATEGY_LEP,Electrical Energy Consumption from Industrial Energy,energy_consumption_electricity_inen_mining
TX:INEN:INC_EFFICIENCY_PRODUCTION_STRATEGY_LEP,Electrical Energy Consumption from Industrial Energy,energy_consumption_electricity_inen_other_product_manufacturing
TX:INEN:INC_EFFICIENCY_PRODUCTION_STRATEGY_LEP,Electrical Energy Consumption from Industrial Energy,energy_consumption_electricity_inen_paper
TX:INEN:INC_EFFICIENCY_PRODUCTION_STRATEGY_LEP,Electrical Energy Consumption from Industrial Energy,energy_consumption_electricity_inen_plastic
TX:INEN:INC_EFFICIENCY_PRODUCTION_STRATEGY_LEP,Electrical Energy Consumption from Industrial Energy,energy_consumption_electricity_inen_textiles
TX:INEN:INC_EFFICIENCY_PRODUCTION_STRATEGY_LEP,Total Electrical Energy Consumption from Industrial Energy,energy_consumption_electricity_inen_total
TX:INEN:INC_EFFICIENCY_PRODUCTION_STRATEGY_LEP,Electrical Energy Consumption from Industrial Energy,energy_consumption_electricity_inen_wood
TX:INEN:INC_EFFICIENCY_PRODUCTION_STRATEGY_LEP,Energy Consumption from Industrial Energy,energy_consumption_inen_cement
TX:INEN:INC_EFFICIENCY_PRODUCTION_STRATEGY_LEP,Energy Consumption from Industrial Energy,energy_consumption_inen_chemicals
TX:INEN:INC_EFFICIENCY_PRODUCTION_STRATEGY_LEP,Energy Consumption from Industrial Energy,energy_consumption_inen_electronics
TX:INEN:INC_EFFICIENCY_PRODUCTION_STRATEGY_LEP,Energy Consumption from Industrial Energy,energy_consumption_inen_glass
TX:INEN:INC_EFFICIENCY_PRODUCTION_STRATEGY_LEP,Energy Consumption from Industrial Energy,energy_consumption_inen_lime_and_carbonite
TX:INEN:INC_EFFICIENCY_PRODUCTION_STRATEGY_LEP,Energy Consumption from Industrial Energy,energy_consumption_inen_metals
TX:INEN:INC_EFFICIENCY_PRODUCTION_STRATEGY_LEP,Energy Consumption from Industrial Energy,energy_consumption_inen_mining
TX:INEN:INC_EFFICIENCY_PRODUCTION_STRATEGY_LEP,Energy Consumption from Industrial Energy,energy_consumption_inen_other_product_manufacturing
TX:INEN:INC_EFFICIENCY_PRODUCTION_STRATEGY_LEP,Energy Consumption from Industrial Energy,energy_consumption_inen_paper
TX:INEN:INC_EFFICIENCY_PRODUCTION_STRATEGY_LEP,Energy Consumption from Industrial Energy,energy_consumption_inen_plastic
TX:INEN:INC_EFFICIENCY_PRODUCTION_STRATEGY_LEP,Energy Consumption from Industrial Energy,energy_consumption_inen_textiles
TX:INEN:INC_EFFICIENCY_PRODUCTION_STRATEGY_LEP,Total Energy Consumption from Industrial Energy,energy_consumption_inen_total
TX:INEN:INC_EFFICIENCY_PRODUCTION_STRATEGY_LEP,Energy Consumption from Industrial Energy,energy_consumption_inen_wood
TX:INEN:INC_EFFICIENCY_PRODUCTION_STRATEGY_LEP,Energy Demand by Fuel in Industrial Energy,energy_demand_enfu_subsector_total_pj_inen_fuel_biomass
TX:INEN:INC_EFFICIENCY_PRODUCTION_STRATEGY_LEP,Energy Demand by Fuel in Industrial Energy,energy_demand_enfu_subsector_total_pj_inen_fuel_coal
TX:INEN:INC_EFFICIENCY_PRODUCTION_STRATEGY_LEP,Energy Demand by Fuel in Industrial Energy,energy_demand_enfu_subsector_total_pj_inen_fuel_coke
TX:INEN:INC_EFFICIENCY_PRODUCTION_STRATEGY_LEP,Energy Demand by Fuel in Industrial Energy,energy_demand_enfu_subsector_total_pj_inen_fuel_diesel
TX:INEN:INC_EFFICIENCY_PRODUCTION_STRATEGY_LEP,Energy Demand by Fuel in Industrial Energy,energy_demand_enfu_subsector_total_pj_inen_fuel_electricity
TX:INEN:INC_EFFICIENCY_PRODUCTION_STRATEGY_LEP,Energy Demand by Fuel in Industrial Energy,energy_demand_enfu_subsector_total_pj_inen_fuel_furnace_gas
TX:INEN:INC_EFFICIENCY_PRODUCTION_STRATEGY_LEP,Energy Demand by Fuel in Industrial Energy,energy_demand_enfu_subsector_total_pj_inen_fuel_gasoline
TX:INEN:INC_EFFICIENCY_PRODUCTION_STRATEGY_LEP,Energy Demand by Fuel in Industrial Energy,energy_demand_enfu_subsector_total_pj_inen_fuel_natural_gas
TX:INEN:INC_EFFICIENCY_PRODUCTION_STRATEGY_LEP,Energy Demand by Fuel in Industrial Energy,energy_demand_enfu_subsector_total_pj_inen_fuel_oil
TX:INEN:INC_EFFICIENCY_PRODUCTION_STRATEGY_LEP,Energy Demand by Fuel in Industrial Energy,energy_demand_enfu_subsector_total_pj_inen_fuel_solar
TX:INEN:INC_EFFICIENCY_PRODUCTION_STRATEGY_LEP,Energy Demand in Industrial Energy,energy_demand_inen_cement
TX:INEN:INC_EFFICIENCY_PRODUCTION_STRATEGY_LEP,Energy Demand in Industrial Energy,energy_demand_inen_chemicals
TX:INEN:INC_EFFICIENCY_PRODUCTION_STRATEGY_LEP,Energy Demand in Industrial Energy,energy_demand_inen_electronics
TX:INEN:INC_EFFICIENCY_PRODUCTION_STRATEGY_LEP,Energy Demand in Industrial Energy,energy_demand_inen_glass
TX:INEN:INC_EFFICIENCY_PRODUCTION_STRATEGY_LEP,Energy Demand in Industrial Energy,energy_demand_inen_lime_and_carbonite
TX:INEN:INC_EFFICIENCY_PRODUCTION_STRATEGY_LEP,Energy Demand in Industrial Energy,energy_demand_inen_metals
TX:INEN:INC_EFFICIENCY_PRODUCTION_STRATEGY_LEP,Energy Demand in Industrial Energy,energy_demand_inen_mining
TX:INEN:INC_EFFICIENCY_PRODUCTION_STRATEGY_LEP,Energy Demand in Industrial Energy,energy_demand_inen_other_product_manufacturing
TX:INEN:INC_EFFICIENCY_PRODUCTION_STRATEGY_LEP,Energy Demand in Industrial Energy,energy_demand_inen_paper
TX:INEN:INC_EFFICIENCY_PRODUCTION_STRATEGY_LEP,Energy Demand in Industrial Energy,energy_demand_inen_plastic
TX:INEN:INC_EFFICIENCY_PRODUCTION_STRATEGY_LEP,Energy Demand in Industrial Energy,energy_demand_inen_textiles
TX:INEN:INC_EFFICIENCY_PRODUCTION_STRATEGY_LEP,Energy Demand in Industrial Energy,energy_demand_inen_wood
TX:INEN:INC_EFFICIENCY_PRODUCTION_STRATEGY_LEP,Value of Fuel Consumed in Industrial Energy,totalvalue_enfu_fuel_consumed_inen_fuel_biomass
TX:INEN:INC_EFFICIENCY_PRODUCTION_STRATEGY_LEP,Value of Fuel Consumed in Industrial Energy,totalvalue_enfu_fuel_consumed_inen_fuel_coal
TX:INEN:INC_EFFICIENCY_PRODUCTION_STRATEGY_LEP,Value of Fuel Consumed in Industrial Energy,totalvalue_enfu_fuel_consumed_inen_fuel_coke
TX:INEN:INC_EFFICIENCY_PRODUCTION_STRATEGY_LEP,Value of Fuel Consumed in Industrial Energy,totalvalue_enfu_fuel_consumed_inen_fuel_diesel
TX:INEN:INC_EFFICIENCY_PRODUCTION_STRATEGY_LEP,Value of Fuel Consumed in Industrial Energy,totalvalue_enfu_fuel_consumed_inen_fuel_electricity
TX:INEN:INC_EFFICIENCY_PRODUCTION_STRATEGY_LEP,Value of Fuel Consumed in Industrial Energy,totalvalue_enfu_fuel_consumed_inen_fuel_furnace_gas
TX:INEN:INC_EFFICIENCY_PRODUCTION_STRATEGY_LEP,Value of Fuel Consumed in Industrial Energy,totalvalue_enfu_fuel_consumed_inen_fuel_gasoline
TX:INEN:INC_EFFICIENCY_PRODUCTION_STRATEGY_LEP,Value of Fuel Consumed in Industrial Energy,totalvalue_enfu_fuel_consumed_inen_fuel_natural_gas
TX:INEN:INC_EFFICIENCY_PRODUCTION_STRATEGY_LEP,Value of Fuel Consumed in Industrial Energy,totalvalue_enfu_fuel_consumed_inen_fuel_oil
TX:INEN:INC_EFFICIENCY_PRODUCTION_STRATEGY_NDC,:math:\text{CH}_4 Emissions from Industrial Energy,emission_co2e_ch4_inen_cement
TX:INEN:INC_EFFICIENCY_PRODUCTION_STRATEGY_NDC,:math:\text{CH}_4 Emissions from Industrial Energy,emission_co2e_ch4_inen_chemicals
TX:INEN:INC_EFFICIENCY_PRODUCTION_STRATEGY_NDC,:math:\text{CH}_4 Emissions from Industrial Energy,emission_co2e_ch4_inen_electronics
TX:INEN:INC_EFFICIENCY_PRODUCTION_STRATEGY_NDC,:math:\text{CH}_4 Emissions from Industrial Energy,emission_co2e_ch4_inen_glass
TX:INEN:INC_EFFICIENCY_PRODUCTION_STRATEGY_NDC,:math:\text{CH}_4 Emissions from Industrial Energy,emission_co2e_ch4_inen_lime_and_carbonite
TX:INEN:INC_EFFICIENCY_PRODUCTION_STRATEGY_NDC,:math:\text{CH}_4 Emissions from Industrial Energy,emission_co2e_ch4_inen_metals
TX:INEN:INC_EFFICIENCY_PRODUCTION_STRATEGY_NDC,:math:\text{CH}_4 Emissions from Industrial Energy,emission_co2e_ch4_inen_mining
TX:INEN:INC_EFFICIENCY_PRODUCTION_STRATEGY_NDC,:math:\text{CH}_4 Emissions from Industrial Energy,emission_co2e_ch4_inen_other_product_manufacturing
TX:INEN:INC_EFFICIENCY_PRODUCTION_STRATEGY_NDC,:math:\text{CH}_4 Emissions from Industrial Energy,emission_co2e_ch4_inen_paper
TX:INEN:INC_EFFICIENCY_PRODUCTION_STRATEGY_NDC,:math:\text{CH}_4 Emissions from Industrial Energy,emission_co2e_ch4_inen_plastic
TX:INEN:INC_EFFICIENCY_PRODUCTION_STRATEGY_NDC,:math:\text{CH}_4 Emissions from Industrial Energy,emission_co2e_ch4_inen_textiles
TX:INEN:INC_EFFICIENCY_PRODUCTION_STRATEGY_NDC,:math:\text{CH}_4 Emissions from Industrial Energy,emission_co2e_ch4_inen_wood
TX:INEN:INC_EFFICIENCY_PRODUCTION_STRATEGY_NDC,:math:\text{CO}_2 Biomass Emissions from Industrial Energy,emission_co2e_co2_inen_bmass_cement
TX:INEN:INC_EFFICIENCY_PRODUCTION_STRATEGY_NDC,:math:\text{CO}_2 Biomass Emissions from Industrial Energy,emission_co2e_co2_inen_bmass_chemicals
TX:INEN:INC_EFFICIENCY_PRODUCTION_STRATEGY_NDC,:math:\text{CO}_2 Biomass Emissions from Industrial Energy,emission_co2e_co2_inen_bmass_electronics
TX:INEN:INC_EFFICIENCY_PRODUCTION_STRATEGY_NDC,:math:\text{CO}_2 Biomass Emissions from Industrial Energy,emission_co2e_co2_inen_bmass_glass
TX:INEN:INC_EFFICIENCY_PRODUCTION_STRATEGY_NDC,:math:\text{CO}_2 Biomass Emissions from Industrial Energy,emission_co2e_co2_inen_bmass_lime_and_carbonite
TX:INEN:INC_EFFICIENCY_PRODUCTION_STRATEGY_NDC,:math:\text{CO}_2 Biomass Emissions from Industrial Energy,emission_co2e_co2_inen_bmass_metals
TX:INEN:INC_EFFICIENCY_PRODUCTION_STRATEGY_NDC,:math:\text{CO}_2 Biomass Emissions from Industrial Energy,emission_co2e_co2_inen_bmass_mining
TX:INEN:INC_EFFICIENCY_PRODUCTION_STRATEGY_NDC,:math:\text{CO}_2 Biomass Emissions from Industrial Energy,emission_co2e_co2_inen_bmass_other_product_manufacturing
TX:INEN:INC_EFFICIENCY_PRODUCTION_STRATEGY_NDC,:math:\text{CO}_2 Biomass Emissions from Industrial Energy,emission_co2e_co2_inen_bmass_paper
TX:INEN:INC_EFFICIENCY_PRODUCTION_STRATEGY_NDC,:math:\text{CO}_2 Biomass Emissions from Industrial Energy,emission_co2e_co2_inen_bmass_plastic
TX:INEN:INC_EFFICIENCY_PRODUCTION_STRATEGY_NDC,:math:\text{CO}_2 Biomass Emissions from Industrial Energy,emission_co2e_co2_inen_bmass_textiles
TX:INEN:INC_EFFICIENCY_PRODUCTION_STRATEGY_NDC,:math:\text{CO}_2 Biomass Emissions from Industrial Energy,emission_co2e_co2_inen_bmass_wood
TX:INEN:INC_EFFICIENCY_PRODUCTION_STRATEGY_NDC,:math:\text{CO}_2 Non-Biomass Emissions from Industrial Energy,emission_co2e_co2_inen_nbmass_cement
TX:INEN:INC_EFFICIENCY_PRODUCTION_STRATEGY_NDC,:math:\text{CO}_2 Non-Biomass Emissions from Industrial Energy,emission_co2e_co2_inen_nbmass_chemicals
TX:INEN:INC_EFFICIENCY_PRODUCTION_STRATEGY_NDC,:math:\text{CO}_2 Non-Biomass Emissions from Industrial Energy,emission_co2e_co2_inen_nbmass_electronics
TX:INEN:INC_EFFICIENCY_PRODUCTION_STRATEGY_NDC,:math:\text{CO}_2 Non-Biomass Emissions from Industrial Energy,emission_co2e_co2_inen_nbmass_glass
TX:INEN:INC_EFFICIENCY_PRODUCTION_STRATEGY_NDC,:math:\text{CO}_2 Non-Biomass Emissions from Industrial Energy,emission_co2e_co2_inen_nbmass_lime_and_carbonite
TX:INEN:INC_EFFICIENCY_PRODUCTION_STRATEGY_NDC,:math:\text{CO}_2 Non-Biomass Emissions from Industrial Energy,emission_co2e_co2_inen_nbmass_metals
TX:INEN:INC_EFFICIENCY_PRODUCTION_STRATEGY_NDC,:math:\text{CO}_2 Non-Biomass Emissions from Industrial Energy,emission_co2e_co2_inen_nbmass_mining
TX:INEN:INC_EFFICIENCY_PRODUCTION_STRATEGY_NDC,:math:\text{CO}_2 Non-Biomass Emissions from Industrial Energy,emission_co2e_co2_inen_nbmass_other_product_manufacturing
TX:INEN:INC_EFFICIENCY_PRODUCTION_STRATEGY_NDC,:math:\text{CO}_2 Non-Biomass Emissions from Industrial Energy,emission_co2e_co2_inen_nbmass_paper
TX:INEN:INC_EFFICIENCY_PRODUCTION_STRATEGY_NDC,:math:\text{CO}_2 Non-Biomass Emissions from Industrial Energy,emission_co2e_co2_inen_nbmass_plastic
TX:INEN:INC_EFFICIENCY_PRODUCTION_STRATEGY_NDC,:math:\text{CO}_2 Non-Biomass Emissions from Industrial Energy,emission_co2e_co2_inen_nbmass_textiles
TX:INEN:INC_EFFICIENCY_PRODUCTION_STRATEGY_NDC,:math:\text{CO}_2 Non-Biomass Emissions from Industrial Energy,emission_co2e_co2_inen_nbmass_wood
TX:INEN:INC_EFFICIENCY_PRODUCTION_STRATEGY_NDC,:math:\text{N}_2\text{O} Emissions from Industrial Energy,emission_co2e_n2o_inen_cement
TX:INEN:INC_EFFICIENCY_PRODUCTION_STRATEGY_NDC,:math:\text{N}_2\text{O} Emissions from Industrial Energy,emission_co2e_n2o_inen_chemicals
TX:INEN:INC_EFFICIENCY_PRODUCTION_STRATEGY_NDC,:math:\text{N}_2\text{O} Emissions from Industrial Energy,emission_co2e_n2o_inen_electronics
TX:INEN:INC_EFFICIENCY_PRODUCTION_STRATEGY_NDC,:math:\text{N}_2\text{O} Emissions from Industrial Energy,emission_co2e_n2o_inen_glass
TX:INEN:INC_EFFICIENCY_PRODUCTION_STRATEGY_NDC,:math:\text{N}_2\text{O} Emissions from Industrial Energy,emission_co2e_n2o_inen_lime_and_carbonite
TX:INEN:INC_EFFICIENCY_PRODUCTION_STRATEGY_NDC,:math:\text{N}_2\text{O} Emissions from Industrial Energy,emission_co2e_n2o_inen_metals
TX:INEN:INC_EFFICIENCY_PRODUCTION_STRATEGY_NDC,:math:\text{N}_2\text{O} Emissions from Industrial Energy,emission_co2e_n2o_inen_mining
TX:INEN:INC_EFFICIENCY_PRODUCTION_STRATEGY_NDC,:math:\text{N}_2\text{O} Emissions from Industrial Energy,emission_co2e_n2o_inen_other_product_manufacturing
TX:INEN:INC_EFFICIENCY_PRODUCTION_STRATEGY_NDC,:math:\text{N}_2\text{O} Emissions from Industrial Energy,emission_co2e_n2o_inen_paper
TX:INEN:INC_EFFICIENCY_PRODUCTION_STRATEGY_NDC,:math:\text{N}_2\text{O} Emissions from Industrial Energy,emission_co2e_n2o_inen_plastic
TX:INEN:INC_EFFICIENCY_PRODUCTION_STRATEGY_NDC,:math:\text{N}_2\text{O} Emissions from Industrial Energy,emission_co2e_n2o_inen_textiles
TX:INEN:INC_EFFICIENCY_PRODUCTION_STRATEGY_NDC,:math:\text{N}_2\text{O} Emissions from Industrial Energy,emission_co2e_n2o_inen_wood
TX:INEN:INC_EFFICIENCY_PRODUCTION_STRATEGY_NDC,emission_co2e_subsector_total_inen,emission_co2e_subsector_total_inen
TX:INEN:INC_EFFICIENCY_PRODUCTION_STRATEGY_NDC,Electrical Energy Consumption from Industrial Energy,energy_consumption_electricity_inen_cement
TX:INEN:INC_EFFICIENCY_PRODUCTION_STRATEGY_NDC,Electrical Energy Consumption from Industrial Energy,energy_consumption_electricity_inen_chemicals
TX:INEN:INC_EFFICIENCY_PRODUCTION_STRATEGY_NDC,Electrical Energy Consumption from Industrial Energy,energy_consumption_electricity_inen_electronics
TX:INEN:INC_EFFICIENCY_PRODUCTION_STRATEGY_NDC,Electrical Energy Consumption from Industrial Energy,energy_consumption_electricity_inen_glass
TX:INEN:INC_EFFICIENCY_PRODUCTION_STRATEGY_NDC,Electrical Energy Consumption from Industrial Energy,energy_consumption_electricity_inen_lime_and_carbonite
TX:INEN:INC_EFFICIENCY_PRODUCTION_STRATEGY_NDC,Electrical Energy Consumption from Industrial Energy,energy_consumption_electricity_inen_metals
TX:INEN:INC_EFFICIENCY_PRODUCTION_STRATEGY_NDC,Electrical Energy Consumption from Industrial Energy,energy_consumption_electricity_inen_mining
TX:INEN:INC_EFFICIENCY_PRODUCTION_STRATEGY_NDC,Electrical Energy Consumption from Industrial Energy,energy_consumption_electricity_inen_other_product_manufacturing
TX:INEN:INC_EFFICIENCY_PRODUCTION_STRATEGY_NDC,Electrical Energy Consumption from Industrial Energy,energy_consumption_electricity_inen_paper
TX:INEN:INC_EFFICIENCY_PRODUCTION_STRATEGY_NDC,Electrical Energy Consumption from Industrial Energy,energy_consumption_electricity_inen_plastic
TX:INEN:INC_EFFICIENCY_PRODUCTION_STRATEGY_NDC,Electrical Energy Consumption from Industrial Energy,energy_consumption_electricity_inen_textiles
TX:INEN:INC_EFFICIENCY_PRODUCTION_STRATEGY_NDC,Total Electrical Energy Consumption from Industrial Energy,energy_consumption_electricity_inen_total
TX:INEN:INC_EFFICIENCY_PRODUCTION_STRATEGY_NDC,Electrical Energy Consumption from Industrial Energy,energy_consumption_electricity_inen_wood
TX:INEN:INC_EFFICIENCY_PRODUCTION_STRATEGY_NDC,Energy Consumption from Industrial Energy,energy_consumption_inen_cement
TX:INEN:INC_EFFICIENCY_PRODUCTION_STRATEGY_NDC,Energy Consumption from Industrial Energy,energy_consumption_inen_chemicals
TX:INEN:INC_EFFICIENCY_PRODUCTION_STRATEGY_NDC,Energy Consumption from Industrial Energy,energy_consumption_inen_electronics
TX:INEN:INC_EFFICIENCY_PRODUCTION_STRATEGY_NDC,Energy Consumption from Industrial Energy,energy_consumption_inen_glass
TX:INEN:INC_EFFICIENCY_PRODUCTION_STRATEGY_NDC,Energy Consumption from Industrial Energy,energy_consumption_inen_lime_and_carbonite
TX:INEN:INC_EFFICIENCY_PRODUCTION_STRATEGY_NDC,Energy Consumption from Industrial Energy,energy_consumption_inen_metals
TX:INEN:INC_EFFICIENCY_PRODUCTION_STRATEGY_NDC,Energy Consumption from Industrial Energy,energy_consumption_inen_mining
TX:INEN:INC_EFFICIENCY_PRODUCTION_STRATEGY_NDC,Energy Consumption from Industrial Energy,energy_consumption_inen_other_product_manufacturing
TX:INEN:INC_EFFICIENCY_PRODUCTION_STRATEGY_NDC,Energy Consumption from Industrial Energy,energy_consumption_inen_paper
TX:INEN:INC_EFFICIENCY_PRODUCTION_STRATEGY_NDC,Energy Consumption from Industrial Energy,energy_consumption_inen_plastic
TX:INEN:INC_EFFICIENCY_PRODUCTION_STRATEGY_NDC,Energy Consumption from Industrial Energy,energy_consumption_inen_textiles
TX:INEN:INC_EFFICIENCY_PRODUCTION_STRATEGY_NDC,Total Energy Consumption from Industrial Energy,energy_consumption_inen_total
TX:INEN:INC_EFFICIENCY_PRODUCTION_STRATEGY_NDC,Energy Consumption from Industrial Energy,energy_consumption_inen_wood
TX:INEN:INC_EFFICIENCY_PRODUCTION_STRATEGY_NDC,Energy Demand by Fuel in Industrial Energy,energy_demand_enfu_subsector_total_pj_inen_fuel_biomass
TX:INEN:INC_EFFICIENCY_PRODUCTION_STRATEGY_NDC,Energy Demand by Fuel in Industrial Energy,energy_demand_enfu_subsector_total_pj_inen_fuel_coal
TX:INEN:INC_EFFICIENCY_PRODUCTION_STRATEGY_NDC,Energy Demand by Fuel in Industrial Energy,energy_demand_enfu_subsector_total_pj_inen_fuel_coke
TX:INEN:INC_EFFICIENCY_PRODUCTION_STRATEGY_NDC,Energy Demand by Fuel in Industrial Energy,energy_demand_enfu_subsector_total_pj_inen_fuel_diesel
TX:INEN:INC_EFFICIENCY_PRODUCTION_STRATEGY_NDC,Energy Demand by Fuel in Industrial Energy,energy_demand_enfu_subsector_total_pj_inen_fuel_electricity
TX:INEN:INC_EFFICIENCY_PRODUCTION_STRATEGY_NDC,Energy Demand by Fuel in Industrial Energy,energy_demand_enfu_subsector_total_pj_inen_fuel_furnace_gas
TX:INEN:INC_EFFICIENCY_PRODUCTION_STRATEGY_NDC,Energy Demand by Fuel in Industrial Energy,energy_demand_enfu_subsector_total_pj_inen_fuel_gasoline
TX:INEN:INC_EFFICIENCY_PRODUCTION_STRATEGY_NDC,Energy Demand by Fuel in Industrial Energy,energy_demand_enfu_subsector_total_pj_inen_fuel_natural_gas
TX:INEN:INC_EFFICIENCY_PRODUCTION_STRATEGY_NDC,Energy Demand by Fuel in Industrial Energy,energy_demand_enfu_subsector_total_pj_inen_fuel_oil
TX:INEN:INC_EFFICIENCY_PRODUCTION_STRATEGY_NDC,Energy Demand by Fuel in Industrial Energy,energy_demand_enfu_subsector_total_pj_inen_fuel_solar
TX:INEN:INC_EFFICIENCY_PRODUCTION_STRATEGY_NDC,Energy Demand in Industrial Energy,energy_demand_inen_cement
TX:INEN:INC_EFFICIENCY_PRODUCTION_STRATEGY_NDC,Energy Demand in Industrial Energy,energy_demand_inen_chemicals
TX:INEN:INC_EFFICIENCY_PRODUCTION_STRATEGY_NDC,Energy Demand in Industrial Energy,energy_demand_inen_electronics
TX:INEN:INC_EFFICIENCY_PRODUCTION_STRATEGY_NDC,Energy Demand in Industrial Energy,energy_demand_inen_glass
TX:INEN:INC_EFFICIENCY_PRODUCTION_STRATEGY_NDC,Energy Demand in Industrial Energy,energy_demand_inen_lime_and_carbonite
TX:INEN:INC_EFFICIENCY_PRODUCTION_STRATEGY_NDC,Energy Demand in Industrial Energy,energy_demand_inen_metals
TX:INEN:INC_EFFICIENCY_PRODUCTION_STRATEGY_NDC,Energy Demand in Industrial Energy,energy_demand_inen_mining
TX:INEN:INC_EFFICIENCY_PRODUCTION_STRATEGY_NDC,Energy Demand in Industrial Energy,energy_demand_inen_other_product_manufacturing
TX:INEN:INC_EFFICIENCY_PRODUCTION_STRATEGY_NDC,Energy Demand in Industrial Energy,energy_demand_inen_paper
TX:INEN:INC_EFFICIENCY_PRODUCTION_STRATEGY_NDC,Energy Demand in Industrial Energy,energy_demand_inen_plastic
TX:INEN:INC_EFFICIENCY_PRODUCTION_STRATEGY_NDC,Energy Demand in Industrial Energy,energy_demand_inen_textiles
TX:INEN:INC_EFFICIENCY_PRODUCTION_STRATEGY_NDC,Energy Demand in Industrial Energy,energy_demand_inen_wood
TX:INEN:INC_EFFICIENCY_PRODUCTION_STRATEGY_NDC,Value of Fuel Consumed in Industrial Energy,totalvalue_enfu_fuel_consumed_inen_fuel_biomass
TX:INEN:INC_EFFICIENCY_PRODUCTION_STRATEGY_NDC,Value of Fuel Consumed in Industrial Energy,totalvalue_enfu_fuel_consumed_inen_fuel_coal
TX:INEN:INC_EFFICIENCY_PRODUCTION_STRATEGY_NDC,Value of Fuel Consumed in Industrial Energy,totalvalue_enfu_fuel_consumed_inen_fuel_coke
TX:INEN:INC_EFFICIENCY_PRODUCTION_STRATEGY_NDC,Value of Fuel Consumed in Industrial Energy,totalvalue_enfu_fuel_consumed_inen_fuel_diesel
TX:INEN:INC_EFFICIENCY_PRODUCTION_STRATEGY_NDC,Value of Fuel Consumed in Industrial Energy,totalvalue_enfu_fuel_consumed_inen_fuel_electricity
TX:INEN:INC_EFFICIENCY_PRODUCTION_STRATEGY_NDC,Value of Fuel Consumed in Industrial Energy,totalvalue_enfu_fuel_consumed_inen_fuel_furnace_gas
TX:INEN:INC_EFFICIENCY_PRODUCTION_STRATEGY_NDC,Value of Fuel Consumed in Industrial Energy,totalvalue_enfu_fuel_consumed_inen_fuel_gasoline
TX:INEN:INC_EFFICIENCY_PRODUCTION_STRATEGY_NDC,Value of Fuel Consumed in Industrial Energy,totalvalue_enfu_fuel_consumed_inen_fuel_natural_gas
TX:INEN:INC_EFFICIENCY_PRODUCTION_STRATEGY_NDC,Value of Fuel Consumed in Industrial Energy,totalvalue_enfu_fuel_consumed_inen_fuel_oil
TX:INEN:SHIFT_FUEL_HEAT,:math:\text{CH}_4 Emissions from Industrial Energy,emission_co2e_ch4_inen_agriculture_and_livestock
TX:INEN:SHIFT_FUEL_HEAT,:math:\text{CH}_4 Emissions from Industrial Energy,emission_co2e_ch4_inen_cement
TX:INEN:SHIFT_FUEL_HEAT,:math:\text{CH}_4 Emissions from Industrial Energy,emission_co2e_ch4_inen_chemicals
TX:INEN:SHIFT_FUEL_HEAT,:math:\text{CH}_4 Emissions from Industrial Energy,emission_co2e_ch4_inen_electronics
TX:INEN:SHIFT_FUEL_HEAT,:math:\text{CH}_4 Emissions from Industrial Energy,emission_co2e_ch4_inen_glass
TX:INEN:SHIFT_FUEL_HEAT,:math:\text{CH}_4 Emissions from Industrial Energy,emission_co2e_ch4_inen_lime_and_carbonite
TX:INEN:SHIFT_FUEL_HEAT,:math:\text{CH}_4 Emissions from Industrial Energy,emission_co2e_ch4_inen_metals
TX:INEN:SHIFT_FUEL_HEAT,:math:\text{CH}_4 Emissions from Industrial Energy,emission_co2e_ch4_inen_mining
TX:INEN:SHIFT_FUEL_HEAT,:math:\text{CH}_4 Emissions from Industrial Energy,emission_co2e_ch4_inen_other_product_manufacturing
TX:INEN:SHIFT_FUEL_HEAT,:math:\text{CH}_4 Emissions from Industrial Energy,emission_co2e_ch4_inen_paper
TX:INEN:SHIFT_FUEL_HEAT,:math:\text{CH}_4 Emissions from Industrial Energy,emission_co2e_ch4_inen_plastic
TX:INEN:SHIFT_FUEL_HEAT,:math:\text{CH}_4 Emissions from Industrial Energy,emission_co2e_ch4_inen_textiles
TX:INEN:SHIFT_FUEL_HEAT,:math:\text{CH}_4 Emissions from Industrial Energy,emission_co2e_ch4_inen_wood
TX:INEN:SHIFT_FUEL_HEAT,:math:\text{CO}_2 Biomass Emissions from Industrial Energy,emission_co2e_co2_inen_bmass_agriculture_and_livestock
TX:INEN:SHIFT_FUEL_HEAT,:math:\text{CO}_2 Biomass Emissions from Industrial Energy,emission_co2e_co2_inen_bmass_cement
TX:INEN:SHIFT_FUEL_HEAT,:math:\text{CO}_2 Biomass Emissions from Industrial Energy,emission_co2e_co2_inen_bmass_chemicals
TX:INEN:SHIFT_FUEL_HEAT,:math:\text{CO}_2 Biomass Emissions from Industrial Energy,emission_co2e_co2_inen_bmass_electronics
TX:INEN:SHIFT_FUEL_HEAT,:math:\text{CO}_2 Biomass Emissions from Industrial Energy,emission_co2e_co2_inen_bmass_glass
TX:INEN:SHIFT_FUEL_HEAT,:math:\text{CO}_2 Biomass Emissions from Industrial Energy,emission_co2e_co2_inen_bmass_lime_and_carbonite
TX:INEN:SHIFT_FUEL_HEAT,:math:\text{CO}_2 Biomass Emissions from Industrial Energy,emission_co2e_co2_inen_bmass_metals
TX:INEN:SHIFT_FUEL_HEAT,:math:\text{CO}_2 Biomass Emissions from Industrial Energy,emission_co2e_co2_inen_bmass_mining
TX:INEN:SHIFT_FUEL_HEAT,:math:\text{CO}_2 Biomass Emissions from Industrial Energy,emission_co2e_co2_inen_bmass_other_product_manufacturing
TX:INEN:SHIFT_FUEL_HEAT,:math:\text{CO}_2 Biomass Emissions from Industrial Energy,emission_co2e_co2_inen_bmass_paper
TX:INEN:SHIFT_FUEL_HEAT,:math:\text{CO}_2 Biomass Emissions from Industrial Energy,emission_co2e_co2_inen_bmass_plastic
TX:INEN:SHIFT_FUEL_HEAT,:math:\text{CO}_2 Biomass Emissions from Industrial Energy,emission_co2e_co2_inen_bmass_textiles
TX:INEN:SHIFT_FUEL_HEAT,:math:\text{CO}_2 Biomass Emissions from Industrial Energy,emission_co2e_co2_inen_bmass_wood
TX:INEN:SHIFT_FUEL_HEAT,:math:\text{CO}_2 Non-Biomass Emissions from Industrial Energy,emission_co2e_co2_inen_nbmass_agriculture_and_livestock
TX:INEN:SHIFT_FUEL_HEAT,:math:\text{CO}_2 Non-Biomass Emissions from Industrial Energy,emission_co2e_co2_inen_nbmass_cement
TX:INEN:SHIFT_FUEL_HEAT,:math:\text{CO}_2 Non-Biomass Emissions from Industrial Energy,emission_co2e_co2_inen_nbmass_chemicals
TX:INEN:SHIFT_FUEL_HEAT,:math:\text{CO}_2 Non-Biomass Emissions from Industrial Energy,emission_co2e_co2_inen_nbmass_electronics
TX:INEN:SHIFT_FUEL_HEAT,:math:\text{CO}_2 Non-Biomass Emissions from Industrial Energy,emission_co2e_co2_inen_nbmass_glass
TX:INEN:SHIFT_FUEL_HEAT,:math:\text{CO}_2 Non-Biomass Emissions from Industrial Energy,emission_co2e_co2_inen_nbmass_lime_and_carbonite
TX:INEN:SHIFT_FUEL_HEAT,:math:\text{CO}_2 Non-Biomass Emissions from Industrial Energy,emission_co2e_co2_inen_nbmass_metals
TX:INEN:SHIFT_FUEL_HEAT,:math:\text{CO}_2 Non-Biomass Emissions from Industrial Energy,emission_co2e_co2_inen_nbmass_mining
TX:INEN:SHIFT_FUEL_HEAT,:math:\text{CO}_2 Non-Biomass Emissions from Industrial Energy,emission_co2e_co2_inen_nbmass_other_product_manufacturing
TX:INEN:SHIFT_FUEL_HEAT,:math:\text{CO}_2 Non-Biomass Emissions from Industrial Energy,emission_co2e_co2_inen_nbmass_paper
TX:INEN:SHIFT_FUEL_HEAT,:math:\text{CO}_2 Non-Biomass Emissions from Industrial Energy,emission_co2e_co2_inen_nbmass_plastic
TX:INEN:SHIFT_FUEL_HEAT,:math:\text{CO}_2 Non-Biomass Emissions from Industrial Energy,emission_co2e_co2_inen_nbmass_textiles
TX:INEN:SHIFT_FUEL_HEAT,:math:\text{CO}_2 Non-Biomass Emissions from Industrial Energy,emission_co2e_co2_inen_nbmass_wood
TX:INEN:SHIFT_FUEL_HEAT,:math:\text{N}_2\text{O} Emissions from Industrial Energy,emission_co2e_n2o_inen_agriculture_and_livestock
TX:INEN:SHIFT_FUEL_HEAT,:math:\text{N}_2\text{O} Emissions from Industrial Energy,emission_co2e_n2o_inen_cement
TX:INEN:SHIFT_FUEL_HEAT,:math:\text{N}_2\text{O} Emissions from Industrial Energy,emission_co2e_n2o_inen_chemicals
TX:INEN:SHIFT_FUEL_HEAT,:math:\text{N}_2\text{O} Emissions from Industrial Energy,emission_co2e_n2o_inen_electronics
TX:INEN:SHIFT_FUEL_HEAT,:math:\text{N}_2\text{O} Emissions from Industrial Energy,emission_co2e_n2o_inen_glass
TX:INEN:SHIFT_FUEL_HEAT,:math:\text{N}_2\text{O} Emissions from Industrial Energy,emission_co2e_n2o_inen_lime_and_carbonite
TX:INEN:SHIFT_FUEL_HEAT,:math:\text{N}_2\text{O} Emissions from Industrial Energy,emission_co2e_n2o_inen_metals
TX:INEN:SHIFT_FUEL_HEAT,:math:\text{N}_2\text{O} Emissions from Industrial Energy,emission_co2e_n2o_inen_mining
TX:INEN:SHIFT_FUEL_HEAT,:math:\text{N}_2\text{O} Emissions from Industrial Energy,emission_co2e_n2o_inen_other_product_manufacturing
TX:INEN:SHIFT_FUEL_HEAT,:math:\text{N}_2\text{O} Emissions from Industrial Energy,emission_co2e_n2o_inen_paper
TX:INEN:SHIFT_FUEL_HEAT,:math:\text{N}_2\text{O} Emissions from Industrial Energy,emission_co2e_n2o_inen_plastic
TX:INEN:SHIFT_FUEL_HEAT,:math:\text{N}_2\text{O} Emissions from Industrial Energy,emission_co2e_n2o_inen_textiles
TX:INEN:SHIFT_FUEL_HEAT,:math:\text{N}_2\text{O} Emissions from Industrial Energy,emission_co2e_n2o_inen_wood
TX:INEN:SHIFT_FUEL_HEAT,emission_co2e_subsector_total_inen,emission_co2e_subsector_total_inen
TX:INEN:SHIFT_FUEL_HEAT,Electrical Energy Consumption from Industrial Energy,energy_consumption_electricity_inen_agriculture_and_livestock
TX:INEN:SHIFT_FUEL_HEAT,Electrical Energy Consumption from Industrial Energy,energy_consumption_electricity_inen_cement
TX:INEN:SHIFT_FUEL_HEAT,Electrical Energy Consumption from Industrial Energy,energy_consumption_electricity_inen_chemicals
TX:INEN:SHIFT_FUEL_HEAT,Electrical Energy Consumption from Industrial Energy,energy_consumption_electricity_inen_electronics
TX:INEN:SHIFT_FUEL_HEAT,Electrical Energy Consumption from Industrial Energy,energy_consumption_electricity_inen_glass
TX:INEN:SHIFT_FUEL_HEAT,Electrical Energy Consumption from Industrial Energy,energy_consumption_electricity_inen_lime_and_carbonite
TX:INEN:SHIFT_FUEL_HEAT,Electrical Energy Consumption from Industrial Energy,energy_consumption_electricity_inen_metals
TX:INEN:SHIFT_FUEL_HEAT,Electrical Energy Consumption from Industrial Energy,energy_consumption_electricity_inen_mining
TX:INEN:SHIFT_FUEL_HEAT,Electrical Energy Consumption from Industrial Energy,energy_consumption_electricity_inen_other_product_manufacturing
TX:INEN:SHIFT_FUEL_HEAT,Electrical Energy Consumption from Industrial Energy,energy_consumption_electricity_inen_paper
TX:INEN:SHIFT_FUEL_HEAT,Electrical Energy Consumption from Industrial Energy,energy_consumption_electricity_inen_plastic
TX:INEN:SHIFT_FUEL_HEAT,Electrical Energy Consumption from Industrial Energy,energy_consumption_electricity_inen_textiles
TX:INEN:SHIFT_FUEL_HEAT,Total Electrical Energy Consumption from Industrial Energy,energy_consumption_electricity_inen_total
TX:INEN:SHIFT_FUEL_HEAT,Electrical Energy Consumption from Industrial Energy,energy_consumption_electricity_inen_wood
TX:INEN:SHIFT_FUEL_HEAT,Energy Consumption from Industrial Energy,energy_consumption_inen_agriculture_and_livestock
TX:INEN:SHIFT_FUEL_HEAT,Energy Consumption from Industrial Energy,energy_consumption_inen_cement
TX:INEN:SHIFT_FUEL_HEAT,Energy Consumption from Industrial Energy,energy_consumption_inen_chemicals
TX:INEN:SHIFT_FUEL_HEAT,Energy Consumption from Industrial Energy,energy_consumption_inen_electronics
TX:INEN:SHIFT_FUEL_HEAT,Energy Consumption from Industrial Energy,energy_consumption_inen_glass
TX:INEN:SHIFT_FUEL_HEAT,Energy Consumption from Industrial Energy,energy_consumption_inen_lime_and_carbonite
TX:INEN:SHIFT_FUEL_HEAT,Energy Consumption from Industrial Energy,energy_consumption_inen_metals
TX:INEN:SHIFT_FUEL_HEAT,Energy Consumption from Industrial Energy,energy_consumption_inen_mining
TX:INEN:SHIFT_FUEL_HEAT,Energy Consumption from Industrial Energy,energy_consumption_inen_other_product_manufacturing
TX:INEN:SHIFT_FUEL_HEAT,Energy Consumption from Industrial Energy,energy_consumption_inen_paper
TX:INEN:SHIFT_FUEL_HEAT,Energy Consumption from Industrial Energy,energy_consumption_inen_plastic
TX:INEN:SHIFT_FUEL_HEAT,Energy Consumption from Industrial Energy,energy_consumption_inen_textiles
TX:INEN:SHIFT_FUEL_HEAT,Total Energy Consumption from Industrial Energy,energy_consumption_inen_total
TX:INEN:SHIFT_FUEL_HEAT,Energy Consumption from Industrial Energy,energy_consumption_inen_wood
TX:INEN:SHIFT_FUEL_HEAT,Energy Demand by Fuel in Industrial Energy,energy_demand_enfu_subsector_total_pj_inen_fuel_biomass
TX:INEN:SHIFT_FUEL_HEAT,Energy Demand by Fuel in Industrial Energy,energy_demand_enfu_subsector_total_pj_inen_fuel_coal
TX:INEN:SHIFT_FUEL_HEAT,Energy Demand by Fuel in Industrial Energy,energy_demand_enfu_subsector_total_pj_inen_fuel_coke
TX:INEN:SHIFT_FUEL_HEAT,Energy Demand by Fuel in Industrial Energy,energy_demand_enfu_subsector_total_pj_inen_fuel_diesel
TX:INEN:SHIFT_FUEL_HEAT,Energy Demand by Fuel in Industrial Energy,energy_demand_enfu_subsector_total_pj_inen_fuel_electricity
TX:INEN:SHIFT_FUEL_HEAT,Energy Demand by Fuel in Industrial Energy,energy_demand_enfu_subsector_total_pj_inen_fuel_furnace_gas
TX:INEN:SHIFT_FUEL_HEAT,Energy Demand by Fuel in Industrial Energy,energy_demand_enfu_subsector_total_pj_inen_fuel_gasoline
TX:INEN:SHIFT_FUEL_HEAT,Energy Demand by Fuel in Industrial Energy,energy_demand_enfu_subsector_total_pj_inen_fuel_hydrogen
TX:INEN:SHIFT_FUEL_HEAT,Energy Demand by Fuel in Industrial Energy,energy_demand_enfu_subsector_total_pj_inen_fuel_natural_gas
TX:INEN:SHIFT_FUEL_HEAT,Energy Demand by Fuel in Industrial Energy,energy_demand_enfu_subsector_total_pj_inen_fuel_oil
TX:INEN:SHIFT_FUEL_HEAT,Energy Demand by Fuel in Industrial Energy,energy_demand_enfu_subsector_total_pj_inen_fuel_solar
TX:INEN:SHIFT_FUEL_HEAT,Value of Fuel Consumed in Industrial Energy,totalvalue_enfu_fuel_consumed_inen_fuel_biomass
TX:INEN:SHIFT_FUEL_HEAT,Value of Fuel Consumed in Industrial Energy,totalvalue_enfu_fuel_consumed_inen_fuel_coal
TX:INEN:SHIFT_FUEL_HEAT,Value of Fuel Consumed in Industrial Energy,totalvalue_enfu_fuel_consumed_inen_fuel_coke
TX:INEN:SHIFT_FUEL_HEAT,Value of Fuel Consumed in Industrial Energy,totalvalue_enfu_fuel_consumed_inen_fuel_diesel
TX:INEN:SHIFT_FUEL_HEAT,Value of Fuel Consumed in Industrial Energy,totalvalue_enfu_fuel_consumed_inen_fuel_electricity
TX:INEN:SHIFT_FUEL_HEAT,Value of Fuel Consumed in Industrial Energy,totalvalue_enfu_fuel_consumed_inen_fuel_furnace_gas
TX:INEN:SHIFT_FUEL_HEAT,Value of Fuel Consumed in Industrial Energy,totalvalue_enfu_fuel_consumed_inen_fuel_gasoline
TX:INEN:SHIFT_FUEL_HEAT,Value of Fuel Consumed in Industrial Energy,totalvalue_enfu_fuel_consumed_inen_fuel_hydrogen
TX:INEN:SHIFT_FUEL_HEAT,Value of Fuel Consumed in Industrial Energy,totalvalue_enfu_fuel_consumed_inen_fuel_natural_gas
TX:INEN:SHIFT_FUEL_HEAT,Value of Fuel Consumed in Industrial Energy,totalvalue_enfu_fuel_consumed_inen_fuel_oil
TX:INEN:SHIFT_FUEL_HEAT_STRATEGY_CONDITIONAL,:math:\text{CH}_4 Emissions from Industrial Energy,emission_co2e_ch4_inen_agriculture_and_livestock
TX:INEN:SHIFT_FUEL_HEAT_STRATEGY_CONDITIONAL,:math:\text{CH}_4 Emissions from Industrial Energy,emission_co2e_ch4_inen_cement
TX:INEN:SHIFT_FUEL_HEAT_STRATEGY_CONDITIONAL,:math:\text{CH}_4 Emissions from Industrial Energy,emission_co2e_ch4_inen_chemicals
TX:INEN:SHIFT_FUEL_HEAT_STRATEGY_CONDITIONAL,:math:\text{CH}_4 Emissions from Industrial Energy,emission_co2e_ch4_inen_electronics
TX:INEN:SHIFT_FUEL_HEAT_STRATEGY_CONDITIONAL,:math:\text{CH}_4 Emissions from Industrial Energy,emission_co2e_ch4_inen_glass
TX:INEN:SHIFT_FUEL_HEAT_STRATEGY_CONDITIONAL,:math:\text{CH}_4 Emissions from Industrial Energy,emission_co2e_ch4_inen_lime_and_carbonite
TX:INEN:SHIFT_FUEL_HEAT_STRATEGY_CONDITIONAL,:math:\text{CH}_4 Emissions from Industrial Energy,emission_co2e_ch4_inen_metals
TX:INEN:SHIFT_FUEL_HEAT_STRATEGY_CONDITIONAL,:math:\text{CH}_4 Emissions from Industrial Energy,emission_co2e_ch4_inen_mining
TX:INEN:SHIFT_FUEL_HEAT_STRATEGY_CONDITIONAL,:math:\text{CH}_4 Emissions from Industrial Energy,emission_co2e_ch4_inen_other_product_manufacturing
TX:INEN:SHIFT_FUEL_HEAT_STRATEGY_CONDITIONAL,:math:\text{CH}_4 Emissions from Industrial Energy,emission_co2e_ch4_inen_plastic
TX:INEN:SHIFT_FUEL_HEAT_STRATEGY_CONDITIONAL,:math:\text{CH}_4 Emissions from Industrial Energy,emission_co2e_ch4_inen_textiles
TX:INEN:SHIFT_FUEL_HEAT_STRATEGY_CONDITIONAL,:math:\text{CH}_4 Emissions from Industrial Energy,emission_co2e_ch4_inen_wood
TX:INEN:SHIFT_FUEL_HEAT_STRATEGY_CONDITIONAL,:math:\text{CO}_2 Biomass Emissions from Industrial Energy,emission_co2e_co2_inen_bmass_agriculture_and_livestock
TX:INEN:SHIFT_FUEL_HEAT_STRATEGY_CONDITIONAL,:math:\text{CO}_2 Biomass Emissions from Industrial Energy,emission_co2e_co2_inen_bmass_cement
TX:INEN:SHIFT_FUEL_HEAT_STRATEGY_CONDITIONAL,:math:\text{CO}_2 Biomass Emissions from Industrial Energy,emission_co2e_co2_inen_bmass_chemicals
TX:INEN:SHIFT_FUEL_HEAT_STRATEGY_CONDITIONAL,:math:\text{CO}_2 Biomass Emissions from Industrial Energy,emission_co2e_co2_inen_bmass_electronics
TX:INEN:SHIFT_FUEL_HEAT_STRATEGY_CONDITIONAL,:math:\text{CO}_2 Biomass Emissions from Industrial Energy,emission_co2e_co2_inen_bmass_glass
TX:INEN:SHIFT_FUEL_HEAT_STRATEGY_CONDITIONAL,:math:\text{CO}_2 Biomass Emissions from Industrial Energy,emission_co2e_co2_inen_bmass_lime_and_carbonite
TX:INEN:SHIFT_FUEL_HEAT_STRATEGY_CONDITIONAL,:math:\text{CO}_2 Biomass Emissions from Industrial Energy,emission_co2e_co2_inen_bmass_metals
TX:INEN:SHIFT_FUEL_HEAT_STRATEGY_CONDITIONAL,:math:\text{CO}_2 Biomass Emissions from Industrial Energy,emission_co2e_co2_inen_bmass_mining
TX:INEN:SHIFT_FUEL_HEAT_STRATEGY_CONDITIONAL,:math:\text{CO}_2 Biomass Emissions from Industrial Energy,emission_co2e_co2_inen_bmass_other_product_manufacturing
TX:INEN:SHIFT_FUEL_HEAT_STRATEGY_CONDITIONAL,:math:\text{CO}_2 Biomass Emissions from Industrial Energy,emission_co2e_co2_inen_bmass_plastic
TX:INEN:SHIFT_FUEL_HEAT_STRATEGY_CONDITIONAL,:math:\text{CO}_2 Biomass Emissions from Industrial Energy,emission_co2e_co2_inen_bmass_textiles
TX:INEN:SHIFT_FUEL_HEAT_STRATEGY_CONDITIONAL,:math:\text{CO}_2 Biomass Emissions from Industrial Energy,emission_co2e_co2_inen_bmass_wood
TX:INEN:SHIFT_FUEL_HEAT_STRATEGY_CONDITIONAL,:math:\text{CO}_2 Non-Biomass Emissions from Industrial Energy,emission_co2e_co2_inen_nbmass_agriculture_and_livestock
TX:INEN:SHIFT_FUEL_HEAT_STRATEGY_CONDITIONAL,:math:\text{CO}_2 Non-Biomass Emissions from Industrial Energy,emission_co2e_co2_inen_nbmass_cement
TX:INEN:SHIFT_FUEL_HEAT_STRATEGY_CONDITIONAL,:math:\text{CO}_2 Non-Biomass Emissions from Industrial Energy,emission_co2e_co2_inen_nbmass_chemicals
TX:INEN:SHIFT_FUEL_HEAT_STRATEGY_CONDITIONAL,:math:\text{CO}_2 Non-Biomass Emissions from Industrial Energy,emission_co2e_co2_inen_nbmass_electronics
TX:INEN:SHIFT_FUEL_HEAT_STRATEGY_CONDITIONAL,:math:\text{CO}_2 Non-Biomass Emissions from Industrial Energy,emission_co2e_co2_inen_nbmass_glass
TX:INEN:SHIFT_FUEL_HEAT_STRATEGY_CONDITIONAL,:math:\text{CO}_2 Non-Biomass Emissions from Industrial Energy,emission_co2e_co2_inen_nbmass_lime_and_carbonite
TX:INEN:SHIFT_FUEL_HEAT_STRATEGY_CONDITIONAL,:math:\text{CO}_2 Non-Biomass Emissions from Industrial Energy,emission_co2e_co2_inen_nbmass_metals
TX:INEN:SHIFT_FUEL_HEAT_STRATEGY_CONDITIONAL,:math:\text{CO}_2 Non-Biomass Emissions from Industrial Energy,emission_co2e_co2_inen_nbmass_mining
TX:INEN:SHIFT_FUEL_HEAT_STRATEGY_CONDITIONAL,:math:\text{CO}_2 Non-Biomass Emissions from Industrial Energy,emission_co2e_co2_inen_nbmass_other_product_manufacturing
TX:INEN:SHIFT_FUEL_HEAT_STRATEGY_CONDITIONAL,:math:\text{CO}_2 Non-Biomass Emissions from Industrial Energy,emission_co2e_co2_inen_nbmass_plastic
TX:INEN:SHIFT_FUEL_HEAT_STRATEGY_CONDITIONAL,:math:\text{CO}_2 Non-Biomass Emissions from Industrial Energy,emission_co2e_co2_inen_nbmass_textiles
TX:INEN:SHIFT_FUEL_HEAT_STRATEGY_CONDITIONAL,:math:\text{CO}_2 Non-Biomass Emissions from Industrial Energy,emission_co2e_co2_inen_nbmass_wood
TX:INEN:SHIFT_FUEL_HEAT_STRATEGY_CONDITIONAL,:math:\text{N}_2\text{O} Emissions from Industrial Energy,emission_co2e_n2o_inen_agriculture_and_livestock
TX:INEN:SHIFT_FUEL_HEAT_STRATEGY_CONDITIONAL,:math:\text{N}_2\text{O} Emissions from Industrial Energy,emission_co2e_n2o_inen_cement
TX:INEN:SHIFT_FUEL_HEAT_STRATEGY_CONDITIONAL,:math:\text{N}_2\text{O} Emissions from Industrial Energy,emission_co2e_n2o_inen_chemicals
TX:INEN:SHIFT_FUEL_HEAT_STRATEGY_CONDITIONAL,:math:\text{N}_2\text{O} Emissions from Industrial Energy,emission_co2e_n2o_inen_electronics
TX:INEN:SHIFT_FUEL_HEAT_STRATEGY_CONDITIONAL,:math:\text{N}_2\text{O} Emissions from Industrial Energy,emission_co2e_n2o_inen_glass
TX:INEN:SHIFT_FUEL_HEAT_STRATEGY_CONDITIONAL,:math:\text{N}_2\text{O} Emissions from Industrial Energy,emission_co2e_n2o_inen_lime_and_carbonite
TX:INEN:SHIFT_FUEL_HEAT_STRATEGY_CONDITIONAL,:math:\text{N}_2\text{O} Emissions from Industrial Energy,emission_co2e_n2o_inen_metals
TX:INEN:SHIFT_FUEL_HEAT_STRATEGY_CONDITIONAL,:math:\text{N}_2\text{O} Emissions from Industrial Energy,emission_co2e_n2o_inen_mining
TX:INEN:SHIFT_FUEL_HEAT_STRATEGY_CONDITIONAL,:math:\text{N}_2\text{O} Emissions from Industrial Energy,emission_co2e_n2o_inen_other_product_manufacturing
TX:INEN:SHIFT_FUEL_HEAT_STRATEGY_CONDITIONAL,:math:\text{N}_2\text{O} Emissions from Industrial Energy,emission_co2e_n2o_inen_plastic
TX:INEN:SHIFT_FUEL_HEAT_STRATEGY_CONDITIONAL,:math:\text{N}_2\text{O} Emissions from Industrial Energy,emission_co2e_n2o_inen_textiles
TX:INEN:SHIFT_FUEL_HEAT_STRATEGY_CONDITIONAL,:math:\text{N}_2\text{O} Emissions from Industrial Energy,emission_co2e_n2o_inen_wood
TX:INEN:SHIFT_FUEL_HEAT_STRATEGY_CONDITIONAL,emission_co2e_subsector_total_inen,emission_co2e_subsector_total_inen
TX:INEN:SHIFT_FUEL_HEAT_STRATEGY_CONDITIONAL,Electrical Energy Consumption from Industrial Energy,energy_consumption_electricity_inen_agriculture_and_livestock
TX:INEN:SHIFT_FUEL_HEAT_STRATEGY_CONDITIONAL,Electrical Energy Consumption from Industrial Energy,energy_consumption_electricity_inen_cement
TX:INEN:SHIFT_FUEL_HEAT_STRATEGY_CONDITIONAL,Electrical Energy Consumption from Industrial Energy,energy_consumption_electricity_inen_chemicals
TX:INEN:SHIFT_FUEL_HEAT_STRATEGY_CONDITIONAL,Electrical Energy Consumption from Industrial Energy,energy_consumption_electricity_inen_electronics
TX:INEN:SHIFT_FUEL_HEAT_STRATEGY_CONDITIONAL,Electrical Energy Consumption from Industrial Energy,energy_consumption_electricity_inen_glass
TX:INEN:SHIFT_FUEL_HEAT_STRATEGY_CONDITIONAL,Electrical Energy Consumption from Industrial Energy,energy_consumption_electricity_inen_lime_and_carbonite
TX:INEN:SHIFT_FUEL_HEAT_STRATEGY_CONDITIONAL,Electrical Energy Consumption from Industrial Energy,energy_consumption_electricity_inen_metals
TX:INEN:SHIFT_FUEL_HEAT_STRATEGY_CONDITIONAL,Electrical Energy Consumption from Industrial Energy,energy_consumption_electricity_inen_mining
TX:INEN:SHIFT_FUEL_HEAT_STRATEGY_CONDITIONAL,Electrical Energy Consumption from Industrial Energy,energy_consumption_electricity_inen_other_product_manufacturing
TX:INEN:SHIFT_FUEL_HEAT_STRATEGY_CONDITIONAL,Electrical Energy Consumption from Industrial Energy,energy_consumption_electricity_inen_plastic
TX:INEN:SHIFT_FUEL_HEAT_STRATEGY_CONDITIONAL,Electrical Energy Consumption from Industrial Energy,energy_consumption_electricity_inen_textiles
TX:INEN:SHIFT_FUEL_HEAT_STRATEGY_CONDITIONAL,Total Electrical Energy Consumption from Industrial Energy,energy_consumption_electricity_inen_total
TX:INEN:SHIFT_FUEL_HEAT_STRATEGY_CONDITIONAL,Electrical Energy Consumption from Industrial Energy,energy_consumption_electricity_inen_wood
TX:INEN:SHIFT_FUEL_HEAT_STRATEGY_CONDITIONAL,Energy Consumption from Industrial Energy,energy_consumption_inen_agriculture_and_livestock
TX:INEN:SHIFT_FUEL_HEAT_STRATEGY_CONDITIONAL,Energy Consumption from Industrial Energy,energy_consumption_inen_cement
TX:INEN:SHIFT_FUEL_HEAT_STRATEGY_CONDITIONAL,Energy Consumption from Industrial Energy,energy_consumption_inen_chemicals
TX:INEN:SHIFT_FUEL_HEAT_STRATEGY_CONDITIONAL,Energy Consumption from Industrial Energy,energy_consumption_inen_electronics
TX:INEN:SHIFT_FUEL_HEAT_STRATEGY_CONDITIONAL,Energy Consumption from Industrial Energy,energy_consumption_inen_glass
TX:INEN:SHIFT_FUEL_HEAT_STRATEGY_CONDITIONAL,Energy Consumption from Industrial Energy,energy_consumption_inen_lime_and_carbonite
TX:INEN:SHIFT_FUEL_HEAT_STRATEGY_CONDITIONAL,Energy Consumption from Industrial Energy,energy_consumption_inen_metals
TX:INEN:SHIFT_FUEL_HEAT_STRATEGY_CONDITIONAL,Energy Consumption from Industrial Energy,energy_consumption_inen_mining
TX:INEN:SHIFT_FUEL_HEAT_STRATEGY_CONDITIONAL,Energy Consumption from Industrial Energy,energy_consumption_inen_other_product_manufacturing
TX:INEN:SHIFT_FUEL_HEAT_STRATEGY_CONDITIONAL,Energy Consumption from Industrial Energy,energy_consumption_inen_plastic
TX:INEN:SHIFT_FUEL_HEAT_STRATEGY_CONDITIONAL,Energy Consumption from Industrial Energy,energy_consumption_inen_textiles
TX:INEN:SHIFT_FUEL_HEAT_STRATEGY_CONDITIONAL,Total Energy Consumption from Industrial Energy,energy_consumption_inen_total
TX:INEN:SHIFT_FUEL_HEAT_STRATEGY_CONDITIONAL,Energy Consumption from Industrial Energy,energy_consumption_inen_wood
TX:INEN:SHIFT_FUEL_HEAT_STRATEGY_CONDITIONAL,Energy Demand by Fuel in Industrial Energy,energy_demand_enfu_subsector_total_pj_inen_fuel_biomass
TX:INEN:SHIFT_FUEL_HEAT_STRATEGY_CONDITIONAL,Energy Demand by Fuel in Industrial Energy,energy_demand_enfu_subsector_total_pj_inen_fuel_coal
TX:INEN:SHIFT_FUEL_HEAT_STRATEGY_CONDITIONAL,Energy Demand by Fuel in Industrial Energy,energy_demand_enfu_subsector_total_pj_inen_fuel_coke
TX:INEN:SHIFT_FUEL_HEAT_STRATEGY_CONDITIONAL,Energy Demand by Fuel in Industrial Energy,energy_demand_enfu_subsector_total_pj_inen_fuel_diesel
TX:INEN:SHIFT_FUEL_HEAT_STRATEGY_CONDITIONAL,Energy Demand by Fuel in Industrial Energy,energy_demand_enfu_subsector_total_pj_inen_fuel_electricity
TX:INEN:SHIFT_FUEL_HEAT_STRATEGY_CONDITIONAL,Energy Demand by Fuel in Industrial Energy,energy_demand_enfu_subsector_total_pj_inen_fuel_furnace_gas
TX:INEN:SHIFT_FUEL_HEAT_STRATEGY_CONDITIONAL,Energy Demand by Fuel in Industrial Energy,energy_demand_enfu_subsector_total_pj_inen_fuel_gasoline
TX:INEN:SHIFT_FUEL_HEAT_STRATEGY_CONDITIONAL,Energy Demand by Fuel in Industrial Energy,energy_demand_enfu_subsector_total_pj_inen_fuel_hydrogen
TX:INEN:SHIFT_FUEL_HEAT_STRATEGY_CONDITIONAL,Energy Demand by Fuel in Industrial Energy,energy_demand_enfu_subsector_total_pj_inen_fuel_natural_gas
TX:INEN:SHIFT_FUEL_HEAT_STRATEGY_CONDITIONAL,Energy Demand by Fuel in Industrial Energy,energy_demand_enfu_subsector_total_pj_inen_fuel_oil
TX:INEN:SHIFT_FUEL_HEAT_STRATEGY_CONDITIONAL,Energy Demand by Fuel in Industrial Energy,energy_demand_enfu_subsector_total_pj_inen_fuel_solar
TX:INEN:SHIFT_FUEL_HEAT_STRATEGY_CONDITIONAL,Value of Fuel Consumed in Industrial Energy,totalvalue_enfu_fuel_consumed_inen_fuel_biomass
TX:INEN:SHIFT_FUEL_HEAT_STRATEGY_CONDITIONAL,Value of Fuel Consumed in Industrial Energy,totalvalue_enfu_fuel_consumed_inen_fuel_coal
TX:INEN:SHIFT_FUEL_HEAT_STRATEGY_CONDITIONAL,Value of Fuel Consumed in Industrial Energy,totalvalue_enfu_fuel_consumed_inen_fuel_coke
TX:INEN:SHIFT_FUEL_HEAT_STRATEGY_CONDITIONAL,Value of Fuel Consumed in Industrial Energy,totalvalue_enfu_fuel_consumed_inen_fuel_diesel
TX:INEN:SHIFT_FUEL_HEAT_STRATEGY_CONDITIONAL,Value of Fuel Consumed in Industrial Energy,totalvalue_enfu_fuel_consumed_inen_fuel_electricity
TX:INEN:SHIFT_FUEL_HEAT_STRATEGY_CONDITIONAL,Value of Fuel Consumed in Industrial Energy,totalvalue_enfu_fuel_consumed_inen_fuel_furnace_gas
TX:INEN:SHIFT_FUEL_HEAT_STRATEGY_CONDITIONAL,Value of Fuel Consumed in Industrial Energy,totalvalue_enfu_fuel_consumed_inen_fuel_gasoline
TX:INEN:SHIFT_FUEL_HEAT_STRATEGY_CONDITIONAL,Value of Fuel Consumed in Industrial Energy,totalvalue_enfu_fuel_consumed_inen_fuel_hydrogen
TX:INEN:SHIFT_FUEL_HEAT_STRATEGY_CONDITIONAL,Value of Fuel Consumed in Industrial Energy,totalvalue_enfu_fuel_consumed_inen_fuel_natural_gas
TX:INEN:SHIFT_FUEL_HEAT_STRATEGY_CONDITIONAL,Value of Fuel Consumed in Industrial Energy,totalvalue_enfu_fuel_consumed_inen_fuel_oil
TX:INEN:SHIFT_FUEL_HEAT_STRATEGY_LEP,:math:\text{CH}_4 Emissions from Industrial Energy,emission_co2e_ch4_inen_agriculture_and_livestock
TX:INEN:SHIFT_FUEL_HEAT_STRATEGY_LEP,:math:\text{CH}_4 Emissions from Industrial Energy,emission_co2e_ch4_inen_cement
TX:INEN:SHIFT_FUEL_HEAT_STRATEGY_LEP,:math:\text{CH}_4 Emissions from Industrial Energy,emission_co2e_ch4_inen_chemicals
TX:INEN:SHIFT_FUEL_HEAT_STRATEGY_LEP,:math:\text{CH}_4 Emissions from Industrial Energy,emission_co2e_ch4_inen_electronics
TX:INEN:SHIFT_FUEL_HEAT_STRATEGY_LEP,:math:\text{CH}_4 Emissions from Industrial Energy,emission_co2e_ch4_inen_glass
TX:INEN:SHIFT_FUEL_HEAT_STRATEGY_LEP,:math:\text{CH}_4 Emissions from Industrial Energy,emission_co2e_ch4_inen_lime_and_carbonite
TX:INEN:SHIFT_FUEL_HEAT_STRATEGY_LEP,:math:\text{CH}_4 Emissions from Industrial Energy,emission_co2e_ch4_inen_metals
TX:INEN:SHIFT_FUEL_HEAT_STRATEGY_LEP,:math:\text{CH}_4 Emissions from Industrial Energy,emission_co2e_ch4_inen_mining
TX:INEN:SHIFT_FUEL_HEAT_STRATEGY_LEP,:math:\text{CH}_4 Emissions from Industrial Energy,emission_co2e_ch4_inen_other_product_manufacturing
TX:INEN:SHIFT_FUEL_HEAT_STRATEGY_LEP,:math:\text{CH}_4 Emissions from Industrial Energy,emission_co2e_ch4_inen_paper
TX:INEN:SHIFT_FUEL_HEAT_STRATEGY_LEP,:math:\text{CH}_4 Emissions from Industrial Energy,emission_co2e_ch4_inen_plastic
TX:INEN:SHIFT_FUEL_HEAT_STRATEGY_LEP,:math:\text{CH}_4 Emissions from Industrial Energy,emission_co2e_ch4_inen_textiles
TX:INEN:SHIFT_FUEL_HEAT_STRATEGY_LEP,:math:\text{CH}_4 Emissions from Industrial Energy,emission_co2e_ch4_inen_wood
TX:INEN:SHIFT_FUEL_HEAT_STRATEGY_LEP,:math:\text{CO}_2 Biomass Emissions from Industrial Energy,emission_co2e_co2_inen_bmass_agriculture_and_livestock
TX:INEN:SHIFT_FUEL_HEAT_STRATEGY_LEP,:math:\text{CO}_2 Biomass Emissions from Industrial Energy,emission_co2e_co2_inen_bmass_cement
TX:INEN:SHIFT_FUEL_HEAT_STRATEGY_LEP,:math:\text{CO}_2 Biomass Emissions from Industrial Energy,emission_co2e_co2_inen_bmass_chemicals
TX:INEN:SHIFT_FUEL_HEAT_STRATEGY_LEP,:math:\text{CO}_2 Biomass Emissions from Industrial Energy,emission_co2e_co2_inen_bmass_electronics
TX:INEN:SHIFT_FUEL_HEAT_STRATEGY_LEP,:math:\text{CO}_2 Biomass Emissions from Industrial Energy,emission_co2e_co2_inen_bmass_glass
TX:INEN:SHIFT_FUEL_HEAT_STRATEGY_LEP,:math:\text{CO}_2 Biomass Emissions from Industrial Energy,emission_co2e_co2_inen_bmass_lime_and_carbonite
TX:INEN:SHIFT_FUEL_HEAT_STRATEGY_LEP,:math:\text{CO}_2 Biomass Emissions from Industrial Energy,emission_co2e_co2_inen_bmass_metals
TX:INEN:SHIFT_FUEL_HEAT_STRATEGY_LEP,:math:\text{CO}_2 Biomass Emissions from Industrial Energy,emission_co2e_co2_inen_bmass_mining
TX:INEN:SHIFT_FUEL_HEAT_STRATEGY_LEP,:math:\text{CO}_2 Biomass Emissions from Industrial Energy,emission_co2e_co2_inen_bmass_other_product_manufacturing
TX:INEN:SHIFT_FUEL_HEAT_STRATEGY_LEP,:math:\text{CO}_2 Biomass Emissions from Industrial Energy,emission_co2e_co2_inen_bmass_paper
TX:INEN:SHIFT_FUEL_HEAT_STRATEGY_LEP,:math:\text{CO}_2 Biomass Emissions from Industrial Energy,emission_co2e_co2_inen_bmass_plastic
TX:INEN:SHIFT_FUEL_HEAT_STRATEGY_LEP,:math:\text{CO}_2 Biomass Emissions from Industrial Energy,emission_co2e_co2_inen_bmass_textiles
TX:INEN:SHIFT_FUEL_HEAT_STRATEGY_LEP,:math:\text{CO}_2 Biomass Emissions from Industrial Energy,emission_co2e_co2_inen_bmass_wood
TX:INEN:SHIFT_FUEL_HEAT_STRATEGY_LEP,:math:\text{CO}_2 Non-Biomass Emissions from Industrial Energy,emission_co2e_co2_inen_nbmass_agriculture_and_livestock
TX:INEN:SHIFT_FUEL_HEAT_STRATEGY_LEP,:math:\text{CO}_2 Non-Biomass Emissions from Industrial Energy,emission_co2e_co2_inen_nbmass_cement
TX:INEN:SHIFT_FUEL_HEAT_STRATEGY_LEP,:math:\text{CO}_2 Non-Biomass Emissions from Industrial Energy,emission_co2e_co2_inen_nbmass_chemicals
TX:INEN:SHIFT_FUEL_HEAT_STRATEGY_LEP,:math:\text{CO}_2 Non-Biomass Emissions from Industrial Energy,emission_co2e_co2_inen_nbmass_electronics
TX:INEN:SHIFT_FUEL_HEAT_STRATEGY_LEP,:math:\text{CO}_2 Non-Biomass Emissions from Industrial Energy,emission_co2e_co2_inen_nbmass_glass
TX:INEN:SHIFT_FUEL_HEAT_STRATEGY_LEP,:math:\text{CO}_2 Non-Biomass Emissions from Industrial Energy,emission_co2e_co2_inen_nbmass_lime_and_carbonite
TX:INEN:SHIFT_FUEL_HEAT_STRATEGY_LEP,:math:\text{CO}_2 Non-Biomass Emissions from Industrial Energy,emission_co2e_co2_inen_nbmass_metals
TX:INEN:SHIFT_FUEL_HEAT_STRATEGY_LEP,:math:\text{CO}_2 Non-Biomass Emissions from Industrial Energy,emission_co2e_co2_inen_nbmass_mining
TX:INEN:SHIFT_FUEL_HEAT_STRATEGY_LEP,:math:\text{CO}_2 Non-Biomass Emissions from Industrial Energy,emission_co2e_co2_inen_nbmass_other_product_manufacturing
TX:INEN:SHIFT_FUEL_HEAT_STRATEGY_LEP,:math:\text{CO}_2 Non-Biomass Emissions from Industrial Energy,emission_co2e_co2_inen_nbmass_paper
TX:INEN:SHIFT_FUEL_HEAT_STRATEGY_LEP,:math:\text{CO}_2 Non-Biomass Emissions from Industrial Energy,emission_co2e_co2_inen_nbmass_plastic
TX:INEN:SHIFT_FUEL_HEAT_STRATEGY_LEP,:math:\text{CO}_2 Non-Biomass Emissions from Industrial Energy,emission_co2e_co2_inen_nbmass_textiles
TX:INEN:SHIFT_FUEL_HEAT_STRATEGY_LEP,:math:\text{CO}_2 Non-Biomass Emissions from Industrial Energy,emission_co2e_co2_inen_nbmass_wood
TX:INEN:SHIFT_FUEL_HEAT_STRATEGY_LEP,:math:\text{N}_2\text{O} Emissions from Industrial Energy,emission_co2e_n2o_inen_agriculture_and_livestock
TX:INEN:SHIFT_FUEL_HEAT_STRATEGY_LEP,:math:\text{N}_2\text{O} Emissions from Industrial Energy,emission_co2e_n2o_inen_cement
TX:INEN:SHIFT_FUEL_HEAT_STRATEGY_LEP,:math:\text{N}_2\text{O} Emissions from Industrial Energy,emission_co2e_n2o_inen_chemicals
TX:INEN:SHIFT_FUEL_HEAT_STRATEGY_LEP,:math:\text{N}_2\text{O} Emissions from Industrial Energy,emission_co2e_n2o_inen_electronics
TX:INEN:SHIFT_FUEL_HEAT_STRATEGY_LEP,:math:\text{N}_2\text{O} Emissions from Industrial Energy,emission_co2e_n2o_inen_glass
TX:INEN:SHIFT_FUEL_HEAT_STRATEGY_LEP,:math:\text{N}_2\text{O} Emissions from Industrial Energy,emission_co2e_n2o_inen_lime_and_carbonite
TX:INEN:SHIFT_FUEL_HEAT_STRATEGY_LEP,:math:\text{N}_2\text{O} Emissions from Industrial Energy,emission_co2e_n2o_inen_metals
TX:INEN:SHIFT_FUEL_HEAT_STRATEGY_LEP,:math:\text{N}_2\text{O} Emissions from Industrial Energy,emission_co2e_n2o_inen_mining
TX:INEN:SHIFT_FUEL_HEAT_STRATEGY_LEP,:math:\text{N}_2\text{O} Emissions from Industrial Energy,emission_co2e_n2o_inen_other_product_manufacturing
TX:INEN:SHIFT_FUEL_HEAT_STRATEGY_LEP,:math:\text{N}_2\text{O} Emissions from Industrial Energy,emission_co2e_n2o_inen_paper
TX:INEN:SHIFT_FUEL_HEAT_STRATEGY_LEP,:math:\text{N}_2\text{O} Emissions from Industrial Energy,emission_co2e_n2o_inen_plastic
TX:INEN:SHIFT_FUEL_HEAT_STRATEGY_LEP,:math:\text{N}_2\text{O} Emissions from Industrial Energy,emission_co2e_n2o_inen_textiles
TX:INEN:SHIFT_FUEL_HEAT_STRATEGY_LEP,:math:\text{N}_2\text{O} Emissions from Industrial Energy,emission_co2e_n2o_inen_wood
TX:INEN:SHIFT_FUEL_HEAT_STRATEGY_LEP,emission_co2e_subsector_total_inen,emission_co2e_subsector_total_inen
TX:INEN:SHIFT_FUEL_HEAT_STRATEGY_LEP,Electrical Energy Consumption from Industrial Energy,energy_consumption_electricity_inen_agriculture_and_livestock
TX:INEN:SHIFT_FUEL_HEAT_STRATEGY_LEP,Electrical Energy Consumption from Industrial Energy,energy_consumption_electricity_inen_cement
TX:INEN:SHIFT_FUEL_HEAT_STRATEGY_LEP,Electrical Energy Consumption from Industrial Energy,energy_consumption_electricity_inen_chemicals
TX:INEN:SHIFT_FUEL_HEAT_STRATEGY_LEP,Electrical Energy Consumption from Industrial Energy,energy_consumption_electricity_inen_electronics
TX:INEN:SHIFT_FUEL_HEAT_STRATEGY_LEP,Electrical Energy Consumption from Industrial Energy,energy_consumption_electricity_inen_glass
TX:INEN:SHIFT_FUEL_HEAT_STRATEGY_LEP,Electrical Energy Consumption from Industrial Energy,energy_consumption_electricity_inen_lime_and_carbonite
TX:INEN:SHIFT_FUEL_HEAT_STRATEGY_LEP,Electrical Energy Consumption from Industrial Energy,energy_consumption_electricity_inen_metals
TX:INEN:SHIFT_FUEL_HEAT_STRATEGY_LEP,Electrical Energy Consumption from Industrial Energy,energy_consumption_electricity_inen_mining
TX:INEN:SHIFT_FUEL_HEAT_STRATEGY_LEP,Electrical Energy Consumption from Industrial Energy,energy_consumption_electricity_inen_other_product_manufacturing
TX:INEN:SHIFT_FUEL_HEAT_STRATEGY_LEP,Electrical Energy Consumption from Industrial Energy,energy_consumption_electricity_inen_paper
TX:INEN:SHIFT_FUEL_HEAT_STRATEGY_LEP,Electrical Energy Consumption from Industrial Energy,energy_consumption_electricity_inen_plastic
TX:INEN:SHIFT_FUEL_HEAT_STRATEGY_LEP,Electrical Energy Consumption from Industrial Energy,energy_consumption_electricity_inen_textiles
TX:INEN:SHIFT_FUEL_HEAT_STRATEGY_LEP,Total Electrical Energy Consumption from Industrial Energy,energy_consumption_electricity_inen_total
TX:INEN:SHIFT_FUEL_HEAT_STRATEGY_LEP,Electrical Energy Consumption from Industrial Energy,energy_consumption_electricity_inen_wood
TX:INEN:SHIFT_FUEL_HEAT_STRATEGY_LEP,Energy Consumption from Industrial Energy,energy_consumption_inen_agriculture_and_livestock
TX:INEN:SHIFT_FUEL_HEAT_STRATEGY_LEP,Energy Consumption from Industrial Energy,energy_consumption_inen_cement
TX:INEN:SHIFT_FUEL_HEAT_STRATEGY_LEP,Energy Consumption from Industrial Energy,energy_consumption_inen_chemicals
TX:INEN:SHIFT_FUEL_HEAT_STRATEGY_LEP,Energy Consumption from Industrial Energy,energy_consumption_inen_electronics
TX:INEN:SHIFT_FUEL_HEAT_STRATEGY_LEP,Energy Consumption from Industrial Energy,energy_consumption_inen_glass
TX:INEN:SHIFT_FUEL_HEAT_STRATEGY_LEP,Energy Consumption from Industrial Energy,energy_consumption_inen_lime_and_carbonite
TX:INEN:SHIFT_FUEL_HEAT_STRATEGY_LEP,Energy Consumption from Industrial Energy,energy_consumption_inen_metals
TX:INEN:SHIFT_FUEL_HEAT_STRATEGY_LEP,Energy Consumption from Industrial Energy,energy_consumption_inen_mining
TX:INEN:SHIFT_FUEL_HEAT_STRATEGY_LEP,Energy Consumption from Industrial Energy,energy_consumption_inen_other_product_manufacturing
TX:INEN:SHIFT_FUEL_HEAT_STRATEGY_LEP,Energy Consumption from Industrial Energy,energy_consumption_inen_paper
TX:INEN:SHIFT_FUEL_HEAT_STRATEGY_LEP,Energy Consumption from Industrial Energy,energy_consumption_inen_plastic
TX:INEN:SHIFT_FUEL_HEAT_STRATEGY_LEP,Energy Consumption from Industrial Energy,energy_consumption_inen_textiles
TX:INEN:SHIFT_FUEL_HEAT_STRATEGY_LEP,Total Energy Consumption from Industrial Energy,energy_consumption_inen_total
TX:INEN:SHIFT_FUEL_HEAT_STRATEGY_LEP,Energy Consumption from Industrial Energy,energy_consumption_inen_wood
TX:INEN:SHIFT_FUEL_HEAT_STRATEGY_LEP,Energy Demand by Fuel in Industrial Energy,energy_demand_enfu_subsector_total_pj_inen_fuel_biomass
TX:INEN:SHIFT_FUEL_HEAT_STRATEGY_LEP,Energy Demand by Fuel in Industrial Energy,energy_demand_enfu_subsector_total_pj_inen_fuel_coal
TX:INEN:SHIFT_FUEL_HEAT_STRATEGY_LEP,Energy Demand by Fuel in Industrial Energy,energy_demand_enfu_subsector_total_pj_inen_fuel_coke
TX:INEN:SHIFT_FUEL_HEAT_STRATEGY_LEP,Energy Demand by Fuel in Industrial Energy,energy_demand_enfu_subsector_total_pj_inen_fuel_diesel
TX:INEN:SHIFT_FUEL_HEAT_STRATEGY_LEP,Energy Demand by Fuel in Industrial Energy,energy_demand_enfu_subsector_total_pj_inen_fuel_electricity
TX:INEN:SHIFT_FUEL_HEAT_STRATEGY_LEP,Energy Demand by Fuel in Industrial Energy,energy_demand_enfu_subsector_total_pj_inen_fuel_furnace_gas
TX:INEN:SHIFT_FUEL_HEAT_STRATEGY_LEP,Energy Demand by Fuel in Industrial Energy,energy_demand_enfu_subsector_total_pj_inen_fuel_gasoline
TX:INEN:SHIFT_FUEL_HEAT_STRATEGY_LEP,Energy Demand by Fuel in Industrial Energy,energy_demand_enfu_subsector_total_pj_inen_fuel_hydrogen
TX:INEN:SHIFT_FUEL_HEAT_STRATEGY_LEP,Energy Demand by Fuel in Industrial Energy,energy_demand_enfu_subsector_total_pj_inen_fuel_natural_gas
TX:INEN:SHIFT_FUEL_HEAT_STRATEGY_LEP,Energy Demand by Fuel in Industrial Energy,energy_demand_enfu_subsector_total_pj_inen_fuel_oil
TX:INEN:SHIFT_FUEL_HEAT_STRATEGY_LEP,Energy Demand by Fuel in Industrial Energy,energy_demand_enfu_subsector_total_pj_inen_fuel_solar
TX:INEN:SHIFT_FUEL_HEAT_STRATEGY_LEP,Value of Fuel Consumed in Industrial Energy,totalvalue_enfu_fuel_consumed_inen_fuel_biomass
TX:INEN:SHIFT_FUEL_HEAT_STRATEGY_LEP,Value of Fuel Consumed in Industrial Energy,totalvalue_enfu_fuel_consumed_inen_fuel_coal
TX:INEN:SHIFT_FUEL_HEAT_STRATEGY_LEP,Value of Fuel Consumed in Industrial Energy,totalvalue_enfu_fuel_consumed_inen_fuel_coke
TX:INEN:SHIFT_FUEL_HEAT_STRATEGY_LEP,Value of Fuel Consumed in Industrial Energy,totalvalue_enfu_fuel_consumed_inen_fuel_diesel
TX:INEN:SHIFT_FUEL_HEAT_STRATEGY_LEP,Value of Fuel Consumed in Industrial Energy,totalvalue_enfu_fuel_consumed_inen_fuel_electricity
TX:INEN:SHIFT_FUEL_HEAT_STRATEGY_LEP,Value of Fuel Consumed in Industrial Energy,totalvalue_enfu_fuel_consumed_inen_fuel_furnace_gas
TX:INEN:SHIFT_FUEL_HEAT_STRATEGY_LEP,Value of Fuel Consumed in Industrial Energy,totalvalue_enfu_fuel_consumed_inen_fuel_gasoline
TX:INEN:SHIFT_FUEL_HEAT_STRATEGY_LEP,Value of Fuel Consumed in Industrial Energy,totalvalue_enfu_fuel_consumed_inen_fuel_hydrogen
TX:INEN:SHIFT_FUEL_HEAT_STRATEGY_LEP,Value of Fuel Consumed in Industrial Energy,totalvalue_enfu_fuel_consumed_inen_fuel_natural_gas
TX:INEN:SHIFT_FUEL_HEAT_STRATEGY_LEP,Value of Fuel Consumed in Industrial Energy,totalvalue_enfu_fuel_consumed_inen_fuel_oil
TX:INEN:SHIFT_FUEL_HEAT_STRATEGY_NDC,:math:\text{CH}_4 Emissions from Industrial Energy,emission_co2e_ch4_inen_agriculture_and_livestock
TX:INEN:SHIFT_FUEL_HEAT_STRATEGY_NDC,:math:\text{CH}_4 Emissions from Industrial Energy,emission_co2e_ch4_inen_cement
TX:INEN:SHIFT_FUEL_HEAT_STRATEGY_NDC,:math:\text{CH}_4 Emissions from Industrial Energy,emission_co2e_ch4_inen_chemicals
TX:INEN:SHIFT_FUEL_HEAT_STRATEGY_NDC,:math:\text{CH}_4 Emissions from Industrial Energy,emission_co2e_ch4_inen_electronics
TX:INEN:SHIFT_FUEL_HEAT_STRATEGY_NDC,:math:\text{CH}_4 Emissions from Industrial Energy,emission_co2e_ch4_inen_glass
TX:INEN:SHIFT_FUEL_HEAT_STRATEGY_NDC,:math:\text{CH}_4 Emissions from Industrial Energy,emission_co2e_ch4_inen_lime_and_carbonite
TX:INEN:SHIFT_FUEL_HEAT_STRATEGY_NDC,:math:\text{CH}_4 Emissions from Industrial Energy,emission_co2e_ch4_inen_metals
TX:INEN:SHIFT_FUEL_HEAT_STRATEGY_NDC,:math:\text{CH}_4 Emissions from Industrial Energy,emission_co2e_ch4_inen_mining
TX:INEN:SHIFT_FUEL_HEAT_STRATEGY_NDC,:math:\text{CH}_4 Emissions from Industrial Energy,emission_co2e_ch4_inen_other_product_manufacturing
TX:INEN:SHIFT_FUEL_HEAT_STRATEGY_NDC,:math:\text{CH}_4 Emissions from Industrial Energy,emission_co2e_ch4_inen_paper
TX:INEN:SHIFT_FUEL_HEAT_STRATEGY_NDC,:math:\text{CH}_4 Emissions from Industrial Energy,emission_co2e_ch4_inen_plastic
TX:INEN:SHIFT_FUEL_HEAT_STRATEGY_NDC,:math:\text{CH}_4 Emissions from Industrial Energy,emission_co2e_ch4_inen_textiles
TX:INEN:SHIFT_FUEL_HEAT_STRATEGY_NDC,:math:\text{CH}_4 Emissions from Industrial Energy,emission_co2e_ch4_inen_wood
TX:INEN:SHIFT_FUEL_HEAT_STRATEGY_NDC,:math:\text{CO}_2 Biomass Emissions from Industrial Energy,emission_co2e_co2_inen_bmass_agriculture_and_livestock
TX:INEN:SHIFT_FUEL_HEAT_STRATEGY_NDC,:math:\text{CO}_2 Biomass Emissions from Industrial Energy,emission_co2e_co2_inen_bmass_cement
TX:INEN:SHIFT_FUEL_HEAT_STRATEGY_NDC,:math:\text{CO}_2 Biomass Emissions from Industrial Energy,emission_co2e_co2_inen_bmass_chemicals
TX:INEN:SHIFT_FUEL_HEAT_STRATEGY_NDC,:math:\text{CO}_2 Biomass Emissions from Industrial Energy,emission_co2e_co2_inen_bmass_electronics
TX:INEN:SHIFT_FUEL_HEAT_STRATEGY_NDC,:math:\text{CO}_2 Biomass Emissions from Industrial Energy,emission_co2e_co2_inen_bmass_glass
TX:INEN:SHIFT_FUEL_HEAT_STRATEGY_NDC,:math:\text{CO}_2 Biomass Emissions from Industrial Energy,emission_co2e_co2_inen_bmass_lime_and_carbonite
TX:INEN:SHIFT_FUEL_HEAT_STRATEGY_NDC,:math:\text{CO}_2 Biomass Emissions from Industrial Energy,emission_co2e_co2_inen_bmass_metals
TX:INEN:SHIFT_FUEL_HEAT_STRATEGY_NDC,:math:\text{CO}_2 Biomass Emissions from Industrial Energy,emission_co2e_co2_inen_bmass_mining
TX:INEN:SHIFT_FUEL_HEAT_STRATEGY_NDC,:math:\text{CO}_2 Biomass Emissions from Industrial Energy,emission_co2e_co2_inen_bmass_other_product_manufacturing
TX:INEN:SHIFT_FUEL_HEAT_STRATEGY_NDC,:math:\text{CO}_2 Biomass Emissions from Industrial Energy,emission_co2e_co2_inen_bmass_paper
TX:INEN:SHIFT_FUEL_HEAT_STRATEGY_NDC,:math:\text{CO}_2 Biomass Emissions from Industrial Energy,emission_co2e_co2_inen_bmass_plastic
TX:INEN:SHIFT_FUEL_HEAT_STRATEGY_NDC,:math:\text{CO}_2 Biomass Emissions from Industrial Energy,emission_co2e_co2_inen_bmass_textiles
TX:INEN:SHIFT_FUEL_HEAT_STRATEGY_NDC,:math:\text{CO}_2 Biomass Emissions from Industrial Energy,emission_co2e_co2_inen_bmass_wood
TX:INEN:SHIFT_FUEL_HEAT_STRATEGY_NDC,:math:\text{CO}_2 Non-Biomass Emissions from Industrial Energy,emission_co2e_co2_inen_nbmass_agriculture_and_livestock
TX:INEN:SHIFT_FUEL_HEAT_STRATEGY_NDC,:math:\text{CO}_2 Non-Biomass Emissions from Industrial Energy,emission_co2e_co2_inen_nbmass_cement
TX:INEN:SHIFT_FUEL_HEAT_STRATEGY_NDC,:math:\text{CO}_2 Non-Biomass Emissions from Industrial Energy,emission_co2e_co2_inen_nbmass_chemicals
TX:INEN:SHIFT_FUEL_HEAT_STRATEGY_NDC,:math:\text{CO}_2 Non-Biomass Emissions from Industrial Energy,emission_co2e_co2_inen_nbmass_electronics
TX:INEN:SHIFT_FUEL_HEAT_STRATEGY_NDC,:math:\text{CO}_2 Non-Biomass Emissions from Industrial Energy,emission_co2e_co2_inen_nbmass_glass
TX:INEN:SHIFT_FUEL_HEAT_STRATEGY_NDC,:math:\text{CO}_2 Non-Biomass Emissions from Industrial Energy,emission_co2e_co2_inen_nbmass_lime_and_carbonite
TX:INEN:SHIFT_FUEL_HEAT_STRATEGY_NDC,:math:\text{CO}_2 Non-Biomass Emissions from Industrial Energy,emission_co2e_co2_inen_nbmass_metals
TX:INEN:SHIFT_FUEL_HEAT_STRATEGY_NDC,:math:\text{CO}_2 Non-Biomass Emissions from Industrial Energy,emission_co2e_co2_inen_nbmass_mining
TX:INEN:SHIFT_FUEL_HEAT_STRATEGY_NDC,:math:\text{CO}_2 Non-Biomass Emissions from Industrial Energy,emission_co2e_co2_inen_nbmass_other_product_manufacturing
TX:INEN:SHIFT_FUEL_HEAT_STRATEGY_NDC,:math:\text{CO}_2 Non-Biomass Emissions from Industrial Energy,emission_co2e_co2_inen_nbmass_paper
TX:INEN:SHIFT_FUEL_HEAT_STRATEGY_NDC,:math:\text{CO}_2 Non-Biomass Emissions from Industrial Energy,emission_co2e_co2_inen_nbmass_plastic
TX:INEN:SHIFT_FUEL_HEAT_STRATEGY_NDC,:math:\text{CO}_2 Non-Biomass Emissions from Industrial Energy,emission_co2e_co2_inen_nbmass_textiles
TX:INEN:SHIFT_FUEL_HEAT_STRATEGY_NDC,:math:\text{CO}_2 Non-Biomass Emissions from Industrial Energy,emission_co2e_co2_inen_nbmass_wood
TX:INEN:SHIFT_FUEL_HEAT_STRATEGY_NDC,:math:\text{N}_2\text{O} Emissions from Industrial Energy,emission_co2e_n2o_inen_agriculture_and_livestock
TX:INEN:SHIFT_FUEL_HEAT_STRATEGY_NDC,:math:\text{N}_2\text{O} Emissions from Industrial Energy,emission_co2e_n2o_inen_cement
TX:INEN:SHIFT_FUEL_HEAT_STRATEGY_NDC,:math:\text{N}_2\text{O} Emissions from Industrial Energy,emission_co2e_n2o_inen_chemicals
TX:INEN:SHIFT_FUEL_HEAT_STRATEGY_NDC,:math:\text{N}_2\text{O} Emissions from Industrial Energy,emission_co2e_n2o_inen_electronics
TX:INEN:SHIFT_FUEL_HEAT_STRATEGY_NDC,:math:\text{N}_2\text{O} Emissions from Industrial Energy,emission_co2e_n2o_inen_glass
TX:INEN:SHIFT_FUEL_HEAT_STRATEGY_NDC,:math:\text{N}_2\text{O} Emissions from Industrial Energy,emission_co2e_n2o_inen_lime_and_carbonite
TX:INEN:SHIFT_FUEL_HEAT_STRATEGY_NDC,:math:\text{N}_2\text{O} Emissions from Industrial Energy,emission_co2e_n2o_inen_metals
TX:INEN:SHIFT_FUEL_HEAT_STRATEGY_NDC,:math:\text{N}_2\text{O} Emissions from Industrial Energy,emission_co2e_n2o_inen_mining
TX:INEN:SHIFT_FUEL_HEAT_STRATEGY_NDC,:math:\text{N}_2\text{O} Emissions from Industrial Energy,emission_co2e_n2o_inen_other_product_manufacturing
TX:INEN:SHIFT_FUEL_HEAT_STRATEGY_NDC,:math:\text{N}_2\text{O} Emissions from Industrial Energy,emission_co2e_n2o_inen_paper
TX:INEN:SHIFT_FUEL_HEAT_STRATEGY_NDC,:math:\text{N}_2\text{O} Emissions from Industrial Energy,emission_co2e_n2o_inen_plastic
TX:INEN:SHIFT_FUEL_HEAT_STRATEGY_NDC,:math:\text{N}_2\text{O} Emissions from Industrial Energy,emission_co2e_n2o_inen_textiles
TX:INEN:SHIFT_FUEL_HEAT_STRATEGY_NDC,:math:\text{N}_2\text{O} Emissions from Industrial Energy,emission_co2e_n2o_inen_wood
TX:INEN:SHIFT_FUEL_HEAT_STRATEGY_NDC,emission_co2e_subsector_total_inen,emission_co2e_subsector_total_inen
TX:INEN:SHIFT_FUEL_HEAT_STRATEGY_NDC,Electrical Energy Consumption from Industrial Energy,energy_consumption_electricity_inen_agriculture_and_livestock
TX:INEN:SHIFT_FUEL_HEAT_STRATEGY_NDC,Electrical Energy Consumption from Industrial Energy,energy_consumption_electricity_inen_cement
TX:INEN:SHIFT_FUEL_HEAT_STRATEGY_NDC,Electrical Energy Consumption from Industrial Energy,energy_consumption_electricity_inen_chemicals
TX:INEN:SHIFT_FUEL_HEAT_STRATEGY_NDC,Electrical Energy Consumption from Industrial Energy,energy_consumption_electricity_inen_electronics
TX:INEN:SHIFT_FUEL_HEAT_STRATEGY_NDC,Electrical Energy Consumption from Industrial Energy,energy_consumption_electricity_inen_glass
TX:INEN:SHIFT_FUEL_HEAT_STRATEGY_NDC,Electrical Energy Consumption from Industrial Energy,energy_consumption_electricity_inen_lime_and_carbonite
TX:INEN:SHIFT_FUEL_HEAT_STRATEGY_NDC,Electrical Energy Consumption from Industrial Energy,energy_consumption_electricity_inen_metals
TX:INEN:SHIFT_FUEL_HEAT_STRATEGY_NDC,Electrical Energy Consumption from Industrial Energy,energy_consumption_electricity_inen_mining
TX:INEN:SHIFT_FUEL_HEAT_STRATEGY_NDC,Electrical Energy Consumption from Industrial Energy,energy_consumption_electricity_inen_other_product_manufacturing
TX:INEN:SHIFT_FUEL_HEAT_STRATEGY_NDC,Electrical Energy Consumption from Industrial Energy,energy_consumption_electricity_inen_paper
TX:INEN:SHIFT_FUEL_HEAT_STRATEGY_NDC,Electrical Energy Consumption from Industrial Energy,energy_consumption_electricity_inen_plastic
TX:INEN:SHIFT_FUEL_HEAT_STRATEGY_NDC,Electrical Energy Consumption from Industrial Energy,energy_consumption_electricity_inen_textiles
TX:INEN:SHIFT_FUEL_HEAT_STRATEGY_NDC,Total Electrical Energy Consumption from Industrial Energy,energy_consumption_electricity_inen_total
TX:INEN:SHIFT_FUEL_HEAT_STRATEGY_NDC,Electrical Energy Consumption from Industrial Energy,energy_consumption_electricity_inen_wood
TX:INEN:SHIFT_FUEL_HEAT_STRATEGY_NDC,Energy Consumption from Industrial Energy,energy_consumption_inen_agriculture_and_livestock
TX:INEN:SHIFT_FUEL_HEAT_STRATEGY_NDC,Energy Consumption from Industrial Energy,energy_consumption_inen_cement
TX:INEN:SHIFT_FUEL_HEAT_STRATEGY_NDC,Energy Consumption from Industrial Energy,energy_consumption_inen_chemicals
TX:INEN:SHIFT_FUEL_HEAT_STRATEGY_NDC,Energy Consumption from Industrial Energy,energy_consumption_inen_electronics
TX:INEN:SHIFT_FUEL_HEAT_STRATEGY_NDC,Energy Consumption from Industrial Energy,energy_consumption_inen_glass
TX:INEN:SHIFT_FUEL_HEAT_STRATEGY_NDC,Energy Consumption from Industrial Energy,energy_consumption_inen_lime_and_carbonite
TX:INEN:SHIFT_FUEL_HEAT_STRATEGY_NDC,Energy Consumption from Industrial Energy,energy_consumption_inen_metals
TX:INEN:SHIFT_FUEL_HEAT_STRATEGY_NDC,Energy Consumption from Industrial Energy,energy_consumption_inen_mining
TX:INEN:SHIFT_FUEL_HEAT_STRATEGY_NDC,Energy Consumption from Industrial Energy,energy_consumption_inen_other_product_manufacturing
TX:INEN:SHIFT_FUEL_HEAT_STRATEGY_NDC,Energy Consumption from Industrial Energy,energy_consumption_inen_paper
TX:INEN:SHIFT_FUEL_HEAT_STRATEGY_NDC,Energy Consumption from Industrial Energy,energy_consumption_inen_plastic
TX:INEN:SHIFT_FUEL_HEAT_STRATEGY_NDC,Energy Consumption from Industrial Energy,energy_consumption_inen_textiles
TX:INEN:SHIFT_FUEL_HEAT_STRATEGY_NDC,Total Energy Consumption from Industrial Energy,energy_consumption_inen_total
TX:INEN:SHIFT_FUEL_HEAT_STRATEGY_NDC,Energy Consumption from Industrial Energy,energy_consumption_inen_wood
TX:INEN:SHIFT_FUEL_HEAT_STRATEGY_NDC,Energy Demand by Fuel in Industrial Energy,energy_demand_enfu_subsector_total_pj_inen_fuel_biomass
TX:INEN:SHIFT_FUEL_HEAT_STRATEGY_NDC,Energy Demand by Fuel in Industrial Energy,energy_demand_enfu_subsector_total_pj_inen_fuel_coal
TX:INEN:SHIFT_FUEL_HEAT_STRATEGY_NDC,Energy Demand by Fuel in Industrial Energy,energy_demand_enfu_subsector_total_pj_inen_fuel_coke
TX:INEN:SHIFT_FUEL_HEAT_STRATEGY_NDC,Energy Demand by Fuel in Industrial Energy,energy_demand_enfu_subsector_total_pj_inen_fuel_diesel
TX:INEN:SHIFT_FUEL_HEAT_STRATEGY_NDC,Energy Demand by Fuel in Industrial Energy,energy_demand_enfu_subsector_total_pj_inen_fuel_electricity
TX:INEN:SHIFT_FUEL_HEAT_STRATEGY_NDC,Energy Demand by Fuel in Industrial Energy,energy_demand_enfu_subsector_total_pj_inen_fuel_furnace_gas
TX:INEN:SHIFT_FUEL_HEAT_STRATEGY_NDC,Energy Demand by Fuel in Industrial Energy,energy_demand_enfu_subsector_total_pj_inen_fuel_gasoline
TX:INEN:SHIFT_FUEL_HEAT_STRATEGY_NDC,Energy Demand by Fuel in Industrial Energy,energy_demand_enfu_subsector_total_pj_inen_fuel_hydrogen
TX:INEN:SHIFT_FUEL_HEAT_STRATEGY_NDC,Energy Demand by Fuel in Industrial Energy,energy_demand_enfu_subsector_total_pj_inen_fuel_natural_gas
TX:INEN:SHIFT_FUEL_HEAT_STRATEGY_NDC,Energy Demand by Fuel in Industrial Energy,energy_demand_enfu_subsector_total_pj_inen_fuel_oil
TX:INEN:SHIFT_FUEL_HEAT_STRATEGY_NDC,Energy Demand by Fuel in Industrial Energy,energy_demand_enfu_subsector_total_pj_inen_fuel_solar
TX:INEN:SHIFT_FUEL_HEAT_STRATEGY_NDC,Value of Fuel Consumed in Industrial Energy,totalvalue_enfu_fuel_consumed_inen_fuel_biomass
TX:INEN:SHIFT_FUEL_HEAT_STRATEGY_NDC,Value of Fuel Consumed in Industrial Energy,totalvalue_enfu_fuel_consumed_inen_fuel_coal
TX:INEN:SHIFT_FUEL_HEAT_STRATEGY_NDC,Value of Fuel Consumed in Industrial Energy,totalvalue_enfu_fuel_consumed_inen_fuel_coke
TX:INEN:SHIFT_FUEL_HEAT_STRATEGY_NDC,Value of Fuel Consumed in Industrial Energy,totalvalue_enfu_fuel_consumed_inen_fuel_diesel
TX:INEN:SHIFT_FUEL_HEAT_STRATEGY_NDC,Value of Fuel Consumed in Industrial Energy,totalvalue_enfu_fuel_consumed_inen_fuel_electricity
TX:INEN:SHIFT_FUEL_HEAT_STRATEGY_NDC,Value of Fuel Consumed in Industrial Energy,totalvalue_enfu_fuel_consumed_inen_fuel_furnace_gas
TX:INEN:SHIFT_FUEL_HEAT_STRATEGY_NDC,Value of Fuel Consumed in Industrial Energy,totalvalue_enfu_fuel_consumed_inen_fuel_gasoline
TX:INEN:SHIFT_FUEL_HEAT_STRATEGY_NDC,Value of Fuel Consumed in Industrial Energy,totalvalue_enfu_fuel_consumed_inen_fuel_hydrogen
TX:INEN:SHIFT_FUEL_HEAT_STRATEGY_NDC,Value of Fuel Consumed in Industrial Energy,totalvalue_enfu_fuel_consumed_inen_fuel_natural_gas
TX:INEN:SHIFT_FUEL_HEAT_STRATEGY_NDC,Value of Fuel Consumed in Industrial Energy,totalvalue_enfu_fuel_consumed_inen_fuel_oil
TX:IPPU:DEC_CLINKER,:math:\text{CO}_2 Emissions from Industrial Production Processes,emission_co2e_co2_ippu_production_cement
TX:IPPU:DEC_CLINKER,emission_co2e_subsector_total_ippu,emission_co2e_subsector_total_ippu
TX:IPPU:DEC_CLINKER_STRATEGY_CONDITIONAL,:math:\text{CO}_2 Emissions from Industrial Production Processes,emission_co2e_co2_ippu_production_cement
TX:IPPU:DEC_CLINKER_STRATEGY_CONDITIONAL,emission_co2e_subsector_total_ippu,emission_co2e_subsector_total_ippu
TX:IPPU:DEC_CLINKER_STRATEGY_LEP,:math:\text{CO}_2 Emissions from Industrial Production Processes,emission_co2e_co2_ippu_production_cement
TX:IPPU:DEC_CLINKER_STRATEGY_LEP,emission_co2e_subsector_total_ippu,emission_co2e_subsector_total_ippu
TX:IPPU:DEC_CLINKER_STRATEGY_NDC,:math:\text{CO}_2 Emissions from Industrial Production Processes,emission_co2e_co2_ippu_production_cement
TX:IPPU:DEC_CLINKER_STRATEGY_NDC,emission_co2e_subsector_total_ippu,emission_co2e_subsector_total_ippu
TX:IPPU:DEC_DEMAND,Demand for Harvested Wood,dem_ippu_harvested_wood_tonne_paper
TX:IPPU:DEC_DEMAND,Demand for Harvested Wood,dem_ippu_harvested_wood_tonne_wood
TX:IPPU:DEC_DEMAND,HFC-143a Emissions from Industrial Product Use,emission_co2e_c2h3f3_ippu_product_use_product_use_ods_refrigeration
TX:IPPU:DEC_DEMAND,HFC-125 Emissions from Industrial Product Use,emission_co2e_c2hf5_ippu_product_use_product_use_ods_other
TX:IPPU:DEC_DEMAND,HFC-125 Emissions from Industrial Product Use,emission_co2e_c2hf5_ippu_product_use_product_use_ods_refrigeration
TX:IPPU:DEC_DEMAND,HFC-245fa Emissions from Industrial Product Use,emission_co2e_c3h3f5_ippu_product_use_product_use_ods_other
TX:IPPU:DEC_DEMAND,HFC-245fa Emissions from Industrial Product Use,emission_co2e_c3h3f5_ippu_product_use_product_use_ods_refrigeration
TX:IPPU:DEC_DEMAND,PFC-1114 Emissions from Industrial Production Processes,emission_co2e_c4f6_ippu_production_electronics
TX:IPPU:DEC_DEMAND,HFC-365mfc Emissions from Industrial Product Use,emission_co2e_c4h5f5_ippu_product_use_product_use_ods_other
TX:IPPU:DEC_DEMAND,PFC-1418 Emissions from Industrial Production Processes,emission_co2e_c5f8_ippu_production_electronics
TX:IPPU:DEC_DEMAND,HFC-32 Emissions from Industrial Product Use,emission_co2e_ch2f2_ippu_product_use_product_use_ods_refrigeration
TX:IPPU:DEC_DEMAND,HFC-32 Emissions from Industrial Production Processes,emission_co2e_ch2f2_ippu_production_electronics
TX:IPPU:DEC_DEMAND,:math:\text{CH}_4 Emissions from Industrial Energy,emission_co2e_ch4_inen_cement
TX:IPPU:DEC_DEMAND,:math:\text{CH}_4 Emissions from Industrial Energy,emission_co2e_ch4_inen_chemicals
TX:IPPU:DEC_DEMAND,:math:\text{CH}_4 Emissions from Industrial Energy,emission_co2e_ch4_inen_electronics
TX:IPPU:DEC_DEMAND,:math:\text{CH}_4 Emissions from Industrial Energy,emission_co2e_ch4_inen_glass
TX:IPPU:DEC_DEMAND,:math:\text{CH}_4 Emissions from Industrial Energy,emission_co2e_ch4_inen_lime_and_carbonite
TX:IPPU:DEC_DEMAND,:math:\text{CH}_4 Emissions from Industrial Energy,emission_co2e_ch4_inen_metals
TX:IPPU:DEC_DEMAND,:math:\text{CH}_4 Emissions from Industrial Energy,emission_co2e_ch4_inen_mining
TX:IPPU:DEC_DEMAND,:math:\text{CH}_4 Emissions from Industrial Energy,emission_co2e_ch4_inen_paper
TX:IPPU:DEC_DEMAND,:math:\text{CH}_4 Emissions from Industrial Energy,emission_co2e_ch4_inen_plastic
TX:IPPU:DEC_DEMAND,:math:\text{CH}_4 Emissions from Industrial Energy,emission_co2e_ch4_inen_textiles
TX:IPPU:DEC_DEMAND,:math:\text{CH}_4 Emissions from Industrial Energy,emission_co2e_ch4_inen_wood
TX:IPPU:DEC_DEMAND,:math:\text{CH}_4 Emissions from Industrial Production Processes,emission_co2e_ch4_ippu_production_chemicals
TX:IPPU:DEC_DEMAND,:math:\text{CH}_4 Emissions from Industrial Production Processes,emission_co2e_ch4_ippu_production_metals
TX:IPPU:DEC_DEMAND,:math:\text{CH}_4 Emissions from Industrial Production Processes,emission_co2e_ch4_ippu_production_plastic
TX:IPPU:DEC_DEMAND,HFC-134a Emissions from Industrial Product Use,emission_co2e_chf2cf3_ippu_product_use_product_use_ods_other
TX:IPPU:DEC_DEMAND,HFC-134a Emissions from Industrial Product Use,emission_co2e_chf2cf3_ippu_product_use_product_use_ods_refrigeration
TX:IPPU:DEC_DEMAND,:math:\text{CO}_2 Emissions from Harvested Wood Products,emission_co2e_co2_frst_harvested_wood_products
TX:IPPU:DEC_DEMAND,:math:\text{CO}_2 Biomass Emissions from Industrial Energy,emission_co2e_co2_inen_bmass_cement
TX:IPPU:DEC_DEMAND,:math:\text{CO}_2 Biomass Emissions from Industrial Energy,emission_co2e_co2_inen_bmass_chemicals
TX:IPPU:DEC_DEMAND,:math:\text{CO}_2 Biomass Emissions from Industrial Energy,emission_co2e_co2_inen_bmass_electronics
TX:IPPU:DEC_DEMAND,:math:\text{CO}_2 Biomass Emissions from Industrial Energy,emission_co2e_co2_inen_bmass_glass
TX:IPPU:DEC_DEMAND,:math:\text{CO}_2 Biomass Emissions from Industrial Energy,emission_co2e_co2_inen_bmass_lime_and_carbonite
TX:IPPU:DEC_DEMAND,:math:\text{CO}_2 Biomass Emissions from Industrial Energy,emission_co2e_co2_inen_bmass_metals
TX:IPPU:DEC_DEMAND,:math:\text{CO}_2 Biomass Emissions from Industrial Energy,emission_co2e_co2_inen_bmass_mining
TX:IPPU:DEC_DEMAND,:math:\text{CO}_2 Biomass Emissions from Industrial Energy,emission_co2e_co2_inen_bmass_paper
TX:IPPU:DEC_DEMAND,:math:\text{CO}_2 Biomass Emissions from Industrial Energy,emission_co2e_co2_inen_bmass_plastic
TX:IPPU:DEC_DEMAND,:math:\text{CO}_2 Biomass Emissions from Industrial Energy,emission_co2e_co2_inen_bmass_textiles
TX:IPPU:DEC_DEMAND,:math:\text{CO}_2 Biomass Emissions from Industrial Energy,emission_co2e_co2_inen_bmass_wood
TX:IPPU:DEC_DEMAND,:math:\text{CO}_2 Non-Biomass Emissions from Industrial Energy,emission_co2e_co2_inen_nbmass_cement
TX:IPPU:DEC_DEMAND,:math:\text{CO}_2 Non-Biomass Emissions from Industrial Energy,emission_co2e_co2_inen_nbmass_chemicals
TX:IPPU:DEC_DEMAND,:math:\text{CO}_2 Non-Biomass Emissions from Industrial Energy,emission_co2e_co2_inen_nbmass_electronics
TX:IPPU:DEC_DEMAND,:math:\text{CO}_2 Non-Biomass Emissions from Industrial Energy,emission_co2e_co2_inen_nbmass_glass
TX:IPPU:DEC_DEMAND,:math:\text{CO}_2 Non-Biomass Emissions from Industrial Energy,emission_co2e_co2_inen_nbmass_lime_and_carbonite
TX:IPPU:DEC_DEMAND,:math:\text{CO}_2 Non-Biomass Emissions from Industrial Energy,emission_co2e_co2_inen_nbmass_metals
TX:IPPU:DEC_DEMAND,:math:\text{CO}_2 Non-Biomass Emissions from Industrial Energy,emission_co2e_co2_inen_nbmass_mining
TX:IPPU:DEC_DEMAND,:math:\text{CO}_2 Non-Biomass Emissions from Industrial Energy,emission_co2e_co2_inen_nbmass_paper
TX:IPPU:DEC_DEMAND,:math:\text{CO}_2 Non-Biomass Emissions from Industrial Energy,emission_co2e_co2_inen_nbmass_plastic
TX:IPPU:DEC_DEMAND,:math:\text{CO}_2 Non-Biomass Emissions from Industrial Energy,emission_co2e_co2_inen_nbmass_textiles
TX:IPPU:DEC_DEMAND,:math:\text{CO}_2 Non-Biomass Emissions from Industrial Energy,emission_co2e_co2_inen_nbmass_wood
TX:IPPU:DEC_DEMAND,:math:\text{CO}_2 Emissions from Industrial Product Use,emission_co2e_co2_ippu_product_use_product_use_lubricants
TX:IPPU:DEC_DEMAND,:math:\text{CO}_2 Emissions from Industrial Product Use,emission_co2e_co2_ippu_product_use_product_use_other
TX:IPPU:DEC_DEMAND,:math:\text{CO}_2 Emissions from Industrial Product Use,emission_co2e_co2_ippu_product_use_product_use_paraffin_wax
TX:IPPU:DEC_DEMAND,:math:\text{CO}_2 Emissions from Industrial Production Processes,emission_co2e_co2_ippu_production_cement
TX:IPPU:DEC_DEMAND,:math:\text{CO}_2 Emissions from Industrial Production Processes,emission_co2e_co2_ippu_production_chemicals
TX:IPPU:DEC_DEMAND,:math:\text{CO}_2 Emissions from Industrial Production Processes,emission_co2e_co2_ippu_production_glass
TX:IPPU:DEC_DEMAND,:math:\text{CO}_2 Emissions from Industrial Production Processes,emission_co2e_co2_ippu_production_lime_and_carbonite
TX:IPPU:DEC_DEMAND,:math:\text{CO}_2 Emissions from Industrial Production Processes,emission_co2e_co2_ippu_production_metals
TX:IPPU:DEC_DEMAND,:math:\text{CO}_2 Emissions from Industrial Production Processes,emission_co2e_co2_ippu_production_plastic
TX:IPPU:DEC_DEMAND,HFC Emissions from Industrial Product Use,emission_co2e_hfcs_ippu_product_use_product_use_ods_other
TX:IPPU:DEC_DEMAND,HFC Emissions from Industrial Product Use,emission_co2e_hfcs_ippu_product_use_product_use_ods_refrigeration
TX:IPPU:DEC_DEMAND,HFC Emissions from Industrial Production Processes,emission_co2e_hfcs_ippu_production_electronics
TX:IPPU:DEC_DEMAND,:math:\text{N}_2\text{O} Emissions from Industrial Energy,emission_co2e_n2o_inen_cement
TX:IPPU:DEC_DEMAND,:math:\text{N}_2\text{O} Emissions from Industrial Energy,emission_co2e_n2o_inen_chemicals
TX:IPPU:DEC_DEMAND,:math:\text{N}_2\text{O} Emissions from Industrial Energy,emission_co2e_n2o_inen_electronics
TX:IPPU:DEC_DEMAND,:math:\text{N}_2\text{O} Emissions from Industrial Energy,emission_co2e_n2o_inen_glass
TX:IPPU:DEC_DEMAND,:math:\text{N}_2\text{O} Emissions from Industrial Energy,emission_co2e_n2o_inen_lime_and_carbonite
TX:IPPU:DEC_DEMAND,:math:\text{N}_2\text{O} Emissions from Industrial Energy,emission_co2e_n2o_inen_metals
TX:IPPU:DEC_DEMAND,:math:\text{N}_2\text{O} Emissions from Industrial Energy,emission_co2e_n2o_inen_mining
TX:IPPU:DEC_DEMAND,:math:\text{N}_2\text{O} Emissions from Industrial Energy,emission_co2e_n2o_inen_paper
TX:IPPU:DEC_DEMAND,:math:\text{N}_2\text{O} Emissions from Industrial Energy,emission_co2e_n2o_inen_plastic
TX:IPPU:DEC_DEMAND,:math:\text{N}_2\text{O} Emissions from Industrial Energy,emission_co2e_n2o_inen_textiles
TX:IPPU:DEC_DEMAND,:math:\text{N}_2\text{O} Emissions from Industrial Energy,emission_co2e_n2o_inen_wood
TX:IPPU:DEC_DEMAND,:math:\text{N}_2\text{O} Emissions from Industrial Production Processes,emission_co2e_n2o_ippu_production_chemicals
TX:IPPU:DEC_DEMAND,Other Fluorinated Compound Emissions from Industrial Production Processes,emission_co2e_other_fcs_ippu_production_electronics
TX:IPPU:DEC_DEMAND,PFC Emissions from Industrial Production Processes,emission_co2e_pfcs_ippu_production_electronics
TX:IPPU:DEC_DEMAND,emission_co2e_subsector_total_frst,emission_co2e_subsector_total_frst
TX:IPPU:DEC_DEMAND,emission_co2e_subsector_total_inen,emission_co2e_subsector_total_inen
TX:IPPU:DEC_DEMAND,emission_co2e_subsector_total_ippu,emission_co2e_subsector_total_ippu
TX:IPPU:DEC_DEMAND,Electrical Energy Consumption from Industrial Energy,energy_consumption_electricity_inen_cement
TX:IPPU:DEC_DEMAND,Electrical Energy Consumption from Industrial Energy,energy_consumption_electricity_inen_chemicals
TX:IPPU:DEC_DEMAND,Electrical Energy Consumption from Industrial Energy,energy_consumption_electricity_inen_electronics
TX:IPPU:DEC_DEMAND,Electrical Energy Consumption from Industrial Energy,energy_consumption_electricity_inen_glass
TX:IPPU:DEC_DEMAND,Electrical Energy Consumption from Industrial Energy,energy_consumption_electricity_inen_lime_and_carbonite
TX:IPPU:DEC_DEMAND,Electrical Energy Consumption from Industrial Energy,energy_consumption_electricity_inen_metals
TX:IPPU:DEC_DEMAND,Electrical Energy Consumption from Industrial Energy,energy_consumption_electricity_inen_mining
TX:IPPU:DEC_DEMAND,Electrical Energy Consumption from Industrial Energy,energy_consumption_electricity_inen_paper
TX:IPPU:DEC_DEMAND,Electrical Energy Consumption from Industrial Energy,energy_consumption_electricity_inen_plastic
TX:IPPU:DEC_DEMAND,Electrical Energy Consumption from Industrial Energy,energy_consumption_electricity_inen_textiles
TX:IPPU:DEC_DEMAND,Total Electrical Energy Consumption from Industrial Energy,energy_consumption_electricity_inen_total
TX:IPPU:DEC_DEMAND,Electrical Energy Consumption from Industrial Energy,energy_consumption_electricity_inen_wood
TX:IPPU:DEC_DEMAND,Energy Consumption from Industrial Energy,energy_consumption_inen_cement
TX:IPPU:DEC_DEMAND,Energy Consumption from Industrial Energy,energy_consumption_inen_chemicals
TX:IPPU:DEC_DEMAND,Energy Consumption from Industrial Energy,energy_consumption_inen_electronics
TX:IPPU:DEC_DEMAND,Energy Consumption from Industrial Energy,energy_consumption_inen_glass
TX:IPPU:DEC_DEMAND,Energy Consumption from Industrial Energy,energy_consumption_inen_lime_and_carbonite
TX:IPPU:DEC_DEMAND,Energy Consumption from Industrial Energy,energy_consumption_inen_metals
TX:IPPU:DEC_DEMAND,Energy Consumption from Industrial Energy,energy_consumption_inen_mining
TX:IPPU:DEC_DEMAND,Energy Consumption from Industrial Energy,energy_consumption_inen_paper
TX:IPPU:DEC_DEMAND,Energy Consumption from Industrial Energy,energy_consumption_inen_plastic
TX:IPPU:DEC_DEMAND,Energy Consumption from Industrial Energy,energy_consumption_inen_textiles
TX:IPPU:DEC_DEMAND,Total Energy Consumption from Industrial Energy,energy_consumption_inen_total
TX:IPPU:DEC_DEMAND,Energy Consumption from Industrial Energy,energy_consumption_inen_wood
TX:IPPU:DEC_DEMAND,Energy Demand by Fuel in Industrial Energy,energy_demand_enfu_subsector_total_pj_inen_fuel_biomass
TX:IPPU:DEC_DEMAND,Energy Demand by Fuel in Industrial Energy,energy_demand_enfu_subsector_total_pj_inen_fuel_coal
TX:IPPU:DEC_DEMAND,Energy Demand by Fuel in Industrial Energy,energy_demand_enfu_subsector_total_pj_inen_fuel_coke
TX:IPPU:DEC_DEMAND,Energy Demand by Fuel in Industrial Energy,energy_demand_enfu_subsector_total_pj_inen_fuel_diesel
TX:IPPU:DEC_DEMAND,Energy Demand by Fuel in Industrial Energy,energy_demand_enfu_subsector_total_pj_inen_fuel_electricity
TX:IPPU:DEC_DEMAND,Energy Demand by Fuel in Industrial Energy,energy_demand_enfu_subsector_total_pj_inen_fuel_furnace_gas
TX:IPPU:DEC_DEMAND,Energy Demand by Fuel in Industrial Energy,energy_demand_enfu_subsector_total_pj_inen_fuel_gasoline
TX:IPPU:DEC_DEMAND,Energy Demand by Fuel in Industrial Energy,energy_demand_enfu_subsector_total_pj_inen_fuel_natural_gas
TX:IPPU:DEC_DEMAND,Energy Demand by Fuel in Industrial Energy,energy_demand_enfu_subsector_total_pj_inen_fuel_oil
TX:IPPU:DEC_DEMAND,Energy Demand by Fuel in Industrial Energy,energy_demand_enfu_subsector_total_pj_inen_fuel_solar
TX:IPPU:DEC_DEMAND,Energy Demand in Industrial Energy,energy_demand_inen_cement
TX:IPPU:DEC_DEMAND,Energy Demand in Industrial Energy,energy_demand_inen_chemicals
TX:IPPU:DEC_DEMAND,Energy Demand in Industrial Energy,energy_demand_inen_electronics
TX:IPPU:DEC_DEMAND,Energy Demand in Industrial Energy,energy_demand_inen_glass
TX:IPPU:DEC_DEMAND,Energy Demand in Industrial Energy,energy_demand_inen_lime_and_carbonite
TX:IPPU:DEC_DEMAND,Energy Demand in Industrial Energy,energy_demand_inen_metals
TX:IPPU:DEC_DEMAND,Energy Demand in Industrial Energy,energy_demand_inen_mining
TX:IPPU:DEC_DEMAND,Energy Demand in Industrial Energy,energy_demand_inen_paper
TX:IPPU:DEC_DEMAND,Energy Demand in Industrial Energy,energy_demand_inen_plastic
TX:IPPU:DEC_DEMAND,Energy Demand in Industrial Energy,energy_demand_inen_textiles
TX:IPPU:DEC_DEMAND,Energy Demand in Industrial Energy,energy_demand_inen_wood
TX:IPPU:DEC_DEMAND,Change to Net Imports of Products,net_imports_change_ippu_recycled_glass_tonne
TX:IPPU:DEC_DEMAND,Change to Net Imports of Products,net_imports_change_ippu_recycled_paper_tonne
TX:IPPU:DEC_DEMAND,Change to Net Imports of Products,net_imports_change_ippu_recycled_rubber_and_leather_tonne
TX:IPPU:DEC_DEMAND,Change to Net Imports of Products,net_imports_change_ippu_recycled_wood_tonne
TX:IPPU:DEC_DEMAND,Industrial Production,prod_ippu_cement_tonne
TX:IPPU:DEC_DEMAND,Industrial Production,prod_ippu_chemicals_tonne
TX:IPPU:DEC_DEMAND,Industrial Production,prod_ippu_electronics_tonne
TX:IPPU:DEC_DEMAND,Industrial Production,prod_ippu_glass_tonne
TX:IPPU:DEC_DEMAND,Industrial Production,prod_ippu_lime_and_carbonite_tonne
TX:IPPU:DEC_DEMAND,Industrial Production,prod_ippu_metals_tonne
TX:IPPU:DEC_DEMAND,Industrial Production,prod_ippu_mining_tonne
TX:IPPU:DEC_DEMAND,Industrial Production,prod_ippu_paper_tonne
TX:IPPU:DEC_DEMAND,Industrial Production,prod_ippu_plastic_tonne
TX:IPPU:DEC_DEMAND,Industrial Production,prod_ippu_textiles_tonne
TX:IPPU:DEC_DEMAND,Industrial Production,prod_ippu_wood_tonne
TX:IPPU:DEC_DEMAND,Recycled Material Used in Industrial Production,qty_ippu_recycled_glass_used_in_production_tonne
TX:IPPU:DEC_DEMAND,Recycled Material Used in Industrial Production,qty_ippu_recycled_paper_used_in_production_tonne
TX:IPPU:DEC_DEMAND,Recycled Material Used in Industrial Production,qty_ippu_recycled_rubber_and_leather_used_in_production_tonne
TX:IPPU:DEC_DEMAND,Recycled Material Used in Industrial Production,qty_ippu_recycled_wood_used_in_production_tonne
TX:IPPU:DEC_DEMAND,Value of Fuel Consumed in Industrial Energy,totalvalue_enfu_fuel_consumed_inen_fuel_biomass
TX:IPPU:DEC_DEMAND,Value of Fuel Consumed in Industrial Energy,totalvalue_enfu_fuel_consumed_inen_fuel_coal
TX:IPPU:DEC_DEMAND,Value of Fuel Consumed in Industrial Energy,totalvalue_enfu_fuel_consumed_inen_fuel_coke
TX:IPPU:DEC_DEMAND,Value of Fuel Consumed in Industrial Energy,totalvalue_enfu_fuel_consumed_inen_fuel_diesel
TX:IPPU:DEC_DEMAND,Value of Fuel Consumed in Industrial Energy,totalvalue_enfu_fuel_consumed_inen_fuel_electricity
TX:IPPU:DEC_DEMAND,Value of Fuel Consumed in Industrial Energy,totalvalue_enfu_fuel_consumed_inen_fuel_furnace_gas
TX:IPPU:DEC_DEMAND,Value of Fuel Consumed in Industrial Energy,totalvalue_enfu_fuel_consumed_inen_fuel_gasoline
TX:IPPU:DEC_DEMAND,Value of Fuel Consumed in Industrial Energy,totalvalue_enfu_fuel_consumed_inen_fuel_natural_gas
TX:IPPU:DEC_DEMAND,Value of Fuel Consumed in Industrial Energy,totalvalue_enfu_fuel_consumed_inen_fuel_oil
TX:IPPU:DEC_DEMAND_STRATEGY_CONDITIONAL,Demand for Harvested Wood,dem_ippu_harvested_wood_tonne_paper
TX:IPPU:DEC_DEMAND_STRATEGY_CONDITIONAL,Demand for Harvested Wood,dem_ippu_harvested_wood_tonne_wood
TX:IPPU:DEC_DEMAND_STRATEGY_CONDITIONAL,HFC-143a Emissions from Industrial Product Use,emission_co2e_c2h3f3_ippu_product_use_product_use_ods_refrigeration
TX:IPPU:DEC_DEMAND_STRATEGY_CONDITIONAL,HFC-125 Emissions from Industrial Product Use,emission_co2e_c2hf5_ippu_product_use_product_use_ods_other
TX:IPPU:DEC_DEMAND_STRATEGY_CONDITIONAL,HFC-125 Emissions from Industrial Product Use,emission_co2e_c2hf5_ippu_product_use_product_use_ods_refrigeration
TX:IPPU:DEC_DEMAND_STRATEGY_CONDITIONAL,HFC-245fa Emissions from Industrial Product Use,emission_co2e_c3h3f5_ippu_product_use_product_use_ods_other
TX:IPPU:DEC_DEMAND_STRATEGY_CONDITIONAL,HFC-245fa Emissions from Industrial Product Use,emission_co2e_c3h3f5_ippu_product_use_product_use_ods_refrigeration
TX:IPPU:DEC_DEMAND_STRATEGY_CONDITIONAL,PFC-1114 Emissions from Industrial Production Processes,emission_co2e_c4f6_ippu_production_electronics
TX:IPPU:DEC_DEMAND_STRATEGY_CONDITIONAL,HFC-365mfc Emissions from Industrial Product Use,emission_co2e_c4h5f5_ippu_product_use_product_use_ods_other
TX:IPPU:DEC_DEMAND_STRATEGY_CONDITIONAL,PFC-1418 Emissions from Industrial Production Processes,emission_co2e_c5f8_ippu_production_electronics
TX:IPPU:DEC_DEMAND_STRATEGY_CONDITIONAL,HFC-32 Emissions from Industrial Product Use,emission_co2e_ch2f2_ippu_product_use_product_use_ods_refrigeration
TX:IPPU:DEC_DEMAND_STRATEGY_CONDITIONAL,HFC-32 Emissions from Industrial Production Processes,emission_co2e_ch2f2_ippu_production_electronics
TX:IPPU:DEC_DEMAND_STRATEGY_CONDITIONAL,:math:\text{CH}_4 Emissions from Industrial Energy,emission_co2e_ch4_inen_cement
TX:IPPU:DEC_DEMAND_STRATEGY_CONDITIONAL,:math:\text{CH}_4 Emissions from Industrial Energy,emission_co2e_ch4_inen_chemicals
TX:IPPU:DEC_DEMAND_STRATEGY_CONDITIONAL,:math:\text{CH}_4 Emissions from Industrial Energy,emission_co2e_ch4_inen_electronics
TX:IPPU:DEC_DEMAND_STRATEGY_CONDITIONAL,:math:\text{CH}_4 Emissions from Industrial Energy,emission_co2e_ch4_inen_glass
TX:IPPU:DEC_DEMAND_STRATEGY_CONDITIONAL,:math:\text{CH}_4 Emissions from Industrial Energy,emission_co2e_ch4_inen_lime_and_carbonite
TX:IPPU:DEC_DEMAND_STRATEGY_CONDITIONAL,:math:\text{CH}_4 Emissions from Industrial Energy,emission_co2e_ch4_inen_metals
TX:IPPU:DEC_DEMAND_STRATEGY_CONDITIONAL,:math:\text{CH}_4 Emissions from Industrial Energy,emission_co2e_ch4_inen_mining
TX:IPPU:DEC_DEMAND_STRATEGY_CONDITIONAL,:math:\text{CH}_4 Emissions from Industrial Energy,emission_co2e_ch4_inen_paper
TX:IPPU:DEC_DEMAND_STRATEGY_CONDITIONAL,:math:\text{CH}_4 Emissions from Industrial Energy,emission_co2e_ch4_inen_plastic
TX:IPPU:DEC_DEMAND_STRATEGY_CONDITIONAL,:math:\text{CH}_4 Emissions from Industrial Energy,emission_co2e_ch4_inen_textiles
TX:IPPU:DEC_DEMAND_STRATEGY_CONDITIONAL,:math:\text{CH}_4 Emissions from Industrial Energy,emission_co2e_ch4_inen_wood
TX:IPPU:DEC_DEMAND_STRATEGY_CONDITIONAL,:math:\text{CH}_4 Emissions from Industrial Production Processes,emission_co2e_ch4_ippu_production_chemicals
TX:IPPU:DEC_DEMAND_STRATEGY_CONDITIONAL,:math:\text{CH}_4 Emissions from Industrial Production Processes,emission_co2e_ch4_ippu_production_metals
TX:IPPU:DEC_DEMAND_STRATEGY_CONDITIONAL,:math:\text{CH}_4 Emissions from Industrial Production Processes,emission_co2e_ch4_ippu_production_plastic
TX:IPPU:DEC_DEMAND_STRATEGY_CONDITIONAL,HFC-134a Emissions from Industrial Product Use,emission_co2e_chf2cf3_ippu_product_use_product_use_ods_other
TX:IPPU:DEC_DEMAND_STRATEGY_CONDITIONAL,HFC-134a Emissions from Industrial Product Use,emission_co2e_chf2cf3_ippu_product_use_product_use_ods_refrigeration
TX:IPPU:DEC_DEMAND_STRATEGY_CONDITIONAL,:math:\text{CO}_2 Emissions from Harvested Wood Products,emission_co2e_co2_frst_harvested_wood_products
TX:IPPU:DEC_DEMAND_STRATEGY_CONDITIONAL,:math:\text{CO}_2 Biomass Emissions from Industrial Energy,emission_co2e_co2_inen_bmass_cement
TX:IPPU:DEC_DEMAND_STRATEGY_CONDITIONAL,:math:\text{CO}_2 Biomass Emissions from Industrial Energy,emission_co2e_co2_inen_bmass_chemicals
TX:IPPU:DEC_DEMAND_STRATEGY_CONDITIONAL,:math:\text{CO}_2 Biomass Emissions from Industrial Energy,emission_co2e_co2_inen_bmass_electronics
TX:IPPU:DEC_DEMAND_STRATEGY_CONDITIONAL,:math:\text{CO}_2 Biomass Emissions from Industrial Energy,emission_co2e_co2_inen_bmass_glass
TX:IPPU:DEC_DEMAND_STRATEGY_CONDITIONAL,:math:\text{CO}_2 Biomass Emissions from Industrial Energy,emission_co2e_co2_inen_bmass_lime_and_carbonite
TX:IPPU:DEC_DEMAND_STRATEGY_CONDITIONAL,:math:\text{CO}_2 Biomass Emissions from Industrial Energy,emission_co2e_co2_inen_bmass_metals
TX:IPPU:DEC_DEMAND_STRATEGY_CONDITIONAL,:math:\text{CO}_2 Biomass Emissions from Industrial Energy,emission_co2e_co2_inen_bmass_mining
TX:IPPU:DEC_DEMAND_STRATEGY_CONDITIONAL,:math:\text{CO}_2 Biomass Emissions from Industrial Energy,emission_co2e_co2_inen_bmass_paper
TX:IPPU:DEC_DEMAND_STRATEGY_CONDITIONAL,:math:\text{CO}_2 Biomass Emissions from Industrial Energy,emission_co2e_co2_inen_bmass_plastic
TX:IPPU:DEC_DEMAND_STRATEGY_CONDITIONAL,:math:\text{CO}_2 Biomass Emissions from Industrial Energy,emission_co2e_co2_inen_bmass_textiles
TX:IPPU:DEC_DEMAND_STRATEGY_CONDITIONAL,:math:\text{CO}_2 Biomass Emissions from Industrial Energy,emission_co2e_co2_inen_bmass_wood
TX:IPPU:DEC_DEMAND_STRATEGY_CONDITIONAL,:math:\text{CO}_2 Non-Biomass Emissions from Industrial Energy,emission_co2e_co2_inen_nbmass_cement
TX:IPPU:DEC_DEMAND_STRATEGY_CONDITIONAL,:math:\text{CO}_2 Non-Biomass Emissions from Industrial Energy,emission_co2e_co2_inen_nbmass_chemicals
TX:IPPU:DEC_DEMAND_STRATEGY_CONDITIONAL,:math:\text{CO}_2 Non-Biomass Emissions from Industrial Energy,emission_co2e_co2_inen_nbmass_electronics
TX:IPPU:DEC_DEMAND_STRATEGY_CONDITIONAL,:math:\text{CO}_2 Non-Biomass Emissions from Industrial Energy,emission_co2e_co2_inen_nbmass_glass
TX:IPPU:DEC_DEMAND_STRATEGY_CONDITIONAL,:math:\text{CO}_2 Non-Biomass Emissions from Industrial Energy,emission_co2e_co2_inen_nbmass_lime_and_carbonite
TX:IPPU:DEC_DEMAND_STRATEGY_CONDITIONAL,:math:\text{CO}_2 Non-Biomass Emissions from Industrial Energy,emission_co2e_co2_inen_nbmass_metals
TX:IPPU:DEC_DEMAND_STRATEGY_CONDITIONAL,:math:\text{CO}_2 Non-Biomass Emissions from Industrial Energy,emission_co2e_co2_inen_nbmass_mining
TX:IPPU:DEC_DEMAND_STRATEGY_CONDITIONAL,:math:\text{CO}_2 Non-Biomass Emissions from Industrial Energy,emission_co2e_co2_inen_nbmass_paper
TX:IPPU:DEC_DEMAND_STRATEGY_CONDITIONAL,:math:\text{CO}_2 Non-Biomass Emissions from Industrial Energy,emission_co2e_co2_inen_nbmass_plastic
TX:IPPU:DEC_DEMAND_STRATEGY_CONDITIONAL,:math:\text{CO}_2 Non-Biomass Emissions from Industrial Energy,emission_co2e_co2_inen_nbmass_textiles
TX:IPPU:DEC_DEMAND_STRATEGY_CONDITIONAL,:math:\text{CO}_2 Non-Biomass Emissions from Industrial Energy,emission_co2e_co2_inen_nbmass_wood
TX:IPPU:DEC_DEMAND_STRATEGY_CONDITIONAL,:math:\text{CO}_2 Emissions from Industrial Product Use,emission_co2e_co2_ippu_product_use_product_use_lubricants
TX:IPPU:DEC_DEMAND_STRATEGY_CONDITIONAL,:math:\text{CO}_2 Emissions from Industrial Product Use,emission_co2e_co2_ippu_product_use_product_use_other
TX:IPPU:DEC_DEMAND_STRATEGY_CONDITIONAL,:math:\text{CO}_2 Emissions from Industrial Product Use,emission_co2e_co2_ippu_product_use_product_use_paraffin_wax
TX:IPPU:DEC_DEMAND_STRATEGY_CONDITIONAL,:math:\text{CO}_2 Emissions from Industrial Production Processes,emission_co2e_co2_ippu_production_cement
TX:IPPU:DEC_DEMAND_STRATEGY_CONDITIONAL,:math:\text{CO}_2 Emissions from Industrial Production Processes,emission_co2e_co2_ippu_production_chemicals
TX:IPPU:DEC_DEMAND_STRATEGY_CONDITIONAL,:math:\text{CO}_2 Emissions from Industrial Production Processes,emission_co2e_co2_ippu_production_glass
TX:IPPU:DEC_DEMAND_STRATEGY_CONDITIONAL,:math:\text{CO}_2 Emissions from Industrial Production Processes,emission_co2e_co2_ippu_production_lime_and_carbonite
TX:IPPU:DEC_DEMAND_STRATEGY_CONDITIONAL,:math:\text{CO}_2 Emissions from Industrial Production Processes,emission_co2e_co2_ippu_production_metals
TX:IPPU:DEC_DEMAND_STRATEGY_CONDITIONAL,:math:\text{CO}_2 Emissions from Industrial Production Processes,emission_co2e_co2_ippu_production_plastic
TX:IPPU:DEC_DEMAND_STRATEGY_CONDITIONAL,HFC Emissions from Industrial Product Use,emission_co2e_hfcs_ippu_product_use_product_use_ods_other
TX:IPPU:DEC_DEMAND_STRATEGY_CONDITIONAL,HFC Emissions from Industrial Product Use,emission_co2e_hfcs_ippu_product_use_product_use_ods_refrigeration
TX:IPPU:DEC_DEMAND_STRATEGY_CONDITIONAL,HFC Emissions from Industrial Production Processes,emission_co2e_hfcs_ippu_production_electronics
TX:IPPU:DEC_DEMAND_STRATEGY_CONDITIONAL,:math:\text{N}_2\text{O} Emissions from Industrial Energy,emission_co2e_n2o_inen_cement
TX:IPPU:DEC_DEMAND_STRATEGY_CONDITIONAL,:math:\text{N}_2\text{O} Emissions from Industrial Energy,emission_co2e_n2o_inen_chemicals
TX:IPPU:DEC_DEMAND_STRATEGY_CONDITIONAL,:math:\text{N}_2\text{O} Emissions from Industrial Energy,emission_co2e_n2o_inen_electronics
TX:IPPU:DEC_DEMAND_STRATEGY_CONDITIONAL,:math:\text{N}_2\text{O} Emissions from Industrial Energy,emission_co2e_n2o_inen_glass
TX:IPPU:DEC_DEMAND_STRATEGY_CONDITIONAL,:math:\text{N}_2\text{O} Emissions from Industrial Energy,emission_co2e_n2o_inen_lime_and_carbonite
TX:IPPU:DEC_DEMAND_STRATEGY_CONDITIONAL,:math:\text{N}_2\text{O} Emissions from Industrial Energy,emission_co2e_n2o_inen_metals
TX:IPPU:DEC_DEMAND_STRATEGY_CONDITIONAL,:math:\text{N}_2\text{O} Emissions from Industrial Energy,emission_co2e_n2o_inen_mining
TX:IPPU:DEC_DEMAND_STRATEGY_CONDITIONAL,:math:\text{N}_2\text{O} Emissions from Industrial Energy,emission_co2e_n2o_inen_paper
TX:IPPU:DEC_DEMAND_STRATEGY_CONDITIONAL,:math:\text{N}_2\text{O} Emissions from Industrial Energy,emission_co2e_n2o_inen_plastic
TX:IPPU:DEC_DEMAND_STRATEGY_CONDITIONAL,:math:\text{N}_2\text{O} Emissions from Industrial Energy,emission_co2e_n2o_inen_textiles
TX:IPPU:DEC_DEMAND_STRATEGY_CONDITIONAL,:math:\text{N}_2\text{O} Emissions from Industrial Energy,emission_co2e_n2o_inen_wood
TX:IPPU:DEC_DEMAND_STRATEGY_CONDITIONAL,:math:\text{N}_2\text{O} Emissions from Industrial Production Processes,emission_co2e_n2o_ippu_production_chemicals
TX:IPPU:DEC_DEMAND_STRATEGY_CONDITIONAL,Other Fluorinated Compound Emissions from Industrial Production Processes,emission_co2e_other_fcs_ippu_production_electronics
TX:IPPU:DEC_DEMAND_STRATEGY_CONDITIONAL,PFC Emissions from Industrial Production Processes,emission_co2e_pfcs_ippu_production_electronics
TX:IPPU:DEC_DEMAND_STRATEGY_CONDITIONAL,emission_co2e_subsector_total_frst,emission_co2e_subsector_total_frst
TX:IPPU:DEC_DEMAND_STRATEGY_CONDITIONAL,emission_co2e_subsector_total_inen,emission_co2e_subsector_total_inen
TX:IPPU:DEC_DEMAND_STRATEGY_CONDITIONAL,emission_co2e_subsector_total_ippu,emission_co2e_subsector_total_ippu
TX:IPPU:DEC_DEMAND_STRATEGY_CONDITIONAL,Electrical Energy Consumption from Industrial Energy,energy_consumption_electricity_inen_cement
TX:IPPU:DEC_DEMAND_STRATEGY_CONDITIONAL,Electrical Energy Consumption from Industrial Energy,energy_consumption_electricity_inen_chemicals
TX:IPPU:DEC_DEMAND_STRATEGY_CONDITIONAL,Electrical Energy Consumption from Industrial Energy,energy_consumption_electricity_inen_electronics
TX:IPPU:DEC_DEMAND_STRATEGY_CONDITIONAL,Electrical Energy Consumption from Industrial Energy,energy_consumption_electricity_inen_glass
TX:IPPU:DEC_DEMAND_STRATEGY_CONDITIONAL,Electrical Energy Consumption from Industrial Energy,energy_consumption_electricity_inen_lime_and_carbonite
TX:IPPU:DEC_DEMAND_STRATEGY_CONDITIONAL,Electrical Energy Consumption from Industrial Energy,energy_consumption_electricity_inen_metals
TX:IPPU:DEC_DEMAND_STRATEGY_CONDITIONAL,Electrical Energy Consumption from Industrial Energy,energy_consumption_electricity_inen_mining
TX:IPPU:DEC_DEMAND_STRATEGY_CONDITIONAL,Electrical Energy Consumption from Industrial Energy,energy_consumption_electricity_inen_paper
TX:IPPU:DEC_DEMAND_STRATEGY_CONDITIONAL,Electrical Energy Consumption from Industrial Energy,energy_consumption_electricity_inen_plastic
TX:IPPU:DEC_DEMAND_STRATEGY_CONDITIONAL,Electrical Energy Consumption from Industrial Energy,energy_consumption_electricity_inen_textiles
TX:IPPU:DEC_DEMAND_STRATEGY_CONDITIONAL,Total Electrical Energy Consumption from Industrial Energy,energy_consumption_electricity_inen_total
TX:IPPU:DEC_DEMAND_STRATEGY_CONDITIONAL,Electrical Energy Consumption from Industrial Energy,energy_consumption_electricity_inen_wood
TX:IPPU:DEC_DEMAND_STRATEGY_CONDITIONAL,Energy Consumption from Industrial Energy,energy_consumption_inen_cement
TX:IPPU:DEC_DEMAND_STRATEGY_CONDITIONAL,Energy Consumption from Industrial Energy,energy_consumption_inen_chemicals
TX:IPPU:DEC_DEMAND_STRATEGY_CONDITIONAL,Energy Consumption from Industrial Energy,energy_consumption_inen_electronics
TX:IPPU:DEC_DEMAND_STRATEGY_CONDITIONAL,Energy Consumption from Industrial Energy,energy_consumption_inen_glass
TX:IPPU:DEC_DEMAND_STRATEGY_CONDITIONAL,Energy Consumption from Industrial Energy,energy_consumption_inen_lime_and_carbonite
TX:IPPU:DEC_DEMAND_STRATEGY_CONDITIONAL,Energy Consumption from Industrial Energy,energy_consumption_inen_metals
TX:IPPU:DEC_DEMAND_STRATEGY_CONDITIONAL,Energy Consumption from Industrial Energy,energy_consumption_inen_mining
TX:IPPU:DEC_DEMAND_STRATEGY_CONDITIONAL,Energy Consumption from Industrial Energy,energy_consumption_inen_paper
TX:IPPU:DEC_DEMAND_STRATEGY_CONDITIONAL,Energy Consumption from Industrial Energy,energy_consumption_inen_plastic
TX:IPPU:DEC_DEMAND_STRATEGY_CONDITIONAL,Energy Consumption from Industrial Energy,energy_consumption_inen_textiles
TX:IPPU:DEC_DEMAND_STRATEGY_CONDITIONAL,Total Energy Consumption from Industrial Energy,energy_consumption_inen_total
TX:IPPU:DEC_DEMAND_STRATEGY_CONDITIONAL,Energy Consumption from Industrial Energy,energy_consumption_inen_wood
TX:IPPU:DEC_DEMAND_STRATEGY_CONDITIONAL,Energy Demand by Fuel in Industrial Energy,energy_demand_enfu_subsector_total_pj_inen_fuel_biomass
TX:IPPU:DEC_DEMAND_STRATEGY_CONDITIONAL,Energy Demand by Fuel in Industrial Energy,energy_demand_enfu_subsector_total_pj_inen_fuel_coal
TX:IPPU:DEC_DEMAND_STRATEGY_CONDITIONAL,Energy Demand by Fuel in Industrial Energy,energy_demand_enfu_subsector_total_pj_inen_fuel_coke
TX:IPPU:DEC_DEMAND_STRATEGY_CONDITIONAL,Energy Demand by Fuel in Industrial Energy,energy_demand_enfu_subsector_total_pj_inen_fuel_diesel
TX:IPPU:DEC_DEMAND_STRATEGY_CONDITIONAL,Energy Demand by Fuel in Industrial Energy,energy_demand_enfu_subsector_total_pj_inen_fuel_electricity
TX:IPPU:DEC_DEMAND_STRATEGY_CONDITIONAL,Energy Demand by Fuel in Industrial Energy,energy_demand_enfu_subsector_total_pj_inen_fuel_furnace_gas
TX:IPPU:DEC_DEMAND_STRATEGY_CONDITIONAL,Energy Demand by Fuel in Industrial Energy,energy_demand_enfu_subsector_total_pj_inen_fuel_gasoline
TX:IPPU:DEC_DEMAND_STRATEGY_CONDITIONAL,Energy Demand by Fuel in Industrial Energy,energy_demand_enfu_subsector_total_pj_inen_fuel_natural_gas
TX:IPPU:DEC_DEMAND_STRATEGY_CONDITIONAL,Energy Demand by Fuel in Industrial Energy,energy_demand_enfu_subsector_total_pj_inen_fuel_oil
TX:IPPU:DEC_DEMAND_STRATEGY_CONDITIONAL,Energy Demand by Fuel in Industrial Energy,energy_demand_enfu_subsector_total_pj_inen_fuel_solar
TX:IPPU:DEC_DEMAND_STRATEGY_CONDITIONAL,Energy Demand in Industrial Energy,energy_demand_inen_cement
TX:IPPU:DEC_DEMAND_STRATEGY_CONDITIONAL,Energy Demand in Industrial Energy,energy_demand_inen_chemicals
TX:IPPU:DEC_DEMAND_STRATEGY_CONDITIONAL,Energy Demand in Industrial Energy,energy_demand_inen_electronics
TX:IPPU:DEC_DEMAND_STRATEGY_CONDITIONAL,Energy Demand in Industrial Energy,energy_demand_inen_glass
TX:IPPU:DEC_DEMAND_STRATEGY_CONDITIONAL,Energy Demand in Industrial Energy,energy_demand_inen_lime_and_carbonite
TX:IPPU:DEC_DEMAND_STRATEGY_CONDITIONAL,Energy Demand in Industrial Energy,energy_demand_inen_metals
TX:IPPU:DEC_DEMAND_STRATEGY_CONDITIONAL,Energy Demand in Industrial Energy,energy_demand_inen_mining
TX:IPPU:DEC_DEMAND_STRATEGY_CONDITIONAL,Energy Demand in Industrial Energy,energy_demand_inen_paper
TX:IPPU:DEC_DEMAND_STRATEGY_CONDITIONAL,Energy Demand in Industrial Energy,energy_demand_inen_plastic
TX:IPPU:DEC_DEMAND_STRATEGY_CONDITIONAL,Energy Demand in Industrial Energy,energy_demand_inen_textiles
TX:IPPU:DEC_DEMAND_STRATEGY_CONDITIONAL,Energy Demand in Industrial Energy,energy_demand_inen_wood
TX:IPPU:DEC_DEMAND_STRATEGY_CONDITIONAL,Change to Net Imports of Products,net_imports_change_ippu_recycled_glass_tonne
TX:IPPU:DEC_DEMAND_STRATEGY_CONDITIONAL,Change to Net Imports of Products,net_imports_change_ippu_recycled_paper_tonne
TX:IPPU:DEC_DEMAND_STRATEGY_CONDITIONAL,Change to Net Imports of Products,net_imports_change_ippu_recycled_rubber_and_leather_tonne
TX:IPPU:DEC_DEMAND_STRATEGY_CONDITIONAL,Change to Net Imports of Products,net_imports_change_ippu_recycled_wood_tonne
TX:IPPU:DEC_DEMAND_STRATEGY_CONDITIONAL,Industrial Production,prod_ippu_cement_tonne
TX:IPPU:DEC_DEMAND_STRATEGY_CONDITIONAL,Industrial Production,prod_ippu_chemicals_tonne
TX:IPPU:DEC_DEMAND_STRATEGY_CONDITIONAL,Industrial Production,prod_ippu_electronics_tonne
TX:IPPU:DEC_DEMAND_STRATEGY_CONDITIONAL,Industrial Production,prod_ippu_glass_tonne
TX:IPPU:DEC_DEMAND_STRATEGY_CONDITIONAL,Industrial Production,prod_ippu_lime_and_carbonite_tonne
TX:IPPU:DEC_DEMAND_STRATEGY_CONDITIONAL,Industrial Production,prod_ippu_metals_tonne
TX:IPPU:DEC_DEMAND_STRATEGY_CONDITIONAL,Industrial Production,prod_ippu_mining_tonne
TX:IPPU:DEC_DEMAND_STRATEGY_CONDITIONAL,Industrial Production,prod_ippu_paper_tonne
TX:IPPU:DEC_DEMAND_STRATEGY_CONDITIONAL,Industrial Production,prod_ippu_plastic_tonne
TX:IPPU:DEC_DEMAND_STRATEGY_CONDITIONAL,Industrial Production,prod_ippu_textiles_tonne
TX:IPPU:DEC_DEMAND_STRATEGY_CONDITIONAL,Industrial Production,prod_ippu_wood_tonne
TX:IPPU:DEC_DEMAND_STRATEGY_CONDITIONAL,Recycled Material Used in Industrial Production,qty_ippu_recycled_glass_used_in_production_tonne
TX:IPPU:DEC_DEMAND_STRATEGY_CONDITIONAL,Recycled Material Used in Industrial Production,qty_ippu_recycled_paper_used_in_production_tonne
TX:IPPU:DEC_DEMAND_STRATEGY_CONDITIONAL,Recycled Material Used in Industrial Production,qty_ippu_recycled_rubber_and_leather_used_in_production_tonne
TX:IPPU:DEC_DEMAND_STRATEGY_CONDITIONAL,Recycled Material Used in Industrial Production,qty_ippu_recycled_wood_used_in_production_tonne
TX:IPPU:DEC_DEMAND_STRATEGY_CONDITIONAL,Value of Fuel Consumed in Industrial Energy,totalvalue_enfu_fuel_consumed_inen_fuel_biomass
TX:IPPU:DEC_DEMAND_STRATEGY_CONDITIONAL,Value of Fuel Consumed in Industrial Energy,totalvalue_enfu_fuel_consumed_inen_fuel_coal
TX:IPPU:DEC_DEMAND_STRATEGY_CONDITIONAL,Value of Fuel Consumed in Industrial Energy,totalvalue_enfu_fuel_consumed_inen_fuel_coke
TX:IPPU:DEC_DEMAND_STRATEGY_CONDITIONAL,Value of Fuel Consumed in Industrial Energy,totalvalue_enfu_fuel_consumed_inen_fuel_diesel
TX:IPPU:DEC_DEMAND_STRATEGY_CONDITIONAL,Value of Fuel Consumed in Industrial Energy,totalvalue_enfu_fuel_consumed_inen_fuel_electricity
TX:IPPU:DEC_DEMAND_STRATEGY_CONDITIONAL,Value of Fuel Consumed in Industrial Energy,totalvalue_enfu_fuel_consumed_inen_fuel_furnace_gas
TX:IPPU:DEC_DEMAND_STRATEGY_CONDITIONAL,Value of Fuel Consumed in Industrial Energy,totalvalue_enfu_fuel_consumed_inen_fuel_gasoline
TX:IPPU:DEC_DEMAND_STRATEGY_CONDITIONAL,Value of Fuel Consumed in Industrial Energy,totalvalue_enfu_fuel_consumed_inen_fuel_natural_gas
TX:IPPU:DEC_DEMAND_STRATEGY_CONDITIONAL,Value of Fuel Consumed in Industrial Energy,totalvalue_enfu_fuel_consumed_inen_fuel_oil
TX:IPPU:DEC_HFCS,HFC-143a Emissions from Industrial Product Use,emission_co2e_c2h3f3_ippu_product_use_product_use_ods_refrigeration
TX:IPPU:DEC_HFCS,HFC-125 Emissions from Industrial Product Use,emission_co2e_c2hf5_ippu_product_use_product_use_ods_other
TX:IPPU:DEC_HFCS,HFC-125 Emissions from Industrial Product Use,emission_co2e_c2hf5_ippu_product_use_product_use_ods_refrigeration
TX:IPPU:DEC_HFCS,HFC-245fa Emissions from Industrial Product Use,emission_co2e_c3h3f5_ippu_product_use_product_use_ods_other
TX:IPPU:DEC_HFCS,HFC-245fa Emissions from Industrial Product Use,emission_co2e_c3h3f5_ippu_product_use_product_use_ods_refrigeration
TX:IPPU:DEC_HFCS,HFC-365mfc Emissions from Industrial Product Use,emission_co2e_c4h5f5_ippu_product_use_product_use_ods_other
TX:IPPU:DEC_HFCS,HFC-32 Emissions from Industrial Product Use,emission_co2e_ch2f2_ippu_product_use_product_use_ods_refrigeration
TX:IPPU:DEC_HFCS,HFC-32 Emissions from Industrial Production Processes,emission_co2e_ch2f2_ippu_production_electronics
TX:IPPU:DEC_HFCS,HFC-134a Emissions from Industrial Product Use,emission_co2e_chf2cf3_ippu_product_use_product_use_ods_other
TX:IPPU:DEC_HFCS,HFC-134a Emissions from Industrial Product Use,emission_co2e_chf2cf3_ippu_product_use_product_use_ods_refrigeration
TX:IPPU:DEC_HFCS,HFC Emissions from Industrial Product Use,emission_co2e_hfcs_ippu_product_use_product_use_ods_other
TX:IPPU:DEC_HFCS,HFC Emissions from Industrial Product Use,emission_co2e_hfcs_ippu_product_use_product_use_ods_refrigeration
TX:IPPU:DEC_HFCS,HFC Emissions from Industrial Production Processes,emission_co2e_hfcs_ippu_production_electronics
TX:IPPU:DEC_HFCS,emission_co2e_subsector_total_ippu,emission_co2e_subsector_total_ippu
TX:IPPU:DEC_HFCS_STRATEGY_CONDITIONAL,HFC-143a Emissions from Industrial Product Use,emission_co2e_c2h3f3_ippu_product_use_product_use_ods_refrigeration
TX:IPPU:DEC_HFCS_STRATEGY_CONDITIONAL,HFC-125 Emissions from Industrial Product Use,emission_co2e_c2hf5_ippu_product_use_product_use_ods_other
TX:IPPU:DEC_HFCS_STRATEGY_CONDITIONAL,HFC-125 Emissions from Industrial Product Use,emission_co2e_c2hf5_ippu_product_use_product_use_ods_refrigeration
TX:IPPU:DEC_HFCS_STRATEGY_CONDITIONAL,HFC-245fa Emissions from Industrial Product Use,emission_co2e_c3h3f5_ippu_product_use_product_use_ods_other
TX:IPPU:DEC_HFCS_STRATEGY_CONDITIONAL,HFC-245fa Emissions from Industrial Product Use,emission_co2e_c3h3f5_ippu_product_use_product_use_ods_refrigeration
TX:IPPU:DEC_HFCS_STRATEGY_CONDITIONAL,HFC-365mfc Emissions from Industrial Product Use,emission_co2e_c4h5f5_ippu_product_use_product_use_ods_other
TX:IPPU:DEC_HFCS_STRATEGY_CONDITIONAL,HFC-32 Emissions from Industrial Product Use,emission_co2e_ch2f2_ippu_product_use_product_use_ods_refrigeration
TX:IPPU:DEC_HFCS_STRATEGY_CONDITIONAL,HFC-32 Emissions from Industrial Production Processes,emission_co2e_ch2f2_ippu_production_electronics
TX:IPPU:DEC_HFCS_STRATEGY_CONDITIONAL,HFC-134a Emissions from Industrial Product Use,emission_co2e_chf2cf3_ippu_product_use_product_use_ods_other
TX:IPPU:DEC_HFCS_STRATEGY_CONDITIONAL,HFC-134a Emissions from Industrial Product Use,emission_co2e_chf2cf3_ippu_product_use_product_use_ods_refrigeration
TX:IPPU:DEC_HFCS_STRATEGY_CONDITIONAL,HFC Emissions from Industrial Product Use,emission_co2e_hfcs_ippu_product_use_product_use_ods_other
TX:IPPU:DEC_HFCS_STRATEGY_CONDITIONAL,HFC Emissions from Industrial Product Use,emission_co2e_hfcs_ippu_product_use_product_use_ods_refrigeration
TX:IPPU:DEC_HFCS_STRATEGY_CONDITIONAL,HFC Emissions from Industrial Production Processes,emission_co2e_hfcs_ippu_production_electronics
TX:IPPU:DEC_HFCS_STRATEGY_CONDITIONAL,emission_co2e_subsector_total_ippu,emission_co2e_subsector_total_ippu
TX:IPPU:DEC_HFCS_STRATEGY_LEP,HFC-143a Emissions from Industrial Product Use,emission_co2e_c2h3f3_ippu_product_use_product_use_ods_refrigeration
TX:IPPU:DEC_HFCS_STRATEGY_LEP,HFC-125 Emissions from Industrial Product Use,emission_co2e_c2hf5_ippu_product_use_product_use_ods_other
TX:IPPU:DEC_HFCS_STRATEGY_LEP,HFC-125 Emissions from Industrial Product Use,emission_co2e_c2hf5_ippu_product_use_product_use_ods_refrigeration
TX:IPPU:DEC_HFCS_STRATEGY_LEP,HFC-245fa Emissions from Industrial Product Use,emission_co2e_c3h3f5_ippu_product_use_product_use_ods_other
TX:IPPU:DEC_HFCS_STRATEGY_LEP,HFC-245fa Emissions from Industrial Product Use,emission_co2e_c3h3f5_ippu_product_use_product_use_ods_refrigeration
TX:IPPU:DEC_HFCS_STRATEGY_LEP,HFC-365mfc Emissions from Industrial Product Use,emission_co2e_c4h5f5_ippu_product_use_product_use_ods_other
TX:IPPU:DEC_HFCS_STRATEGY_LEP,HFC-32 Emissions from Industrial Product Use,emission_co2e_ch2f2_ippu_product_use_product_use_ods_refrigeration
TX:IPPU:DEC_HFCS_STRATEGY_LEP,HFC-32 Emissions from Industrial Production Processes,emission_co2e_ch2f2_ippu_production_electronics
TX:IPPU:DEC_HFCS_STRATEGY_LEP,HFC-134a Emissions from Industrial Product Use,emission_co2e_chf2cf3_ippu_product_use_product_use_ods_other
TX:IPPU:DEC_HFCS_STRATEGY_LEP,HFC-134a Emissions from Industrial Product Use,emission_co2e_chf2cf3_ippu_product_use_product_use_ods_refrigeration
TX:IPPU:DEC_HFCS_STRATEGY_LEP,HFC Emissions from Industrial Product Use,emission_co2e_hfcs_ippu_product_use_product_use_ods_other
TX:IPPU:DEC_HFCS_STRATEGY_LEP,HFC Emissions from Industrial Product Use,emission_co2e_hfcs_ippu_product_use_product_use_ods_refrigeration
TX:IPPU:DEC_HFCS_STRATEGY_LEP,HFC Emissions from Industrial Production Processes,emission_co2e_hfcs_ippu_production_electronics
TX:IPPU:DEC_HFCS_STRATEGY_LEP,emission_co2e_subsector_total_ippu,emission_co2e_subsector_total_ippu
TX:IPPU:DEC_HFCS_STRATEGY_NDC,HFC-143a Emissions from Industrial Product Use,emission_co2e_c2h3f3_ippu_product_use_product_use_ods_refrigeration
TX:IPPU:DEC_HFCS_STRATEGY_NDC,HFC-125 Emissions from Industrial Product Use,emission_co2e_c2hf5_ippu_product_use_product_use_ods_other
TX:IPPU:DEC_HFCS_STRATEGY_NDC,HFC-125 Emissions from Industrial Product Use,emission_co2e_c2hf5_ippu_product_use_product_use_ods_refrigeration
TX:IPPU:DEC_HFCS_STRATEGY_NDC,HFC-245fa Emissions from Industrial Product Use,emission_co2e_c3h3f5_ippu_product_use_product_use_ods_other
TX:IPPU:DEC_HFCS_STRATEGY_NDC,HFC-245fa Emissions from Industrial Product Use,emission_co2e_c3h3f5_ippu_product_use_product_use_ods_refrigeration
TX:IPPU:DEC_HFCS_STRATEGY_NDC,HFC-365mfc Emissions from Industrial Product Use,emission_co2e_c4h5f5_ippu_product_use_product_use_ods_other
TX:IPPU:DEC_HFCS_STRATEGY_NDC,HFC-32 Emissions from Industrial Product Use,emission_co2e_ch2f2_ippu_product_use_product_use_ods_refrigeration
TX:IPPU:DEC_HFCS_STRATEGY_NDC,HFC-32 Emissions from Industrial Production Processes,emission_co2e_ch2f2_ippu_production_electronics
TX:IPPU:DEC_HFCS_STRATEGY_NDC,HFC-134a Emissions from Industrial Product Use,emission_co2e_chf2cf3_ippu_product_use_product_use_ods_other
TX:IPPU:DEC_HFCS_STRATEGY_NDC,HFC-134a Emissions from Industrial Product Use,emission_co2e_chf2cf3_ippu_product_use_product_use_ods_refrigeration
TX:IPPU:DEC_HFCS_STRATEGY_NDC,HFC Emissions from Industrial Product Use,emission_co2e_hfcs_ippu_product_use_product_use_ods_other
TX:IPPU:DEC_HFCS_STRATEGY_NDC,HFC Emissions from Industrial Product Use,emission_co2e_hfcs_ippu_product_use_product_use_ods_refrigeration
TX:IPPU:DEC_HFCS_STRATEGY_NDC,HFC Emissions from Industrial Production Processes,emission_co2e_hfcs_ippu_production_electronics
TX:IPPU:DEC_HFCS_STRATEGY_NDC,emission_co2e_subsector_total_ippu,emission_co2e_subsector_total_ippu
TX:IPPU:DEC_N2O,:math:\text{N}_2\text{O} Emissions from Industrial Production Processes,emission_co2e_n2o_ippu_production_chemicals
TX:IPPU:DEC_N2O,:math:\text{N}_2\text{O} Emissions from Industrial Production Processes,emission_co2e_n2o_ippu_production_other_product_manufacturing
TX:IPPU:DEC_N2O,emission_co2e_subsector_total_ippu,emission_co2e_subsector_total_ippu
TX:IPPU:DEC_N2O_STRATEGY_CONDITIONAL,:math:\text{N}_2\text{O} Emissions from Industrial Production Processes,emission_co2e_n2o_ippu_production_chemicals
TX:IPPU:DEC_N2O_STRATEGY_CONDITIONAL,:math:\text{N}_2\text{O} Emissions from Industrial Production Processes,emission_co2e_n2o_ippu_production_other_product_manufacturing
TX:IPPU:DEC_N2O_STRATEGY_CONDITIONAL,emission_co2e_subsector_total_ippu,emission_co2e_subsector_total_ippu
TX:IPPU:DEC_PFCS,PFC-1114 Emissions from Industrial Production Processes,emission_co2e_c4f6_ippu_production_electronics
TX:IPPU:DEC_PFCS,PFC-1418 Emissions from Industrial Production Processes,emission_co2e_c5f8_ippu_production_electronics
TX:IPPU:DEC_PFCS,PFC Emissions from Industrial Production Processes,emission_co2e_pfcs_ippu_production_electronics
TX:IPPU:DEC_PFCS_STRATEGY_CONDITIONAL,PFC-1114 Emissions from Industrial Production Processes,emission_co2e_c4f6_ippu_production_electronics
TX:IPPU:DEC_PFCS_STRATEGY_CONDITIONAL,PFC-1418 Emissions from Industrial Production Processes,emission_co2e_c5f8_ippu_production_electronics
TX:IPPU:DEC_PFCS_STRATEGY_CONDITIONAL,PFC Emissions from Industrial Production Processes,emission_co2e_pfcs_ippu_production_electronics
TX:LNDU:DEC_DEFORESTATION,Crop Area,area_agrc_crops_cereals
TX:LNDU:DEC_DEFORESTATION,Crop Area,area_agrc_crops_fruits
TX:LNDU:DEC_DEFORESTATION,Crop Area,area_agrc_crops_nuts
TX:LNDU:DEC_DEFORESTATION,Crop Area,area_agrc_crops_other_annual
TX:LNDU:DEC_DEFORESTATION,Crop Area,area_agrc_crops_pulses
TX:LNDU:DEC_DEFORESTATION,Crop Area,area_agrc_crops_tubers
TX:LNDU:DEC_DEFORESTATION,Crop Area,area_agrc_crops_vegetables_and_vines
TX:LNDU:DEC_DEFORESTATION,Area of Land Use Converted Away from Type,area_lndu_conversion_from_croplands
TX:LNDU:DEC_DEFORESTATION,Area of Land Use Converted,area_lndu_conversion_from_croplands_to_croplands
TX:LNDU:DEC_DEFORESTATION,Area of Land Use Converted,area_lndu_conversion_from_croplands_to_forests_secondary
TX:LNDU:DEC_DEFORESTATION,Area of Land Use Converted,area_lndu_conversion_from_croplands_to_grasslands
TX:LNDU:DEC_DEFORESTATION,Area of Land Use Converted,area_lndu_conversion_from_croplands_to_other
TX:LNDU:DEC_DEFORESTATION,Area of Land Use Converted,area_lndu_conversion_from_croplands_to_pastures
TX:LNDU:DEC_DEFORESTATION,Area of Land Use Converted,area_lndu_conversion_from_croplands_to_settlements
TX:LNDU:DEC_DEFORESTATION,Area of Land Use Converted,area_lndu_conversion_from_croplands_to_shrublands
TX:LNDU:DEC_DEFORESTATION,Area of Land Use Converted Away from Type,area_lndu_conversion_from_forests_secondary
TX:LNDU:DEC_DEFORESTATION,Area of Land Use Converted,area_lndu_conversion_from_forests_secondary_to_croplands
TX:LNDU:DEC_DEFORESTATION,Area of Land Use Converted,area_lndu_conversion_from_forests_secondary_to_forests_secondary
TX:LNDU:DEC_DEFORESTATION,Area of Land Use Converted,area_lndu_conversion_from_forests_secondary_to_other
TX:LNDU:DEC_DEFORESTATION,Area of Land Use Converted,area_lndu_conversion_from_forests_secondary_to_pastures
TX:LNDU:DEC_DEFORESTATION,Area of Land Use Converted,area_lndu_conversion_from_forests_secondary_to_shrublands
TX:LNDU:DEC_DEFORESTATION,Area of Land Use Converted Away from Type,area_lndu_conversion_from_pastures
TX:LNDU:DEC_DEFORESTATION,Area of Land Use Converted,area_lndu_conversion_from_pastures_to_croplands
TX:LNDU:DEC_DEFORESTATION,Area of Land Use Converted,area_lndu_conversion_from_pastures_to_flooded
TX:LNDU:DEC_DEFORESTATION,Area of Land Use Converted,area_lndu_conversion_from_pastures_to_grasslands
TX:LNDU:DEC_DEFORESTATION,Area of Land Use Converted,area_lndu_conversion_from_pastures_to_other
TX:LNDU:DEC_DEFORESTATION,Area of Land Use Converted,area_lndu_conversion_from_pastures_to_pastures
TX:LNDU:DEC_DEFORESTATION,Area of Land Use Converted,area_lndu_conversion_from_pastures_to_settlements
TX:LNDU:DEC_DEFORESTATION,Area of Land Use Converted,area_lndu_conversion_from_pastures_to_shrublands
TX:LNDU:DEC_DEFORESTATION,Area of Land Use Converted Away from Type,area_lndu_conversion_from_shrublands
TX:LNDU:DEC_DEFORESTATION,Area of Land Use Converted,area_lndu_conversion_from_shrublands_to_croplands
TX:LNDU:DEC_DEFORESTATION,Area of Land Use Converted,area_lndu_conversion_from_shrublands_to_forests_secondary
TX:LNDU:DEC_DEFORESTATION,Area of Land Use Converted,area_lndu_conversion_from_shrublands_to_grasslands
TX:LNDU:DEC_DEFORESTATION,Area of Land Use Converted,area_lndu_conversion_from_shrublands_to_other
TX:LNDU:DEC_DEFORESTATION,Area of Land Use Converted,area_lndu_conversion_from_shrublands_to_pastures
TX:LNDU:DEC_DEFORESTATION,Area of Land Use Converted,area_lndu_conversion_from_shrublands_to_shrublands
TX:LNDU:DEC_DEFORESTATION,Area of Land Use Converted to Type,area_lndu_conversion_to_croplands
TX:LNDU:DEC_DEFORESTATION,Area of Land Use Converted to Type,area_lndu_conversion_to_forests_secondary
TX:LNDU:DEC_DEFORESTATION,Area of Land Use Converted to Type,area_lndu_conversion_to_grasslands
TX:LNDU:DEC_DEFORESTATION,Area of Land Use Converted to Type,area_lndu_conversion_to_other
TX:LNDU:DEC_DEFORESTATION,Area of Land Use Converted to Type,area_lndu_conversion_to_pastures
TX:LNDU:DEC_DEFORESTATION,Area of Land Use Converted to Type,area_lndu_conversion_to_settlements
TX:LNDU:DEC_DEFORESTATION,Area of Land Use Converted to Type,area_lndu_conversion_to_shrublands
TX:LNDU:DEC_DEFORESTATION,Land Use Area,area_lndu_croplands
TX:LNDU:DEC_DEFORESTATION,Land Use Area,area_lndu_forests_secondary
TX:LNDU:DEC_DEFORESTATION,Area of Improved Land,area_lndu_improved_croplands
TX:LNDU:DEC_DEFORESTATION,Land Use Area,area_lndu_pastures
TX:LNDU:DEC_DEFORESTATION,Land Use Area,area_lndu_shrublands
TX:LNDU:DEC_DEFORESTATION,Total Fertilizer N Use,demand_soil_fertilizer_n_kt
TX:LNDU:DEC_DEFORESTATION,Total Lime Use,demand_soil_lime_kt
TX:LNDU:DEC_DEFORESTATION,Synthetic Fertilizer N Use,demand_soil_synthetic_fertilizer_n_kt
TX:LNDU:DEC_DEFORESTATION,Total Urea Use,demand_soil_urea_kt
TX:LNDU:DEC_DEFORESTATION,:math:\text{CH}_4 Emissions from Biomass Burning,emission_co2e_ch4_agrc_biomass_burning
TX:LNDU:DEC_DEFORESTATION,:math:\text{CH}_4 Emissions from Forests,emission_co2e_ch4_frst_methane_secondary
TX:LNDU:DEC_DEFORESTATION,:math:\text{CH}_4 Emissions from Industrial Energy,emission_co2e_ch4_inen_agriculture_and_livestock
TX:LNDU:DEC_DEFORESTATION,:math:\text{CH}_4 Emissions from Manure Management,emission_co2e_ch4_lsmm_dry_lot
TX:LNDU:DEC_DEFORESTATION,:math:\text{CH}_4 Emissions from Manure Management,emission_co2e_ch4_lsmm_incineration
TX:LNDU:DEC_DEFORESTATION,:math:\text{CH}_4 Emissions from Manure Management,emission_co2e_ch4_lsmm_paddock_pasture_range
TX:LNDU:DEC_DEFORESTATION,:math:\text{CH}_4 Emissions from Livestock Enteric Fermentation,emission_co2e_ch4_lvst_entferm_cattle_dairy
TX:LNDU:DEC_DEFORESTATION,:math:\text{CH}_4 Emissions from Livestock Enteric Fermentation,emission_co2e_ch4_lvst_entferm_cattle_nondairy
TX:LNDU:DEC_DEFORESTATION,:math:\text{CH}_4 Emissions from Livestock Enteric Fermentation,emission_co2e_ch4_lvst_entferm_goats
TX:LNDU:DEC_DEFORESTATION,:math:\text{CH}_4 Emissions from Livestock Enteric Fermentation,emission_co2e_ch4_lvst_entferm_horses
TX:LNDU:DEC_DEFORESTATION,:math:\text{CH}_4 Emissions from Livestock Enteric Fermentation,emission_co2e_ch4_lvst_entferm_mules
TX:LNDU:DEC_DEFORESTATION,:math:\text{CH}_4 Emissions from Livestock Enteric Fermentation,emission_co2e_ch4_lvst_entferm_sheep
TX:LNDU:DEC_DEFORESTATION,:math:\text{CO}_2 Emissions from Biomass Carbon Stock Changes,emission_co2e_co2_agrc_biomass_fruits
TX:LNDU:DEC_DEFORESTATION,:math:\text{CO}_2 Emissions from Biomass Carbon Stock Changes,emission_co2e_co2_agrc_biomass_nuts
TX:LNDU:DEC_DEFORESTATION,:math:\text{CO}_2 Emissions from Forest Fires,emission_co2e_co2_frst_forest_fires
TX:LNDU:DEC_DEFORESTATION,:math:\text{CO}_2 Emissions from Forest Biomass Sequestration,emission_co2e_co2_frst_sequestration_secondary
TX:LNDU:DEC_DEFORESTATION,:math:\text{CO}_2 Biomass Emissions from Industrial Energy,emission_co2e_co2_inen_bmass_agriculture_and_livestock
TX:LNDU:DEC_DEFORESTATION,:math:\text{CO}_2 Non-Biomass Emissions from Industrial Energy,emission_co2e_co2_inen_nbmass_agriculture_and_livestock
TX:LNDU:DEC_DEFORESTATION,:math:\text{CO}_2 Emissions from Land Use Biomass Sequestration,emission_co2e_co2_lndu_biomass_sequestration_shrublands
TX:LNDU:DEC_DEFORESTATION,:math:\text{CO}_2 Emissions from Conversion Away from Land Use Type,emission_co2e_co2_lndu_conversion_away_forests_secondary
TX:LNDU:DEC_DEFORESTATION,:math:\text{CO}_2 Emissions from Conversion Away from Land Use Type,emission_co2e_co2_lndu_conversion_away_pastures
TX:LNDU:DEC_DEFORESTATION,:math:\text{CO}_2 Emissions from Conversion Away from Land Use Type,emission_co2e_co2_lndu_conversion_away_shrublands
TX:LNDU:DEC_DEFORESTATION,:math:\text{CO}_2 Emissions from Land Use Conversion,emission_co2e_co2_lndu_conversion_forests_secondary_to_croplands
TX:LNDU:DEC_DEFORESTATION,:math:\text{CO}_2 Emissions from Land Use Conversion,emission_co2e_co2_lndu_conversion_forests_secondary_to_other
TX:LNDU:DEC_DEFORESTATION,:math:\text{CO}_2 Emissions from Land Use Conversion,emission_co2e_co2_lndu_conversion_forests_secondary_to_pastures
TX:LNDU:DEC_DEFORESTATION,:math:\text{CO}_2 Emissions from Land Use Conversion,emission_co2e_co2_lndu_conversion_forests_secondary_to_shrublands
TX:LNDU:DEC_DEFORESTATION,:math:\text{CO}_2 Emissions from Land Use Conversion,emission_co2e_co2_lndu_conversion_pastures_to_croplands
TX:LNDU:DEC_DEFORESTATION,:math:\text{CO}_2 Emissions from Land Use Conversion,emission_co2e_co2_lndu_conversion_pastures_to_flooded
TX:LNDU:DEC_DEFORESTATION,:math:\text{CO}_2 Emissions from Land Use Conversion,emission_co2e_co2_lndu_conversion_pastures_to_other
TX:LNDU:DEC_DEFORESTATION,:math:\text{CO}_2 Emissions from Land Use Conversion,emission_co2e_co2_lndu_conversion_pastures_to_settlements
TX:LNDU:DEC_DEFORESTATION,:math:\text{CO}_2 Emissions from Land Use Conversion,emission_co2e_co2_lndu_conversion_shrublands_to_croplands
TX:LNDU:DEC_DEFORESTATION,:math:\text{CO}_2 Emissions from Land Use Conversion,emission_co2e_co2_lndu_conversion_shrublands_to_grasslands
TX:LNDU:DEC_DEFORESTATION,:math:\text{CO}_2 Emissions from Land Use Conversion,emission_co2e_co2_lndu_conversion_shrublands_to_other
TX:LNDU:DEC_DEFORESTATION,:math:\text{CO}_2 Emissions from Land Use Conversion,emission_co2e_co2_lndu_conversion_shrublands_to_pastures
TX:LNDU:DEC_DEFORESTATION,:math:\text{CO}_2 Emissions from Lime,emission_co2e_co2_soil_lime_use
TX:LNDU:DEC_DEFORESTATION,:math:\text{CO}_2 Emissions from Soil Carbon in Mineral Soils,emission_co2e_co2_soil_soc_mineral_soils
TX:LNDU:DEC_DEFORESTATION,:math:\text{CO}_2 Emissions from Urea,emission_co2e_co2_soil_urea_use
TX:LNDU:DEC_DEFORESTATION,:math:\text{N}_2\text{O} Emissions from Biomass Burning,emission_co2e_n2o_agrc_biomass_burning
TX:LNDU:DEC_DEFORESTATION,:math:\text{N}_2\text{O} Emissions from Crop Residues,emission_co2e_n2o_agrc_crop_residues
TX:LNDU:DEC_DEFORESTATION,:math:\text{N}_2\text{O} Emissions from Industrial Energy,emission_co2e_n2o_inen_agriculture_and_livestock
TX:LNDU:DEC_DEFORESTATION,:math:\text{N}_2\text{O} Direct Emissions from Manure Management,emission_co2e_n2o_lsmm_direct_dry_lot
TX:LNDU:DEC_DEFORESTATION,:math:\text{N}_2\text{O} Indirect Emissions from Manure Management,emission_co2e_n2o_lsmm_indirect_dry_lot
TX:LNDU:DEC_DEFORESTATION,:math:\text{N}_2\text{O} Emissions from Fertilizer Use,emission_co2e_n2o_soil_fertilizer
TX:LNDU:DEC_DEFORESTATION,:math:\text{N}_2\text{O} Emissions from Mineral Soils,emission_co2e_n2o_soil_mineral_soils
TX:LNDU:DEC_DEFORESTATION,:math:\text{N}_2\text{O} Emissions from Organic Soils,emission_co2e_n2o_soil_organic_soils
TX:LNDU:DEC_DEFORESTATION,emission_co2e_subsector_total_agrc,emission_co2e_subsector_total_agrc
TX:LNDU:DEC_DEFORESTATION,emission_co2e_subsector_total_frst,emission_co2e_subsector_total_frst
TX:LNDU:DEC_DEFORESTATION,emission_co2e_subsector_total_lndu,emission_co2e_subsector_total_lndu
TX:LNDU:DEC_DEFORESTATION,emission_co2e_subsector_total_lvst,emission_co2e_subsector_total_lvst
TX:LNDU:DEC_DEFORESTATION,emission_co2e_subsector_total_soil,emission_co2e_subsector_total_soil
TX:LNDU:DEC_DEFORESTATION,Electrical Energy Consumption from Industrial Energy,energy_consumption_electricity_inen_agriculture_and_livestock
TX:LNDU:DEC_DEFORESTATION,Energy Consumption from Industrial Energy,energy_consumption_inen_agriculture_and_livestock
TX:LNDU:DEC_DEFORESTATION,Energy Demand by Fuel in Industrial Energy,energy_demand_enfu_subsector_total_pj_inen_fuel_solar
TX:LNDU:DEC_DEFORESTATION,Energy Demand in Industrial Energy,energy_demand_inen_agriculture_and_livestock
TX:LNDU:DEC_DEFORESTATION,Adjusted Agriculture Equivalent Exports,exportsadj_agrc_cereals_tonne
TX:LNDU:DEC_DEFORESTATION,Adjusted Agriculture Equivalent Exports,exportsadj_agrc_fruits_tonne
TX:LNDU:DEC_DEFORESTATION,Adjusted Agriculture Equivalent Exports,exportsadj_agrc_nuts_tonne
TX:LNDU:DEC_DEFORESTATION,Adjusted Agriculture Equivalent Exports,exportsadj_agrc_pulses_tonne
TX:LNDU:DEC_DEFORESTATION,Adjusted Agriculture Equivalent Exports,exportsadj_agrc_tubers_tonne
TX:LNDU:DEC_DEFORESTATION,Adjusted Agriculture Equivalent Exports,exportsadj_agrc_vegetables_and_vines_tonne
TX:LNDU:DEC_DEFORESTATION,Livestock Head Count,pop_lvst_cattle_dairy
TX:LNDU:DEC_DEFORESTATION,Livestock Head Count,pop_lvst_cattle_nondairy
TX:LNDU:DEC_DEFORESTATION,Livestock Head Count,pop_lvst_goats
TX:LNDU:DEC_DEFORESTATION,Livestock Head Count,pop_lvst_horses
TX:LNDU:DEC_DEFORESTATION,Livestock Head Count,pop_lvst_mules
TX:LNDU:DEC_DEFORESTATION,Livestock Head Count,pop_lvst_sheep
TX:LNDU:DEC_DEFORESTATION,Dung Incinerated,qty_lsmm_dung_to_incinerate_tonne
TX:LNDU:DEC_DEFORESTATION,Nitrogen Available for Fertilizer,qty_lsmm_n_to_fertilizer_dry_lot_kt
TX:LNDU:DEC_DEFORESTATION,Total Domestic Animal Mass,qty_lvst_domestic_animal_mass_mt
TX:LNDU:DEC_DEFORESTATION,Crop Yield,yield_agrc_cereals_tonne
TX:LNDU:DEC_DEFORESTATION,Crop Yield,yield_agrc_fruits_tonne
TX:LNDU:DEC_DEFORESTATION,Crop Yield,yield_agrc_nuts_tonne
TX:LNDU:DEC_DEFORESTATION,Crop Yield,yield_agrc_pulses_tonne
TX:LNDU:DEC_DEFORESTATION,Crop Yield,yield_agrc_tubers_tonne
TX:LNDU:DEC_DEFORESTATION,Crop Yield,yield_agrc_vegetables_and_vines_tonne
TX:LNDU:DEC_SOC_LOSS_PASTURES,:math:\text{CO}_2 Emissions from Soil Carbon in Mineral Soils,emission_co2e_co2_soil_soc_mineral_soils
TX:LNDU:DEC_SOC_LOSS_PASTURES,:math:\text{N}_2\text{O} Emissions from Mineral Soils,emission_co2e_n2o_soil_mineral_soils
TX:LNDU:DEC_SOC_LOSS_PASTURES,emission_co2e_subsector_total_soil,emission_co2e_subsector_total_soil
TX:LNDU:INC_REFORESTATION,Crop Area,area_agrc_crops_cereals
TX:LNDU:INC_REFORESTATION,Crop Area,area_agrc_crops_fruits
TX:LNDU:INC_REFORESTATION,Crop Area,area_agrc_crops_nuts
TX:LNDU:INC_REFORESTATION,Crop Area,area_agrc_crops_other_annual
TX:LNDU:INC_REFORESTATION,Crop Area,area_agrc_crops_pulses
TX:LNDU:INC_REFORESTATION,Crop Area,area_agrc_crops_tubers
TX:LNDU:INC_REFORESTATION,Crop Area,area_agrc_crops_vegetables_and_vines
TX:LNDU:INC_REFORESTATION,Area of Land Use Converted Away from Type,area_lndu_conversion_from_croplands
TX:LNDU:INC_REFORESTATION,Area of Land Use Converted,area_lndu_conversion_from_croplands_to_croplands
TX:LNDU:INC_REFORESTATION,Area of Land Use Converted,area_lndu_conversion_from_croplands_to_forests_secondary
TX:LNDU:INC_REFORESTATION,Area of Land Use Converted,area_lndu_conversion_from_croplands_to_grasslands
TX:LNDU:INC_REFORESTATION,Area of Land Use Converted,area_lndu_conversion_from_croplands_to_other
TX:LNDU:INC_REFORESTATION,Area of Land Use Converted,area_lndu_conversion_from_croplands_to_pastures
TX:LNDU:INC_REFORESTATION,Area of Land Use Converted,area_lndu_conversion_from_croplands_to_settlements
TX:LNDU:INC_REFORESTATION,Area of Land Use Converted,area_lndu_conversion_from_croplands_to_shrublands
TX:LNDU:INC_REFORESTATION,Area of Land Use Converted Away from Type,area_lndu_conversion_from_forests_secondary
TX:LNDU:INC_REFORESTATION,Area of Land Use Converted,area_lndu_conversion_from_forests_secondary_to_croplands
TX:LNDU:INC_REFORESTATION,Area of Land Use Converted,area_lndu_conversion_from_forests_secondary_to_forests_secondary
TX:LNDU:INC_REFORESTATION,Area of Land Use Converted,area_lndu_conversion_from_forests_secondary_to_other
TX:LNDU:INC_REFORESTATION,Area of Land Use Converted,area_lndu_conversion_from_forests_secondary_to_pastures
TX:LNDU:INC_REFORESTATION,Area of Land Use Converted,area_lndu_conversion_from_forests_secondary_to_shrublands
TX:LNDU:INC_REFORESTATION,Area of Land Use Converted Away from Type,area_lndu_conversion_from_grasslands
TX:LNDU:INC_REFORESTATION,Area of Land Use Converted,area_lndu_conversion_from_grasslands_to_croplands
TX:LNDU:INC_REFORESTATION,Area of Land Use Converted,area_lndu_conversion_from_grasslands_to_flooded
TX:LNDU:INC_REFORESTATION,Area of Land Use Converted,area_lndu_conversion_from_grasslands_to_grasslands
TX:LNDU:INC_REFORESTATION,Area of Land Use Converted,area_lndu_conversion_from_grasslands_to_other
TX:LNDU:INC_REFORESTATION,Area of Land Use Converted,area_lndu_conversion_from_grasslands_to_pastures
TX:LNDU:INC_REFORESTATION,Area of Land Use Converted,area_lndu_conversion_from_grasslands_to_shrublands
TX:LNDU:INC_REFORESTATION,Area of Land Use Converted Away from Type,area_lndu_conversion_from_other
TX:LNDU:INC_REFORESTATION,Area of Land Use Converted,area_lndu_conversion_from_other_to_forests_secondary
TX:LNDU:INC_REFORESTATION,Area of Land Use Converted Away from Type,area_lndu_conversion_from_pastures
TX:LNDU:INC_REFORESTATION,Area of Land Use Converted,area_lndu_conversion_from_pastures_to_croplands
TX:LNDU:INC_REFORESTATION,Area of Land Use Converted,area_lndu_conversion_from_pastures_to_flooded
TX:LNDU:INC_REFORESTATION,Area of Land Use Converted,area_lndu_conversion_from_pastures_to_grasslands
TX:LNDU:INC_REFORESTATION,Area of Land Use Converted,area_lndu_conversion_from_pastures_to_other
TX:LNDU:INC_REFORESTATION,Area of Land Use Converted,area_lndu_conversion_from_pastures_to_pastures
TX:LNDU:INC_REFORESTATION,Area of Land Use Converted,area_lndu_conversion_from_pastures_to_settlements
TX:LNDU:INC_REFORESTATION,Area of Land Use Converted,area_lndu_conversion_from_pastures_to_shrublands
TX:LNDU:INC_REFORESTATION,Area of Land Use Converted to Type,area_lndu_conversion_to_forests_secondary
TX:LNDU:INC_REFORESTATION,Area of Land Use Converted to Type,area_lndu_conversion_to_grasslands
TX:LNDU:INC_REFORESTATION,Area of Land Use Converted to Type,area_lndu_conversion_to_pastures
TX:LNDU:INC_REFORESTATION,Area of Land Use Converted to Type,area_lndu_conversion_to_settlements
TX:LNDU:INC_REFORESTATION,Area of Land Use Converted to Type,area_lndu_conversion_to_shrublands
TX:LNDU:INC_REFORESTATION,Land Use Area,area_lndu_croplands
TX:LNDU:INC_REFORESTATION,Land Use Area,area_lndu_forests_secondary
TX:LNDU:INC_REFORESTATION,Land Use Area,area_lndu_grasslands
TX:LNDU:INC_REFORESTATION,Area of Improved Land,area_lndu_improved_croplands
TX:LNDU:INC_REFORESTATION,Land Use Area,area_lndu_pastures
TX:LNDU:INC_REFORESTATION,Total Fertilizer N Use,demand_soil_fertilizer_n_kt
TX:LNDU:INC_REFORESTATION,Total Lime Use,demand_soil_lime_kt
TX:LNDU:INC_REFORESTATION,Synthetic Fertilizer N Use,demand_soil_synthetic_fertilizer_n_kt
TX:LNDU:INC_REFORESTATION,Total Urea Use,demand_soil_urea_kt
TX:LNDU:INC_REFORESTATION,:math:\text{CH}_4 Emissions from Biomass Burning,emission_co2e_ch4_agrc_biomass_burning
TX:LNDU:INC_REFORESTATION,:math:\text{CH}_4 Emissions from Forests,emission_co2e_ch4_frst_methane_secondary
TX:LNDU:INC_REFORESTATION,:math:\text{CH}_4 Emissions from Industrial Energy,emission_co2e_ch4_inen_agriculture_and_livestock
TX:LNDU:INC_REFORESTATION,:math:\text{CH}_4 Emissions from Manure Management,emission_co2e_ch4_lsmm_dry_lot
TX:LNDU:INC_REFORESTATION,:math:\text{CH}_4 Emissions from Manure Management,emission_co2e_ch4_lsmm_incineration
TX:LNDU:INC_REFORESTATION,:math:\text{CH}_4 Emissions from Livestock Enteric Fermentation,emission_co2e_ch4_lvst_entferm_cattle_dairy
TX:LNDU:INC_REFORESTATION,:math:\text{CH}_4 Emissions from Livestock Enteric Fermentation,emission_co2e_ch4_lvst_entferm_cattle_nondairy
TX:LNDU:INC_REFORESTATION,:math:\text{CH}_4 Emissions from Livestock Enteric Fermentation,emission_co2e_ch4_lvst_entferm_goats
TX:LNDU:INC_REFORESTATION,:math:\text{CH}_4 Emissions from Livestock Enteric Fermentation,emission_co2e_ch4_lvst_entferm_horses
TX:LNDU:INC_REFORESTATION,:math:\text{CH}_4 Emissions from Livestock Enteric Fermentation,emission_co2e_ch4_lvst_entferm_mules
TX:LNDU:INC_REFORESTATION,:math:\text{CH}_4 Emissions from Livestock Enteric Fermentation,emission_co2e_ch4_lvst_entferm_sheep
TX:LNDU:INC_REFORESTATION,:math:\text{CO}_2 Emissions from Biomass Carbon Stock Changes,emission_co2e_co2_agrc_biomass_fruits
TX:LNDU:INC_REFORESTATION,:math:\text{CO}_2 Emissions from Biomass Carbon Stock Changes,emission_co2e_co2_agrc_biomass_nuts
TX:LNDU:INC_REFORESTATION,:math:\text{CO}_2 Emissions from Forest Fires,emission_co2e_co2_frst_forest_fires
TX:LNDU:INC_REFORESTATION,:math:\text{CO}_2 Emissions from Forest Biomass Sequestration,emission_co2e_co2_frst_sequestration_secondary
TX:LNDU:INC_REFORESTATION,:math:\text{CO}_2 Biomass Emissions from Industrial Energy,emission_co2e_co2_inen_bmass_agriculture_and_livestock
TX:LNDU:INC_REFORESTATION,:math:\text{CO}_2 Non-Biomass Emissions from Industrial Energy,emission_co2e_co2_inen_nbmass_agriculture_and_livestock
TX:LNDU:INC_REFORESTATION,:math:\text{CO}_2 Emissions from Conversion Away from Land Use Type,emission_co2e_co2_lndu_conversion_away_forests_secondary
TX:LNDU:INC_REFORESTATION,:math:\text{CO}_2 Emissions from Conversion Away from Land Use Type,emission_co2e_co2_lndu_conversion_away_grasslands
TX:LNDU:INC_REFORESTATION,:math:\text{CO}_2 Emissions from Conversion Away from Land Use Type,emission_co2e_co2_lndu_conversion_away_pastures
TX:LNDU:INC_REFORESTATION,:math:\text{CO}_2 Emissions from Land Use Conversion,emission_co2e_co2_lndu_conversion_forests_secondary_to_croplands
TX:LNDU:INC_REFORESTATION,:math:\text{CO}_2 Emissions from Land Use Conversion,emission_co2e_co2_lndu_conversion_forests_secondary_to_other
TX:LNDU:INC_REFORESTATION,:math:\text{CO}_2 Emissions from Land Use Conversion,emission_co2e_co2_lndu_conversion_forests_secondary_to_pastures
TX:LNDU:INC_REFORESTATION,:math:\text{CO}_2 Emissions from Land Use Conversion,emission_co2e_co2_lndu_conversion_forests_secondary_to_shrublands
TX:LNDU:INC_REFORESTATION,:math:\text{CO}_2 Emissions from Land Use Conversion,emission_co2e_co2_lndu_conversion_grasslands_to_croplands
TX:LNDU:INC_REFORESTATION,:math:\text{CO}_2 Emissions from Land Use Conversion,emission_co2e_co2_lndu_conversion_grasslands_to_flooded
TX:LNDU:INC_REFORESTATION,:math:\text{CO}_2 Emissions from Land Use Conversion,emission_co2e_co2_lndu_conversion_grasslands_to_other
TX:LNDU:INC_REFORESTATION,:math:\text{CO}_2 Emissions from Land Use Conversion,emission_co2e_co2_lndu_conversion_pastures_to_croplands
TX:LNDU:INC_REFORESTATION,:math:\text{CO}_2 Emissions from Land Use Conversion,emission_co2e_co2_lndu_conversion_pastures_to_flooded
TX:LNDU:INC_REFORESTATION,:math:\text{CO}_2 Emissions from Land Use Conversion,emission_co2e_co2_lndu_conversion_pastures_to_other
TX:LNDU:INC_REFORESTATION,:math:\text{CO}_2 Emissions from Land Use Conversion,emission_co2e_co2_lndu_conversion_pastures_to_settlements
TX:LNDU:INC_REFORESTATION,:math:\text{CO}_2 Emissions from Lime,emission_co2e_co2_soil_lime_use
TX:LNDU:INC_REFORESTATION,:math:\text{CO}_2 Emissions from Soil Carbon in Mineral Soils,emission_co2e_co2_soil_soc_mineral_soils
TX:LNDU:INC_REFORESTATION,:math:\text{CO}_2 Emissions from Urea,emission_co2e_co2_soil_urea_use
TX:LNDU:INC_REFORESTATION,:math:\text{N}_2\text{O} Emissions from Biomass Burning,emission_co2e_n2o_agrc_biomass_burning
TX:LNDU:INC_REFORESTATION,:math:\text{N}_2\text{O} Emissions from Crop Residues,emission_co2e_n2o_agrc_crop_residues
TX:LNDU:INC_REFORESTATION,:math:\text{N}_2\text{O} Emissions from Industrial Energy,emission_co2e_n2o_inen_agriculture_and_livestock
TX:LNDU:INC_REFORESTATION,:math:\text{N}_2\text{O} Direct Emissions from Manure Management,emission_co2e_n2o_lsmm_direct_dry_lot
TX:LNDU:INC_REFORESTATION,:math:\text{N}_2\text{O} Indirect Emissions from Manure Management,emission_co2e_n2o_lsmm_indirect_dry_lot
TX:LNDU:INC_REFORESTATION,:math:\text{N}_2\text{O} Emissions from Fertilizer Use,emission_co2e_n2o_soil_fertilizer
TX:LNDU:INC_REFORESTATION,:math:\text{N}_2\text{O} Emissions from Mineral Soils,emission_co2e_n2o_soil_mineral_soils
TX:LNDU:INC_REFORESTATION,:math:\text{N}_2\text{O} Emissions from Organic Soils,emission_co2e_n2o_soil_organic_soils
TX:LNDU:INC_REFORESTATION,emission_co2e_subsector_total_agrc,emission_co2e_subsector_total_agrc
TX:LNDU:INC_REFORESTATION,emission_co2e_subsector_total_frst,emission_co2e_subsector_total_frst
TX:LNDU:INC_REFORESTATION,emission_co2e_subsector_total_inen,emission_co2e_subsector_total_inen
TX:LNDU:INC_REFORESTATION,emission_co2e_subsector_total_lndu,emission_co2e_subsector_total_lndu
TX:LNDU:INC_REFORESTATION,emission_co2e_subsector_total_lvst,emission_co2e_subsector_total_lvst
TX:LNDU:INC_REFORESTATION,emission_co2e_subsector_total_soil,emission_co2e_subsector_total_soil
TX:LNDU:INC_REFORESTATION,Electrical Energy Consumption from Industrial Energy,energy_consumption_electricity_inen_agriculture_and_livestock
TX:LNDU:INC_REFORESTATION,Energy Consumption from Industrial Energy,energy_consumption_inen_agriculture_and_livestock
TX:LNDU:INC_REFORESTATION,Total Energy Consumption from Industrial Energy,energy_consumption_inen_total
TX:LNDU:INC_REFORESTATION,Energy Demand by Fuel in Industrial Energy,energy_demand_enfu_subsector_total_pj_inen_fuel_biomass
TX:LNDU:INC_REFORESTATION,Energy Demand by Fuel in Industrial Energy,energy_demand_enfu_subsector_total_pj_inen_fuel_diesel
TX:LNDU:INC_REFORESTATION,Energy Demand by Fuel in Industrial Energy,energy_demand_enfu_subsector_total_pj_inen_fuel_gasoline
TX:LNDU:INC_REFORESTATION,Energy Demand by Fuel in Industrial Energy,energy_demand_enfu_subsector_total_pj_inen_fuel_oil
TX:LNDU:INC_REFORESTATION,Energy Demand by Fuel in Industrial Energy,energy_demand_enfu_subsector_total_pj_inen_fuel_solar
TX:LNDU:INC_REFORESTATION,Energy Demand in Industrial Energy,energy_demand_inen_agriculture_and_livestock
TX:LNDU:INC_REFORESTATION,Adjusted Agriculture Equivalent Exports,exportsadj_agrc_cereals_tonne
TX:LNDU:INC_REFORESTATION,Adjusted Agriculture Equivalent Exports,exportsadj_agrc_fruits_tonne
TX:LNDU:INC_REFORESTATION,Adjusted Agriculture Equivalent Exports,exportsadj_agrc_nuts_tonne
TX:LNDU:INC_REFORESTATION,Adjusted Agriculture Equivalent Exports,exportsadj_agrc_pulses_tonne
TX:LNDU:INC_REFORESTATION,Adjusted Agriculture Equivalent Exports,exportsadj_agrc_tubers_tonne
TX:LNDU:INC_REFORESTATION,Adjusted Agriculture Equivalent Exports,exportsadj_agrc_vegetables_and_vines_tonne
TX:LNDU:INC_REFORESTATION,Livestock Head Count,pop_lvst_cattle_dairy
TX:LNDU:INC_REFORESTATION,Livestock Head Count,pop_lvst_cattle_nondairy
TX:LNDU:INC_REFORESTATION,Livestock Head Count,pop_lvst_goats
TX:LNDU:INC_REFORESTATION,Livestock Head Count,pop_lvst_horses
TX:LNDU:INC_REFORESTATION,Livestock Head Count,pop_lvst_mules
TX:LNDU:INC_REFORESTATION,Livestock Head Count,pop_lvst_sheep
TX:LNDU:INC_REFORESTATION,Dung Incinerated,qty_lsmm_dung_to_incinerate_tonne
TX:LNDU:INC_REFORESTATION,Nitrogen Available for Fertilizer,qty_lsmm_n_to_fertilizer_dry_lot_kt
TX:LNDU:INC_REFORESTATION,Value of Fuel Consumed in Industrial Energy,totalvalue_enfu_fuel_consumed_inen_fuel_biomass
TX:LNDU:INC_REFORESTATION,Value of Fuel Consumed in Industrial Energy,totalvalue_enfu_fuel_consumed_inen_fuel_diesel
TX:LNDU:INC_REFORESTATION,Value of Fuel Consumed in Industrial Energy,totalvalue_enfu_fuel_consumed_inen_fuel_gasoline
TX:LNDU:INC_REFORESTATION,Value of Fuel Consumed in Industrial Energy,totalvalue_enfu_fuel_consumed_inen_fuel_oil
TX:LNDU:INC_REFORESTATION,Crop Yield,yield_agrc_cereals_tonne
TX:LNDU:INC_REFORESTATION,Crop Yield,yield_agrc_fruits_tonne
TX:LNDU:INC_REFORESTATION,Crop Yield,yield_agrc_nuts_tonne
TX:LNDU:INC_REFORESTATION,Crop Yield,yield_agrc_pulses_tonne
TX:LNDU:INC_REFORESTATION,Crop Yield,yield_agrc_tubers_tonne
TX:LNDU:INC_REFORESTATION,Crop Yield,yield_agrc_vegetables_and_vines_tonne
TX:LNDU:INC_REFORESTATION_STRATEGY_CONDITIONAL,Crop Area,area_agrc_crops_cereals
TX:LNDU:INC_REFORESTATION_STRATEGY_CONDITIONAL,Crop Area,area_agrc_crops_fruits
TX:LNDU:INC_REFORESTATION_STRATEGY_CONDITIONAL,Crop Area,area_agrc_crops_nuts
TX:LNDU:INC_REFORESTATION_STRATEGY_CONDITIONAL,Crop Area,area_agrc_crops_other_annual
TX:LNDU:INC_REFORESTATION_STRATEGY_CONDITIONAL,Crop Area,area_agrc_crops_pulses
TX:LNDU:INC_REFORESTATION_STRATEGY_CONDITIONAL,Crop Area,area_agrc_crops_tubers
TX:LNDU:INC_REFORESTATION_STRATEGY_CONDITIONAL,Crop Area,area_agrc_crops_vegetables_and_vines
TX:LNDU:INC_REFORESTATION_STRATEGY_CONDITIONAL,Area of Land Use Converted Away from Type,area_lndu_conversion_from_croplands
TX:LNDU:INC_REFORESTATION_STRATEGY_CONDITIONAL,Area of Land Use Converted,area_lndu_conversion_from_croplands_to_croplands
TX:LNDU:INC_REFORESTATION_STRATEGY_CONDITIONAL,Area of Land Use Converted,area_lndu_conversion_from_croplands_to_forests_secondary
TX:LNDU:INC_REFORESTATION_STRATEGY_CONDITIONAL,Area of Land Use Converted,area_lndu_conversion_from_croplands_to_grasslands
TX:LNDU:INC_REFORESTATION_STRATEGY_CONDITIONAL,Area of Land Use Converted,area_lndu_conversion_from_croplands_to_other
TX:LNDU:INC_REFORESTATION_STRATEGY_CONDITIONAL,Area of Land Use Converted,area_lndu_conversion_from_croplands_to_pastures
TX:LNDU:INC_REFORESTATION_STRATEGY_CONDITIONAL,Area of Land Use Converted,area_lndu_conversion_from_croplands_to_settlements
TX:LNDU:INC_REFORESTATION_STRATEGY_CONDITIONAL,Area of Land Use Converted,area_lndu_conversion_from_croplands_to_shrublands
TX:LNDU:INC_REFORESTATION_STRATEGY_CONDITIONAL,Area of Land Use Converted Away from Type,area_lndu_conversion_from_forests_secondary
TX:LNDU:INC_REFORESTATION_STRATEGY_CONDITIONAL,Area of Land Use Converted,area_lndu_conversion_from_forests_secondary_to_croplands
TX:LNDU:INC_REFORESTATION_STRATEGY_CONDITIONAL,Area of Land Use Converted,area_lndu_conversion_from_forests_secondary_to_forests_secondary
TX:LNDU:INC_REFORESTATION_STRATEGY_CONDITIONAL,Area of Land Use Converted,area_lndu_conversion_from_forests_secondary_to_other
TX:LNDU:INC_REFORESTATION_STRATEGY_CONDITIONAL,Area of Land Use Converted,area_lndu_conversion_from_forests_secondary_to_pastures
TX:LNDU:INC_REFORESTATION_STRATEGY_CONDITIONAL,Area of Land Use Converted,area_lndu_conversion_from_forests_secondary_to_shrublands
TX:LNDU:INC_REFORESTATION_STRATEGY_CONDITIONAL,Area of Land Use Converted Away from Type,area_lndu_conversion_from_grasslands
TX:LNDU:INC_REFORESTATION_STRATEGY_CONDITIONAL,Area of Land Use Converted,area_lndu_conversion_from_grasslands_to_croplands
TX:LNDU:INC_REFORESTATION_STRATEGY_CONDITIONAL,Area of Land Use Converted,area_lndu_conversion_from_grasslands_to_flooded
TX:LNDU:INC_REFORESTATION_STRATEGY_CONDITIONAL,Area of Land Use Converted,area_lndu_conversion_from_grasslands_to_grasslands
TX:LNDU:INC_REFORESTATION_STRATEGY_CONDITIONAL,Area of Land Use Converted,area_lndu_conversion_from_grasslands_to_other
TX:LNDU:INC_REFORESTATION_STRATEGY_CONDITIONAL,Area of Land Use Converted,area_lndu_conversion_from_grasslands_to_pastures
TX:LNDU:INC_REFORESTATION_STRATEGY_CONDITIONAL,Area of Land Use Converted,area_lndu_conversion_from_grasslands_to_shrublands
TX:LNDU:INC_REFORESTATION_STRATEGY_CONDITIONAL,Area of Land Use Converted Away from Type,area_lndu_conversion_from_other
TX:LNDU:INC_REFORESTATION_STRATEGY_CONDITIONAL,Area of Land Use Converted,area_lndu_conversion_from_other_to_forests_secondary
TX:LNDU:INC_REFORESTATION_STRATEGY_CONDITIONAL,Area of Land Use Converted Away from Type,area_lndu_conversion_from_pastures
TX:LNDU:INC_REFORESTATION_STRATEGY_CONDITIONAL,Area of Land Use Converted,area_lndu_conversion_from_pastures_to_croplands
TX:LNDU:INC_REFORESTATION_STRATEGY_CONDITIONAL,Area of Land Use Converted,area_lndu_conversion_from_pastures_to_flooded
TX:LNDU:INC_REFORESTATION_STRATEGY_CONDITIONAL,Area of Land Use Converted,area_lndu_conversion_from_pastures_to_grasslands
TX:LNDU:INC_REFORESTATION_STRATEGY_CONDITIONAL,Area of Land Use Converted,area_lndu_conversion_from_pastures_to_other
TX:LNDU:INC_REFORESTATION_STRATEGY_CONDITIONAL,Area of Land Use Converted,area_lndu_conversion_from_pastures_to_pastures
TX:LNDU:INC_REFORESTATION_STRATEGY_CONDITIONAL,Area of Land Use Converted,area_lndu_conversion_from_pastures_to_settlements
TX:LNDU:INC_REFORESTATION_STRATEGY_CONDITIONAL,Area of Land Use Converted,area_lndu_conversion_from_pastures_to_shrublands
TX:LNDU:INC_REFORESTATION_STRATEGY_CONDITIONAL,Area of Land Use Converted to Type,area_lndu_conversion_to_forests_secondary
TX:LNDU:INC_REFORESTATION_STRATEGY_CONDITIONAL,Area of Land Use Converted to Type,area_lndu_conversion_to_grasslands
TX:LNDU:INC_REFORESTATION_STRATEGY_CONDITIONAL,Area of Land Use Converted to Type,area_lndu_conversion_to_pastures
TX:LNDU:INC_REFORESTATION_STRATEGY_CONDITIONAL,Area of Land Use Converted to Type,area_lndu_conversion_to_settlements
TX:LNDU:INC_REFORESTATION_STRATEGY_CONDITIONAL,Area of Land Use Converted to Type,area_lndu_conversion_to_shrublands
TX:LNDU:INC_REFORESTATION_STRATEGY_CONDITIONAL,Land Use Area,area_lndu_croplands
TX:LNDU:INC_REFORESTATION_STRATEGY_CONDITIONAL,Land Use Area,area_lndu_forests_secondary
TX:LNDU:INC_REFORESTATION_STRATEGY_CONDITIONAL,Land Use Area,area_lndu_grasslands
TX:LNDU:INC_REFORESTATION_STRATEGY_CONDITIONAL,Area of Improved Land,area_lndu_improved_croplands
TX:LNDU:INC_REFORESTATION_STRATEGY_CONDITIONAL,Land Use Area,area_lndu_pastures
TX:LNDU:INC_REFORESTATION_STRATEGY_CONDITIONAL,Total Fertilizer N Use,demand_soil_fertilizer_n_kt
TX:LNDU:INC_REFORESTATION_STRATEGY_CONDITIONAL,Total Lime Use,demand_soil_lime_kt
TX:LNDU:INC_REFORESTATION_STRATEGY_CONDITIONAL,Synthetic Fertilizer N Use,demand_soil_synthetic_fertilizer_n_kt
TX:LNDU:INC_REFORESTATION_STRATEGY_CONDITIONAL,Total Urea Use,demand_soil_urea_kt
TX:LNDU:INC_REFORESTATION_STRATEGY_CONDITIONAL,:math:\text{CH}_4 Emissions from Biomass Burning,emission_co2e_ch4_agrc_biomass_burning
TX:LNDU:INC_REFORESTATION_STRATEGY_CONDITIONAL,:math:\text{CH}_4 Emissions from Forests,emission_co2e_ch4_frst_methane_secondary
TX:LNDU:INC_REFORESTATION_STRATEGY_CONDITIONAL,:math:\text{CH}_4 Emissions from Industrial Energy,emission_co2e_ch4_inen_agriculture_and_livestock
TX:LNDU:INC_REFORESTATION_STRATEGY_CONDITIONAL,:math:\text{CH}_4 Emissions from Manure Management,emission_co2e_ch4_lsmm_dry_lot
TX:LNDU:INC_REFORESTATION_STRATEGY_CONDITIONAL,:math:\text{CH}_4 Emissions from Manure Management,emission_co2e_ch4_lsmm_incineration
TX:LNDU:INC_REFORESTATION_STRATEGY_CONDITIONAL,:math:\text{CH}_4 Emissions from Livestock Enteric Fermentation,emission_co2e_ch4_lvst_entferm_cattle_dairy
TX:LNDU:INC_REFORESTATION_STRATEGY_CONDITIONAL,:math:\text{CH}_4 Emissions from Livestock Enteric Fermentation,emission_co2e_ch4_lvst_entferm_cattle_nondairy
TX:LNDU:INC_REFORESTATION_STRATEGY_CONDITIONAL,:math:\text{CH}_4 Emissions from Livestock Enteric Fermentation,emission_co2e_ch4_lvst_entferm_goats
TX:LNDU:INC_REFORESTATION_STRATEGY_CONDITIONAL,:math:\text{CH}_4 Emissions from Livestock Enteric Fermentation,emission_co2e_ch4_lvst_entferm_horses
TX:LNDU:INC_REFORESTATION_STRATEGY_CONDITIONAL,:math:\text{CH}_4 Emissions from Livestock Enteric Fermentation,emission_co2e_ch4_lvst_entferm_mules
TX:LNDU:INC_REFORESTATION_STRATEGY_CONDITIONAL,:math:\text{CH}_4 Emissions from Livestock Enteric Fermentation,emission_co2e_ch4_lvst_entferm_sheep
TX:LNDU:INC_REFORESTATION_STRATEGY_CONDITIONAL,:math:\text{CO}_2 Emissions from Biomass Carbon Stock Changes,emission_co2e_co2_agrc_biomass_fruits
TX:LNDU:INC_REFORESTATION_STRATEGY_CONDITIONAL,:math:\text{CO}_2 Emissions from Biomass Carbon Stock Changes,emission_co2e_co2_agrc_biomass_nuts
TX:LNDU:INC_REFORESTATION_STRATEGY_CONDITIONAL,:math:\text{CO}_2 Emissions from Forest Fires,emission_co2e_co2_frst_forest_fires
TX:LNDU:INC_REFORESTATION_STRATEGY_CONDITIONAL,:math:\text{CO}_2 Emissions from Forest Biomass Sequestration,emission_co2e_co2_frst_sequestration_secondary
TX:LNDU:INC_REFORESTATION_STRATEGY_CONDITIONAL,:math:\text{CO}_2 Biomass Emissions from Industrial Energy,emission_co2e_co2_inen_bmass_agriculture_and_livestock
TX:LNDU:INC_REFORESTATION_STRATEGY_CONDITIONAL,:math:\text{CO}_2 Non-Biomass Emissions from Industrial Energy,emission_co2e_co2_inen_nbmass_agriculture_and_livestock
TX:LNDU:INC_REFORESTATION_STRATEGY_CONDITIONAL,:math:\text{CO}_2 Emissions from Conversion Away from Land Use Type,emission_co2e_co2_lndu_conversion_away_forests_secondary
TX:LNDU:INC_REFORESTATION_STRATEGY_CONDITIONAL,:math:\text{CO}_2 Emissions from Conversion Away from Land Use Type,emission_co2e_co2_lndu_conversion_away_grasslands
TX:LNDU:INC_REFORESTATION_STRATEGY_CONDITIONAL,:math:\text{CO}_2 Emissions from Conversion Away from Land Use Type,emission_co2e_co2_lndu_conversion_away_pastures
TX:LNDU:INC_REFORESTATION_STRATEGY_CONDITIONAL,:math:\text{CO}_2 Emissions from Land Use Conversion,emission_co2e_co2_lndu_conversion_forests_secondary_to_croplands
TX:LNDU:INC_REFORESTATION_STRATEGY_CONDITIONAL,:math:\text{CO}_2 Emissions from Land Use Conversion,emission_co2e_co2_lndu_conversion_forests_secondary_to_other
TX:LNDU:INC_REFORESTATION_STRATEGY_CONDITIONAL,:math:\text{CO}_2 Emissions from Land Use Conversion,emission_co2e_co2_lndu_conversion_forests_secondary_to_pastures
TX:LNDU:INC_REFORESTATION_STRATEGY_CONDITIONAL,:math:\text{CO}_2 Emissions from Land Use Conversion,emission_co2e_co2_lndu_conversion_forests_secondary_to_shrublands
TX:LNDU:INC_REFORESTATION_STRATEGY_CONDITIONAL,:math:\text{CO}_2 Emissions from Land Use Conversion,emission_co2e_co2_lndu_conversion_grasslands_to_croplands
TX:LNDU:INC_REFORESTATION_STRATEGY_CONDITIONAL,:math:\text{CO}_2 Emissions from Land Use Conversion,emission_co2e_co2_lndu_conversion_grasslands_to_flooded
TX:LNDU:INC_REFORESTATION_STRATEGY_CONDITIONAL,:math:\text{CO}_2 Emissions from Land Use Conversion,emission_co2e_co2_lndu_conversion_grasslands_to_other
TX:LNDU:INC_REFORESTATION_STRATEGY_CONDITIONAL,:math:\text{CO}_2 Emissions from Land Use Conversion,emission_co2e_co2_lndu_conversion_pastures_to_croplands
TX:LNDU:INC_REFORESTATION_STRATEGY_CONDITIONAL,:math:\text{CO}_2 Emissions from Land Use Conversion,emission_co2e_co2_lndu_conversion_pastures_to_flooded
TX:LNDU:INC_REFORESTATION_STRATEGY_CONDITIONAL,:math:\text{CO}_2 Emissions from Land Use Conversion,emission_co2e_co2_lndu_conversion_pastures_to_other
TX:LNDU:INC_REFORESTATION_STRATEGY_CONDITIONAL,:math:\text{CO}_2 Emissions from Land Use Conversion,emission_co2e_co2_lndu_conversion_pastures_to_settlements
TX:LNDU:INC_REFORESTATION_STRATEGY_CONDITIONAL,:math:\text{CO}_2 Emissions from Lime,emission_co2e_co2_soil_lime_use
TX:LNDU:INC_REFORESTATION_STRATEGY_CONDITIONAL,:math:\text{CO}_2 Emissions from Soil Carbon in Mineral Soils,emission_co2e_co2_soil_soc_mineral_soils
TX:LNDU:INC_REFORESTATION_STRATEGY_CONDITIONAL,:math:\text{CO}_2 Emissions from Urea,emission_co2e_co2_soil_urea_use
TX:LNDU:INC_REFORESTATION_STRATEGY_CONDITIONAL,:math:\text{N}_2\text{O} Emissions from Biomass Burning,emission_co2e_n2o_agrc_biomass_burning
TX:LNDU:INC_REFORESTATION_STRATEGY_CONDITIONAL,:math:\text{N}_2\text{O} Emissions from Crop Residues,emission_co2e_n2o_agrc_crop_residues
TX:LNDU:INC_REFORESTATION_STRATEGY_CONDITIONAL,:math:\text{N}_2\text{O} Emissions from Industrial Energy,emission_co2e_n2o_inen_agriculture_and_livestock
TX:LNDU:INC_REFORESTATION_STRATEGY_CONDITIONAL,:math:\text{N}_2\text{O} Direct Emissions from Manure Management,emission_co2e_n2o_lsmm_direct_dry_lot
TX:LNDU:INC_REFORESTATION_STRATEGY_CONDITIONAL,:math:\text{N}_2\text{O} Indirect Emissions from Manure Management,emission_co2e_n2o_lsmm_indirect_dry_lot
TX:LNDU:INC_REFORESTATION_STRATEGY_CONDITIONAL,:math:\text{N}_2\text{O} Emissions from Fertilizer Use,emission_co2e_n2o_soil_fertilizer
TX:LNDU:INC_REFORESTATION_STRATEGY_CONDITIONAL,:math:\text{N}_2\text{O} Emissions from Mineral Soils,emission_co2e_n2o_soil_mineral_soils
TX:LNDU:INC_REFORESTATION_STRATEGY_CONDITIONAL,:math:\text{N}_2\text{O} Emissions from Organic Soils,emission_co2e_n2o_soil_organic_soils
TX:LNDU:INC_REFORESTATION_STRATEGY_CONDITIONAL,emission_co2e_subsector_total_agrc,emission_co2e_subsector_total_agrc
TX:LNDU:INC_REFORESTATION_STRATEGY_CONDITIONAL,emission_co2e_subsector_total_frst,emission_co2e_subsector_total_frst
TX:LNDU:INC_REFORESTATION_STRATEGY_CONDITIONAL,emission_co2e_subsector_total_inen,emission_co2e_subsector_total_inen
TX:LNDU:INC_REFORESTATION_STRATEGY_CONDITIONAL,emission_co2e_subsector_total_lndu,emission_co2e_subsector_total_lndu
TX:LNDU:INC_REFORESTATION_STRATEGY_CONDITIONAL,emission_co2e_subsector_total_lvst,emission_co2e_subsector_total_lvst
TX:LNDU:INC_REFORESTATION_STRATEGY_CONDITIONAL,emission_co2e_subsector_total_soil,emission_co2e_subsector_total_soil
TX:LNDU:INC_REFORESTATION_STRATEGY_CONDITIONAL,Electrical Energy Consumption from Industrial Energy,energy_consumption_electricity_inen_agriculture_and_livestock
TX:LNDU:INC_REFORESTATION_STRATEGY_CONDITIONAL,Energy Consumption from Industrial Energy,energy_consumption_inen_agriculture_and_livestock
TX:LNDU:INC_REFORESTATION_STRATEGY_CONDITIONAL,Total Energy Consumption from Industrial Energy,energy_consumption_inen_total
TX:LNDU:INC_REFORESTATION_STRATEGY_CONDITIONAL,Energy Demand by Fuel in Industrial Energy,energy_demand_enfu_subsector_total_pj_inen_fuel_biomass
TX:LNDU:INC_REFORESTATION_STRATEGY_CONDITIONAL,Energy Demand by Fuel in Industrial Energy,energy_demand_enfu_subsector_total_pj_inen_fuel_diesel
TX:LNDU:INC_REFORESTATION_STRATEGY_CONDITIONAL,Energy Demand by Fuel in Industrial Energy,energy_demand_enfu_subsector_total_pj_inen_fuel_gasoline
TX:LNDU:INC_REFORESTATION_STRATEGY_CONDITIONAL,Energy Demand by Fuel in Industrial Energy,energy_demand_enfu_subsector_total_pj_inen_fuel_oil
TX:LNDU:INC_REFORESTATION_STRATEGY_CONDITIONAL,Energy Demand by Fuel in Industrial Energy,energy_demand_enfu_subsector_total_pj_inen_fuel_solar
TX:LNDU:INC_REFORESTATION_STRATEGY_CONDITIONAL,Energy Demand in Industrial Energy,energy_demand_inen_agriculture_and_livestock
TX:LNDU:INC_REFORESTATION_STRATEGY_CONDITIONAL,Adjusted Agriculture Equivalent Exports,exportsadj_agrc_cereals_tonne
TX:LNDU:INC_REFORESTATION_STRATEGY_CONDITIONAL,Adjusted Agriculture Equivalent Exports,exportsadj_agrc_fruits_tonne
TX:LNDU:INC_REFORESTATION_STRATEGY_CONDITIONAL,Adjusted Agriculture Equivalent Exports,exportsadj_agrc_nuts_tonne
TX:LNDU:INC_REFORESTATION_STRATEGY_CONDITIONAL,Adjusted Agriculture Equivalent Exports,exportsadj_agrc_pulses_tonne
TX:LNDU:INC_REFORESTATION_STRATEGY_CONDITIONAL,Adjusted Agriculture Equivalent Exports,exportsadj_agrc_tubers_tonne
TX:LNDU:INC_REFORESTATION_STRATEGY_CONDITIONAL,Adjusted Agriculture Equivalent Exports,exportsadj_agrc_vegetables_and_vines_tonne
TX:LNDU:INC_REFORESTATION_STRATEGY_CONDITIONAL,Livestock Head Count,pop_lvst_cattle_dairy
TX:LNDU:INC_REFORESTATION_STRATEGY_CONDITIONAL,Livestock Head Count,pop_lvst_cattle_nondairy
TX:LNDU:INC_REFORESTATION_STRATEGY_CONDITIONAL,Livestock Head Count,pop_lvst_goats
TX:LNDU:INC_REFORESTATION_STRATEGY_CONDITIONAL,Livestock Head Count,pop_lvst_horses
TX:LNDU:INC_REFORESTATION_STRATEGY_CONDITIONAL,Livestock Head Count,pop_lvst_mules
TX:LNDU:INC_REFORESTATION_STRATEGY_CONDITIONAL,Livestock Head Count,pop_lvst_sheep
TX:LNDU:INC_REFORESTATION_STRATEGY_CONDITIONAL,Dung Incinerated,qty_lsmm_dung_to_incinerate_tonne
TX:LNDU:INC_REFORESTATION_STRATEGY_CONDITIONAL,Nitrogen Available for Fertilizer,qty_lsmm_n_to_fertilizer_dry_lot_kt
TX:LNDU:INC_REFORESTATION_STRATEGY_CONDITIONAL,Value of Fuel Consumed in Industrial Energy,totalvalue_enfu_fuel_consumed_inen_fuel_biomass
TX:LNDU:INC_REFORESTATION_STRATEGY_CONDITIONAL,Value of Fuel Consumed in Industrial Energy,totalvalue_enfu_fuel_consumed_inen_fuel_diesel
TX:LNDU:INC_REFORESTATION_STRATEGY_CONDITIONAL,Value of Fuel Consumed in Industrial Energy,totalvalue_enfu_fuel_consumed_inen_fuel_gasoline
TX:LNDU:INC_REFORESTATION_STRATEGY_CONDITIONAL,Value of Fuel Consumed in Industrial Energy,totalvalue_enfu_fuel_consumed_inen_fuel_oil
TX:LNDU:INC_REFORESTATION_STRATEGY_CONDITIONAL,Crop Yield,yield_agrc_cereals_tonne
TX:LNDU:INC_REFORESTATION_STRATEGY_CONDITIONAL,Crop Yield,yield_agrc_fruits_tonne
TX:LNDU:INC_REFORESTATION_STRATEGY_CONDITIONAL,Crop Yield,yield_agrc_nuts_tonne
TX:LNDU:INC_REFORESTATION_STRATEGY_CONDITIONAL,Crop Yield,yield_agrc_pulses_tonne
TX:LNDU:INC_REFORESTATION_STRATEGY_CONDITIONAL,Crop Yield,yield_agrc_tubers_tonne
TX:LNDU:INC_REFORESTATION_STRATEGY_CONDITIONAL,Crop Yield,yield_agrc_vegetables_and_vines_tonne
TX:LNDU:INC_REFORESTATION_STRATEGY_LEP,Area of Land Use Converted Away from Type,area_lndu_conversion_from_croplands
TX:LNDU:INC_REFORESTATION_STRATEGY_LEP,Area of Land Use Converted,area_lndu_conversion_from_croplands_to_croplands
TX:LNDU:INC_REFORESTATION_STRATEGY_LEP,Area of Land Use Converted,area_lndu_conversion_from_croplands_to_forests_secondary
TX:LNDU:INC_REFORESTATION_STRATEGY_LEP,Area of Land Use Converted,area_lndu_conversion_from_croplands_to_grasslands
TX:LNDU:INC_REFORESTATION_STRATEGY_LEP,Area of Land Use Converted,area_lndu_conversion_from_croplands_to_other
TX:LNDU:INC_REFORESTATION_STRATEGY_LEP,Area of Land Use Converted,area_lndu_conversion_from_croplands_to_pastures
TX:LNDU:INC_REFORESTATION_STRATEGY_LEP,Area of Land Use Converted,area_lndu_conversion_from_croplands_to_settlements
TX:LNDU:INC_REFORESTATION_STRATEGY_LEP,Area of Land Use Converted,area_lndu_conversion_from_croplands_to_shrublands
TX:LNDU:INC_REFORESTATION_STRATEGY_LEP,Area of Land Use Converted Away from Type,area_lndu_conversion_from_forests_secondary
TX:LNDU:INC_REFORESTATION_STRATEGY_LEP,Area of Land Use Converted,area_lndu_conversion_from_forests_secondary_to_croplands
TX:LNDU:INC_REFORESTATION_STRATEGY_LEP,Area of Land Use Converted,area_lndu_conversion_from_forests_secondary_to_forests_secondary
TX:LNDU:INC_REFORESTATION_STRATEGY_LEP,Area of Land Use Converted,area_lndu_conversion_from_forests_secondary_to_other
TX:LNDU:INC_REFORESTATION_STRATEGY_LEP,Area of Land Use Converted,area_lndu_conversion_from_forests_secondary_to_pastures
TX:LNDU:INC_REFORESTATION_STRATEGY_LEP,Area of Land Use Converted,area_lndu_conversion_from_forests_secondary_to_shrublands
TX:LNDU:INC_REFORESTATION_STRATEGY_LEP,Area of Land Use Converted Away from Type,area_lndu_conversion_from_other
TX:LNDU:INC_REFORESTATION_STRATEGY_LEP,Area of Land Use Converted,area_lndu_conversion_from_other_to_forests_secondary
TX:LNDU:INC_REFORESTATION_STRATEGY_LEP,Area of Land Use Converted to Type,area_lndu_conversion_to_forests_secondary
TX:LNDU:INC_REFORESTATION_STRATEGY_LEP,Land Use Area,area_lndu_forests_secondary
TX:LNDU:INC_REFORESTATION_STRATEGY_LEP,Synthetic Fertilizer N Use,demand_soil_synthetic_fertilizer_n_kt
TX:LNDU:INC_REFORESTATION_STRATEGY_LEP,Total Urea Use,demand_soil_urea_kt
TX:LNDU:INC_REFORESTATION_STRATEGY_LEP,:math:\text{CH}_4 Emissions from Forests,emission_co2e_ch4_frst_methane_secondary
TX:LNDU:INC_REFORESTATION_STRATEGY_LEP,:math:\text{CO}_2 Emissions from Forest Fires,emission_co2e_co2_frst_forest_fires
TX:LNDU:INC_REFORESTATION_STRATEGY_LEP,:math:\text{CO}_2 Emissions from Forest Biomass Sequestration,emission_co2e_co2_frst_sequestration_secondary
TX:LNDU:INC_REFORESTATION_STRATEGY_LEP,:math:\text{CO}_2 Emissions from Conversion Away from Land Use Type,emission_co2e_co2_lndu_conversion_away_forests_secondary
TX:LNDU:INC_REFORESTATION_STRATEGY_LEP,:math:\text{CO}_2 Emissions from Land Use Conversion,emission_co2e_co2_lndu_conversion_forests_secondary_to_croplands
TX:LNDU:INC_REFORESTATION_STRATEGY_LEP,:math:\text{CO}_2 Emissions from Land Use Conversion,emission_co2e_co2_lndu_conversion_forests_secondary_to_other
TX:LNDU:INC_REFORESTATION_STRATEGY_LEP,:math:\text{CO}_2 Emissions from Land Use Conversion,emission_co2e_co2_lndu_conversion_forests_secondary_to_pastures
TX:LNDU:INC_REFORESTATION_STRATEGY_LEP,:math:\text{CO}_2 Emissions from Land Use Conversion,emission_co2e_co2_lndu_conversion_forests_secondary_to_shrublands
TX:LNDU:INC_REFORESTATION_STRATEGY_LEP,:math:\text{CO}_2 Emissions from Soil Carbon in Mineral Soils,emission_co2e_co2_soil_soc_mineral_soils
TX:LNDU:INC_REFORESTATION_STRATEGY_LEP,:math:\text{CO}_2 Emissions from Urea,emission_co2e_co2_soil_urea_use
TX:LNDU:INC_REFORESTATION_STRATEGY_LEP,:math:\text{N}_2\text{O} Emissions from Mineral Soils,emission_co2e_n2o_soil_mineral_soils
TX:LNDU:INC_REFORESTATION_STRATEGY_LEP,:math:\text{N}_2\text{O} Emissions from Organic Soils,emission_co2e_n2o_soil_organic_soils
TX:LNDU:INC_REFORESTATION_STRATEGY_LEP,emission_co2e_subsector_total_frst,emission_co2e_subsector_total_frst
TX:LNDU:INC_REFORESTATION_STRATEGY_LEP,emission_co2e_subsector_total_lndu,emission_co2e_subsector_total_lndu
TX:LNDU:INC_REFORESTATION_STRATEGY_LEP,emission_co2e_subsector_total_soil,emission_co2e_subsector_total_soil
TX:LNDU:INC_REFORESTATION_STRATEGY_LEP,Adjusted Agriculture Equivalent Exports,exportsadj_agrc_cereals_tonne
TX:LNDU:INC_REFORESTATION_STRATEGY_LEP,Adjusted Agriculture Equivalent Exports,exportsadj_agrc_fruits_tonne
TX:LNDU:INC_REFORESTATION_STRATEGY_LEP,Adjusted Agriculture Equivalent Exports,exportsadj_agrc_nuts_tonne
TX:LNDU:INC_REFORESTATION_STRATEGY_LEP,Adjusted Agriculture Equivalent Exports,exportsadj_agrc_pulses_tonne
TX:LNDU:INC_REFORESTATION_STRATEGY_LEP,Adjusted Agriculture Equivalent Exports,exportsadj_agrc_tubers_tonne
TX:LNDU:INC_REFORESTATION_STRATEGY_LEP,Adjusted Agriculture Equivalent Exports,exportsadj_agrc_vegetables_and_vines_tonne
TX:LNDU:INC_REFORESTATION_STRATEGY_NDC,Crop Area,area_agrc_crops_cereals
TX:LNDU:INC_REFORESTATION_STRATEGY_NDC,Crop Area,area_agrc_crops_fruits
TX:LNDU:INC_REFORESTATION_STRATEGY_NDC,Crop Area,area_agrc_crops_nuts
TX:LNDU:INC_REFORESTATION_STRATEGY_NDC,Crop Area,area_agrc_crops_other_annual
TX:LNDU:INC_REFORESTATION_STRATEGY_NDC,Crop Area,area_agrc_crops_pulses
TX:LNDU:INC_REFORESTATION_STRATEGY_NDC,Crop Area,area_agrc_crops_tubers
TX:LNDU:INC_REFORESTATION_STRATEGY_NDC,Crop Area,area_agrc_crops_vegetables_and_vines
TX:LNDU:INC_REFORESTATION_STRATEGY_NDC,Area of Land Use Converted Away from Type,area_lndu_conversion_from_croplands
TX:LNDU:INC_REFORESTATION_STRATEGY_NDC,Area of Land Use Converted,area_lndu_conversion_from_croplands_to_croplands
TX:LNDU:INC_REFORESTATION_STRATEGY_NDC,Area of Land Use Converted,area_lndu_conversion_from_croplands_to_forests_secondary
TX:LNDU:INC_REFORESTATION_STRATEGY_NDC,Area of Land Use Converted,area_lndu_conversion_from_croplands_to_grasslands
TX:LNDU:INC_REFORESTATION_STRATEGY_NDC,Area of Land Use Converted,area_lndu_conversion_from_croplands_to_other
TX:LNDU:INC_REFORESTATION_STRATEGY_NDC,Area of Land Use Converted,area_lndu_conversion_from_croplands_to_pastures
TX:LNDU:INC_REFORESTATION_STRATEGY_NDC,Area of Land Use Converted,area_lndu_conversion_from_croplands_to_settlements
TX:LNDU:INC_REFORESTATION_STRATEGY_NDC,Area of Land Use Converted,area_lndu_conversion_from_croplands_to_shrublands
TX:LNDU:INC_REFORESTATION_STRATEGY_NDC,Area of Land Use Converted Away from Type,area_lndu_conversion_from_forests_secondary
TX:LNDU:INC_REFORESTATION_STRATEGY_NDC,Area of Land Use Converted,area_lndu_conversion_from_forests_secondary_to_croplands
TX:LNDU:INC_REFORESTATION_STRATEGY_NDC,Area of Land Use Converted,area_lndu_conversion_from_forests_secondary_to_forests_secondary
TX:LNDU:INC_REFORESTATION_STRATEGY_NDC,Area of Land Use Converted,area_lndu_conversion_from_forests_secondary_to_other
TX:LNDU:INC_REFORESTATION_STRATEGY_NDC,Area of Land Use Converted,area_lndu_conversion_from_forests_secondary_to_pastures
TX:LNDU:INC_REFORESTATION_STRATEGY_NDC,Area of Land Use Converted,area_lndu_conversion_from_forests_secondary_to_shrublands
TX:LNDU:INC_REFORESTATION_STRATEGY_NDC,Area of Land Use Converted Away from Type,area_lndu_conversion_from_other
TX:LNDU:INC_REFORESTATION_STRATEGY_NDC,Area of Land Use Converted,area_lndu_conversion_from_other_to_forests_secondary
TX:LNDU:INC_REFORESTATION_STRATEGY_NDC,Area of Land Use Converted to Type,area_lndu_conversion_to_forests_secondary
TX:LNDU:INC_REFORESTATION_STRATEGY_NDC,Area of Land Use Converted to Type,area_lndu_conversion_to_grasslands
TX:LNDU:INC_REFORESTATION_STRATEGY_NDC,Area of Land Use Converted to Type,area_lndu_conversion_to_pastures
TX:LNDU:INC_REFORESTATION_STRATEGY_NDC,Land Use Area,area_lndu_croplands
TX:LNDU:INC_REFORESTATION_STRATEGY_NDC,Land Use Area,area_lndu_forests_secondary
TX:LNDU:INC_REFORESTATION_STRATEGY_NDC,Area of Improved Land,area_lndu_improved_croplands
TX:LNDU:INC_REFORESTATION_STRATEGY_NDC,Total Fertilizer N Use,demand_soil_fertilizer_n_kt
TX:LNDU:INC_REFORESTATION_STRATEGY_NDC,Total Lime Use,demand_soil_lime_kt
TX:LNDU:INC_REFORESTATION_STRATEGY_NDC,Synthetic Fertilizer N Use,demand_soil_synthetic_fertilizer_n_kt
TX:LNDU:INC_REFORESTATION_STRATEGY_NDC,Total Urea Use,demand_soil_urea_kt
TX:LNDU:INC_REFORESTATION_STRATEGY_NDC,:math:\text{CH}_4 Emissions from Biomass Burning,emission_co2e_ch4_agrc_biomass_burning
TX:LNDU:INC_REFORESTATION_STRATEGY_NDC,:math:\text{CH}_4 Emissions from Forests,emission_co2e_ch4_frst_methane_secondary
TX:LNDU:INC_REFORESTATION_STRATEGY_NDC,:math:\text{CH}_4 Emissions from Industrial Energy,emission_co2e_ch4_inen_agriculture_and_livestock
TX:LNDU:INC_REFORESTATION_STRATEGY_NDC,:math:\text{CH}_4 Emissions from Livestock Enteric Fermentation,emission_co2e_ch4_lvst_entferm_mules
TX:LNDU:INC_REFORESTATION_STRATEGY_NDC,:math:\text{CO}_2 Emissions from Biomass Carbon Stock Changes,emission_co2e_co2_agrc_biomass_fruits
TX:LNDU:INC_REFORESTATION_STRATEGY_NDC,:math:\text{CO}_2 Emissions from Biomass Carbon Stock Changes,emission_co2e_co2_agrc_biomass_nuts
TX:LNDU:INC_REFORESTATION_STRATEGY_NDC,:math:\text{CO}_2 Emissions from Forest Fires,emission_co2e_co2_frst_forest_fires
TX:LNDU:INC_REFORESTATION_STRATEGY_NDC,:math:\text{CO}_2 Emissions from Forest Biomass Sequestration,emission_co2e_co2_frst_sequestration_secondary
TX:LNDU:INC_REFORESTATION_STRATEGY_NDC,:math:\text{CO}_2 Biomass Emissions from Industrial Energy,emission_co2e_co2_inen_bmass_agriculture_and_livestock
TX:LNDU:INC_REFORESTATION_STRATEGY_NDC,:math:\text{CO}_2 Non-Biomass Emissions from Industrial Energy,emission_co2e_co2_inen_nbmass_agriculture_and_livestock
TX:LNDU:INC_REFORESTATION_STRATEGY_NDC,:math:\text{CO}_2 Emissions from Conversion Away from Land Use Type,emission_co2e_co2_lndu_conversion_away_forests_secondary
TX:LNDU:INC_REFORESTATION_STRATEGY_NDC,:math:\text{CO}_2 Emissions from Land Use Conversion,emission_co2e_co2_lndu_conversion_forests_secondary_to_croplands
TX:LNDU:INC_REFORESTATION_STRATEGY_NDC,:math:\text{CO}_2 Emissions from Land Use Conversion,emission_co2e_co2_lndu_conversion_forests_secondary_to_other
TX:LNDU:INC_REFORESTATION_STRATEGY_NDC,:math:\text{CO}_2 Emissions from Land Use Conversion,emission_co2e_co2_lndu_conversion_forests_secondary_to_pastures
TX:LNDU:INC_REFORESTATION_STRATEGY_NDC,:math:\text{CO}_2 Emissions from Land Use Conversion,emission_co2e_co2_lndu_conversion_forests_secondary_to_shrublands
TX:LNDU:INC_REFORESTATION_STRATEGY_NDC,:math:\text{CO}_2 Emissions from Lime,emission_co2e_co2_soil_lime_use
TX:LNDU:INC_REFORESTATION_STRATEGY_NDC,:math:\text{CO}_2 Emissions from Soil Carbon in Mineral Soils,emission_co2e_co2_soil_soc_mineral_soils
TX:LNDU:INC_REFORESTATION_STRATEGY_NDC,:math:\text{CO}_2 Emissions from Urea,emission_co2e_co2_soil_urea_use
TX:LNDU:INC_REFORESTATION_STRATEGY_NDC,:math:\text{N}_2\text{O} Emissions from Biomass Burning,emission_co2e_n2o_agrc_biomass_burning
TX:LNDU:INC_REFORESTATION_STRATEGY_NDC,:math:\text{N}_2\text{O} Emissions from Crop Residues,emission_co2e_n2o_agrc_crop_residues
TX:LNDU:INC_REFORESTATION_STRATEGY_NDC,:math:\text{N}_2\text{O} Emissions from Industrial Energy,emission_co2e_n2o_inen_agriculture_and_livestock
TX:LNDU:INC_REFORESTATION_STRATEGY_NDC,:math:\text{N}_2\text{O} Emissions from Fertilizer Use,emission_co2e_n2o_soil_fertilizer
TX:LNDU:INC_REFORESTATION_STRATEGY_NDC,:math:\text{N}_2\text{O} Emissions from Mineral Soils,emission_co2e_n2o_soil_mineral_soils
TX:LNDU:INC_REFORESTATION_STRATEGY_NDC,:math:\text{N}_2\text{O} Emissions from Organic Soils,emission_co2e_n2o_soil_organic_soils
TX:LNDU:INC_REFORESTATION_STRATEGY_NDC,emission_co2e_subsector_total_agrc,emission_co2e_subsector_total_agrc
TX:LNDU:INC_REFORESTATION_STRATEGY_NDC,emission_co2e_subsector_total_frst,emission_co2e_subsector_total_frst
TX:LNDU:INC_REFORESTATION_STRATEGY_NDC,emission_co2e_subsector_total_lndu,emission_co2e_subsector_total_lndu
TX:LNDU:INC_REFORESTATION_STRATEGY_NDC,emission_co2e_subsector_total_soil,emission_co2e_subsector_total_soil
TX:LNDU:INC_REFORESTATION_STRATEGY_NDC,Electrical Energy Consumption from Industrial Energy,energy_consumption_electricity_inen_agriculture_and_livestock
TX:LNDU:INC_REFORESTATION_STRATEGY_NDC,Energy Consumption from Industrial Energy,energy_consumption_inen_agriculture_and_livestock
TX:LNDU:INC_REFORESTATION_STRATEGY_NDC,Energy Demand by Fuel in Industrial Energy,energy_demand_enfu_subsector_total_pj_inen_fuel_diesel
TX:LNDU:INC_REFORESTATION_STRATEGY_NDC,Energy Demand by Fuel in Industrial Energy,energy_demand_enfu_subsector_total_pj_inen_fuel_gasoline
TX:LNDU:INC_REFORESTATION_STRATEGY_NDC,Energy Demand by Fuel in Industrial Energy,energy_demand_enfu_subsector_total_pj_inen_fuel_oil
TX:LNDU:INC_REFORESTATION_STRATEGY_NDC,Energy Demand by Fuel in Industrial Energy,energy_demand_enfu_subsector_total_pj_inen_fuel_solar
TX:LNDU:INC_REFORESTATION_STRATEGY_NDC,Energy Demand in Industrial Energy,energy_demand_inen_agriculture_and_livestock
TX:LNDU:INC_REFORESTATION_STRATEGY_NDC,Adjusted Agriculture Equivalent Exports,exportsadj_agrc_cereals_tonne
TX:LNDU:INC_REFORESTATION_STRATEGY_NDC,Adjusted Agriculture Equivalent Exports,exportsadj_agrc_fruits_tonne
TX:LNDU:INC_REFORESTATION_STRATEGY_NDC,Adjusted Agriculture Equivalent Exports,exportsadj_agrc_nuts_tonne
TX:LNDU:INC_REFORESTATION_STRATEGY_NDC,Adjusted Agriculture Equivalent Exports,exportsadj_agrc_pulses_tonne
TX:LNDU:INC_REFORESTATION_STRATEGY_NDC,Adjusted Agriculture Equivalent Exports,exportsadj_agrc_tubers_tonne
TX:LNDU:INC_REFORESTATION_STRATEGY_NDC,Adjusted Agriculture Equivalent Exports,exportsadj_agrc_vegetables_and_vines_tonne
TX:LNDU:INC_REFORESTATION_STRATEGY_NDC,Livestock Head Count,pop_lvst_mules
TX:LNDU:INC_REFORESTATION_STRATEGY_NDC,Value of Fuel Consumed in Industrial Energy,totalvalue_enfu_fuel_consumed_inen_fuel_diesel
TX:LNDU:INC_REFORESTATION_STRATEGY_NDC,Value of Fuel Consumed in Industrial Energy,totalvalue_enfu_fuel_consumed_inen_fuel_gasoline
TX:LNDU:INC_REFORESTATION_STRATEGY_NDC,Value of Fuel Consumed in Industrial Energy,totalvalue_enfu_fuel_consumed_inen_fuel_oil
TX:LNDU:INC_REFORESTATION_STRATEGY_NDC,Crop Yield,yield_agrc_cereals_tonne
TX:LNDU:INC_REFORESTATION_STRATEGY_NDC,Crop Yield,yield_agrc_fruits_tonne
TX:LNDU:INC_REFORESTATION_STRATEGY_NDC,Crop Yield,yield_agrc_nuts_tonne
TX:LNDU:INC_REFORESTATION_STRATEGY_NDC,Crop Yield,yield_agrc_pulses_tonne
TX:LNDU:INC_REFORESTATION_STRATEGY_NDC,Crop Yield,yield_agrc_tubers_tonne
TX:LNDU:INC_REFORESTATION_STRATEGY_NDC,Crop Yield,yield_agrc_vegetables_and_vines_tonne
TX:LNDU:INC_SILVOPASTURE,:math:\text{CO}_2 Emissions from Land Use Biomass Sequestration,emission_co2e_co2_lndu_biomass_sequestration_pastures
TX:LNDU:INC_SILVOPASTURE,emission_co2e_subsector_total_lndu,emission_co2e_subsector_total_lndu
TX:LNDU:PLUR,Crop Area,area_agrc_crops_cereals
TX:LNDU:PLUR,Crop Area,area_agrc_crops_fruits
TX:LNDU:PLUR,Crop Area,area_agrc_crops_nuts
TX:LNDU:PLUR,Crop Area,area_agrc_crops_other_annual
TX:LNDU:PLUR,Crop Area,area_agrc_crops_pulses
TX:LNDU:PLUR,Crop Area,area_agrc_crops_tubers
TX:LNDU:PLUR,Crop Area,area_agrc_crops_vegetables_and_vines
TX:LNDU:PLUR,Area of Land Use Converted Away from Type,area_lndu_conversion_from_croplands
TX:LNDU:PLUR,Area of Land Use Converted,area_lndu_conversion_from_croplands_to_croplands
TX:LNDU:PLUR,Area of Land Use Converted,area_lndu_conversion_from_croplands_to_forests_secondary
TX:LNDU:PLUR,Area of Land Use Converted,area_lndu_conversion_from_croplands_to_grasslands
TX:LNDU:PLUR,Area of Land Use Converted,area_lndu_conversion_from_croplands_to_other
TX:LNDU:PLUR,Area of Land Use Converted,area_lndu_conversion_from_croplands_to_pastures
TX:LNDU:PLUR,Area of Land Use Converted,area_lndu_conversion_from_croplands_to_settlements
TX:LNDU:PLUR,Area of Land Use Converted,area_lndu_conversion_from_croplands_to_shrublands
TX:LNDU:PLUR,Area of Land Use Converted Away from Type,area_lndu_conversion_from_flooded
TX:LNDU:PLUR,Area of Land Use Converted,area_lndu_conversion_from_flooded_to_flooded
TX:LNDU:PLUR,Area of Land Use Converted,area_lndu_conversion_from_flooded_to_other
TX:LNDU:PLUR,Area of Land Use Converted,area_lndu_conversion_from_flooded_to_settlements
TX:LNDU:PLUR,Area of Land Use Converted Away from Type,area_lndu_conversion_from_forests_secondary
TX:LNDU:PLUR,Area of Land Use Converted,area_lndu_conversion_from_forests_secondary_to_croplands
TX:LNDU:PLUR,Area of Land Use Converted,area_lndu_conversion_from_forests_secondary_to_forests_secondary
TX:LNDU:PLUR,Area of Land Use Converted,area_lndu_conversion_from_forests_secondary_to_other
TX:LNDU:PLUR,Area of Land Use Converted,area_lndu_conversion_from_forests_secondary_to_pastures
TX:LNDU:PLUR,Area of Land Use Converted,area_lndu_conversion_from_forests_secondary_to_shrublands
TX:LNDU:PLUR,Area of Land Use Converted Away from Type,area_lndu_conversion_from_grasslands
TX:LNDU:PLUR,Area of Land Use Converted,area_lndu_conversion_from_grasslands_to_croplands
TX:LNDU:PLUR,Area of Land Use Converted,area_lndu_conversion_from_grasslands_to_flooded
TX:LNDU:PLUR,Area of Land Use Converted,area_lndu_conversion_from_grasslands_to_grasslands
TX:LNDU:PLUR,Area of Land Use Converted,area_lndu_conversion_from_grasslands_to_other
TX:LNDU:PLUR,Area of Land Use Converted,area_lndu_conversion_from_grasslands_to_pastures
TX:LNDU:PLUR,Area of Land Use Converted,area_lndu_conversion_from_grasslands_to_shrublands
TX:LNDU:PLUR,Area of Land Use Converted Away from Type,area_lndu_conversion_from_other
TX:LNDU:PLUR,Area of Land Use Converted,area_lndu_conversion_from_other_to_croplands
TX:LNDU:PLUR,Area of Land Use Converted,area_lndu_conversion_from_other_to_flooded
TX:LNDU:PLUR,Area of Land Use Converted,area_lndu_conversion_from_other_to_forests_secondary
TX:LNDU:PLUR,Area of Land Use Converted,area_lndu_conversion_from_other_to_grasslands
TX:LNDU:PLUR,Area of Land Use Converted,area_lndu_conversion_from_other_to_other
TX:LNDU:PLUR,Area of Land Use Converted,area_lndu_conversion_from_other_to_pastures
TX:LNDU:PLUR,Area of Land Use Converted,area_lndu_conversion_from_other_to_settlements
TX:LNDU:PLUR,Area of Land Use Converted,area_lndu_conversion_from_other_to_shrublands
TX:LNDU:PLUR,Area of Land Use Converted Away from Type,area_lndu_conversion_from_pastures
TX:LNDU:PLUR,Area of Land Use Converted,area_lndu_conversion_from_pastures_to_croplands
TX:LNDU:PLUR,Area of Land Use Converted,area_lndu_conversion_from_pastures_to_flooded
TX:LNDU:PLUR,Area of Land Use Converted,area_lndu_conversion_from_pastures_to_grasslands
TX:LNDU:PLUR,Area of Land Use Converted,area_lndu_conversion_from_pastures_to_other
TX:LNDU:PLUR,Area of Land Use Converted,area_lndu_conversion_from_pastures_to_pastures
TX:LNDU:PLUR,Area of Land Use Converted,area_lndu_conversion_from_pastures_to_settlements
TX:LNDU:PLUR,Area of Land Use Converted,area_lndu_conversion_from_pastures_to_shrublands
TX:LNDU:PLUR,Area of Land Use Converted Away from Type,area_lndu_conversion_from_settlements
TX:LNDU:PLUR,Area of Land Use Converted,area_lndu_conversion_from_settlements_to_croplands
TX:LNDU:PLUR,Area of Land Use Converted,area_lndu_conversion_from_settlements_to_grasslands
TX:LNDU:PLUR,Area of Land Use Converted,area_lndu_conversion_from_settlements_to_other
TX:LNDU:PLUR,Area of Land Use Converted,area_lndu_conversion_from_settlements_to_pastures
TX:LNDU:PLUR,Area of Land Use Converted,area_lndu_conversion_from_settlements_to_settlements
TX:LNDU:PLUR,Area of Land Use Converted Away from Type,area_lndu_conversion_from_shrublands
TX:LNDU:PLUR,Area of Land Use Converted,area_lndu_conversion_from_shrublands_to_croplands
TX:LNDU:PLUR,Area of Land Use Converted,area_lndu_conversion_from_shrublands_to_forests_secondary
TX:LNDU:PLUR,Area of Land Use Converted,area_lndu_conversion_from_shrublands_to_grasslands
TX:LNDU:PLUR,Area of Land Use Converted,area_lndu_conversion_from_shrublands_to_other
TX:LNDU:PLUR,Area of Land Use Converted,area_lndu_conversion_from_shrublands_to_pastures
TX:LNDU:PLUR,Area of Land Use Converted,area_lndu_conversion_from_shrublands_to_shrublands
TX:LNDU:PLUR,Area of Land Use Converted to Type,area_lndu_conversion_to_croplands
TX:LNDU:PLUR,Area of Land Use Converted to Type,area_lndu_conversion_to_flooded
TX:LNDU:PLUR,Area of Land Use Converted to Type,area_lndu_conversion_to_forests_secondary
TX:LNDU:PLUR,Area of Land Use Converted to Type,area_lndu_conversion_to_grasslands
TX:LNDU:PLUR,Area of Land Use Converted to Type,area_lndu_conversion_to_other
TX:LNDU:PLUR,Area of Land Use Converted to Type,area_lndu_conversion_to_pastures
TX:LNDU:PLUR,Area of Land Use Converted to Type,area_lndu_conversion_to_settlements
TX:LNDU:PLUR,Area of Land Use Converted to Type,area_lndu_conversion_to_shrublands
TX:LNDU:PLUR,Land Use Area,area_lndu_croplands
TX:LNDU:PLUR,Land Use Area,area_lndu_flooded
TX:LNDU:PLUR,Land Use Area,area_lndu_forests_secondary
TX:LNDU:PLUR,Land Use Area,area_lndu_grasslands
TX:LNDU:PLUR,Area of Improved Land,area_lndu_improved_croplands
TX:LNDU:PLUR,Land Use Area,area_lndu_other
TX:LNDU:PLUR,Land Use Area,area_lndu_pastures
TX:LNDU:PLUR,Land Use Area,area_lndu_settlements
TX:LNDU:PLUR,Land Use Area,area_lndu_shrublands
TX:LNDU:PLUR,Total Fertilizer N Use,demand_soil_fertilizer_n_kt
TX:LNDU:PLUR,Total Lime Use,demand_soil_lime_kt
TX:LNDU:PLUR,Organic Fertilizer N Use,demand_soil_organic_fertilizer_n_kt
TX:LNDU:PLUR,Synthetic Fertilizer N Use,demand_soil_synthetic_fertilizer_n_kt
TX:LNDU:PLUR,Total Urea Use,demand_soil_urea_kt
TX:LNDU:PLUR,:math:\text{CH}_4 Emissions from Biomass Burning,emission_co2e_ch4_agrc_biomass_burning
TX:LNDU:PLUR,:math:\text{CH}_4 Emissions from Forests,emission_co2e_ch4_frst_methane_secondary
TX:LNDU:PLUR,:math:\text{CH}_4 Emissions from Industrial Energy,emission_co2e_ch4_inen_agriculture_and_livestock
TX:LNDU:PLUR,:math:\text{CH}_4 Emissions from Manure Management,emission_co2e_ch4_lsmm_dry_lot
TX:LNDU:PLUR,:math:\text{CH}_4 Emissions from Manure Management,emission_co2e_ch4_lsmm_incineration
TX:LNDU:PLUR,:math:\text{CH}_4 Emissions from Manure Management,emission_co2e_ch4_lsmm_paddock_pasture_range
TX:LNDU:PLUR,:math:\text{CH}_4 Emissions from Manure Management,emission_co2e_ch4_lsmm_storage_solid
TX:LNDU:PLUR,:math:\text{CH}_4 Emissions from Livestock Enteric Fermentation,emission_co2e_ch4_lvst_entferm_cattle_dairy
TX:LNDU:PLUR,:math:\text{CH}_4 Emissions from Livestock Enteric Fermentation,emission_co2e_ch4_lvst_entferm_cattle_nondairy
TX:LNDU:PLUR,:math:\text{CH}_4 Emissions from Livestock Enteric Fermentation,emission_co2e_ch4_lvst_entferm_goats
TX:LNDU:PLUR,:math:\text{CH}_4 Emissions from Livestock Enteric Fermentation,emission_co2e_ch4_lvst_entferm_horses
TX:LNDU:PLUR,:math:\text{CH}_4 Emissions from Livestock Enteric Fermentation,emission_co2e_ch4_lvst_entferm_mules
TX:LNDU:PLUR,:math:\text{CH}_4 Emissions from Livestock Enteric Fermentation,emission_co2e_ch4_lvst_entferm_sheep
TX:LNDU:PLUR,:math:\text{CO}_2 Emissions from Biomass Carbon Stock Changes,emission_co2e_co2_agrc_biomass_fruits
TX:LNDU:PLUR,:math:\text{CO}_2 Emissions from Biomass Carbon Stock Changes,emission_co2e_co2_agrc_biomass_nuts
TX:LNDU:PLUR,:math:\text{CO}_2 Emissions from Forest Fires,emission_co2e_co2_frst_forest_fires
TX:LNDU:PLUR,:math:\text{CO}_2 Emissions from Forest Biomass Sequestration,emission_co2e_co2_frst_sequestration_secondary
TX:LNDU:PLUR,:math:\text{CO}_2 Biomass Emissions from Industrial Energy,emission_co2e_co2_inen_bmass_agriculture_and_livestock
TX:LNDU:PLUR,:math:\text{CO}_2 Non-Biomass Emissions from Industrial Energy,emission_co2e_co2_inen_nbmass_agriculture_and_livestock
TX:LNDU:PLUR,:math:\text{CO}_2 Emissions from Land Use Biomass Sequestration,emission_co2e_co2_lndu_biomass_sequestration_shrublands
TX:LNDU:PLUR,:math:\text{CO}_2 Emissions from Conversion Away from Land Use Type,emission_co2e_co2_lndu_conversion_away_forests_secondary
TX:LNDU:PLUR,:math:\text{CO}_2 Emissions from Conversion Away from Land Use Type,emission_co2e_co2_lndu_conversion_away_grasslands
TX:LNDU:PLUR,:math:\text{CO}_2 Emissions from Conversion Away from Land Use Type,emission_co2e_co2_lndu_conversion_away_pastures
TX:LNDU:PLUR,:math:\text{CO}_2 Emissions from Conversion Away from Land Use Type,emission_co2e_co2_lndu_conversion_away_shrublands
TX:LNDU:PLUR,:math:\text{CO}_2 Emissions from Land Use Conversion,emission_co2e_co2_lndu_conversion_forests_secondary_to_croplands
TX:LNDU:PLUR,:math:\text{CO}_2 Emissions from Land Use Conversion,emission_co2e_co2_lndu_conversion_forests_secondary_to_other
TX:LNDU:PLUR,:math:\text{CO}_2 Emissions from Land Use Conversion,emission_co2e_co2_lndu_conversion_forests_secondary_to_pastures
TX:LNDU:PLUR,:math:\text{CO}_2 Emissions from Land Use Conversion,emission_co2e_co2_lndu_conversion_forests_secondary_to_shrublands
TX:LNDU:PLUR,:math:\text{CO}_2 Emissions from Land Use Conversion,emission_co2e_co2_lndu_conversion_grasslands_to_croplands
TX:LNDU:PLUR,:math:\text{CO}_2 Emissions from Land Use Conversion,emission_co2e_co2_lndu_conversion_grasslands_to_flooded
TX:LNDU:PLUR,:math:\text{CO}_2 Emissions from Land Use Conversion,emission_co2e_co2_lndu_conversion_grasslands_to_other
TX:LNDU:PLUR,:math:\text{CO}_2 Emissions from Land Use Conversion,emission_co2e_co2_lndu_conversion_pastures_to_croplands
TX:LNDU:PLUR,:math:\text{CO}_2 Emissions from Land Use Conversion,emission_co2e_co2_lndu_conversion_pastures_to_flooded
TX:LNDU:PLUR,:math:\text{CO}_2 Emissions from Land Use Conversion,emission_co2e_co2_lndu_conversion_pastures_to_other
TX:LNDU:PLUR,:math:\text{CO}_2 Emissions from Land Use Conversion,emission_co2e_co2_lndu_conversion_pastures_to_settlements
TX:LNDU:PLUR,:math:\text{CO}_2 Emissions from Land Use Conversion,emission_co2e_co2_lndu_conversion_shrublands_to_croplands
TX:LNDU:PLUR,:math:\text{CO}_2 Emissions from Land Use Conversion,emission_co2e_co2_lndu_conversion_shrublands_to_grasslands
TX:LNDU:PLUR,:math:\text{CO}_2 Emissions from Land Use Conversion,emission_co2e_co2_lndu_conversion_shrublands_to_other
TX:LNDU:PLUR,:math:\text{CO}_2 Emissions from Land Use Conversion,emission_co2e_co2_lndu_conversion_shrublands_to_pastures
TX:LNDU:PLUR,:math:\text{CO}_2 Emissions from Lime,emission_co2e_co2_soil_lime_use
TX:LNDU:PLUR,:math:\text{CO}_2 Emissions from Soil Carbon in Mineral Soils,emission_co2e_co2_soil_soc_mineral_soils
TX:LNDU:PLUR,:math:\text{CO}_2 Emissions from Urea,emission_co2e_co2_soil_urea_use
TX:LNDU:PLUR,:math:\text{N}_2\text{O} Emissions from Biomass Burning,emission_co2e_n2o_agrc_biomass_burning
TX:LNDU:PLUR,:math:\text{N}_2\text{O} Emissions from Crop Residues,emission_co2e_n2o_agrc_crop_residues
TX:LNDU:PLUR,:math:\text{N}_2\text{O} Emissions from Industrial Energy,emission_co2e_n2o_inen_agriculture_and_livestock
TX:LNDU:PLUR,:math:\text{N}_2\text{O} Direct Emissions from Manure Management,emission_co2e_n2o_lsmm_direct_dry_lot
TX:LNDU:PLUR,:math:\text{N}_2\text{O} Direct Emissions from Manure Management,emission_co2e_n2o_lsmm_direct_storage_solid
TX:LNDU:PLUR,:math:\text{N}_2\text{O} Indirect Emissions from Manure Management,emission_co2e_n2o_lsmm_indirect_dry_lot
TX:LNDU:PLUR,:math:\text{N}_2\text{O} Indirect Emissions from Manure Management,emission_co2e_n2o_lsmm_indirect_storage_solid
TX:LNDU:PLUR,:math:\text{N}_2\text{O} Emissions from Fertilizer Use,emission_co2e_n2o_soil_fertilizer
TX:LNDU:PLUR,:math:\text{N}_2\text{O} Emissions from Mineral Soils,emission_co2e_n2o_soil_mineral_soils
TX:LNDU:PLUR,:math:\text{N}_2\text{O} Emissions from Organic Soils,emission_co2e_n2o_soil_organic_soils
TX:LNDU:PLUR,:math:\text{N}_2\text{O} Emissions from Paddock Pasture and Range,emission_co2e_n2o_soil_paddock_pasture_range
TX:LNDU:PLUR,emission_co2e_subsector_total_agrc,emission_co2e_subsector_total_agrc
TX:LNDU:PLUR,emission_co2e_subsector_total_frst,emission_co2e_subsector_total_frst
TX:LNDU:PLUR,emission_co2e_subsector_total_inen,emission_co2e_subsector_total_inen
TX:LNDU:PLUR,emission_co2e_subsector_total_lndu,emission_co2e_subsector_total_lndu
TX:LNDU:PLUR,emission_co2e_subsector_total_lsmm,emission_co2e_subsector_total_lsmm
TX:LNDU:PLUR,emission_co2e_subsector_total_lvst,emission_co2e_subsector_total_lvst
TX:LNDU:PLUR,emission_co2e_subsector_total_soil,emission_co2e_subsector_total_soil
TX:LNDU:PLUR,Electrical Energy Consumption from Industrial Energy,energy_consumption_electricity_inen_agriculture_and_livestock
TX:LNDU:PLUR,Total Electrical Energy Consumption from Industrial Energy,energy_consumption_electricity_inen_total
TX:LNDU:PLUR,Energy Consumption from Industrial Energy,energy_consumption_inen_agriculture_and_livestock
TX:LNDU:PLUR,Total Energy Consumption from Industrial Energy,energy_consumption_inen_total
TX:LNDU:PLUR,Energy Demand by Fuel in Industrial Energy,energy_demand_enfu_subsector_total_pj_inen_fuel_biomass
TX:LNDU:PLUR,Energy Demand by Fuel in Industrial Energy,energy_demand_enfu_subsector_total_pj_inen_fuel_coal
TX:LNDU:PLUR,Energy Demand by Fuel in Industrial Energy,energy_demand_enfu_subsector_total_pj_inen_fuel_coke
TX:LNDU:PLUR,Energy Demand by Fuel in Industrial Energy,energy_demand_enfu_subsector_total_pj_inen_fuel_diesel
TX:LNDU:PLUR,Energy Demand by Fuel in Industrial Energy,energy_demand_enfu_subsector_total_pj_inen_fuel_electricity
TX:LNDU:PLUR,Energy Demand by Fuel in Industrial Energy,energy_demand_enfu_subsector_total_pj_inen_fuel_furnace_gas
TX:LNDU:PLUR,Energy Demand by Fuel in Industrial Energy,energy_demand_enfu_subsector_total_pj_inen_fuel_gasoline
TX:LNDU:PLUR,Energy Demand by Fuel in Industrial Energy,energy_demand_enfu_subsector_total_pj_inen_fuel_natural_gas
TX:LNDU:PLUR,Energy Demand by Fuel in Industrial Energy,energy_demand_enfu_subsector_total_pj_inen_fuel_oil
TX:LNDU:PLUR,Energy Demand by Fuel in Industrial Energy,energy_demand_enfu_subsector_total_pj_inen_fuel_solar
TX:LNDU:PLUR,Energy Demand in Industrial Energy,energy_demand_inen_agriculture_and_livestock
TX:LNDU:PLUR,Adjusted Agriculture Equivalent Exports,exportsadj_agrc_cereals_tonne
TX:LNDU:PLUR,Adjusted Agriculture Equivalent Exports,exportsadj_agrc_fruits_tonne
TX:LNDU:PLUR,Adjusted Agriculture Equivalent Exports,exportsadj_agrc_nuts_tonne
TX:LNDU:PLUR,Adjusted Agriculture Equivalent Exports,exportsadj_agrc_pulses_tonne
TX:LNDU:PLUR,Adjusted Agriculture Equivalent Exports,exportsadj_agrc_tubers_tonne
TX:LNDU:PLUR,Adjusted Agriculture Equivalent Exports,exportsadj_agrc_vegetables_and_vines_tonne
TX:LNDU:PLUR,Cropland Area Proportion,frac_area_cropland_calculated_cereals
TX:LNDU:PLUR,Cropland Area Proportion,frac_area_cropland_calculated_fruits
TX:LNDU:PLUR,Cropland Area Proportion,frac_area_cropland_calculated_nuts
TX:LNDU:PLUR,Cropland Area Proportion,frac_area_cropland_calculated_other_annual
TX:LNDU:PLUR,Cropland Area Proportion,frac_area_cropland_calculated_pulses
TX:LNDU:PLUR,Cropland Area Proportion,frac_area_cropland_calculated_tubers
TX:LNDU:PLUR,Cropland Area Proportion,frac_area_cropland_calculated_vegetables_and_vines
TX:LNDU:PLUR,Adjusted Livestock Equivalent Imports,importssadj_lvst_cattle_dairy
TX:LNDU:PLUR,Adjusted Livestock Equivalent Imports,importssadj_lvst_cattle_nondairy
TX:LNDU:PLUR,Adjusted Livestock Equivalent Imports,importssadj_lvst_goats
TX:LNDU:PLUR,Adjusted Livestock Equivalent Imports,importssadj_lvst_horses
TX:LNDU:PLUR,Adjusted Livestock Equivalent Imports,importssadj_lvst_mules
TX:LNDU:PLUR,Adjusted Livestock Equivalent Imports,importssadj_lvst_sheep
TX:LNDU:PLUR,Livestock Head Count,pop_lvst_cattle_dairy
TX:LNDU:PLUR,Livestock Head Count,pop_lvst_cattle_nondairy
TX:LNDU:PLUR,Livestock Head Count,pop_lvst_goats
TX:LNDU:PLUR,Livestock Head Count,pop_lvst_horses
TX:LNDU:PLUR,Livestock Head Count,pop_lvst_mules
TX:LNDU:PLUR,Livestock Head Count,pop_lvst_sheep
TX:LNDU:PLUR,Dung Incinerated,qty_lsmm_dung_to_incinerate_tonne
TX:LNDU:PLUR,Nitrogen Available for Fertilizer,qty_lsmm_n_to_fertilizer_dry_lot_kt
TX:LNDU:PLUR,Nitrogen Available for Fertilizer,qty_lsmm_n_to_fertilizer_storage_solid_kt
TX:LNDU:PLUR,Total Nitrogen Available for Fertilizer from Dung,qty_lsmm_total_n_to_fertilizer_from_dung_kt
TX:LNDU:PLUR,Total Nitrogen Available for Fertilizer from Urine,qty_lsmm_total_n_to_fertilizer_from_urine_kt
TX:LNDU:PLUR,Total Nitrogen to Pastures,qty_lsmm_total_n_to_pastures_kt
TX:LNDU:PLUR,Total Nitrogen Available for Construction/Feed/Other,qty_lsmm_total_n_used_for_other_kt
TX:LNDU:PLUR,Total Domestic Animal Mass,qty_lvst_domestic_animal_mass_mt
TX:LNDU:PLUR,Value of Fuel Consumed in Industrial Energy,totalvalue_enfu_fuel_consumed_inen_fuel_biomass
TX:LNDU:PLUR,Value of Fuel Consumed in Industrial Energy,totalvalue_enfu_fuel_consumed_inen_fuel_coal
TX:LNDU:PLUR,Value of Fuel Consumed in Industrial Energy,totalvalue_enfu_fuel_consumed_inen_fuel_coke
TX:LNDU:PLUR,Value of Fuel Consumed in Industrial Energy,totalvalue_enfu_fuel_consumed_inen_fuel_diesel
TX:LNDU:PLUR,Value of Fuel Consumed in Industrial Energy,totalvalue_enfu_fuel_consumed_inen_fuel_electricity
TX:LNDU:PLUR,Value of Fuel Consumed in Industrial Energy,totalvalue_enfu_fuel_consumed_inen_fuel_furnace_gas
TX:LNDU:PLUR,Value of Fuel Consumed in Industrial Energy,totalvalue_enfu_fuel_consumed_inen_fuel_gasoline
TX:LNDU:PLUR,Value of Fuel Consumed in Industrial Energy,totalvalue_enfu_fuel_consumed_inen_fuel_natural_gas
TX:LNDU:PLUR,Value of Fuel Consumed in Industrial Energy,totalvalue_enfu_fuel_consumed_inen_fuel_oil
TX:LNDU:PLUR,Crop Yield,yield_agrc_cereals_tonne
TX:LNDU:PLUR,Crop Yield,yield_agrc_fruits_tonne
TX:LNDU:PLUR,Crop Yield,yield_agrc_nuts_tonne
TX:LNDU:PLUR,Crop Yield,yield_agrc_pulses_tonne
TX:LNDU:PLUR,Crop Yield,yield_agrc_tubers_tonne
TX:LNDU:PLUR,Crop Yield,yield_agrc_vegetables_and_vines_tonne
TX:LSMM:INC_CAPTURE_BIOGAS,:math:\text{CH}_4 Emissions from Manure Management,emission_co2e_ch4_lsmm_anaerobic_lagoon
TX:LSMM:INC_CAPTURE_BIOGAS,emission_co2e_subsector_total_lsmm,emission_co2e_subsector_total_lsmm
TX:LSMM:INC_CAPTURE_BIOGAS_STRATEGY_CONDITIONAL,:math:\text{CH}_4 Emissions from Manure Management,emission_co2e_ch4_lsmm_anaerobic_lagoon
TX:LSMM:INC_CAPTURE_BIOGAS_STRATEGY_CONDITIONAL,emission_co2e_subsector_total_lsmm,emission_co2e_subsector_total_lsmm
TX:LSMM:INC_MANAGEMENT_CATTLE_PIGS,Organic Fertilizer N Use,demand_soil_organic_fertilizer_n_kt
TX:LSMM:INC_MANAGEMENT_CATTLE_PIGS,:math:\text{CH}_4 Emissions from Manure Management,emission_co2e_ch4_lsmm_anaerobic_digester
TX:LSMM:INC_MANAGEMENT_CATTLE_PIGS,:math:\text{CH}_4 Emissions from Manure Management,emission_co2e_ch4_lsmm_composting
TX:LSMM:INC_MANAGEMENT_CATTLE_PIGS,:math:\text{CH}_4 Emissions from Manure Management,emission_co2e_ch4_lsmm_daily_spread
TX:LSMM:INC_MANAGEMENT_CATTLE_PIGS,:math:\text{CH}_4 Emissions from Manure Management,emission_co2e_ch4_lsmm_dry_lot
TX:LSMM:INC_MANAGEMENT_CATTLE_PIGS,:math:\text{CH}_4 Emissions from Manure Management,emission_co2e_ch4_lsmm_incineration
TX:LSMM:INC_MANAGEMENT_CATTLE_PIGS,:math:\text{CH}_4 Emissions from Manure Management,emission_co2e_ch4_lsmm_paddock_pasture_range
TX:LSMM:INC_MANAGEMENT_CATTLE_PIGS,:math:\text{CH}_4 Emissions from Manure Management,emission_co2e_ch4_lsmm_storage_solid
TX:LSMM:INC_MANAGEMENT_CATTLE_PIGS,:math:\text{N}_2\text{O} Direct Emissions from Manure Management,emission_co2e_n2o_lsmm_direct_anaerobic_digester
TX:LSMM:INC_MANAGEMENT_CATTLE_PIGS,:math:\text{N}_2\text{O} Direct Emissions from Manure Management,emission_co2e_n2o_lsmm_direct_composting
TX:LSMM:INC_MANAGEMENT_CATTLE_PIGS,:math:\text{N}_2\text{O} Direct Emissions from Manure Management,emission_co2e_n2o_lsmm_direct_dry_lot
TX:LSMM:INC_MANAGEMENT_CATTLE_PIGS,:math:\text{N}_2\text{O} Direct Emissions from Manure Management,emission_co2e_n2o_lsmm_direct_storage_solid
TX:LSMM:INC_MANAGEMENT_CATTLE_PIGS,:math:\text{N}_2\text{O} Indirect Emissions from Manure Management,emission_co2e_n2o_lsmm_indirect_anaerobic_digester
TX:LSMM:INC_MANAGEMENT_CATTLE_PIGS,:math:\text{N}_2\text{O} Indirect Emissions from Manure Management,emission_co2e_n2o_lsmm_indirect_composting
TX:LSMM:INC_MANAGEMENT_CATTLE_PIGS,:math:\text{N}_2\text{O} Indirect Emissions from Manure Management,emission_co2e_n2o_lsmm_indirect_daily_spread
TX:LSMM:INC_MANAGEMENT_CATTLE_PIGS,:math:\text{N}_2\text{O} Indirect Emissions from Manure Management,emission_co2e_n2o_lsmm_indirect_dry_lot
TX:LSMM:INC_MANAGEMENT_CATTLE_PIGS,:math:\text{N}_2\text{O} Indirect Emissions from Manure Management,emission_co2e_n2o_lsmm_indirect_storage_solid
TX:LSMM:INC_MANAGEMENT_CATTLE_PIGS,:math:\text{N}_2\text{O} Emissions from Paddock Pasture and Range,emission_co2e_n2o_soil_paddock_pasture_range
TX:LSMM:INC_MANAGEMENT_CATTLE_PIGS,emission_co2e_subsector_total_lsmm,emission_co2e_subsector_total_lsmm
TX:LSMM:INC_MANAGEMENT_CATTLE_PIGS,emission_co2e_subsector_total_soil,emission_co2e_subsector_total_soil
TX:LSMM:INC_MANAGEMENT_CATTLE_PIGS,LSMM Biogas Recovered from Anaerobic Digesters,gasrecovered_lsmm_biogass_anaerobic_digester_tonne
TX:LSMM:INC_MANAGEMENT_CATTLE_PIGS,Dung Incinerated,qty_lsmm_dung_to_incinerate_tonne
TX:LSMM:INC_MANAGEMENT_CATTLE_PIGS,Nitrogen Available for Fertilizer,qty_lsmm_n_to_fertilizer_daily_spread_kt
TX:LSMM:INC_MANAGEMENT_CATTLE_PIGS,Nitrogen Available for Fertilizer,qty_lsmm_n_to_fertilizer_dry_lot_kt
TX:LSMM:INC_MANAGEMENT_CATTLE_PIGS,Nitrogen Available for Fertilizer,qty_lsmm_n_to_fertilizer_storage_solid_kt
TX:LSMM:INC_MANAGEMENT_CATTLE_PIGS,Total Nitrogen Available for Fertilizer from Dung,qty_lsmm_total_n_to_fertilizer_from_dung_kt
TX:LSMM:INC_MANAGEMENT_CATTLE_PIGS,Total Nitrogen Available for Fertilizer from Urine,qty_lsmm_total_n_to_fertilizer_from_urine_kt
TX:LSMM:INC_MANAGEMENT_CATTLE_PIGS,Total Nitrogen to Pastures,qty_lsmm_total_n_to_pastures_kt
TX:LSMM:INC_MANAGEMENT_CATTLE_PIGS,Total Nitrogen Available for Construction/Feed/Other,qty_lsmm_total_n_used_for_other_kt
TX:LSMM:INC_MANAGEMENT_CATTLE_PIGS_STRATEGY_CONDITIONAL,Organic Fertilizer N Use,demand_soil_organic_fertilizer_n_kt
TX:LSMM:INC_MANAGEMENT_CATTLE_PIGS_STRATEGY_CONDITIONAL,:math:\text{CH}_4 Emissions from Manure Management,emission_co2e_ch4_lsmm_anaerobic_digester
TX:LSMM:INC_MANAGEMENT_CATTLE_PIGS_STRATEGY_CONDITIONAL,:math:\text{CH}_4 Emissions from Manure Management,emission_co2e_ch4_lsmm_composting
TX:LSMM:INC_MANAGEMENT_CATTLE_PIGS_STRATEGY_CONDITIONAL,:math:\text{CH}_4 Emissions from Manure Management,emission_co2e_ch4_lsmm_daily_spread
TX:LSMM:INC_MANAGEMENT_CATTLE_PIGS_STRATEGY_CONDITIONAL,:math:\text{CH}_4 Emissions from Manure Management,emission_co2e_ch4_lsmm_dry_lot
TX:LSMM:INC_MANAGEMENT_CATTLE_PIGS_STRATEGY_CONDITIONAL,:math:\text{CH}_4 Emissions from Manure Management,emission_co2e_ch4_lsmm_incineration
TX:LSMM:INC_MANAGEMENT_CATTLE_PIGS_STRATEGY_CONDITIONAL,:math:\text{CH}_4 Emissions from Manure Management,emission_co2e_ch4_lsmm_paddock_pasture_range
TX:LSMM:INC_MANAGEMENT_CATTLE_PIGS_STRATEGY_CONDITIONAL,:math:\text{CH}_4 Emissions from Manure Management,emission_co2e_ch4_lsmm_storage_solid
TX:LSMM:INC_MANAGEMENT_CATTLE_PIGS_STRATEGY_CONDITIONAL,:math:\text{N}_2\text{O} Direct Emissions from Manure Management,emission_co2e_n2o_lsmm_direct_anaerobic_digester
TX:LSMM:INC_MANAGEMENT_CATTLE_PIGS_STRATEGY_CONDITIONAL,:math:\text{N}_2\text{O} Direct Emissions from Manure Management,emission_co2e_n2o_lsmm_direct_composting
TX:LSMM:INC_MANAGEMENT_CATTLE_PIGS_STRATEGY_CONDITIONAL,:math:\text{N}_2\text{O} Direct Emissions from Manure Management,emission_co2e_n2o_lsmm_direct_dry_lot
TX:LSMM:INC_MANAGEMENT_CATTLE_PIGS_STRATEGY_CONDITIONAL,:math:\text{N}_2\text{O} Direct Emissions from Manure Management,emission_co2e_n2o_lsmm_direct_storage_solid
TX:LSMM:INC_MANAGEMENT_CATTLE_PIGS_STRATEGY_CONDITIONAL,:math:\text{N}_2\text{O} Indirect Emissions from Manure Management,emission_co2e_n2o_lsmm_indirect_anaerobic_digester
TX:LSMM:INC_MANAGEMENT_CATTLE_PIGS_STRATEGY_CONDITIONAL,:math:\text{N}_2\text{O} Indirect Emissions from Manure Management,emission_co2e_n2o_lsmm_indirect_composting
TX:LSMM:INC_MANAGEMENT_CATTLE_PIGS_STRATEGY_CONDITIONAL,:math:\text{N}_2\text{O} Indirect Emissions from Manure Management,emission_co2e_n2o_lsmm_indirect_daily_spread
TX:LSMM:INC_MANAGEMENT_CATTLE_PIGS_STRATEGY_CONDITIONAL,:math:\text{N}_2\text{O} Indirect Emissions from Manure Management,emission_co2e_n2o_lsmm_indirect_dry_lot
TX:LSMM:INC_MANAGEMENT_CATTLE_PIGS_STRATEGY_CONDITIONAL,:math:\text{N}_2\text{O} Indirect Emissions from Manure Management,emission_co2e_n2o_lsmm_indirect_storage_solid
TX:LSMM:INC_MANAGEMENT_CATTLE_PIGS_STRATEGY_CONDITIONAL,:math:\text{N}_2\text{O} Emissions from Paddock Pasture and Range,emission_co2e_n2o_soil_paddock_pasture_range
TX:LSMM:INC_MANAGEMENT_CATTLE_PIGS_STRATEGY_CONDITIONAL,emission_co2e_subsector_total_lsmm,emission_co2e_subsector_total_lsmm
TX:LSMM:INC_MANAGEMENT_CATTLE_PIGS_STRATEGY_CONDITIONAL,emission_co2e_subsector_total_soil,emission_co2e_subsector_total_soil
TX:LSMM:INC_MANAGEMENT_CATTLE_PIGS_STRATEGY_CONDITIONAL,LSMM Biogas Recovered from Anaerobic Digesters,gasrecovered_lsmm_biogass_anaerobic_digester_tonne
TX:LSMM:INC_MANAGEMENT_CATTLE_PIGS_STRATEGY_CONDITIONAL,Dung Incinerated,qty_lsmm_dung_to_incinerate_tonne
TX:LSMM:INC_MANAGEMENT_CATTLE_PIGS_STRATEGY_CONDITIONAL,Nitrogen Available for Fertilizer,qty_lsmm_n_to_fertilizer_daily_spread_kt
TX:LSMM:INC_MANAGEMENT_CATTLE_PIGS_STRATEGY_CONDITIONAL,Nitrogen Available for Fertilizer,qty_lsmm_n_to_fertilizer_dry_lot_kt
TX:LSMM:INC_MANAGEMENT_CATTLE_PIGS_STRATEGY_CONDITIONAL,Nitrogen Available for Fertilizer,qty_lsmm_n_to_fertilizer_storage_solid_kt
TX:LSMM:INC_MANAGEMENT_CATTLE_PIGS_STRATEGY_CONDITIONAL,Total Nitrogen Available for Fertilizer from Dung,qty_lsmm_total_n_to_fertilizer_from_dung_kt
TX:LSMM:INC_MANAGEMENT_CATTLE_PIGS_STRATEGY_CONDITIONAL,Total Nitrogen Available for Fertilizer from Urine,qty_lsmm_total_n_to_fertilizer_from_urine_kt
TX:LSMM:INC_MANAGEMENT_CATTLE_PIGS_STRATEGY_CONDITIONAL,Total Nitrogen to Pastures,qty_lsmm_total_n_to_pastures_kt
TX:LSMM:INC_MANAGEMENT_CATTLE_PIGS_STRATEGY_CONDITIONAL,Total Nitrogen Available for Construction/Feed/Other,qty_lsmm_total_n_used_for_other_kt
TX:LSMM:INC_MANAGEMENT_CATTLE_PIGS_STRATEGY_LEP,Organic Fertilizer N Use,demand_soil_organic_fertilizer_n_kt
TX:LSMM:INC_MANAGEMENT_CATTLE_PIGS_STRATEGY_LEP,:math:\text{CH}_4 Emissions from Manure Management,emission_co2e_ch4_lsmm_anaerobic_digester
TX:LSMM:INC_MANAGEMENT_CATTLE_PIGS_STRATEGY_LEP,:math:\text{CH}_4 Emissions from Manure Management,emission_co2e_ch4_lsmm_composting
TX:LSMM:INC_MANAGEMENT_CATTLE_PIGS_STRATEGY_LEP,:math:\text{CH}_4 Emissions from Manure Management,emission_co2e_ch4_lsmm_daily_spread
TX:LSMM:INC_MANAGEMENT_CATTLE_PIGS_STRATEGY_LEP,:math:\text{CH}_4 Emissions from Manure Management,emission_co2e_ch4_lsmm_dry_lot
TX:LSMM:INC_MANAGEMENT_CATTLE_PIGS_STRATEGY_LEP,:math:\text{CH}_4 Emissions from Manure Management,emission_co2e_ch4_lsmm_incineration
TX:LSMM:INC_MANAGEMENT_CATTLE_PIGS_STRATEGY_LEP,:math:\text{CH}_4 Emissions from Manure Management,emission_co2e_ch4_lsmm_paddock_pasture_range
TX:LSMM:INC_MANAGEMENT_CATTLE_PIGS_STRATEGY_LEP,:math:\text{CH}_4 Emissions from Manure Management,emission_co2e_ch4_lsmm_storage_solid
TX:LSMM:INC_MANAGEMENT_CATTLE_PIGS_STRATEGY_LEP,:math:\text{N}_2\text{O} Direct Emissions from Manure Management,emission_co2e_n2o_lsmm_direct_anaerobic_digester
TX:LSMM:INC_MANAGEMENT_CATTLE_PIGS_STRATEGY_LEP,:math:\text{N}_2\text{O} Direct Emissions from Manure Management,emission_co2e_n2o_lsmm_direct_composting
TX:LSMM:INC_MANAGEMENT_CATTLE_PIGS_STRATEGY_LEP,:math:\text{N}_2\text{O} Direct Emissions from Manure Management,emission_co2e_n2o_lsmm_direct_dry_lot
TX:LSMM:INC_MANAGEMENT_CATTLE_PIGS_STRATEGY_LEP,:math:\text{N}_2\text{O} Direct Emissions from Manure Management,emission_co2e_n2o_lsmm_direct_storage_solid
TX:LSMM:INC_MANAGEMENT_CATTLE_PIGS_STRATEGY_LEP,:math:\text{N}_2\text{O} Indirect Emissions from Manure Management,emission_co2e_n2o_lsmm_indirect_anaerobic_digester
TX:LSMM:INC_MANAGEMENT_CATTLE_PIGS_STRATEGY_LEP,:math:\text{N}_2\text{O} Indirect Emissions from Manure Management,emission_co2e_n2o_lsmm_indirect_composting
TX:LSMM:INC_MANAGEMENT_CATTLE_PIGS_STRATEGY_LEP,:math:\text{N}_2\text{O} Indirect Emissions from Manure Management,emission_co2e_n2o_lsmm_indirect_daily_spread
TX:LSMM:INC_MANAGEMENT_CATTLE_PIGS_STRATEGY_LEP,:math:\text{N}_2\text{O} Indirect Emissions from Manure Management,emission_co2e_n2o_lsmm_indirect_dry_lot
TX:LSMM:INC_MANAGEMENT_CATTLE_PIGS_STRATEGY_LEP,:math:\text{N}_2\text{O} Indirect Emissions from Manure Management,emission_co2e_n2o_lsmm_indirect_storage_solid
TX:LSMM:INC_MANAGEMENT_CATTLE_PIGS_STRATEGY_LEP,:math:\text{N}_2\text{O} Emissions from Paddock Pasture and Range,emission_co2e_n2o_soil_paddock_pasture_range
TX:LSMM:INC_MANAGEMENT_CATTLE_PIGS_STRATEGY_LEP,emission_co2e_subsector_total_lsmm,emission_co2e_subsector_total_lsmm
TX:LSMM:INC_MANAGEMENT_CATTLE_PIGS_STRATEGY_LEP,emission_co2e_subsector_total_soil,emission_co2e_subsector_total_soil
TX:LSMM:INC_MANAGEMENT_CATTLE_PIGS_STRATEGY_LEP,LSMM Biogas Recovered from Anaerobic Digesters,gasrecovered_lsmm_biogass_anaerobic_digester_tonne
TX:LSMM:INC_MANAGEMENT_CATTLE_PIGS_STRATEGY_LEP,Dung Incinerated,qty_lsmm_dung_to_incinerate_tonne
TX:LSMM:INC_MANAGEMENT_CATTLE_PIGS_STRATEGY_LEP,Nitrogen Available for Fertilizer,qty_lsmm_n_to_fertilizer_daily_spread_kt
TX:LSMM:INC_MANAGEMENT_CATTLE_PIGS_STRATEGY_LEP,Nitrogen Available for Fertilizer,qty_lsmm_n_to_fertilizer_dry_lot_kt
TX:LSMM:INC_MANAGEMENT_CATTLE_PIGS_STRATEGY_LEP,Nitrogen Available for Fertilizer,qty_lsmm_n_to_fertilizer_storage_solid_kt
TX:LSMM:INC_MANAGEMENT_CATTLE_PIGS_STRATEGY_LEP,Total Nitrogen Available for Fertilizer from Dung,qty_lsmm_total_n_to_fertilizer_from_dung_kt
TX:LSMM:INC_MANAGEMENT_CATTLE_PIGS_STRATEGY_LEP,Total Nitrogen Available for Fertilizer from Urine,qty_lsmm_total_n_to_fertilizer_from_urine_kt
TX:LSMM:INC_MANAGEMENT_CATTLE_PIGS_STRATEGY_LEP,Total Nitrogen to Pastures,qty_lsmm_total_n_to_pastures_kt
TX:LSMM:INC_MANAGEMENT_CATTLE_PIGS_STRATEGY_LEP,Total Nitrogen Available for Construction/Feed/Other,qty_lsmm_total_n_used_for_other_kt
TX:LSMM:INC_MANAGEMENT_CATTLE_PIGS_STRATEGY_NDC,Organic Fertilizer N Use,demand_soil_organic_fertilizer_n_kt
TX:LSMM:INC_MANAGEMENT_CATTLE_PIGS_STRATEGY_NDC,:math:\text{CH}_4 Emissions from Manure Management,emission_co2e_ch4_lsmm_anaerobic_digester
TX:LSMM:INC_MANAGEMENT_CATTLE_PIGS_STRATEGY_NDC,:math:\text{CH}_4 Emissions from Manure Management,emission_co2e_ch4_lsmm_composting
TX:LSMM:INC_MANAGEMENT_CATTLE_PIGS_STRATEGY_NDC,:math:\text{CH}_4 Emissions from Manure Management,emission_co2e_ch4_lsmm_daily_spread
TX:LSMM:INC_MANAGEMENT_CATTLE_PIGS_STRATEGY_NDC,:math:\text{CH}_4 Emissions from Manure Management,emission_co2e_ch4_lsmm_dry_lot
TX:LSMM:INC_MANAGEMENT_CATTLE_PIGS_STRATEGY_NDC,:math:\text{CH}_4 Emissions from Manure Management,emission_co2e_ch4_lsmm_incineration
TX:LSMM:INC_MANAGEMENT_CATTLE_PIGS_STRATEGY_NDC,:math:\text{CH}_4 Emissions from Manure Management,emission_co2e_ch4_lsmm_paddock_pasture_range
TX:LSMM:INC_MANAGEMENT_CATTLE_PIGS_STRATEGY_NDC,:math:\text{CH}_4 Emissions from Manure Management,emission_co2e_ch4_lsmm_storage_solid
TX:LSMM:INC_MANAGEMENT_CATTLE_PIGS_STRATEGY_NDC,:math:\text{N}_2\text{O} Direct Emissions from Manure Management,emission_co2e_n2o_lsmm_direct_anaerobic_digester
TX:LSMM:INC_MANAGEMENT_CATTLE_PIGS_STRATEGY_NDC,:math:\text{N}_2\text{O} Direct Emissions from Manure Management,emission_co2e_n2o_lsmm_direct_composting
TX:LSMM:INC_MANAGEMENT_CATTLE_PIGS_STRATEGY_NDC,:math:\text{N}_2\text{O} Direct Emissions from Manure Management,emission_co2e_n2o_lsmm_direct_dry_lot
TX:LSMM:INC_MANAGEMENT_CATTLE_PIGS_STRATEGY_NDC,:math:\text{N}_2\text{O} Direct Emissions from Manure Management,emission_co2e_n2o_lsmm_direct_storage_solid
TX:LSMM:INC_MANAGEMENT_CATTLE_PIGS_STRATEGY_NDC,:math:\text{N}_2\text{O} Indirect Emissions from Manure Management,emission_co2e_n2o_lsmm_indirect_anaerobic_digester
TX:LSMM:INC_MANAGEMENT_CATTLE_PIGS_STRATEGY_NDC,:math:\text{N}_2\text{O} Indirect Emissions from Manure Management,emission_co2e_n2o_lsmm_indirect_composting
TX:LSMM:INC_MANAGEMENT_CATTLE_PIGS_STRATEGY_NDC,:math:\text{N}_2\text{O} Indirect Emissions from Manure Management,emission_co2e_n2o_lsmm_indirect_daily_spread
TX:LSMM:INC_MANAGEMENT_CATTLE_PIGS_STRATEGY_NDC,:math:\text{N}_2\text{O} Indirect Emissions from Manure Management,emission_co2e_n2o_lsmm_indirect_dry_lot
TX:LSMM:INC_MANAGEMENT_CATTLE_PIGS_STRATEGY_NDC,:math:\text{N}_2\text{O} Indirect Emissions from Manure Management,emission_co2e_n2o_lsmm_indirect_storage_solid
TX:LSMM:INC_MANAGEMENT_CATTLE_PIGS_STRATEGY_NDC,:math:\text{N}_2\text{O} Emissions from Paddock Pasture and Range,emission_co2e_n2o_soil_paddock_pasture_range
TX:LSMM:INC_MANAGEMENT_CATTLE_PIGS_STRATEGY_NDC,emission_co2e_subsector_total_lsmm,emission_co2e_subsector_total_lsmm
TX:LSMM:INC_MANAGEMENT_CATTLE_PIGS_STRATEGY_NDC,emission_co2e_subsector_total_soil,emission_co2e_subsector_total_soil
TX:LSMM:INC_MANAGEMENT_CATTLE_PIGS_STRATEGY_NDC,LSMM Biogas Recovered from Anaerobic Digesters,gasrecovered_lsmm_biogass_anaerobic_digester_tonne
TX:LSMM:INC_MANAGEMENT_CATTLE_PIGS_STRATEGY_NDC,Dung Incinerated,qty_lsmm_dung_to_incinerate_tonne
TX:LSMM:INC_MANAGEMENT_CATTLE_PIGS_STRATEGY_NDC,Nitrogen Available for Fertilizer,qty_lsmm_n_to_fertilizer_daily_spread_kt
TX:LSMM:INC_MANAGEMENT_CATTLE_PIGS_STRATEGY_NDC,Nitrogen Available for Fertilizer,qty_lsmm_n_to_fertilizer_dry_lot_kt
TX:LSMM:INC_MANAGEMENT_CATTLE_PIGS_STRATEGY_NDC,Nitrogen Available for Fertilizer,qty_lsmm_n_to_fertilizer_storage_solid_kt
TX:LSMM:INC_MANAGEMENT_CATTLE_PIGS_STRATEGY_NDC,Total Nitrogen Available for Fertilizer from Dung,qty_lsmm_total_n_to_fertilizer_from_dung_kt
TX:LSMM:INC_MANAGEMENT_CATTLE_PIGS_STRATEGY_NDC,Total Nitrogen Available for Fertilizer from Urine,qty_lsmm_total_n_to_fertilizer_from_urine_kt
TX:LSMM:INC_MANAGEMENT_CATTLE_PIGS_STRATEGY_NDC,Total Nitrogen to Pastures,qty_lsmm_total_n_to_pastures_kt
TX:LSMM:INC_MANAGEMENT_CATTLE_PIGS_STRATEGY_NDC,Total Nitrogen Available for Construction/Feed/Other,qty_lsmm_total_n_used_for_other_kt
TX:LSMM:INC_MANAGEMENT_OTHER,:math:\text{CH}_4 Emissions from Manure Management,emission_co2e_ch4_lsmm_anaerobic_digester
TX:LSMM:INC_MANAGEMENT_OTHER,:math:\text{CH}_4 Emissions from Manure Management,emission_co2e_ch4_lsmm_composting
TX:LSMM:INC_MANAGEMENT_OTHER,:math:\text{CH}_4 Emissions from Manure Management,emission_co2e_ch4_lsmm_daily_spread
TX:LSMM:INC_MANAGEMENT_OTHER,:math:\text{CH}_4 Emissions from Manure Management,emission_co2e_ch4_lsmm_dry_lot
TX:LSMM:INC_MANAGEMENT_OTHER,:math:\text{CH}_4 Emissions from Manure Management,emission_co2e_ch4_lsmm_incineration
TX:LSMM:INC_MANAGEMENT_OTHER,:math:\text{CH}_4 Emissions from Manure Management,emission_co2e_ch4_lsmm_paddock_pasture_range
TX:LSMM:INC_MANAGEMENT_OTHER,:math:\text{CH}_4 Emissions from Manure Management,emission_co2e_ch4_lsmm_storage_solid
TX:LSMM:INC_MANAGEMENT_OTHER,:math:\text{N}_2\text{O} Direct Emissions from Manure Management,emission_co2e_n2o_lsmm_direct_anaerobic_digester
TX:LSMM:INC_MANAGEMENT_OTHER,:math:\text{N}_2\text{O} Direct Emissions from Manure Management,emission_co2e_n2o_lsmm_direct_composting
TX:LSMM:INC_MANAGEMENT_OTHER,:math:\text{N}_2\text{O} Direct Emissions from Manure Management,emission_co2e_n2o_lsmm_direct_dry_lot
TX:LSMM:INC_MANAGEMENT_OTHER,:math:\text{N}_2\text{O} Direct Emissions from Manure Management,emission_co2e_n2o_lsmm_direct_storage_solid
TX:LSMM:INC_MANAGEMENT_OTHER,:math:\text{N}_2\text{O} Indirect Emissions from Manure Management,emission_co2e_n2o_lsmm_indirect_anaerobic_digester
TX:LSMM:INC_MANAGEMENT_OTHER,:math:\text{N}_2\text{O} Indirect Emissions from Manure Management,emission_co2e_n2o_lsmm_indirect_composting
TX:LSMM:INC_MANAGEMENT_OTHER,:math:\text{N}_2\text{O} Indirect Emissions from Manure Management,emission_co2e_n2o_lsmm_indirect_daily_spread
TX:LSMM:INC_MANAGEMENT_OTHER,:math:\text{N}_2\text{O} Indirect Emissions from Manure Management,emission_co2e_n2o_lsmm_indirect_dry_lot
TX:LSMM:INC_MANAGEMENT_OTHER,:math:\text{N}_2\text{O} Indirect Emissions from Manure Management,emission_co2e_n2o_lsmm_indirect_storage_solid
TX:LSMM:INC_MANAGEMENT_OTHER,:math:\text{N}_2\text{O} Emissions from Paddock Pasture and Range,emission_co2e_n2o_soil_paddock_pasture_range
TX:LSMM:INC_MANAGEMENT_OTHER,emission_co2e_subsector_total_lsmm,emission_co2e_subsector_total_lsmm
TX:LSMM:INC_MANAGEMENT_OTHER,emission_co2e_subsector_total_soil,emission_co2e_subsector_total_soil
TX:LSMM:INC_MANAGEMENT_OTHER,LSMM Biogas Recovered from Anaerobic Digesters,gasrecovered_lsmm_biogass_anaerobic_digester_tonne
TX:LSMM:INC_MANAGEMENT_OTHER,Dung Incinerated,qty_lsmm_dung_to_incinerate_tonne
TX:LSMM:INC_MANAGEMENT_OTHER,Nitrogen Available for Fertilizer,qty_lsmm_n_to_fertilizer_daily_spread_kt
TX:LSMM:INC_MANAGEMENT_OTHER,Nitrogen Available for Fertilizer,qty_lsmm_n_to_fertilizer_dry_lot_kt
TX:LSMM:INC_MANAGEMENT_OTHER,Nitrogen Available for Fertilizer,qty_lsmm_n_to_fertilizer_storage_solid_kt
TX:LSMM:INC_MANAGEMENT_OTHER,Total Nitrogen to Pastures,qty_lsmm_total_n_to_pastures_kt
TX:LSMM:INC_MANAGEMENT_OTHER,Total Nitrogen Available for Construction/Feed/Other,qty_lsmm_total_n_used_for_other_kt
TX:LSMM:INC_MANAGEMENT_POULTRY,Organic Fertilizer N Use,demand_soil_organic_fertilizer_n_kt
TX:LSMM:INC_MANAGEMENT_POULTRY,Synthetic Fertilizer N Use,demand_soil_synthetic_fertilizer_n_kt
TX:LSMM:INC_MANAGEMENT_POULTRY,Total Urea Use,demand_soil_urea_kt
TX:LSMM:INC_MANAGEMENT_POULTRY,:math:\text{CH}_4 Emissions from Manure Management,emission_co2e_ch4_lsmm_anaerobic_digester
TX:LSMM:INC_MANAGEMENT_POULTRY,:math:\text{CH}_4 Emissions from Manure Management,emission_co2e_ch4_lsmm_anaerobic_lagoon
TX:LSMM:INC_MANAGEMENT_POULTRY,:math:\text{CH}_4 Emissions from Manure Management,emission_co2e_ch4_lsmm_daily_spread
TX:LSMM:INC_MANAGEMENT_POULTRY,:math:\text{CH}_4 Emissions from Manure Management,emission_co2e_ch4_lsmm_liquid_slurry
TX:LSMM:INC_MANAGEMENT_POULTRY,:math:\text{CH}_4 Emissions from Manure Management,emission_co2e_ch4_lsmm_paddock_pasture_range
TX:LSMM:INC_MANAGEMENT_POULTRY,:math:\text{CH}_4 Emissions from Manure Management,emission_co2e_ch4_lsmm_poultry_manure
TX:LSMM:INC_MANAGEMENT_POULTRY,:math:\text{CH}_4 Emissions from Manure Management,emission_co2e_ch4_lsmm_storage_solid
TX:LSMM:INC_MANAGEMENT_POULTRY,:math:\text{CO}_2 Emissions from Urea,emission_co2e_co2_soil_urea_use
TX:LSMM:INC_MANAGEMENT_POULTRY,:math:\text{N}_2\text{O} Direct Emissions from Manure Management,emission_co2e_n2o_lsmm_direct_anaerobic_digester
TX:LSMM:INC_MANAGEMENT_POULTRY,:math:\text{N}_2\text{O} Direct Emissions from Manure Management,emission_co2e_n2o_lsmm_direct_liquid_slurry
TX:LSMM:INC_MANAGEMENT_POULTRY,:math:\text{N}_2\text{O} Direct Emissions from Manure Management,emission_co2e_n2o_lsmm_direct_poultry_manure
TX:LSMM:INC_MANAGEMENT_POULTRY,:math:\text{N}_2\text{O} Direct Emissions from Manure Management,emission_co2e_n2o_lsmm_direct_storage_solid
TX:LSMM:INC_MANAGEMENT_POULTRY,:math:\text{N}_2\text{O} Indirect Emissions from Manure Management,emission_co2e_n2o_lsmm_indirect_anaerobic_digester
TX:LSMM:INC_MANAGEMENT_POULTRY,:math:\text{N}_2\text{O} Indirect Emissions from Manure Management,emission_co2e_n2o_lsmm_indirect_anaerobic_lagoon
TX:LSMM:INC_MANAGEMENT_POULTRY,:math:\text{N}_2\text{O} Indirect Emissions from Manure Management,emission_co2e_n2o_lsmm_indirect_daily_spread
TX:LSMM:INC_MANAGEMENT_POULTRY,:math:\text{N}_2\text{O} Indirect Emissions from Manure Management,emission_co2e_n2o_lsmm_indirect_liquid_slurry
TX:LSMM:INC_MANAGEMENT_POULTRY,:math:\text{N}_2\text{O} Indirect Emissions from Manure Management,emission_co2e_n2o_lsmm_indirect_poultry_manure
TX:LSMM:INC_MANAGEMENT_POULTRY,:math:\text{N}_2\text{O} Indirect Emissions from Manure Management,emission_co2e_n2o_lsmm_indirect_storage_solid
TX:LSMM:INC_MANAGEMENT_POULTRY,:math:\text{N}_2\text{O} Emissions from Fertilizer Use,emission_co2e_n2o_soil_fertilizer
TX:LSMM:INC_MANAGEMENT_POULTRY,:math:\text{N}_2\text{O} Emissions from Paddock Pasture and Range,emission_co2e_n2o_soil_paddock_pasture_range
TX:LSMM:INC_MANAGEMENT_POULTRY,emission_co2e_subsector_total_lsmm,emission_co2e_subsector_total_lsmm
TX:LSMM:INC_MANAGEMENT_POULTRY,emission_co2e_subsector_total_soil,emission_co2e_subsector_total_soil
TX:LSMM:INC_MANAGEMENT_POULTRY,LSMM Biogas Recovered from Anaerobic Digesters,gasrecovered_lsmm_biogass_anaerobic_digester_tonne
TX:LSMM:INC_MANAGEMENT_POULTRY,Nitrogen Available for Fertilizer,qty_lsmm_n_to_fertilizer_anaerobic_lagoon_kt
TX:LSMM:INC_MANAGEMENT_POULTRY,Nitrogen Available for Fertilizer,qty_lsmm_n_to_fertilizer_daily_spread_kt
TX:LSMM:INC_MANAGEMENT_POULTRY,Nitrogen Available for Fertilizer,qty_lsmm_n_to_fertilizer_liquid_slurry_kt
TX:LSMM:INC_MANAGEMENT_POULTRY,Nitrogen Available for Fertilizer,qty_lsmm_n_to_fertilizer_poultry_manure_kt
TX:LSMM:INC_MANAGEMENT_POULTRY,Nitrogen Available for Fertilizer,qty_lsmm_n_to_fertilizer_storage_solid_kt
TX:LSMM:INC_MANAGEMENT_POULTRY,Total Nitrogen Available for Fertilizer from Dung,qty_lsmm_total_n_to_fertilizer_from_dung_kt
TX:LSMM:INC_MANAGEMENT_POULTRY,Total Nitrogen Available for Fertilizer from Urine,qty_lsmm_total_n_to_fertilizer_from_urine_kt
TX:LSMM:INC_MANAGEMENT_POULTRY,Total Nitrogen to Pastures,qty_lsmm_total_n_to_pastures_kt
TX:LSMM:INC_MANAGEMENT_POULTRY,Total Nitrogen Available for Construction/Feed/Other,qty_lsmm_total_n_used_for_other_kt
TX:LVST:DEC_ENTERIC_FERMENTATION,:math:\text{CH}_4 Emissions from Livestock Enteric Fermentation,emission_co2e_ch4_lvst_entferm_cattle_dairy
TX:LVST:DEC_ENTERIC_FERMENTATION,:math:\text{CH}_4 Emissions from Livestock Enteric Fermentation,emission_co2e_ch4_lvst_entferm_cattle_nondairy
TX:LVST:DEC_ENTERIC_FERMENTATION,:math:\text{CH}_4 Emissions from Livestock Enteric Fermentation,emission_co2e_ch4_lvst_entferm_goats
TX:LVST:DEC_ENTERIC_FERMENTATION,:math:\text{CH}_4 Emissions from Livestock Enteric Fermentation,emission_co2e_ch4_lvst_entferm_sheep
TX:LVST:DEC_ENTERIC_FERMENTATION,emission_co2e_subsector_total_lvst,emission_co2e_subsector_total_lvst
TX:LVST:DEC_ENTERIC_FERMENTATION_STRATEGY_CONDITIONAL,:math:\text{CH}_4 Emissions from Livestock Enteric Fermentation,emission_co2e_ch4_lvst_entferm_cattle_dairy
TX:LVST:DEC_ENTERIC_FERMENTATION_STRATEGY_CONDITIONAL,:math:\text{CH}_4 Emissions from Livestock Enteric Fermentation,emission_co2e_ch4_lvst_entferm_cattle_nondairy
TX:LVST:DEC_ENTERIC_FERMENTATION_STRATEGY_CONDITIONAL,:math:\text{CH}_4 Emissions from Livestock Enteric Fermentation,emission_co2e_ch4_lvst_entferm_goats
TX:LVST:DEC_ENTERIC_FERMENTATION_STRATEGY_CONDITIONAL,:math:\text{CH}_4 Emissions from Livestock Enteric Fermentation,emission_co2e_ch4_lvst_entferm_sheep
TX:LVST:DEC_ENTERIC_FERMENTATION_STRATEGY_CONDITIONAL,emission_co2e_subsector_total_lvst,emission_co2e_subsector_total_lvst
TX:LVST:DEC_ENTERIC_FERMENTATION_STRATEGY_LEP,:math:\text{CH}_4 Emissions from Livestock Enteric Fermentation,emission_co2e_ch4_lvst_entferm_cattle_dairy
TX:LVST:DEC_ENTERIC_FERMENTATION_STRATEGY_LEP,:math:\text{CH}_4 Emissions from Livestock Enteric Fermentation,emission_co2e_ch4_lvst_entferm_cattle_nondairy
TX:LVST:DEC_ENTERIC_FERMENTATION_STRATEGY_LEP,:math:\text{CH}_4 Emissions from Livestock Enteric Fermentation,emission_co2e_ch4_lvst_entferm_goats
TX:LVST:DEC_ENTERIC_FERMENTATION_STRATEGY_LEP,:math:\text{CH}_4 Emissions from Livestock Enteric Fermentation,emission_co2e_ch4_lvst_entferm_sheep
TX:LVST:DEC_ENTERIC_FERMENTATION_STRATEGY_LEP,emission_co2e_subsector_total_lvst,emission_co2e_subsector_total_lvst
TX:LVST:DEC_ENTERIC_FERMENTATION_STRATEGY_NDC,:math:\text{CH}_4 Emissions from Livestock Enteric Fermentation,emission_co2e_ch4_lvst_entferm_cattle_dairy
TX:LVST:DEC_ENTERIC_FERMENTATION_STRATEGY_NDC,:math:\text{CH}_4 Emissions from Livestock Enteric Fermentation,emission_co2e_ch4_lvst_entferm_cattle_nondairy
TX:LVST:DEC_ENTERIC_FERMENTATION_STRATEGY_NDC,:math:\text{CH}_4 Emissions from Livestock Enteric Fermentation,emission_co2e_ch4_lvst_entferm_goats
TX:LVST:DEC_ENTERIC_FERMENTATION_STRATEGY_NDC,:math:\text{CH}_4 Emissions from Livestock Enteric Fermentation,emission_co2e_ch4_lvst_entferm_sheep
TX:LVST:DEC_ENTERIC_FERMENTATION_STRATEGY_NDC,emission_co2e_subsector_total_lvst,emission_co2e_subsector_total_lvst
TX:LVST:INC_PRODUCTIVITY,Organic Fertilizer N Use,demand_soil_organic_fertilizer_n_kt
TX:LVST:INC_PRODUCTIVITY,Synthetic Fertilizer N Use,demand_soil_synthetic_fertilizer_n_kt
TX:LVST:INC_PRODUCTIVITY,Total Urea Use,demand_soil_urea_kt
TX:LVST:INC_PRODUCTIVITY,:math:\text{CH}_4 Emissions from Industrial Energy,emission_co2e_ch4_inen_agriculture_and_livestock
TX:LVST:INC_PRODUCTIVITY,:math:\text{CH}_4 Emissions from Manure Management,emission_co2e_ch4_lsmm_dry_lot
TX:LVST:INC_PRODUCTIVITY,:math:\text{CH}_4 Emissions from Manure Management,emission_co2e_ch4_lsmm_incineration
TX:LVST:INC_PRODUCTIVITY,:math:\text{CH}_4 Emissions from Manure Management,emission_co2e_ch4_lsmm_paddock_pasture_range
TX:LVST:INC_PRODUCTIVITY,:math:\text{CH}_4 Emissions from Manure Management,emission_co2e_ch4_lsmm_storage_solid
TX:LVST:INC_PRODUCTIVITY,:math:\text{CH}_4 Emissions from Livestock Enteric Fermentation,emission_co2e_ch4_lvst_entferm_cattle_dairy
TX:LVST:INC_PRODUCTIVITY,:math:\text{CH}_4 Emissions from Livestock Enteric Fermentation,emission_co2e_ch4_lvst_entferm_cattle_nondairy
TX:LVST:INC_PRODUCTIVITY,:math:\text{CH}_4 Emissions from Livestock Enteric Fermentation,emission_co2e_ch4_lvst_entferm_goats
TX:LVST:INC_PRODUCTIVITY,:math:\text{CH}_4 Emissions from Livestock Enteric Fermentation,emission_co2e_ch4_lvst_entferm_horses
TX:LVST:INC_PRODUCTIVITY,:math:\text{CH}_4 Emissions from Livestock Enteric Fermentation,emission_co2e_ch4_lvst_entferm_mules
TX:LVST:INC_PRODUCTIVITY,:math:\text{CH}_4 Emissions from Livestock Enteric Fermentation,emission_co2e_ch4_lvst_entferm_sheep
TX:LVST:INC_PRODUCTIVITY,:math:\text{CO}_2 Biomass Emissions from Industrial Energy,emission_co2e_co2_inen_bmass_agriculture_and_livestock
TX:LVST:INC_PRODUCTIVITY,:math:\text{CO}_2 Non-Biomass Emissions from Industrial Energy,emission_co2e_co2_inen_nbmass_agriculture_and_livestock
TX:LVST:INC_PRODUCTIVITY,:math:\text{CO}_2 Emissions from Urea,emission_co2e_co2_soil_urea_use
TX:LVST:INC_PRODUCTIVITY,:math:\text{N}_2\text{O} Emissions from Industrial Energy,emission_co2e_n2o_inen_agriculture_and_livestock
TX:LVST:INC_PRODUCTIVITY,:math:\text{N}_2\text{O} Direct Emissions from Manure Management,emission_co2e_n2o_lsmm_direct_dry_lot
TX:LVST:INC_PRODUCTIVITY,:math:\text{N}_2\text{O} Direct Emissions from Manure Management,emission_co2e_n2o_lsmm_direct_storage_solid
TX:LVST:INC_PRODUCTIVITY,:math:\text{N}_2\text{O} Indirect Emissions from Manure Management,emission_co2e_n2o_lsmm_indirect_dry_lot
TX:LVST:INC_PRODUCTIVITY,:math:\text{N}_2\text{O} Indirect Emissions from Manure Management,emission_co2e_n2o_lsmm_indirect_storage_solid
TX:LVST:INC_PRODUCTIVITY,:math:\text{N}_2\text{O} Emissions from Paddock Pasture and Range,emission_co2e_n2o_soil_paddock_pasture_range
TX:LVST:INC_PRODUCTIVITY,emission_co2e_subsector_total_lsmm,emission_co2e_subsector_total_lsmm
TX:LVST:INC_PRODUCTIVITY,emission_co2e_subsector_total_lvst,emission_co2e_subsector_total_lvst
TX:LVST:INC_PRODUCTIVITY,emission_co2e_subsector_total_soil,emission_co2e_subsector_total_soil
TX:LVST:INC_PRODUCTIVITY,Electrical Energy Consumption from Industrial Energy,energy_consumption_electricity_inen_agriculture_and_livestock
TX:LVST:INC_PRODUCTIVITY,Energy Consumption from Industrial Energy,energy_consumption_inen_agriculture_and_livestock
TX:LVST:INC_PRODUCTIVITY,Energy Demand by Fuel in Industrial Energy,energy_demand_enfu_subsector_total_pj_inen_fuel_diesel
TX:LVST:INC_PRODUCTIVITY,Energy Demand by Fuel in Industrial Energy,energy_demand_enfu_subsector_total_pj_inen_fuel_gasoline
TX:LVST:INC_PRODUCTIVITY,Energy Demand by Fuel in Industrial Energy,energy_demand_enfu_subsector_total_pj_inen_fuel_oil
TX:LVST:INC_PRODUCTIVITY,Energy Demand by Fuel in Industrial Energy,energy_demand_enfu_subsector_total_pj_inen_fuel_solar
TX:LVST:INC_PRODUCTIVITY,Energy Demand in Industrial Energy,energy_demand_inen_agriculture_and_livestock
TX:LVST:INC_PRODUCTIVITY,Adjusted Livestock Equivalent Imports,importssadj_lvst_cattle_dairy
TX:LVST:INC_PRODUCTIVITY,Adjusted Livestock Equivalent Imports,importssadj_lvst_cattle_nondairy
TX:LVST:INC_PRODUCTIVITY,Adjusted Livestock Equivalent Imports,importssadj_lvst_goats
TX:LVST:INC_PRODUCTIVITY,Adjusted Livestock Equivalent Imports,importssadj_lvst_horses
TX:LVST:INC_PRODUCTIVITY,Adjusted Livestock Equivalent Imports,importssadj_lvst_mules
TX:LVST:INC_PRODUCTIVITY,Adjusted Livestock Equivalent Imports,importssadj_lvst_sheep
TX:LVST:INC_PRODUCTIVITY,Livestock Head Count,pop_lvst_cattle_dairy
TX:LVST:INC_PRODUCTIVITY,Livestock Head Count,pop_lvst_cattle_nondairy
TX:LVST:INC_PRODUCTIVITY,Livestock Head Count,pop_lvst_goats
TX:LVST:INC_PRODUCTIVITY,Livestock Head Count,pop_lvst_horses
TX:LVST:INC_PRODUCTIVITY,Livestock Head Count,pop_lvst_mules
TX:LVST:INC_PRODUCTIVITY,Livestock Head Count,pop_lvst_sheep
TX:LVST:INC_PRODUCTIVITY,Dung Incinerated,qty_lsmm_dung_to_incinerate_tonne
TX:LVST:INC_PRODUCTIVITY,Nitrogen Available for Fertilizer,qty_lsmm_n_to_fertilizer_dry_lot_kt
TX:LVST:INC_PRODUCTIVITY,Nitrogen Available for Fertilizer,qty_lsmm_n_to_fertilizer_storage_solid_kt
TX:LVST:INC_PRODUCTIVITY,Total Nitrogen Available for Fertilizer from Dung,qty_lsmm_total_n_to_fertilizer_from_dung_kt
TX:LVST:INC_PRODUCTIVITY,Total Nitrogen Available for Fertilizer from Urine,qty_lsmm_total_n_to_fertilizer_from_urine_kt
TX:LVST:INC_PRODUCTIVITY,Total Nitrogen to Pastures,qty_lsmm_total_n_to_pastures_kt
TX:LVST:INC_PRODUCTIVITY,Total Nitrogen Available for Construction/Feed/Other,qty_lsmm_total_n_used_for_other_kt
TX:LVST:INC_PRODUCTIVITY,Total Domestic Animal Mass,qty_lvst_domestic_animal_mass_mt
TX:LVST:INC_PRODUCTIVITY,Value of Fuel Consumed in Industrial Energy,totalvalue_enfu_fuel_consumed_inen_fuel_diesel
TX:LVST:INC_PRODUCTIVITY,Value of Fuel Consumed in Industrial Energy,totalvalue_enfu_fuel_consumed_inen_fuel_gasoline
TX:LVST:INC_PRODUCTIVITY,Value of Fuel Consumed in Industrial Energy,totalvalue_enfu_fuel_consumed_inen_fuel_oil
TX:PFLO:INC_HEALTHIER_DIETS,Crop Demand,demand_agrc_fruits_tonne
TX:PFLO:INC_HEALTHIER_DIETS,Crop Demand,demand_agrc_nuts_tonne
TX:PFLO:INC_HEALTHIER_DIETS,Crop Demand,demand_agrc_pulses_tonne
TX:PFLO:INC_HEALTHIER_DIETS,Crop Demand,demand_agrc_tubers_tonne
TX:PFLO:INC_HEALTHIER_DIETS,Crop Demand,demand_agrc_vegetables_and_vines_tonne
TX:PFLO:INC_HEALTHIER_DIETS,Livestock Demand,demand_lvst_cattle_dairy
TX:PFLO:INC_HEALTHIER_DIETS,Livestock Demand,demand_lvst_cattle_nondairy
TX:PFLO:INC_HEALTHIER_DIETS,Livestock Demand,demand_lvst_chickens
TX:PFLO:INC_HEALTHIER_DIETS,Livestock Demand,demand_lvst_goats
TX:PFLO:INC_HEALTHIER_DIETS,Livestock Demand,demand_lvst_horses
TX:PFLO:INC_HEALTHIER_DIETS,Livestock Demand,demand_lvst_mules
TX:PFLO:INC_HEALTHIER_DIETS,Livestock Demand,demand_lvst_sheep
TX:PFLO:INC_HEALTHIER_DIETS,Organic Fertilizer N Use,demand_soil_organic_fertilizer_n_kt
TX:PFLO:INC_HEALTHIER_DIETS,Synthetic Fertilizer N Use,demand_soil_synthetic_fertilizer_n_kt
TX:PFLO:INC_HEALTHIER_DIETS,Total Urea Use,demand_soil_urea_kt
TX:PFLO:INC_HEALTHIER_DIETS,:math:\text{CH}_4 Emissions from Industrial Energy,emission_co2e_ch4_inen_agriculture_and_livestock
TX:PFLO:INC_HEALTHIER_DIETS,:math:\text{CH}_4 Emissions from Manure Management,emission_co2e_ch4_lsmm_anaerobic_lagoon
TX:PFLO:INC_HEALTHIER_DIETS,:math:\text{CH}_4 Emissions from Manure Management,emission_co2e_ch4_lsmm_daily_spread
TX:PFLO:INC_HEALTHIER_DIETS,:math:\text{CH}_4 Emissions from Manure Management,emission_co2e_ch4_lsmm_liquid_slurry
TX:PFLO:INC_HEALTHIER_DIETS,:math:\text{CH}_4 Emissions from Manure Management,emission_co2e_ch4_lsmm_paddock_pasture_range
TX:PFLO:INC_HEALTHIER_DIETS,:math:\text{CH}_4 Emissions from Manure Management,emission_co2e_ch4_lsmm_poultry_manure
TX:PFLO:INC_HEALTHIER_DIETS,:math:\text{CH}_4 Emissions from Manure Management,emission_co2e_ch4_lsmm_storage_solid
TX:PFLO:INC_HEALTHIER_DIETS,:math:\text{CH}_4 Emissions from Anaerobic Biogas,emission_co2e_ch4_waso_biogas_food
TX:PFLO:INC_HEALTHIER_DIETS,:math:\text{CH}_4 Emissions from Composting,emission_co2e_ch4_waso_compost_food
TX:PFLO:INC_HEALTHIER_DIETS,:math:\text{CH}_4 Emissions from Incineration,emission_co2e_ch4_waso_incineration
TX:PFLO:INC_HEALTHIER_DIETS,:math:\text{CH}_4 Emissions from Open Dumping,emission_co2e_ch4_waso_open_dump_food
TX:PFLO:INC_HEALTHIER_DIETS,:math:\text{CO}_2 Biomass Emissions from Industrial Energy,emission_co2e_co2_inen_bmass_agriculture_and_livestock
TX:PFLO:INC_HEALTHIER_DIETS,:math:\text{CO}_2 Non-Biomass Emissions from Industrial Energy,emission_co2e_co2_inen_nbmass_agriculture_and_livestock
TX:PFLO:INC_HEALTHIER_DIETS,:math:\text{CO}_2 Emissions from Urea,emission_co2e_co2_soil_urea_use
TX:PFLO:INC_HEALTHIER_DIETS,:math:\text{N}_2\text{O} Emissions from Industrial Energy,emission_co2e_n2o_inen_agriculture_and_livestock
TX:PFLO:INC_HEALTHIER_DIETS,:math:\text{N}_2\text{O} Direct Emissions from Manure Management,emission_co2e_n2o_lsmm_direct_liquid_slurry
TX:PFLO:INC_HEALTHIER_DIETS,:math:\text{N}_2\text{O} Direct Emissions from Manure Management,emission_co2e_n2o_lsmm_direct_poultry_manure
TX:PFLO:INC_HEALTHIER_DIETS,:math:\text{N}_2\text{O} Direct Emissions from Manure Management,emission_co2e_n2o_lsmm_direct_storage_solid
TX:PFLO:INC_HEALTHIER_DIETS,:math:\text{N}_2\text{O} Indirect Emissions from Manure Management,emission_co2e_n2o_lsmm_indirect_anaerobic_lagoon
TX:PFLO:INC_HEALTHIER_DIETS,:math:\text{N}_2\text{O} Indirect Emissions from Manure Management,emission_co2e_n2o_lsmm_indirect_daily_spread
TX:PFLO:INC_HEALTHIER_DIETS,:math:\text{N}_2\text{O} Indirect Emissions from Manure Management,emission_co2e_n2o_lsmm_indirect_liquid_slurry
TX:PFLO:INC_HEALTHIER_DIETS,:math:\text{N}_2\text{O} Indirect Emissions from Manure Management,emission_co2e_n2o_lsmm_indirect_poultry_manure
TX:PFLO:INC_HEALTHIER_DIETS,:math:\text{N}_2\text{O} Indirect Emissions from Manure Management,emission_co2e_n2o_lsmm_indirect_storage_solid
TX:PFLO:INC_HEALTHIER_DIETS,:math:\text{N}_2\text{O} Emissions from Fertilizer Use,emission_co2e_n2o_soil_fertilizer
TX:PFLO:INC_HEALTHIER_DIETS,:math:\text{N}_2\text{O} Emissions from Paddock Pasture and Range,emission_co2e_n2o_soil_paddock_pasture_range
TX:PFLO:INC_HEALTHIER_DIETS,:math:\text{N}_2\text{O} Emissions from Wastewater Effluent,emission_co2e_n2o_trww_treated_secondary_aerobic_effluent
TX:PFLO:INC_HEALTHIER_DIETS,:math:\text{N}_2\text{O} Emissions from Wastewater Treatment,emission_co2e_n2o_trww_treated_secondary_aerobic_treatment
TX:PFLO:INC_HEALTHIER_DIETS,:math:\text{N}_2\text{O} Emissions from Wastewater Effluent,emission_co2e_n2o_trww_treated_secondary_anaerobic_effluent
TX:PFLO:INC_HEALTHIER_DIETS,:math:\text{N}_2\text{O} Emissions from Wastewater Treatment,emission_co2e_n2o_trww_treated_secondary_anaerobic_treatment
TX:PFLO:INC_HEALTHIER_DIETS,:math:\text{N}_2\text{O} Emissions from Wastewater Effluent,emission_co2e_n2o_trww_treated_septic_effluent
TX:PFLO:INC_HEALTHIER_DIETS,:math:\text{N}_2\text{O} Emissions from Wastewater Treatment,emission_co2e_n2o_trww_treated_septic_treatment
TX:PFLO:INC_HEALTHIER_DIETS,:math:\text{N}_2\text{O} Emissions from Wastewater Effluent,emission_co2e_n2o_trww_untreated_no_sewerage_effluent
TX:PFLO:INC_HEALTHIER_DIETS,:math:\text{N}_2\text{O} Emissions from Wastewater Treatment,emission_co2e_n2o_trww_untreated_no_sewerage_treatment
TX:PFLO:INC_HEALTHIER_DIETS,:math:\text{N}_2\text{O} Emissions from Wastewater Effluent,emission_co2e_n2o_trww_untreated_with_sewerage_effluent
TX:PFLO:INC_HEALTHIER_DIETS,:math:\text{N}_2\text{O} Emissions from Wastewater Treatment,emission_co2e_n2o_trww_untreated_with_sewerage_treatment
TX:PFLO:INC_HEALTHIER_DIETS,:math:\text{N}_2\text{O} Emissions from Composting,emission_co2e_n2o_waso_compost_food
TX:PFLO:INC_HEALTHIER_DIETS,:math:\text{N}_2\text{O} Emissions from Incineration,emission_co2e_n2o_waso_incineration
TX:PFLO:INC_HEALTHIER_DIETS,emission_co2e_subsector_total_inen,emission_co2e_subsector_total_inen
TX:PFLO:INC_HEALTHIER_DIETS,emission_co2e_subsector_total_lsmm,emission_co2e_subsector_total_lsmm
TX:PFLO:INC_HEALTHIER_DIETS,emission_co2e_subsector_total_soil,emission_co2e_subsector_total_soil
TX:PFLO:INC_HEALTHIER_DIETS,emission_co2e_subsector_total_trww,emission_co2e_subsector_total_trww
TX:PFLO:INC_HEALTHIER_DIETS,emission_co2e_subsector_total_waso,emission_co2e_subsector_total_waso
TX:PFLO:INC_HEALTHIER_DIETS,Electrical Energy Consumption from Industrial Energy,energy_consumption_electricity_inen_agriculture_and_livestock
TX:PFLO:INC_HEALTHIER_DIETS,Total Electrical Energy Consumption from Industrial Energy,energy_consumption_electricity_inen_total
TX:PFLO:INC_HEALTHIER_DIETS,Energy Consumption from Industrial Energy,energy_consumption_inen_agriculture_and_livestock
TX:PFLO:INC_HEALTHIER_DIETS,Total Energy Consumption from Industrial Energy,energy_consumption_inen_total
TX:PFLO:INC_HEALTHIER_DIETS,Energy Demand by Fuel in Industrial Energy,energy_demand_enfu_subsector_total_pj_inen_fuel_biomass
TX:PFLO:INC_HEALTHIER_DIETS,Energy Demand by Fuel in Industrial Energy,energy_demand_enfu_subsector_total_pj_inen_fuel_diesel
TX:PFLO:INC_HEALTHIER_DIETS,Energy Demand by Fuel in Industrial Energy,energy_demand_enfu_subsector_total_pj_inen_fuel_electricity
TX:PFLO:INC_HEALTHIER_DIETS,Energy Demand by Fuel in Industrial Energy,energy_demand_enfu_subsector_total_pj_inen_fuel_gasoline
TX:PFLO:INC_HEALTHIER_DIETS,Energy Demand by Fuel in Industrial Energy,energy_demand_enfu_subsector_total_pj_inen_fuel_oil
TX:PFLO:INC_HEALTHIER_DIETS,Energy Demand by Fuel in Industrial Energy,energy_demand_enfu_subsector_total_pj_inen_fuel_solar
TX:PFLO:INC_HEALTHIER_DIETS,Energy Demand in Industrial Energy,energy_demand_inen_agriculture_and_livestock
TX:PFLO:INC_HEALTHIER_DIETS,Adjusted Agriculture Equivalent Exports,exportsadj_agrc_fruits_tonne
TX:PFLO:INC_HEALTHIER_DIETS,Adjusted Agriculture Equivalent Exports,exportsadj_agrc_nuts_tonne
TX:PFLO:INC_HEALTHIER_DIETS,Adjusted Agriculture Equivalent Exports,exportsadj_agrc_pulses_tonne
TX:PFLO:INC_HEALTHIER_DIETS,Adjusted Agriculture Equivalent Exports,exportsadj_agrc_tubers_tonne
TX:PFLO:INC_HEALTHIER_DIETS,Adjusted Agriculture Equivalent Exports,exportsadj_agrc_vegetables_and_vines_tonne
TX:PFLO:INC_HEALTHIER_DIETS,Biogas Recovered from Anaerobic Facilities,gasrecovered_waso_biogas_anaerobic_tonne
TX:PFLO:INC_HEALTHIER_DIETS,Adjusted Agriculture Equivalent Imports,importssadj_agrc_fruits_tonne
TX:PFLO:INC_HEALTHIER_DIETS,Adjusted Agriculture Equivalent Imports,importssadj_agrc_nuts_tonne
TX:PFLO:INC_HEALTHIER_DIETS,Adjusted Livestock Equivalent Imports,importssadj_lvst_cattle_dairy
TX:PFLO:INC_HEALTHIER_DIETS,Adjusted Livestock Equivalent Imports,importssadj_lvst_cattle_nondairy
TX:PFLO:INC_HEALTHIER_DIETS,Adjusted Livestock Equivalent Imports,importssadj_lvst_chickens
TX:PFLO:INC_HEALTHIER_DIETS,Adjusted Livestock Equivalent Imports,importssadj_lvst_goats
TX:PFLO:INC_HEALTHIER_DIETS,Adjusted Livestock Equivalent Imports,importssadj_lvst_horses
TX:PFLO:INC_HEALTHIER_DIETS,Adjusted Livestock Equivalent Imports,importssadj_lvst_mules
TX:PFLO:INC_HEALTHIER_DIETS,Adjusted Livestock Equivalent Imports,importssadj_lvst_sheep
TX:PFLO:INC_HEALTHIER_DIETS,Livestock Head Count,pop_lvst_chickens
TX:PFLO:INC_HEALTHIER_DIETS,Total Food Loss Sent to Municipal Solid Waste,qty_agrc_food_produced_lost_sent_to_msw_tonne
TX:PFLO:INC_HEALTHIER_DIETS,Total Food Produced Lost Before Consumption,qty_agrc_total_food_produced_lost_tonne
TX:PFLO:INC_HEALTHIER_DIETS,Nitrogen Available for Fertilizer,qty_lsmm_n_to_fertilizer_anaerobic_lagoon_kt
TX:PFLO:INC_HEALTHIER_DIETS,Nitrogen Available for Fertilizer,qty_lsmm_n_to_fertilizer_daily_spread_kt
TX:PFLO:INC_HEALTHIER_DIETS,Nitrogen Available for Fertilizer,qty_lsmm_n_to_fertilizer_liquid_slurry_kt
TX:PFLO:INC_HEALTHIER_DIETS,Nitrogen Available for Fertilizer,qty_lsmm_n_to_fertilizer_poultry_manure_kt
TX:PFLO:INC_HEALTHIER_DIETS,Nitrogen Available for Fertilizer,qty_lsmm_n_to_fertilizer_storage_solid_kt
TX:PFLO:INC_HEALTHIER_DIETS,Total Nitrogen Available for Fertilizer from Dung,qty_lsmm_total_n_to_fertilizer_from_dung_kt
TX:PFLO:INC_HEALTHIER_DIETS,Total Nitrogen Available for Fertilizer from Urine,qty_lsmm_total_n_to_fertilizer_from_urine_kt
TX:PFLO:INC_HEALTHIER_DIETS,Total Nitrogen to Pastures,qty_lsmm_total_n_to_pastures_kt
TX:PFLO:INC_HEALTHIER_DIETS,Total Nitrogen Available for Construction/Feed/Other,qty_lsmm_total_n_used_for_other_kt
TX:PFLO:INC_HEALTHIER_DIETS,Total Domestic Animal Mass,qty_lvst_domestic_animal_mass_mt
TX:PFLO:INC_HEALTHIER_DIETS,Total Nitrogen in Effluent,qty_trww_n_in_effluent_tonne
TX:PFLO:INC_HEALTHIER_DIETS,Total Nitrogen Removed in Treatment,qty_trww_n_removed_tonne
TX:PFLO:INC_HEALTHIER_DIETS,Total Waste Anaerobic Biogas,qty_waso_biogas_food_tonne
TX:PFLO:INC_HEALTHIER_DIETS,Total Waste Composted,qty_waso_compost_food_tonne
TX:PFLO:INC_HEALTHIER_DIETS,Total Waste Incinerated,qty_waso_incinerated_food_tonne
TX:PFLO:INC_HEALTHIER_DIETS,Total MSW Recovered for Energy,qty_waso_msw_recovered_for_energy_incineration_tonne
TX:PFLO:INC_HEALTHIER_DIETS,Total Waste Open Dumped,qty_waso_open_dump_food_tonne
TX:PFLO:INC_HEALTHIER_DIETS,Total Solid Waste Produced,qty_waso_total_food_produced_tonne
TX:PFLO:INC_HEALTHIER_DIETS,Value of Fuel Consumed in Industrial Energy,totalvalue_enfu_fuel_consumed_inen_fuel_biomass
TX:PFLO:INC_HEALTHIER_DIETS,Value of Fuel Consumed in Industrial Energy,totalvalue_enfu_fuel_consumed_inen_fuel_diesel
TX:PFLO:INC_HEALTHIER_DIETS,Value of Fuel Consumed in Industrial Energy,totalvalue_enfu_fuel_consumed_inen_fuel_electricity
TX:PFLO:INC_HEALTHIER_DIETS,Value of Fuel Consumed in Industrial Energy,totalvalue_enfu_fuel_consumed_inen_fuel_gasoline
TX:PFLO:INC_HEALTHIER_DIETS,Value of Fuel Consumed in Industrial Energy,totalvalue_enfu_fuel_consumed_inen_fuel_oil
TX:PFLO:INC_IND_CCS,:math:\text{CO}_2 Biomass Emissions from Industrial Energy,emission_co2e_co2_inen_bmass_cement
TX:PFLO:INC_IND_CCS,:math:\text{CO}_2 Biomass Emissions from Industrial Energy,emission_co2e_co2_inen_bmass_chemicals
TX:PFLO:INC_IND_CCS,:math:\text{CO}_2 Biomass Emissions from Industrial Energy,emission_co2e_co2_inen_bmass_metals
TX:PFLO:INC_IND_CCS,:math:\text{CO}_2 Biomass Emissions from Industrial Energy,emission_co2e_co2_inen_bmass_plastic
TX:PFLO:INC_IND_CCS,:math:\text{CO}_2 Non-Biomass Emissions from Industrial Energy,emission_co2e_co2_inen_nbmass_cement
TX:PFLO:INC_IND_CCS,:math:\text{CO}_2 Non-Biomass Emissions from Industrial Energy,emission_co2e_co2_inen_nbmass_chemicals
TX:PFLO:INC_IND_CCS,:math:\text{CO}_2 Non-Biomass Emissions from Industrial Energy,emission_co2e_co2_inen_nbmass_metals
TX:PFLO:INC_IND_CCS,:math:\text{CO}_2 Non-Biomass Emissions from Industrial Energy,emission_co2e_co2_inen_nbmass_plastic
TX:PFLO:INC_IND_CCS,:math:\text{CO}_2 Emissions from Industrial Production Processes,emission_co2e_co2_ippu_production_cement
TX:PFLO:INC_IND_CCS,:math:\text{CO}_2 Emissions from Industrial Production Processes,emission_co2e_co2_ippu_production_chemicals
TX:PFLO:INC_IND_CCS,:math:\text{CO}_2 Emissions from Industrial Production Processes,emission_co2e_co2_ippu_production_metals
TX:PFLO:INC_IND_CCS,:math:\text{CO}_2 Emissions from Industrial Production Processes,emission_co2e_co2_ippu_production_plastic
TX:PFLO:INC_IND_CCS,emission_co2e_subsector_total_inen,emission_co2e_subsector_total_inen
TX:PFLO:INC_IND_CCS,emission_co2e_subsector_total_ippu,emission_co2e_subsector_total_ippu
TX:PFLO:INC_IND_CCS,:math:\text{CO}_2 Captured in Industrial Energy,gasrecovered_inen_mt_co2_capture_cement
TX:PFLO:INC_IND_CCS,:math:\text{CO}_2 Captured in Industrial Energy,gasrecovered_inen_mt_co2_capture_chemicals
TX:PFLO:INC_IND_CCS,:math:\text{CO}_2 Captured in Industrial Energy,gasrecovered_inen_mt_co2_capture_metals
TX:PFLO:INC_IND_CCS,:math:\text{CO}_2 Captured in Industrial Energy,gasrecovered_inen_mt_co2_capture_plastic
TX:PFLO:INC_IND_CCS,:math:\text{CO}_2 Captured in Industrial Processes and Product Use,gasrecovered_ippu_mt_co2_capture_cement
TX:PFLO:INC_IND_CCS,:math:\text{CO}_2 Captured in Industrial Processes and Product Use,gasrecovered_ippu_mt_co2_capture_chemicals
TX:PFLO:INC_IND_CCS,:math:\text{CO}_2 Captured in Industrial Processes and Product Use,gasrecovered_ippu_mt_co2_capture_metals
TX:PFLO:INC_IND_CCS,:math:\text{CO}_2 Captured in Industrial Processes and Product Use,gasrecovered_ippu_mt_co2_capture_plastic
TX:SCOE:DEC_DEMAND_HEAT,:math:\text{CH}_4 Emissions from SCOE,emission_co2e_ch4_scoe_residential
TX:SCOE:DEC_DEMAND_HEAT,:math:\text{CO}_2 Biomass Emissions from SCOE,emission_co2e_co2_scoe_bmass_residential
TX:SCOE:DEC_DEMAND_HEAT,:math:\text{CO}_2 Non-Biomass Emissions from SCOE,emission_co2e_co2_scoe_nbmass_residential
TX:SCOE:DEC_DEMAND_HEAT,:math:\text{N}_2\text{O} Emissions from SCOE,emission_co2e_n2o_scoe_residential
TX:SCOE:DEC_DEMAND_HEAT,emission_co2e_subsector_total_scoe,emission_co2e_subsector_total_scoe
TX:SCOE:DEC_DEMAND_HEAT,Electrical Energy Consumption from SCOE,energy_consumption_electricity_scoe_residential
TX:SCOE:DEC_DEMAND_HEAT,Total Electrical Energy Consumption from SCOE,energy_consumption_electricity_scoe_total
TX:SCOE:DEC_DEMAND_HEAT,Energy Consumption from SCOE,energy_consumption_scoe_residential
TX:SCOE:DEC_DEMAND_HEAT,Total Energy Consumption from SCOE,energy_consumption_scoe_total
TX:SCOE:DEC_DEMAND_HEAT,Energy Demand by Fuel in SCOE,energy_demand_enfu_subsector_total_pj_scoe_fuel_biomass
TX:SCOE:DEC_DEMAND_HEAT,Energy Demand by Fuel in SCOE,energy_demand_enfu_subsector_total_pj_scoe_fuel_coal
TX:SCOE:DEC_DEMAND_HEAT,Energy Demand by Fuel in SCOE,energy_demand_enfu_subsector_total_pj_scoe_fuel_diesel
TX:SCOE:DEC_DEMAND_HEAT,Energy Demand by Fuel in SCOE,energy_demand_enfu_subsector_total_pj_scoe_fuel_electricity
TX:SCOE:DEC_DEMAND_HEAT,Energy Demand by Fuel in SCOE,energy_demand_enfu_subsector_total_pj_scoe_fuel_gasoline
TX:SCOE:DEC_DEMAND_HEAT,Energy Demand by Fuel in SCOE,energy_demand_enfu_subsector_total_pj_scoe_fuel_hydrocarbon_gas_liquids
TX:SCOE:DEC_DEMAND_HEAT,Energy Demand by Fuel in SCOE,energy_demand_enfu_subsector_total_pj_scoe_fuel_kerosene
TX:SCOE:DEC_DEMAND_HEAT,Energy Demand by Fuel in SCOE,energy_demand_enfu_subsector_total_pj_scoe_fuel_natural_gas
TX:SCOE:DEC_DEMAND_HEAT,Value of Fuel Consumed in SCOE,totalvalue_enfu_fuel_consumed_scoe_fuel_biomass
TX:SCOE:DEC_DEMAND_HEAT,Value of Fuel Consumed in SCOE,totalvalue_enfu_fuel_consumed_scoe_fuel_coal
TX:SCOE:DEC_DEMAND_HEAT,Value of Fuel Consumed in SCOE,totalvalue_enfu_fuel_consumed_scoe_fuel_diesel
TX:SCOE:DEC_DEMAND_HEAT,Value of Fuel Consumed in SCOE,totalvalue_enfu_fuel_consumed_scoe_fuel_electricity
TX:SCOE:DEC_DEMAND_HEAT,Value of Fuel Consumed in SCOE,totalvalue_enfu_fuel_consumed_scoe_fuel_gasoline
TX:SCOE:DEC_DEMAND_HEAT,Value of Fuel Consumed in SCOE,totalvalue_enfu_fuel_consumed_scoe_fuel_hydrocarbon_gas_liquids
TX:SCOE:DEC_DEMAND_HEAT,Value of Fuel Consumed in SCOE,totalvalue_enfu_fuel_consumed_scoe_fuel_kerosene
TX:SCOE:DEC_DEMAND_HEAT,Value of Fuel Consumed in SCOE,totalvalue_enfu_fuel_consumed_scoe_fuel_natural_gas
TX:SCOE:DEC_DEMAND_HEAT_STRATEGY_CONDITIONAL,:math:\text{CH}_4 Emissions from SCOE,emission_co2e_ch4_scoe_residential
TX:SCOE:DEC_DEMAND_HEAT_STRATEGY_CONDITIONAL,:math:\text{CO}_2 Biomass Emissions from SCOE,emission_co2e_co2_scoe_bmass_residential
TX:SCOE:DEC_DEMAND_HEAT_STRATEGY_CONDITIONAL,:math:\text{CO}_2 Non-Biomass Emissions from SCOE,emission_co2e_co2_scoe_nbmass_residential
TX:SCOE:DEC_DEMAND_HEAT_STRATEGY_CONDITIONAL,:math:\text{N}_2\text{O} Emissions from SCOE,emission_co2e_n2o_scoe_residential
TX:SCOE:DEC_DEMAND_HEAT_STRATEGY_CONDITIONAL,emission_co2e_subsector_total_scoe,emission_co2e_subsector_total_scoe
TX:SCOE:DEC_DEMAND_HEAT_STRATEGY_CONDITIONAL,Electrical Energy Consumption from SCOE,energy_consumption_electricity_scoe_residential
TX:SCOE:DEC_DEMAND_HEAT_STRATEGY_CONDITIONAL,Total Electrical Energy Consumption from SCOE,energy_consumption_electricity_scoe_total
TX:SCOE:DEC_DEMAND_HEAT_STRATEGY_CONDITIONAL,Energy Consumption from SCOE,energy_consumption_scoe_residential
TX:SCOE:DEC_DEMAND_HEAT_STRATEGY_CONDITIONAL,Total Energy Consumption from SCOE,energy_consumption_scoe_total
TX:SCOE:DEC_DEMAND_HEAT_STRATEGY_CONDITIONAL,Energy Demand by Fuel in SCOE,energy_demand_enfu_subsector_total_pj_scoe_fuel_biomass
TX:SCOE:DEC_DEMAND_HEAT_STRATEGY_CONDITIONAL,Energy Demand by Fuel in SCOE,energy_demand_enfu_subsector_total_pj_scoe_fuel_coal
TX:SCOE:DEC_DEMAND_HEAT_STRATEGY_CONDITIONAL,Energy Demand by Fuel in SCOE,energy_demand_enfu_subsector_total_pj_scoe_fuel_diesel
TX:SCOE:DEC_DEMAND_HEAT_STRATEGY_CONDITIONAL,Energy Demand by Fuel in SCOE,energy_demand_enfu_subsector_total_pj_scoe_fuel_electricity
TX:SCOE:DEC_DEMAND_HEAT_STRATEGY_CONDITIONAL,Energy Demand by Fuel in SCOE,energy_demand_enfu_subsector_total_pj_scoe_fuel_gasoline
TX:SCOE:DEC_DEMAND_HEAT_STRATEGY_CONDITIONAL,Energy Demand by Fuel in SCOE,energy_demand_enfu_subsector_total_pj_scoe_fuel_hydrocarbon_gas_liquids
TX:SCOE:DEC_DEMAND_HEAT_STRATEGY_CONDITIONAL,Energy Demand by Fuel in SCOE,energy_demand_enfu_subsector_total_pj_scoe_fuel_kerosene
TX:SCOE:DEC_DEMAND_HEAT_STRATEGY_CONDITIONAL,Energy Demand by Fuel in SCOE,energy_demand_enfu_subsector_total_pj_scoe_fuel_natural_gas
TX:SCOE:DEC_DEMAND_HEAT_STRATEGY_CONDITIONAL,Value of Fuel Consumed in SCOE,totalvalue_enfu_fuel_consumed_scoe_fuel_biomass
TX:SCOE:DEC_DEMAND_HEAT_STRATEGY_CONDITIONAL,Value of Fuel Consumed in SCOE,totalvalue_enfu_fuel_consumed_scoe_fuel_coal
TX:SCOE:DEC_DEMAND_HEAT_STRATEGY_CONDITIONAL,Value of Fuel Consumed in SCOE,totalvalue_enfu_fuel_consumed_scoe_fuel_diesel
TX:SCOE:DEC_DEMAND_HEAT_STRATEGY_CONDITIONAL,Value of Fuel Consumed in SCOE,totalvalue_enfu_fuel_consumed_scoe_fuel_electricity
TX:SCOE:DEC_DEMAND_HEAT_STRATEGY_CONDITIONAL,Value of Fuel Consumed in SCOE,totalvalue_enfu_fuel_consumed_scoe_fuel_gasoline
TX:SCOE:DEC_DEMAND_HEAT_STRATEGY_CONDITIONAL,Value of Fuel Consumed in SCOE,totalvalue_enfu_fuel_consumed_scoe_fuel_hydrocarbon_gas_liquids
TX:SCOE:DEC_DEMAND_HEAT_STRATEGY_CONDITIONAL,Value of Fuel Consumed in SCOE,totalvalue_enfu_fuel_consumed_scoe_fuel_kerosene
TX:SCOE:DEC_DEMAND_HEAT_STRATEGY_CONDITIONAL,Value of Fuel Consumed in SCOE,totalvalue_enfu_fuel_consumed_scoe_fuel_natural_gas
TX:SCOE:DEC_DEMAND_HEAT_STRATEGY_LEP,:math:\text{CH}_4 Emissions from SCOE,emission_co2e_ch4_scoe_residential
TX:SCOE:DEC_DEMAND_HEAT_STRATEGY_LEP,:math:\text{CO}_2 Biomass Emissions from SCOE,emission_co2e_co2_scoe_bmass_residential
TX:SCOE:DEC_DEMAND_HEAT_STRATEGY_LEP,:math:\text{CO}_2 Non-Biomass Emissions from SCOE,emission_co2e_co2_scoe_nbmass_residential
TX:SCOE:DEC_DEMAND_HEAT_STRATEGY_LEP,:math:\text{N}_2\text{O} Emissions from SCOE,emission_co2e_n2o_scoe_residential
TX:SCOE:DEC_DEMAND_HEAT_STRATEGY_LEP,emission_co2e_subsector_total_scoe,emission_co2e_subsector_total_scoe
TX:SCOE:DEC_DEMAND_HEAT_STRATEGY_LEP,Energy Consumption from SCOE,energy_consumption_scoe_residential
TX:SCOE:DEC_DEMAND_HEAT_STRATEGY_LEP,Total Energy Consumption from SCOE,energy_consumption_scoe_total
TX:SCOE:DEC_DEMAND_HEAT_STRATEGY_LEP,Energy Demand by Fuel in SCOE,energy_demand_enfu_subsector_total_pj_scoe_fuel_biomass
TX:SCOE:DEC_DEMAND_HEAT_STRATEGY_LEP,Energy Demand by Fuel in SCOE,energy_demand_enfu_subsector_total_pj_scoe_fuel_coal
TX:SCOE:DEC_DEMAND_HEAT_STRATEGY_LEP,Energy Demand by Fuel in SCOE,energy_demand_enfu_subsector_total_pj_scoe_fuel_diesel
TX:SCOE:DEC_DEMAND_HEAT_STRATEGY_LEP,Energy Demand by Fuel in SCOE,energy_demand_enfu_subsector_total_pj_scoe_fuel_gasoline
TX:SCOE:DEC_DEMAND_HEAT_STRATEGY_LEP,Energy Demand by Fuel in SCOE,energy_demand_enfu_subsector_total_pj_scoe_fuel_hydrocarbon_gas_liquids
TX:SCOE:DEC_DEMAND_HEAT_STRATEGY_LEP,Energy Demand by Fuel in SCOE,energy_demand_enfu_subsector_total_pj_scoe_fuel_kerosene
TX:SCOE:DEC_DEMAND_HEAT_STRATEGY_LEP,Energy Demand by Fuel in SCOE,energy_demand_enfu_subsector_total_pj_scoe_fuel_natural_gas
TX:SCOE:DEC_DEMAND_HEAT_STRATEGY_LEP,Value of Fuel Consumed in SCOE,totalvalue_enfu_fuel_consumed_scoe_fuel_biomass
TX:SCOE:DEC_DEMAND_HEAT_STRATEGY_LEP,Value of Fuel Consumed in SCOE,totalvalue_enfu_fuel_consumed_scoe_fuel_coal
TX:SCOE:DEC_DEMAND_HEAT_STRATEGY_LEP,Value of Fuel Consumed in SCOE,totalvalue_enfu_fuel_consumed_scoe_fuel_diesel
TX:SCOE:DEC_DEMAND_HEAT_STRATEGY_LEP,Value of Fuel Consumed in SCOE,totalvalue_enfu_fuel_consumed_scoe_fuel_gasoline
TX:SCOE:DEC_DEMAND_HEAT_STRATEGY_LEP,Value of Fuel Consumed in SCOE,totalvalue_enfu_fuel_consumed_scoe_fuel_hydrocarbon_gas_liquids
TX:SCOE:DEC_DEMAND_HEAT_STRATEGY_LEP,Value of Fuel Consumed in SCOE,totalvalue_enfu_fuel_consumed_scoe_fuel_kerosene
TX:SCOE:DEC_DEMAND_HEAT_STRATEGY_LEP,Value of Fuel Consumed in SCOE,totalvalue_enfu_fuel_consumed_scoe_fuel_natural_gas
TX:SCOE:DEC_DEMAND_HEAT_STRATEGY_NDC,:math:\text{CH}_4 Emissions from SCOE,emission_co2e_ch4_scoe_residential
TX:SCOE:DEC_DEMAND_HEAT_STRATEGY_NDC,:math:\text{CO}_2 Biomass Emissions from SCOE,emission_co2e_co2_scoe_bmass_residential
TX:SCOE:DEC_DEMAND_HEAT_STRATEGY_NDC,:math:\text{CO}_2 Non-Biomass Emissions from SCOE,emission_co2e_co2_scoe_nbmass_residential
TX:SCOE:DEC_DEMAND_HEAT_STRATEGY_NDC,:math:\text{N}_2\text{O} Emissions from SCOE,emission_co2e_n2o_scoe_residential
TX:SCOE:DEC_DEMAND_HEAT_STRATEGY_NDC,emission_co2e_subsector_total_scoe,emission_co2e_subsector_total_scoe
TX:SCOE:DEC_DEMAND_HEAT_STRATEGY_NDC,Electrical Energy Consumption from SCOE,energy_consumption_electricity_scoe_residential
TX:SCOE:DEC_DEMAND_HEAT_STRATEGY_NDC,Energy Consumption from SCOE,energy_consumption_scoe_residential
TX:SCOE:DEC_DEMAND_HEAT_STRATEGY_NDC,Total Energy Consumption from SCOE,energy_consumption_scoe_total
TX:SCOE:DEC_DEMAND_HEAT_STRATEGY_NDC,Energy Demand by Fuel in SCOE,energy_demand_enfu_subsector_total_pj_scoe_fuel_biomass
TX:SCOE:DEC_DEMAND_HEAT_STRATEGY_NDC,Energy Demand by Fuel in SCOE,energy_demand_enfu_subsector_total_pj_scoe_fuel_coal
TX:SCOE:DEC_DEMAND_HEAT_STRATEGY_NDC,Energy Demand by Fuel in SCOE,energy_demand_enfu_subsector_total_pj_scoe_fuel_diesel
TX:SCOE:DEC_DEMAND_HEAT_STRATEGY_NDC,Energy Demand by Fuel in SCOE,energy_demand_enfu_subsector_total_pj_scoe_fuel_gasoline
TX:SCOE:DEC_DEMAND_HEAT_STRATEGY_NDC,Energy Demand by Fuel in SCOE,energy_demand_enfu_subsector_total_pj_scoe_fuel_hydrocarbon_gas_liquids
TX:SCOE:DEC_DEMAND_HEAT_STRATEGY_NDC,Energy Demand by Fuel in SCOE,energy_demand_enfu_subsector_total_pj_scoe_fuel_kerosene
TX:SCOE:DEC_DEMAND_HEAT_STRATEGY_NDC,Energy Demand by Fuel in SCOE,energy_demand_enfu_subsector_total_pj_scoe_fuel_natural_gas
TX:SCOE:DEC_DEMAND_HEAT_STRATEGY_NDC,Value of Fuel Consumed in SCOE,totalvalue_enfu_fuel_consumed_scoe_fuel_biomass
TX:SCOE:DEC_DEMAND_HEAT_STRATEGY_NDC,Value of Fuel Consumed in SCOE,totalvalue_enfu_fuel_consumed_scoe_fuel_coal
TX:SCOE:DEC_DEMAND_HEAT_STRATEGY_NDC,Value of Fuel Consumed in SCOE,totalvalue_enfu_fuel_consumed_scoe_fuel_diesel
TX:SCOE:DEC_DEMAND_HEAT_STRATEGY_NDC,Value of Fuel Consumed in SCOE,totalvalue_enfu_fuel_consumed_scoe_fuel_gasoline
TX:SCOE:DEC_DEMAND_HEAT_STRATEGY_NDC,Value of Fuel Consumed in SCOE,totalvalue_enfu_fuel_consumed_scoe_fuel_hydrocarbon_gas_liquids
TX:SCOE:DEC_DEMAND_HEAT_STRATEGY_NDC,Value of Fuel Consumed in SCOE,totalvalue_enfu_fuel_consumed_scoe_fuel_kerosene
TX:SCOE:DEC_DEMAND_HEAT_STRATEGY_NDC,Value of Fuel Consumed in SCOE,totalvalue_enfu_fuel_consumed_scoe_fuel_natural_gas
TX:SCOE:INC_EFFICIENCY_APPLIANCE,Electrical Energy Consumption from SCOE,energy_consumption_electricity_scoe_commercial_municipal
TX:SCOE:INC_EFFICIENCY_APPLIANCE,Electrical Energy Consumption from SCOE,energy_consumption_electricity_scoe_residential
TX:SCOE:INC_EFFICIENCY_APPLIANCE,Total Electrical Energy Consumption from SCOE,energy_consumption_electricity_scoe_total
TX:SCOE:INC_EFFICIENCY_APPLIANCE,Energy Consumption from SCOE,energy_consumption_scoe_commercial_municipal
TX:SCOE:INC_EFFICIENCY_APPLIANCE,Energy Consumption from SCOE,energy_consumption_scoe_residential
TX:SCOE:INC_EFFICIENCY_APPLIANCE,Total Energy Consumption from SCOE,energy_consumption_scoe_total
TX:SCOE:INC_EFFICIENCY_APPLIANCE,Energy Demand by Fuel in SCOE,energy_demand_enfu_subsector_total_pj_scoe_fuel_electricity
TX:SCOE:INC_EFFICIENCY_APPLIANCE,Value of Fuel Consumed in SCOE,totalvalue_enfu_fuel_consumed_scoe_fuel_electricity
TX:SCOE:INC_EFFICIENCY_APPLIANCE_STRATEGY_CONDITIONAL,Electrical Energy Consumption from SCOE,energy_consumption_electricity_scoe_commercial_municipal
TX:SCOE:INC_EFFICIENCY_APPLIANCE_STRATEGY_CONDITIONAL,Electrical Energy Consumption from SCOE,energy_consumption_electricity_scoe_residential
TX:SCOE:INC_EFFICIENCY_APPLIANCE_STRATEGY_CONDITIONAL,Total Electrical Energy Consumption from SCOE,energy_consumption_electricity_scoe_total
TX:SCOE:INC_EFFICIENCY_APPLIANCE_STRATEGY_CONDITIONAL,Energy Consumption from SCOE,energy_consumption_scoe_commercial_municipal
TX:SCOE:INC_EFFICIENCY_APPLIANCE_STRATEGY_CONDITIONAL,Energy Consumption from SCOE,energy_consumption_scoe_residential
TX:SCOE:INC_EFFICIENCY_APPLIANCE_STRATEGY_CONDITIONAL,Total Energy Consumption from SCOE,energy_consumption_scoe_total
TX:SCOE:INC_EFFICIENCY_APPLIANCE_STRATEGY_CONDITIONAL,Energy Demand by Fuel in SCOE,energy_demand_enfu_subsector_total_pj_scoe_fuel_electricity
TX:SCOE:INC_EFFICIENCY_APPLIANCE_STRATEGY_CONDITIONAL,Value of Fuel Consumed in SCOE,totalvalue_enfu_fuel_consumed_scoe_fuel_electricity
TX:SCOE:INC_EFFICIENCY_APPLIANCE_STRATEGY_LEP,Electrical Energy Consumption from SCOE,energy_consumption_electricity_scoe_commercial_municipal
TX:SCOE:INC_EFFICIENCY_APPLIANCE_STRATEGY_LEP,Electrical Energy Consumption from SCOE,energy_consumption_electricity_scoe_residential
TX:SCOE:INC_EFFICIENCY_APPLIANCE_STRATEGY_LEP,Total Electrical Energy Consumption from SCOE,energy_consumption_electricity_scoe_total
TX:SCOE:INC_EFFICIENCY_APPLIANCE_STRATEGY_LEP,Energy Consumption from SCOE,energy_consumption_scoe_commercial_municipal
TX:SCOE:INC_EFFICIENCY_APPLIANCE_STRATEGY_LEP,Energy Consumption from SCOE,energy_consumption_scoe_residential
TX:SCOE:INC_EFFICIENCY_APPLIANCE_STRATEGY_LEP,Total Energy Consumption from SCOE,energy_consumption_scoe_total
TX:SCOE:INC_EFFICIENCY_APPLIANCE_STRATEGY_LEP,Energy Demand by Fuel in SCOE,energy_demand_enfu_subsector_total_pj_scoe_fuel_electricity
TX:SCOE:INC_EFFICIENCY_APPLIANCE_STRATEGY_LEP,Value of Fuel Consumed in SCOE,totalvalue_enfu_fuel_consumed_scoe_fuel_electricity
TX:SCOE:INC_EFFICIENCY_APPLIANCE_STRATEGY_NDC,Electrical Energy Consumption from SCOE,energy_consumption_electricity_scoe_commercial_municipal
TX:SCOE:INC_EFFICIENCY_APPLIANCE_STRATEGY_NDC,Electrical Energy Consumption from SCOE,energy_consumption_electricity_scoe_residential
TX:SCOE:INC_EFFICIENCY_APPLIANCE_STRATEGY_NDC,Total Electrical Energy Consumption from SCOE,energy_consumption_electricity_scoe_total
TX:SCOE:INC_EFFICIENCY_APPLIANCE_STRATEGY_NDC,Energy Consumption from SCOE,energy_consumption_scoe_commercial_municipal
TX:SCOE:INC_EFFICIENCY_APPLIANCE_STRATEGY_NDC,Energy Consumption from SCOE,energy_consumption_scoe_residential
TX:SCOE:INC_EFFICIENCY_APPLIANCE_STRATEGY_NDC,Total Energy Consumption from SCOE,energy_consumption_scoe_total
TX:SCOE:INC_EFFICIENCY_APPLIANCE_STRATEGY_NDC,Energy Demand by Fuel in SCOE,energy_demand_enfu_subsector_total_pj_scoe_fuel_electricity
TX:SCOE:INC_EFFICIENCY_APPLIANCE_STRATEGY_NDC,Value of Fuel Consumed in SCOE,totalvalue_enfu_fuel_consumed_scoe_fuel_electricity
TX:SCOE:INC_EFFICIENCY_HEAT,:math:\text{CH}_4 Emissions from SCOE,emission_co2e_ch4_scoe_residential
TX:SCOE:INC_EFFICIENCY_HEAT,:math:\text{CO}_2 Biomass Emissions from SCOE,emission_co2e_co2_scoe_bmass_residential
TX:SCOE:INC_EFFICIENCY_HEAT,:math:\text{CO}_2 Non-Biomass Emissions from SCOE,emission_co2e_co2_scoe_nbmass_residential
TX:SCOE:INC_EFFICIENCY_HEAT,:math:\text{N}_2\text{O} Emissions from SCOE,emission_co2e_n2o_scoe_residential
TX:SCOE:INC_EFFICIENCY_HEAT,emission_co2e_subsector_total_scoe,emission_co2e_subsector_total_scoe
TX:SCOE:INC_EFFICIENCY_HEAT,Energy Consumption from SCOE,energy_consumption_scoe_residential
TX:SCOE:INC_EFFICIENCY_HEAT,Total Energy Consumption from SCOE,energy_consumption_scoe_total
TX:SCOE:INC_EFFICIENCY_HEAT,Energy Demand by Fuel in SCOE,energy_demand_enfu_subsector_total_pj_scoe_fuel_biomass
TX:SCOE:INC_EFFICIENCY_HEAT,Energy Demand by Fuel in SCOE,energy_demand_enfu_subsector_total_pj_scoe_fuel_coal
TX:SCOE:INC_EFFICIENCY_HEAT,Energy Demand by Fuel in SCOE,energy_demand_enfu_subsector_total_pj_scoe_fuel_diesel
TX:SCOE:INC_EFFICIENCY_HEAT,Energy Demand by Fuel in SCOE,energy_demand_enfu_subsector_total_pj_scoe_fuel_gasoline
TX:SCOE:INC_EFFICIENCY_HEAT,Energy Demand by Fuel in SCOE,energy_demand_enfu_subsector_total_pj_scoe_fuel_hydrocarbon_gas_liquids
TX:SCOE:INC_EFFICIENCY_HEAT,Energy Demand by Fuel in SCOE,energy_demand_enfu_subsector_total_pj_scoe_fuel_kerosene
TX:SCOE:INC_EFFICIENCY_HEAT,Energy Demand by Fuel in SCOE,energy_demand_enfu_subsector_total_pj_scoe_fuel_natural_gas
TX:SCOE:INC_EFFICIENCY_HEAT,Value of Fuel Consumed in SCOE,totalvalue_enfu_fuel_consumed_scoe_fuel_biomass
TX:SCOE:INC_EFFICIENCY_HEAT,Value of Fuel Consumed in SCOE,totalvalue_enfu_fuel_consumed_scoe_fuel_coal
TX:SCOE:INC_EFFICIENCY_HEAT,Value of Fuel Consumed in SCOE,totalvalue_enfu_fuel_consumed_scoe_fuel_diesel
TX:SCOE:INC_EFFICIENCY_HEAT,Value of Fuel Consumed in SCOE,totalvalue_enfu_fuel_consumed_scoe_fuel_gasoline
TX:SCOE:INC_EFFICIENCY_HEAT,Value of Fuel Consumed in SCOE,totalvalue_enfu_fuel_consumed_scoe_fuel_hydrocarbon_gas_liquids
TX:SCOE:INC_EFFICIENCY_HEAT,Value of Fuel Consumed in SCOE,totalvalue_enfu_fuel_consumed_scoe_fuel_kerosene
TX:SCOE:INC_EFFICIENCY_HEAT,Value of Fuel Consumed in SCOE,totalvalue_enfu_fuel_consumed_scoe_fuel_natural_gas
TX:SCOE:SHIFT_FUEL_HEAT,:math:\text{CH}_4 Emissions from SCOE,emission_co2e_ch4_scoe_residential
TX:SCOE:SHIFT_FUEL_HEAT,:math:\text{CO}_2 Biomass Emissions from SCOE,emission_co2e_co2_scoe_bmass_residential
TX:SCOE:SHIFT_FUEL_HEAT,:math:\text{CO}_2 Non-Biomass Emissions from SCOE,emission_co2e_co2_scoe_nbmass_residential
TX:SCOE:SHIFT_FUEL_HEAT,:math:\text{N}_2\text{O} Emissions from SCOE,emission_co2e_n2o_scoe_residential
TX:SCOE:SHIFT_FUEL_HEAT,emission_co2e_subsector_total_scoe,emission_co2e_subsector_total_scoe
TX:SCOE:SHIFT_FUEL_HEAT,Electrical Energy Consumption from SCOE,energy_consumption_electricity_scoe_residential
TX:SCOE:SHIFT_FUEL_HEAT,Total Electrical Energy Consumption from SCOE,energy_consumption_electricity_scoe_total
TX:SCOE:SHIFT_FUEL_HEAT,Energy Consumption from SCOE,energy_consumption_scoe_residential
TX:SCOE:SHIFT_FUEL_HEAT,Total Energy Consumption from SCOE,energy_consumption_scoe_total
TX:SCOE:SHIFT_FUEL_HEAT,Energy Demand by Fuel in SCOE,energy_demand_enfu_subsector_total_pj_scoe_fuel_biomass
TX:SCOE:SHIFT_FUEL_HEAT,Energy Demand by Fuel in SCOE,energy_demand_enfu_subsector_total_pj_scoe_fuel_coal
TX:SCOE:SHIFT_FUEL_HEAT,Energy Demand by Fuel in SCOE,energy_demand_enfu_subsector_total_pj_scoe_fuel_diesel
TX:SCOE:SHIFT_FUEL_HEAT,Energy Demand by Fuel in SCOE,energy_demand_enfu_subsector_total_pj_scoe_fuel_electricity
TX:SCOE:SHIFT_FUEL_HEAT,Energy Demand by Fuel in SCOE,energy_demand_enfu_subsector_total_pj_scoe_fuel_gasoline
TX:SCOE:SHIFT_FUEL_HEAT,Energy Demand by Fuel in SCOE,energy_demand_enfu_subsector_total_pj_scoe_fuel_hydrocarbon_gas_liquids
TX:SCOE:SHIFT_FUEL_HEAT,Energy Demand by Fuel in SCOE,energy_demand_enfu_subsector_total_pj_scoe_fuel_kerosene
TX:SCOE:SHIFT_FUEL_HEAT,Energy Demand by Fuel in SCOE,energy_demand_enfu_subsector_total_pj_scoe_fuel_natural_gas
TX:SCOE:SHIFT_FUEL_HEAT,Value of Fuel Consumed in SCOE,totalvalue_enfu_fuel_consumed_scoe_fuel_biomass
TX:SCOE:SHIFT_FUEL_HEAT,Value of Fuel Consumed in SCOE,totalvalue_enfu_fuel_consumed_scoe_fuel_coal
TX:SCOE:SHIFT_FUEL_HEAT,Value of Fuel Consumed in SCOE,totalvalue_enfu_fuel_consumed_scoe_fuel_diesel
TX:SCOE:SHIFT_FUEL_HEAT,Value of Fuel Consumed in SCOE,totalvalue_enfu_fuel_consumed_scoe_fuel_electricity
TX:SCOE:SHIFT_FUEL_HEAT,Value of Fuel Consumed in SCOE,totalvalue_enfu_fuel_consumed_scoe_fuel_gasoline
TX:SCOE:SHIFT_FUEL_HEAT,Value of Fuel Consumed in SCOE,totalvalue_enfu_fuel_consumed_scoe_fuel_hydrocarbon_gas_liquids
TX:SCOE:SHIFT_FUEL_HEAT,Value of Fuel Consumed in SCOE,totalvalue_enfu_fuel_consumed_scoe_fuel_kerosene
TX:SCOE:SHIFT_FUEL_HEAT,Value of Fuel Consumed in SCOE,totalvalue_enfu_fuel_consumed_scoe_fuel_natural_gas
TX:SCOE:SHIFT_FUEL_HEAT_STRATEGY_CONDITIONAL,:math:\text{CH}_4 Emissions from SCOE,emission_co2e_ch4_scoe_residential
TX:SCOE:SHIFT_FUEL_HEAT_STRATEGY_CONDITIONAL,:math:\text{CO}_2 Biomass Emissions from SCOE,emission_co2e_co2_scoe_bmass_residential
TX:SCOE:SHIFT_FUEL_HEAT_STRATEGY_CONDITIONAL,:math:\text{CO}_2 Non-Biomass Emissions from SCOE,emission_co2e_co2_scoe_nbmass_residential
TX:SCOE:SHIFT_FUEL_HEAT_STRATEGY_CONDITIONAL,:math:\text{N}_2\text{O} Emissions from SCOE,emission_co2e_n2o_scoe_residential
TX:SCOE:SHIFT_FUEL_HEAT_STRATEGY_CONDITIONAL,emission_co2e_subsector_total_scoe,emission_co2e_subsector_total_scoe
TX:SCOE:SHIFT_FUEL_HEAT_STRATEGY_CONDITIONAL,Electrical Energy Consumption from SCOE,energy_consumption_electricity_scoe_residential
TX:SCOE:SHIFT_FUEL_HEAT_STRATEGY_CONDITIONAL,Total Electrical Energy Consumption from SCOE,energy_consumption_electricity_scoe_total
TX:SCOE:SHIFT_FUEL_HEAT_STRATEGY_CONDITIONAL,Energy Consumption from SCOE,energy_consumption_scoe_residential
TX:SCOE:SHIFT_FUEL_HEAT_STRATEGY_CONDITIONAL,Total Energy Consumption from SCOE,energy_consumption_scoe_total
TX:SCOE:SHIFT_FUEL_HEAT_STRATEGY_CONDITIONAL,Energy Demand by Fuel in SCOE,energy_demand_enfu_subsector_total_pj_scoe_fuel_biomass
TX:SCOE:SHIFT_FUEL_HEAT_STRATEGY_CONDITIONAL,Energy Demand by Fuel in SCOE,energy_demand_enfu_subsector_total_pj_scoe_fuel_coal
TX:SCOE:SHIFT_FUEL_HEAT_STRATEGY_CONDITIONAL,Energy Demand by Fuel in SCOE,energy_demand_enfu_subsector_total_pj_scoe_fuel_diesel
TX:SCOE:SHIFT_FUEL_HEAT_STRATEGY_CONDITIONAL,Energy Demand by Fuel in SCOE,energy_demand_enfu_subsector_total_pj_scoe_fuel_electricity
TX:SCOE:SHIFT_FUEL_HEAT_STRATEGY_CONDITIONAL,Energy Demand by Fuel in SCOE,energy_demand_enfu_subsector_total_pj_scoe_fuel_gasoline
TX:SCOE:SHIFT_FUEL_HEAT_STRATEGY_CONDITIONAL,Energy Demand by Fuel in SCOE,energy_demand_enfu_subsector_total_pj_scoe_fuel_hydrocarbon_gas_liquids
TX:SCOE:SHIFT_FUEL_HEAT_STRATEGY_CONDITIONAL,Energy Demand by Fuel in SCOE,energy_demand_enfu_subsector_total_pj_scoe_fuel_kerosene
TX:SCOE:SHIFT_FUEL_HEAT_STRATEGY_CONDITIONAL,Energy Demand by Fuel in SCOE,energy_demand_enfu_subsector_total_pj_scoe_fuel_natural_gas
TX:SCOE:SHIFT_FUEL_HEAT_STRATEGY_CONDITIONAL,Value of Fuel Consumed in SCOE,totalvalue_enfu_fuel_consumed_scoe_fuel_biomass
TX:SCOE:SHIFT_FUEL_HEAT_STRATEGY_CONDITIONAL,Value of Fuel Consumed in SCOE,totalvalue_enfu_fuel_consumed_scoe_fuel_coal
TX:SCOE:SHIFT_FUEL_HEAT_STRATEGY_CONDITIONAL,Value of Fuel Consumed in SCOE,totalvalue_enfu_fuel_consumed_scoe_fuel_diesel
TX:SCOE:SHIFT_FUEL_HEAT_STRATEGY_CONDITIONAL,Value of Fuel Consumed in SCOE,totalvalue_enfu_fuel_consumed_scoe_fuel_electricity
TX:SCOE:SHIFT_FUEL_HEAT_STRATEGY_CONDITIONAL,Value of Fuel Consumed in SCOE,totalvalue_enfu_fuel_consumed_scoe_fuel_gasoline
TX:SCOE:SHIFT_FUEL_HEAT_STRATEGY_CONDITIONAL,Value of Fuel Consumed in SCOE,totalvalue_enfu_fuel_consumed_scoe_fuel_hydrocarbon_gas_liquids
TX:SCOE:SHIFT_FUEL_HEAT_STRATEGY_CONDITIONAL,Value of Fuel Consumed in SCOE,totalvalue_enfu_fuel_consumed_scoe_fuel_kerosene
TX:SCOE:SHIFT_FUEL_HEAT_STRATEGY_CONDITIONAL,Value of Fuel Consumed in SCOE,totalvalue_enfu_fuel_consumed_scoe_fuel_natural_gas
TX:SCOE:SHIFT_FUEL_HEAT_STRATEGY_LEP,:math:\text{CH}_4 Emissions from SCOE,emission_co2e_ch4_scoe_residential
TX:SCOE:SHIFT_FUEL_HEAT_STRATEGY_LEP,:math:\text{CO}_2 Biomass Emissions from SCOE,emission_co2e_co2_scoe_bmass_residential
TX:SCOE:SHIFT_FUEL_HEAT_STRATEGY_LEP,:math:\text{CO}_2 Non-Biomass Emissions from SCOE,emission_co2e_co2_scoe_nbmass_residential
TX:SCOE:SHIFT_FUEL_HEAT_STRATEGY_LEP,:math:\text{N}_2\text{O} Emissions from SCOE,emission_co2e_n2o_scoe_residential
TX:SCOE:SHIFT_FUEL_HEAT_STRATEGY_LEP,emission_co2e_subsector_total_scoe,emission_co2e_subsector_total_scoe
TX:SCOE:SHIFT_FUEL_HEAT_STRATEGY_LEP,Electrical Energy Consumption from SCOE,energy_consumption_electricity_scoe_residential
TX:SCOE:SHIFT_FUEL_HEAT_STRATEGY_LEP,Total Electrical Energy Consumption from SCOE,energy_consumption_electricity_scoe_total
TX:SCOE:SHIFT_FUEL_HEAT_STRATEGY_LEP,Energy Consumption from SCOE,energy_consumption_scoe_residential
TX:SCOE:SHIFT_FUEL_HEAT_STRATEGY_LEP,Total Energy Consumption from SCOE,energy_consumption_scoe_total
TX:SCOE:SHIFT_FUEL_HEAT_STRATEGY_LEP,Energy Demand by Fuel in SCOE,energy_demand_enfu_subsector_total_pj_scoe_fuel_biomass
TX:SCOE:SHIFT_FUEL_HEAT_STRATEGY_LEP,Energy Demand by Fuel in SCOE,energy_demand_enfu_subsector_total_pj_scoe_fuel_coal
TX:SCOE:SHIFT_FUEL_HEAT_STRATEGY_LEP,Energy Demand by Fuel in SCOE,energy_demand_enfu_subsector_total_pj_scoe_fuel_diesel
TX:SCOE:SHIFT_FUEL_HEAT_STRATEGY_LEP,Energy Demand by Fuel in SCOE,energy_demand_enfu_subsector_total_pj_scoe_fuel_electricity
TX:SCOE:SHIFT_FUEL_HEAT_STRATEGY_LEP,Energy Demand by Fuel in SCOE,energy_demand_enfu_subsector_total_pj_scoe_fuel_gasoline
TX:SCOE:SHIFT_FUEL_HEAT_STRATEGY_LEP,Energy Demand by Fuel in SCOE,energy_demand_enfu_subsector_total_pj_scoe_fuel_hydrocarbon_gas_liquids
TX:SCOE:SHIFT_FUEL_HEAT_STRATEGY_LEP,Energy Demand by Fuel in SCOE,energy_demand_enfu_subsector_total_pj_scoe_fuel_kerosene
TX:SCOE:SHIFT_FUEL_HEAT_STRATEGY_LEP,Energy Demand by Fuel in SCOE,energy_demand_enfu_subsector_total_pj_scoe_fuel_natural_gas
TX:SCOE:SHIFT_FUEL_HEAT_STRATEGY_LEP,Value of Fuel Consumed in SCOE,totalvalue_enfu_fuel_consumed_scoe_fuel_biomass
TX:SCOE:SHIFT_FUEL_HEAT_STRATEGY_LEP,Value of Fuel Consumed in SCOE,totalvalue_enfu_fuel_consumed_scoe_fuel_coal
TX:SCOE:SHIFT_FUEL_HEAT_STRATEGY_LEP,Value of Fuel Consumed in SCOE,totalvalue_enfu_fuel_consumed_scoe_fuel_diesel
TX:SCOE:SHIFT_FUEL_HEAT_STRATEGY_LEP,Value of Fuel Consumed in SCOE,totalvalue_enfu_fuel_consumed_scoe_fuel_electricity
TX:SCOE:SHIFT_FUEL_HEAT_STRATEGY_LEP,Value of Fuel Consumed in SCOE,totalvalue_enfu_fuel_consumed_scoe_fuel_gasoline
TX:SCOE:SHIFT_FUEL_HEAT_STRATEGY_LEP,Value of Fuel Consumed in SCOE,totalvalue_enfu_fuel_consumed_scoe_fuel_hydrocarbon_gas_liquids
TX:SCOE:SHIFT_FUEL_HEAT_STRATEGY_LEP,Value of Fuel Consumed in SCOE,totalvalue_enfu_fuel_consumed_scoe_fuel_kerosene
TX:SCOE:SHIFT_FUEL_HEAT_STRATEGY_LEP,Value of Fuel Consumed in SCOE,totalvalue_enfu_fuel_consumed_scoe_fuel_natural_gas
TX:SCOE:SHIFT_FUEL_HEAT_STRATEGY_NDC,:math:\text{CH}_4 Emissions from SCOE,emission_co2e_ch4_scoe_residential
TX:SCOE:SHIFT_FUEL_HEAT_STRATEGY_NDC,:math:\text{CO}_2 Biomass Emissions from SCOE,emission_co2e_co2_scoe_bmass_residential
TX:SCOE:SHIFT_FUEL_HEAT_STRATEGY_NDC,:math:\text{CO}_2 Non-Biomass Emissions from SCOE,emission_co2e_co2_scoe_nbmass_residential
TX:SCOE:SHIFT_FUEL_HEAT_STRATEGY_NDC,:math:\text{N}_2\text{O} Emissions from SCOE,emission_co2e_n2o_scoe_residential
TX:SCOE:SHIFT_FUEL_HEAT_STRATEGY_NDC,emission_co2e_subsector_total_scoe,emission_co2e_subsector_total_scoe
TX:SCOE:SHIFT_FUEL_HEAT_STRATEGY_NDC,Electrical Energy Consumption from SCOE,energy_consumption_electricity_scoe_residential
TX:SCOE:SHIFT_FUEL_HEAT_STRATEGY_NDC,Total Electrical Energy Consumption from SCOE,energy_consumption_electricity_scoe_total
TX:SCOE:SHIFT_FUEL_HEAT_STRATEGY_NDC,Energy Consumption from SCOE,energy_consumption_scoe_residential
TX:SCOE:SHIFT_FUEL_HEAT_STRATEGY_NDC,Total Energy Consumption from SCOE,energy_consumption_scoe_total
TX:SCOE:SHIFT_FUEL_HEAT_STRATEGY_NDC,Energy Demand by Fuel in SCOE,energy_demand_enfu_subsector_total_pj_scoe_fuel_biomass
TX:SCOE:SHIFT_FUEL_HEAT_STRATEGY_NDC,Energy Demand by Fuel in SCOE,energy_demand_enfu_subsector_total_pj_scoe_fuel_coal
TX:SCOE:SHIFT_FUEL_HEAT_STRATEGY_NDC,Energy Demand by Fuel in SCOE,energy_demand_enfu_subsector_total_pj_scoe_fuel_diesel
TX:SCOE:SHIFT_FUEL_HEAT_STRATEGY_NDC,Energy Demand by Fuel in SCOE,energy_demand_enfu_subsector_total_pj_scoe_fuel_electricity
TX:SCOE:SHIFT_FUEL_HEAT_STRATEGY_NDC,Energy Demand by Fuel in SCOE,energy_demand_enfu_subsector_total_pj_scoe_fuel_gasoline
TX:SCOE:SHIFT_FUEL_HEAT_STRATEGY_NDC,Energy Demand by Fuel in SCOE,energy_demand_enfu_subsector_total_pj_scoe_fuel_hydrocarbon_gas_liquids
TX:SCOE:SHIFT_FUEL_HEAT_STRATEGY_NDC,Energy Demand by Fuel in SCOE,energy_demand_enfu_subsector_total_pj_scoe_fuel_kerosene
TX:SCOE:SHIFT_FUEL_HEAT_STRATEGY_NDC,Energy Demand by Fuel in SCOE,energy_demand_enfu_subsector_total_pj_scoe_fuel_natural_gas
TX:SCOE:SHIFT_FUEL_HEAT_STRATEGY_NDC,Value of Fuel Consumed in SCOE,totalvalue_enfu_fuel_consumed_scoe_fuel_biomass
TX:SCOE:SHIFT_FUEL_HEAT_STRATEGY_NDC,Value of Fuel Consumed in SCOE,totalvalue_enfu_fuel_consumed_scoe_fuel_coal
TX:SCOE:SHIFT_FUEL_HEAT_STRATEGY_NDC,Value of Fuel Consumed in SCOE,totalvalue_enfu_fuel_consumed_scoe_fuel_diesel
TX:SCOE:SHIFT_FUEL_HEAT_STRATEGY_NDC,Value of Fuel Consumed in SCOE,totalvalue_enfu_fuel_consumed_scoe_fuel_electricity
TX:SCOE:SHIFT_FUEL_HEAT_STRATEGY_NDC,Value of Fuel Consumed in SCOE,totalvalue_enfu_fuel_consumed_scoe_fuel_gasoline
TX:SCOE:SHIFT_FUEL_HEAT_STRATEGY_NDC,Value of Fuel Consumed in SCOE,totalvalue_enfu_fuel_consumed_scoe_fuel_hydrocarbon_gas_liquids
TX:SCOE:SHIFT_FUEL_HEAT_STRATEGY_NDC,Value of Fuel Consumed in SCOE,totalvalue_enfu_fuel_consumed_scoe_fuel_kerosene
TX:SCOE:SHIFT_FUEL_HEAT_STRATEGY_NDC,Value of Fuel Consumed in SCOE,totalvalue_enfu_fuel_consumed_scoe_fuel_natural_gas
TX:SOIL:DEC_LIME_APPLIED,Total Lime Use,demand_soil_lime_kt
TX:SOIL:DEC_LIME_APPLIED,:math:\text{CO}_2 Emissions from Lime,emission_co2e_co2_soil_lime_use
TX:SOIL:DEC_LIME_APPLIED,emission_co2e_subsector_total_soil,emission_co2e_subsector_total_soil
TX:SOIL:DEC_N_APPLIED,Total Fertilizer N Use,demand_soil_fertilizer_n_kt
TX:SOIL:DEC_N_APPLIED,Synthetic Fertilizer N Use,demand_soil_synthetic_fertilizer_n_kt
TX:SOIL:DEC_N_APPLIED,Total Urea Use,demand_soil_urea_kt
TX:SOIL:DEC_N_APPLIED,:math:\text{CO}_2 Emissions from Urea,emission_co2e_co2_soil_urea_use
TX:SOIL:DEC_N_APPLIED,:math:\text{N}_2\text{O} Emissions from Fertilizer Use,emission_co2e_n2o_soil_fertilizer
TX:SOIL:DEC_N_APPLIED,emission_co2e_subsector_total_soil,emission_co2e_subsector_total_soil
TX:SOIL:DEC_N_APPLIED_STRATEGY_CONDITIONAL,Total Fertilizer N Use,demand_soil_fertilizer_n_kt
TX:SOIL:DEC_N_APPLIED_STRATEGY_CONDITIONAL,Synthetic Fertilizer N Use,demand_soil_synthetic_fertilizer_n_kt
TX:SOIL:DEC_N_APPLIED_STRATEGY_CONDITIONAL,Total Urea Use,demand_soil_urea_kt
TX:SOIL:DEC_N_APPLIED_STRATEGY_CONDITIONAL,:math:\text{CO}_2 Emissions from Urea,emission_co2e_co2_soil_urea_use
TX:SOIL:DEC_N_APPLIED_STRATEGY_CONDITIONAL,:math:\text{N}_2\text{O} Emissions from Fertilizer Use,emission_co2e_n2o_soil_fertilizer
TX:SOIL:DEC_N_APPLIED_STRATEGY_CONDITIONAL,emission_co2e_subsector_total_soil,emission_co2e_subsector_total_soil
TX:SOIL:DEC_N_APPLIED_STRATEGY_LEP,Total Fertilizer N Use,demand_soil_fertilizer_n_kt
TX:SOIL:DEC_N_APPLIED_STRATEGY_LEP,Synthetic Fertilizer N Use,demand_soil_synthetic_fertilizer_n_kt
TX:SOIL:DEC_N_APPLIED_STRATEGY_LEP,Total Urea Use,demand_soil_urea_kt
TX:SOIL:DEC_N_APPLIED_STRATEGY_LEP,:math:\text{CO}_2 Emissions from Urea,emission_co2e_co2_soil_urea_use
TX:SOIL:DEC_N_APPLIED_STRATEGY_LEP,:math:\text{N}_2\text{O} Emissions from Fertilizer Use,emission_co2e_n2o_soil_fertilizer
TX:SOIL:DEC_N_APPLIED_STRATEGY_LEP,emission_co2e_subsector_total_soil,emission_co2e_subsector_total_soil
TX:SOIL:DEC_N_APPLIED_STRATEGY_NDC,Total Fertilizer N Use,demand_soil_fertilizer_n_kt
TX:SOIL:DEC_N_APPLIED_STRATEGY_NDC,Synthetic Fertilizer N Use,demand_soil_synthetic_fertilizer_n_kt
TX:SOIL:DEC_N_APPLIED_STRATEGY_NDC,Total Urea Use,demand_soil_urea_kt
TX:SOIL:DEC_N_APPLIED_STRATEGY_NDC,:math:\text{CO}_2 Emissions from Urea,emission_co2e_co2_soil_urea_use
TX:SOIL:DEC_N_APPLIED_STRATEGY_NDC,:math:\text{N}_2\text{O} Emissions from Fertilizer Use,emission_co2e_n2o_soil_fertilizer
TX:SOIL:DEC_N_APPLIED_STRATEGY_NDC,emission_co2e_subsector_total_soil,emission_co2e_subsector_total_soil
TX:TRDE:DEC_DEMAND,Megatonne-Kilometer Demand,dem_trde_freight_mt_km
TX:TRDE:DEC_DEMAND,Passenger-Kilometer Demand,dem_trde_private_and_public_passenger_km
TX:TRDE:DEC_DEMAND,Passenger-Kilometer Demand,dem_trde_regional_passenger_km
TX:TRDE:DEC_DEMAND,:math:\text{CH}_4 Emissions from Transportation,emission_co2e_ch4_trns_aviation
TX:TRDE:DEC_DEMAND,:math:\text{CH}_4 Emissions from Transportation,emission_co2e_ch4_trns_powered_bikes
TX:TRDE:DEC_DEMAND,:math:\text{CH}_4 Emissions from Transportation,emission_co2e_ch4_trns_public
TX:TRDE:DEC_DEMAND,:math:\text{CH}_4 Emissions from Transportation,emission_co2e_ch4_trns_rail_freight
TX:TRDE:DEC_DEMAND,:math:\text{CH}_4 Emissions from Transportation,emission_co2e_ch4_trns_rail_passenger
TX:TRDE:DEC_DEMAND,:math:\text{CH}_4 Emissions from Transportation,emission_co2e_ch4_trns_road_heavy_freight
TX:TRDE:DEC_DEMAND,:math:\text{CH}_4 Emissions from Transportation,emission_co2e_ch4_trns_road_heavy_regional
TX:TRDE:DEC_DEMAND,:math:\text{CH}_4 Emissions from Transportation,emission_co2e_ch4_trns_road_light
TX:TRDE:DEC_DEMAND,:math:\text{CH}_4 Emissions from Transportation,emission_co2e_ch4_trns_water_borne
TX:TRDE:DEC_DEMAND,:math:\text{CO}_2 Emissions from Transportation,emission_co2e_co2_trns_aviation
TX:TRDE:DEC_DEMAND,:math:\text{CO}_2 Emissions from Transportation,emission_co2e_co2_trns_powered_bikes
TX:TRDE:DEC_DEMAND,:math:\text{CO}_2 Emissions from Transportation,emission_co2e_co2_trns_public
TX:TRDE:DEC_DEMAND,:math:\text{CO}_2 Emissions from Transportation,emission_co2e_co2_trns_rail_freight
TX:TRDE:DEC_DEMAND,:math:\text{CO}_2 Emissions from Transportation,emission_co2e_co2_trns_rail_passenger
TX:TRDE:DEC_DEMAND,:math:\text{CO}_2 Emissions from Transportation,emission_co2e_co2_trns_road_heavy_freight
TX:TRDE:DEC_DEMAND,:math:\text{CO}_2 Emissions from Transportation,emission_co2e_co2_trns_road_heavy_regional
TX:TRDE:DEC_DEMAND,:math:\text{CO}_2 Emissions from Transportation,emission_co2e_co2_trns_road_light
TX:TRDE:DEC_DEMAND,:math:\text{CO}_2 Emissions from Transportation,emission_co2e_co2_trns_water_borne
TX:TRDE:DEC_DEMAND,:math:\text{N}_2\text{O} Emissions from Transportation,emission_co2e_n2o_trns_aviation
TX:TRDE:DEC_DEMAND,:math:\text{N}_2\text{O} Emissions from Transportation,emission_co2e_n2o_trns_powered_bikes
TX:TRDE:DEC_DEMAND,:math:\text{N}_2\text{O} Emissions from Transportation,emission_co2e_n2o_trns_public
TX:TRDE:DEC_DEMAND,:math:\text{N}_2\text{O} Emissions from Transportation,emission_co2e_n2o_trns_rail_freight
TX:TRDE:DEC_DEMAND,:math:\text{N}_2\text{O} Emissions from Transportation,emission_co2e_n2o_trns_rail_passenger
TX:TRDE:DEC_DEMAND,:math:\text{N}_2\text{O} Emissions from Transportation,emission_co2e_n2o_trns_road_heavy_freight
TX:TRDE:DEC_DEMAND,:math:\text{N}_2\text{O} Emissions from Transportation,emission_co2e_n2o_trns_road_heavy_regional
TX:TRDE:DEC_DEMAND,:math:\text{N}_2\text{O} Emissions from Transportation,emission_co2e_n2o_trns_road_light
TX:TRDE:DEC_DEMAND,:math:\text{N}_2\text{O} Emissions from Transportation,emission_co2e_n2o_trns_water_borne
TX:TRDE:DEC_DEMAND,emission_co2e_subsector_total_trns,emission_co2e_subsector_total_trns
TX:TRDE:DEC_DEMAND,Electrical Energy Consumption from Transportation,energy_consumption_electricity_trns_powered_bikes
TX:TRDE:DEC_DEMAND,Electrical Energy Consumption from Transportation,energy_consumption_electricity_trns_public
TX:TRDE:DEC_DEMAND,Electrical Energy Consumption from Transportation,energy_consumption_electricity_trns_rail_passenger
TX:TRDE:DEC_DEMAND,Electrical Energy Consumption from Transportation,energy_consumption_electricity_trns_road_heavy_freight
TX:TRDE:DEC_DEMAND,Electrical Energy Consumption from Transportation,energy_consumption_electricity_trns_road_heavy_regional
TX:TRDE:DEC_DEMAND,Electrical Energy Consumption from Transportation,energy_consumption_electricity_trns_road_light
TX:TRDE:DEC_DEMAND,Total Electrical Energy Consumption from Transportation,energy_consumption_electricity_trns_total
TX:TRDE:DEC_DEMAND,Energy Consumption from Transportation,energy_consumption_trns_aviation
TX:TRDE:DEC_DEMAND,Transportation Modal Energy Consumption from Kerosene,energy_consumption_trns_aviation_kerosene
TX:TRDE:DEC_DEMAND,Energy Consumption from Transportation,energy_consumption_trns_powered_bikes
TX:TRDE:DEC_DEMAND,Transportation Modal Energy Consumption from Electricity,energy_consumption_trns_powered_bikes_electricity
TX:TRDE:DEC_DEMAND,Transportation Modal Energy Consumption from Gasoline,energy_consumption_trns_powered_bikes_gasoline
TX:TRDE:DEC_DEMAND,Energy Consumption from Transportation,energy_consumption_trns_public
TX:TRDE:DEC_DEMAND,Transportation Modal Energy Consumption from Biofuels,energy_consumption_trns_public_biofuels
TX:TRDE:DEC_DEMAND,Transportation Modal Energy Consumption from Diesel,energy_consumption_trns_public_diesel
TX:TRDE:DEC_DEMAND,Transportation Modal Energy Consumption from Electricity,energy_consumption_trns_public_electricity
TX:TRDE:DEC_DEMAND,Transportation Modal Energy Consumption from Gasoline,energy_consumption_trns_public_gasoline
TX:TRDE:DEC_DEMAND,Transportation Modal Energy Consumption from Natural Gas,energy_consumption_trns_public_natural_gas
TX:TRDE:DEC_DEMAND,Energy Consumption from Transportation,energy_consumption_trns_rail_freight
TX:TRDE:DEC_DEMAND,Transportation Modal Energy Consumption from Diesel,energy_consumption_trns_rail_freight_diesel
TX:TRDE:DEC_DEMAND,Energy Consumption from Transportation,energy_consumption_trns_rail_passenger
TX:TRDE:DEC_DEMAND,Transportation Modal Energy Consumption from Diesel,energy_consumption_trns_rail_passenger_diesel
TX:TRDE:DEC_DEMAND,Transportation Modal Energy Consumption from Electricity,energy_consumption_trns_rail_passenger_electricity
TX:TRDE:DEC_DEMAND,Energy Consumption from Transportation,energy_consumption_trns_road_heavy_freight
TX:TRDE:DEC_DEMAND,Transportation Modal Energy Consumption from Biofuels,energy_consumption_trns_road_heavy_freight_biofuels
TX:TRDE:DEC_DEMAND,Transportation Modal Energy Consumption from Diesel,energy_consumption_trns_road_heavy_freight_diesel
TX:TRDE:DEC_DEMAND,Transportation Modal Energy Consumption from Electricity,energy_consumption_trns_road_heavy_freight_electricity
TX:TRDE:DEC_DEMAND,Transportation Modal Energy Consumption from Gasoline,energy_consumption_trns_road_heavy_freight_gasoline
TX:TRDE:DEC_DEMAND,Transportation Modal Energy Consumption from Natural Gas,energy_consumption_trns_road_heavy_freight_natural_gas
TX:TRDE:DEC_DEMAND,Energy Consumption from Transportation,energy_consumption_trns_road_heavy_regional
TX:TRDE:DEC_DEMAND,Transportation Modal Energy Consumption from Biofuels,energy_consumption_trns_road_heavy_regional_biofuels
TX:TRDE:DEC_DEMAND,Transportation Modal Energy Consumption from Diesel,energy_consumption_trns_road_heavy_regional_diesel
TX:TRDE:DEC_DEMAND,Transportation Modal Energy Consumption from Electricity,energy_consumption_trns_road_heavy_regional_electricity
TX:TRDE:DEC_DEMAND,Transportation Modal Energy Consumption from Gasoline,energy_consumption_trns_road_heavy_regional_gasoline
TX:TRDE:DEC_DEMAND,Transportation Modal Energy Consumption from Natural Gas,energy_consumption_trns_road_heavy_regional_natural_gas
TX:TRDE:DEC_DEMAND,Energy Consumption from Transportation,energy_consumption_trns_road_light
TX:TRDE:DEC_DEMAND,Transportation Modal Energy Consumption from Biofuels,energy_consumption_trns_road_light_biofuels
TX:TRDE:DEC_DEMAND,Transportation Modal Energy Consumption from Diesel,energy_consumption_trns_road_light_diesel
TX:TRDE:DEC_DEMAND,Transportation Modal Energy Consumption from Electricity,energy_consumption_trns_road_light_electricity
TX:TRDE:DEC_DEMAND,Transportation Modal Energy Consumption from Gasoline,energy_consumption_trns_road_light_gasoline
TX:TRDE:DEC_DEMAND,Total Energy Consumption from Transportation,energy_consumption_trns_total
TX:TRDE:DEC_DEMAND,Energy Consumption from Transportation,energy_consumption_trns_water_borne
TX:TRDE:DEC_DEMAND,Transportation Modal Energy Consumption from Diesel,energy_consumption_trns_water_borne_diesel
TX:TRDE:DEC_DEMAND,Energy Demand by Fuel in Transportation,energy_demand_enfu_subsector_total_pj_trns_fuel_biofuels
TX:TRDE:DEC_DEMAND,Energy Demand by Fuel in Transportation,energy_demand_enfu_subsector_total_pj_trns_fuel_diesel
TX:TRDE:DEC_DEMAND,Energy Demand by Fuel in Transportation,energy_demand_enfu_subsector_total_pj_trns_fuel_electricity
TX:TRDE:DEC_DEMAND,Energy Demand by Fuel in Transportation,energy_demand_enfu_subsector_total_pj_trns_fuel_gasoline
TX:TRDE:DEC_DEMAND,Energy Demand by Fuel in Transportation,energy_demand_enfu_subsector_total_pj_trns_fuel_kerosene
TX:TRDE:DEC_DEMAND,Energy Demand by Fuel in Transportation,energy_demand_enfu_subsector_total_pj_trns_fuel_natural_gas
TX:TRDE:DEC_DEMAND,Total Megatonne-Kilometer Demand by Vehicle,mass_distance_traveled_trns_mt_km_aviation
TX:TRDE:DEC_DEMAND,Total Megatonne-Kilometer Demand by Vehicle,mass_distance_traveled_trns_mt_km_rail_freight
TX:TRDE:DEC_DEMAND,Total Megatonne-Kilometer Demand by Vehicle,mass_distance_traveled_trns_mt_km_road_heavy_freight
TX:TRDE:DEC_DEMAND,Total Megatonne-Kilometer Demand by Vehicle,mass_distance_traveled_trns_mt_km_water_borne
TX:TRDE:DEC_DEMAND,Total Passenger Distance by Vehicle,passenger_distance_traveled_trns_aviation
TX:TRDE:DEC_DEMAND,Total Passenger Distance by Vehicle,passenger_distance_traveled_trns_human_powered
TX:TRDE:DEC_DEMAND,Total Passenger Distance by Vehicle,passenger_distance_traveled_trns_powered_bikes
TX:TRDE:DEC_DEMAND,Total Passenger Distance by Vehicle,passenger_distance_traveled_trns_public
TX:TRDE:DEC_DEMAND,Total Passenger Distance by Vehicle,passenger_distance_traveled_trns_rail_passenger
TX:TRDE:DEC_DEMAND,Total Passenger Distance by Vehicle,passenger_distance_traveled_trns_road_heavy_regional
TX:TRDE:DEC_DEMAND,Total Passenger Distance by Vehicle,passenger_distance_traveled_trns_road_light
TX:TRDE:DEC_DEMAND,Total Passenger Distance by Vehicle,passenger_distance_traveled_trns_water_borne
TX:TRDE:DEC_DEMAND,Value of Fuel Consumed in Transportation,totalvalue_enfu_fuel_consumed_trns_fuel_biofuels
TX:TRDE:DEC_DEMAND,Value of Fuel Consumed in Transportation,totalvalue_enfu_fuel_consumed_trns_fuel_diesel
TX:TRDE:DEC_DEMAND,Value of Fuel Consumed in Transportation,totalvalue_enfu_fuel_consumed_trns_fuel_electricity
TX:TRDE:DEC_DEMAND,Value of Fuel Consumed in Transportation,totalvalue_enfu_fuel_consumed_trns_fuel_gasoline
TX:TRDE:DEC_DEMAND,Value of Fuel Consumed in Transportation,totalvalue_enfu_fuel_consumed_trns_fuel_kerosene
TX:TRDE:DEC_DEMAND,Value of Fuel Consumed in Transportation,totalvalue_enfu_fuel_consumed_trns_fuel_natural_gas
TX:TRDE:DEC_DEMAND,Total Vehicle Distance Traveled,vehicle_distance_traveled_trns_aviation
TX:TRDE:DEC_DEMAND,Vehicle Distance Traveled from Kerosene,vehicle_distance_traveled_trns_aviation_kerosene
TX:TRDE:DEC_DEMAND,Total Vehicle Distance Traveled,vehicle_distance_traveled_trns_human_powered
TX:TRDE:DEC_DEMAND,Total Vehicle Distance Traveled,vehicle_distance_traveled_trns_powered_bikes
TX:TRDE:DEC_DEMAND,Vehicle Distance Traveled from Electricity,vehicle_distance_traveled_trns_powered_bikes_electricity
TX:TRDE:DEC_DEMAND,Vehicle Distance Traveled from Gasoline,vehicle_distance_traveled_trns_powered_bikes_gasoline
TX:TRDE:DEC_DEMAND,Total Vehicle Distance Traveled,vehicle_distance_traveled_trns_public
TX:TRDE:DEC_DEMAND,Vehicle Distance Traveled from Biofuels,vehicle_distance_traveled_trns_public_biofuels
TX:TRDE:DEC_DEMAND,Vehicle Distance Traveled from Diesel,vehicle_distance_traveled_trns_public_diesel
TX:TRDE:DEC_DEMAND,Vehicle Distance Traveled from Electricity,vehicle_distance_traveled_trns_public_electricity
TX:TRDE:DEC_DEMAND,Vehicle Distance Traveled from Gasoline,vehicle_distance_traveled_trns_public_gasoline
TX:TRDE:DEC_DEMAND,Vehicle Distance Traveled from Natural Gas,vehicle_distance_traveled_trns_public_natural_gas
TX:TRDE:DEC_DEMAND,Total Vehicle Distance Traveled,vehicle_distance_traveled_trns_rail_freight
TX:TRDE:DEC_DEMAND,Vehicle Distance Traveled from Diesel,vehicle_distance_traveled_trns_rail_freight_diesel
TX:TRDE:DEC_DEMAND,Total Vehicle Distance Traveled,vehicle_distance_traveled_trns_rail_passenger
TX:TRDE:DEC_DEMAND,Vehicle Distance Traveled from Diesel,vehicle_distance_traveled_trns_rail_passenger_diesel
TX:TRDE:DEC_DEMAND,Vehicle Distance Traveled from Electricity,vehicle_distance_traveled_trns_rail_passenger_electricity
TX:TRDE:DEC_DEMAND,Total Vehicle Distance Traveled,vehicle_distance_traveled_trns_road_heavy_freight
TX:TRDE:DEC_DEMAND,Vehicle Distance Traveled from Biofuels,vehicle_distance_traveled_trns_road_heavy_freight_biofuels
TX:TRDE:DEC_DEMAND,Vehicle Distance Traveled from Diesel,vehicle_distance_traveled_trns_road_heavy_freight_diesel
TX:TRDE:DEC_DEMAND,Vehicle Distance Traveled from Electricity,vehicle_distance_traveled_trns_road_heavy_freight_electricity
TX:TRDE:DEC_DEMAND,Vehicle Distance Traveled from Gasoline,vehicle_distance_traveled_trns_road_heavy_freight_gasoline
TX:TRDE:DEC_DEMAND,Vehicle Distance Traveled from Natural Gas,vehicle_distance_traveled_trns_road_heavy_freight_natural_gas
TX:TRDE:DEC_DEMAND,Total Vehicle Distance Traveled,vehicle_distance_traveled_trns_road_heavy_regional
TX:TRDE:DEC_DEMAND,Vehicle Distance Traveled from Biofuels,vehicle_distance_traveled_trns_road_heavy_regional_biofuels
TX:TRDE:DEC_DEMAND,Vehicle Distance Traveled from Diesel,vehicle_distance_traveled_trns_road_heavy_regional_diesel
TX:TRDE:DEC_DEMAND,Vehicle Distance Traveled from Electricity,vehicle_distance_traveled_trns_road_heavy_regional_electricity
TX:TRDE:DEC_DEMAND,Vehicle Distance Traveled from Gasoline,vehicle_distance_traveled_trns_road_heavy_regional_gasoline
TX:TRDE:DEC_DEMAND,Vehicle Distance Traveled from Natural Gas,vehicle_distance_traveled_trns_road_heavy_regional_natural_gas
TX:TRDE:DEC_DEMAND,Total Vehicle Distance Traveled,vehicle_distance_traveled_trns_road_light
TX:TRDE:DEC_DEMAND,Vehicle Distance Traveled from Biofuels,vehicle_distance_traveled_trns_road_light_biofuels
TX:TRDE:DEC_DEMAND,Vehicle Distance Traveled from Diesel,vehicle_distance_traveled_trns_road_light_diesel
TX:TRDE:DEC_DEMAND,Vehicle Distance Traveled from Electricity,vehicle_distance_traveled_trns_road_light_electricity
TX:TRDE:DEC_DEMAND,Vehicle Distance Traveled from Gasoline,vehicle_distance_traveled_trns_road_light_gasoline
TX:TRDE:DEC_DEMAND,Total Vehicle Distance Traveled,vehicle_distance_traveled_trns_water_borne
TX:TRDE:DEC_DEMAND,Vehicle Distance Traveled from Diesel,vehicle_distance_traveled_trns_water_borne_diesel
TX:TRDE:DEC_DEMAND_STRATEGY_CONDITIONAL,Megatonne-Kilometer Demand,dem_trde_freight_mt_km
TX:TRDE:DEC_DEMAND_STRATEGY_CONDITIONAL,Passenger-Kilometer Demand,dem_trde_private_and_public_passenger_km
TX:TRDE:DEC_DEMAND_STRATEGY_CONDITIONAL,Passenger-Kilometer Demand,dem_trde_regional_passenger_km
TX:TRDE:DEC_DEMAND_STRATEGY_CONDITIONAL,:math:\text{CH}_4 Emissions from Transportation,emission_co2e_ch4_trns_aviation
TX:TRDE:DEC_DEMAND_STRATEGY_CONDITIONAL,:math:\text{CH}_4 Emissions from Transportation,emission_co2e_ch4_trns_powered_bikes
TX:TRDE:DEC_DEMAND_STRATEGY_CONDITIONAL,:math:\text{CH}_4 Emissions from Transportation,emission_co2e_ch4_trns_public
TX:TRDE:DEC_DEMAND_STRATEGY_CONDITIONAL,:math:\text{CH}_4 Emissions from Transportation,emission_co2e_ch4_trns_rail_freight
TX:TRDE:DEC_DEMAND_STRATEGY_CONDITIONAL,:math:\text{CH}_4 Emissions from Transportation,emission_co2e_ch4_trns_rail_passenger
TX:TRDE:DEC_DEMAND_STRATEGY_CONDITIONAL,:math:\text{CH}_4 Emissions from Transportation,emission_co2e_ch4_trns_road_heavy_freight
TX:TRDE:DEC_DEMAND_STRATEGY_CONDITIONAL,:math:\text{CH}_4 Emissions from Transportation,emission_co2e_ch4_trns_road_heavy_regional
TX:TRDE:DEC_DEMAND_STRATEGY_CONDITIONAL,:math:\text{CH}_4 Emissions from Transportation,emission_co2e_ch4_trns_road_light
TX:TRDE:DEC_DEMAND_STRATEGY_CONDITIONAL,:math:\text{CH}_4 Emissions from Transportation,emission_co2e_ch4_trns_water_borne
TX:TRDE:DEC_DEMAND_STRATEGY_CONDITIONAL,:math:\text{CO}_2 Emissions from Transportation,emission_co2e_co2_trns_aviation
TX:TRDE:DEC_DEMAND_STRATEGY_CONDITIONAL,:math:\text{CO}_2 Emissions from Transportation,emission_co2e_co2_trns_powered_bikes
TX:TRDE:DEC_DEMAND_STRATEGY_CONDITIONAL,:math:\text{CO}_2 Emissions from Transportation,emission_co2e_co2_trns_public
TX:TRDE:DEC_DEMAND_STRATEGY_CONDITIONAL,:math:\text{CO}_2 Emissions from Transportation,emission_co2e_co2_trns_rail_freight
TX:TRDE:DEC_DEMAND_STRATEGY_CONDITIONAL,:math:\text{CO}_2 Emissions from Transportation,emission_co2e_co2_trns_rail_passenger
TX:TRDE:DEC_DEMAND_STRATEGY_CONDITIONAL,:math:\text{CO}_2 Emissions from Transportation,emission_co2e_co2_trns_road_heavy_freight
TX:TRDE:DEC_DEMAND_STRATEGY_CONDITIONAL,:math:\text{CO}_2 Emissions from Transportation,emission_co2e_co2_trns_road_heavy_regional
TX:TRDE:DEC_DEMAND_STRATEGY_CONDITIONAL,:math:\text{CO}_2 Emissions from Transportation,emission_co2e_co2_trns_road_light
TX:TRDE:DEC_DEMAND_STRATEGY_CONDITIONAL,:math:\text{CO}_2 Emissions from Transportation,emission_co2e_co2_trns_water_borne
TX:TRDE:DEC_DEMAND_STRATEGY_CONDITIONAL,:math:\text{N}_2\text{O} Emissions from Transportation,emission_co2e_n2o_trns_aviation
TX:TRDE:DEC_DEMAND_STRATEGY_CONDITIONAL,:math:\text{N}_2\text{O} Emissions from Transportation,emission_co2e_n2o_trns_powered_bikes
TX:TRDE:DEC_DEMAND_STRATEGY_CONDITIONAL,:math:\text{N}_2\text{O} Emissions from Transportation,emission_co2e_n2o_trns_public
TX:TRDE:DEC_DEMAND_STRATEGY_CONDITIONAL,:math:\text{N}_2\text{O} Emissions from Transportation,emission_co2e_n2o_trns_rail_freight
TX:TRDE:DEC_DEMAND_STRATEGY_CONDITIONAL,:math:\text{N}_2\text{O} Emissions from Transportation,emission_co2e_n2o_trns_rail_passenger
TX:TRDE:DEC_DEMAND_STRATEGY_CONDITIONAL,:math:\text{N}_2\text{O} Emissions from Transportation,emission_co2e_n2o_trns_road_heavy_freight
TX:TRDE:DEC_DEMAND_STRATEGY_CONDITIONAL,:math:\text{N}_2\text{O} Emissions from Transportation,emission_co2e_n2o_trns_road_heavy_regional
TX:TRDE:DEC_DEMAND_STRATEGY_CONDITIONAL,:math:\text{N}_2\text{O} Emissions from Transportation,emission_co2e_n2o_trns_road_light
TX:TRDE:DEC_DEMAND_STRATEGY_CONDITIONAL,:math:\text{N}_2\text{O} Emissions from Transportation,emission_co2e_n2o_trns_water_borne
TX:TRDE:DEC_DEMAND_STRATEGY_CONDITIONAL,emission_co2e_subsector_total_trns,emission_co2e_subsector_total_trns
TX:TRDE:DEC_DEMAND_STRATEGY_CONDITIONAL,Electrical Energy Consumption from Transportation,energy_consumption_electricity_trns_powered_bikes
TX:TRDE:DEC_DEMAND_STRATEGY_CONDITIONAL,Electrical Energy Consumption from Transportation,energy_consumption_electricity_trns_public
TX:TRDE:DEC_DEMAND_STRATEGY_CONDITIONAL,Electrical Energy Consumption from Transportation,energy_consumption_electricity_trns_rail_passenger
TX:TRDE:DEC_DEMAND_STRATEGY_CONDITIONAL,Electrical Energy Consumption from Transportation,energy_consumption_electricity_trns_road_heavy_freight
TX:TRDE:DEC_DEMAND_STRATEGY_CONDITIONAL,Electrical Energy Consumption from Transportation,energy_consumption_electricity_trns_road_heavy_regional
TX:TRDE:DEC_DEMAND_STRATEGY_CONDITIONAL,Electrical Energy Consumption from Transportation,energy_consumption_electricity_trns_road_light
TX:TRDE:DEC_DEMAND_STRATEGY_CONDITIONAL,Total Electrical Energy Consumption from Transportation,energy_consumption_electricity_trns_total
TX:TRDE:DEC_DEMAND_STRATEGY_CONDITIONAL,Energy Consumption from Transportation,energy_consumption_trns_aviation
TX:TRDE:DEC_DEMAND_STRATEGY_CONDITIONAL,Transportation Modal Energy Consumption from Kerosene,energy_consumption_trns_aviation_kerosene
TX:TRDE:DEC_DEMAND_STRATEGY_CONDITIONAL,Energy Consumption from Transportation,energy_consumption_trns_powered_bikes
TX:TRDE:DEC_DEMAND_STRATEGY_CONDITIONAL,Transportation Modal Energy Consumption from Electricity,energy_consumption_trns_powered_bikes_electricity
TX:TRDE:DEC_DEMAND_STRATEGY_CONDITIONAL,Transportation Modal Energy Consumption from Gasoline,energy_consumption_trns_powered_bikes_gasoline
TX:TRDE:DEC_DEMAND_STRATEGY_CONDITIONAL,Energy Consumption from Transportation,energy_consumption_trns_public
TX:TRDE:DEC_DEMAND_STRATEGY_CONDITIONAL,Transportation Modal Energy Consumption from Biofuels,energy_consumption_trns_public_biofuels
TX:TRDE:DEC_DEMAND_STRATEGY_CONDITIONAL,Transportation Modal Energy Consumption from Diesel,energy_consumption_trns_public_diesel
TX:TRDE:DEC_DEMAND_STRATEGY_CONDITIONAL,Transportation Modal Energy Consumption from Electricity,energy_consumption_trns_public_electricity
TX:TRDE:DEC_DEMAND_STRATEGY_CONDITIONAL,Transportation Modal Energy Consumption from Gasoline,energy_consumption_trns_public_gasoline
TX:TRDE:DEC_DEMAND_STRATEGY_CONDITIONAL,Transportation Modal Energy Consumption from Natural Gas,energy_consumption_trns_public_natural_gas
TX:TRDE:DEC_DEMAND_STRATEGY_CONDITIONAL,Energy Consumption from Transportation,energy_consumption_trns_rail_freight
TX:TRDE:DEC_DEMAND_STRATEGY_CONDITIONAL,Transportation Modal Energy Consumption from Diesel,energy_consumption_trns_rail_freight_diesel
TX:TRDE:DEC_DEMAND_STRATEGY_CONDITIONAL,Energy Consumption from Transportation,energy_consumption_trns_rail_passenger
TX:TRDE:DEC_DEMAND_STRATEGY_CONDITIONAL,Transportation Modal Energy Consumption from Diesel,energy_consumption_trns_rail_passenger_diesel
TX:TRDE:DEC_DEMAND_STRATEGY_CONDITIONAL,Transportation Modal Energy Consumption from Electricity,energy_consumption_trns_rail_passenger_electricity
TX:TRDE:DEC_DEMAND_STRATEGY_CONDITIONAL,Energy Consumption from Transportation,energy_consumption_trns_road_heavy_freight
TX:TRDE:DEC_DEMAND_STRATEGY_CONDITIONAL,Transportation Modal Energy Consumption from Biofuels,energy_consumption_trns_road_heavy_freight_biofuels
TX:TRDE:DEC_DEMAND_STRATEGY_CONDITIONAL,Transportation Modal Energy Consumption from Diesel,energy_consumption_trns_road_heavy_freight_diesel
TX:TRDE:DEC_DEMAND_STRATEGY_CONDITIONAL,Transportation Modal Energy Consumption from Electricity,energy_consumption_trns_road_heavy_freight_electricity
TX:TRDE:DEC_DEMAND_STRATEGY_CONDITIONAL,Transportation Modal Energy Consumption from Gasoline,energy_consumption_trns_road_heavy_freight_gasoline
TX:TRDE:DEC_DEMAND_STRATEGY_CONDITIONAL,Transportation Modal Energy Consumption from Natural Gas,energy_consumption_trns_road_heavy_freight_natural_gas
TX:TRDE:DEC_DEMAND_STRATEGY_CONDITIONAL,Energy Consumption from Transportation,energy_consumption_trns_road_heavy_regional
TX:TRDE:DEC_DEMAND_STRATEGY_CONDITIONAL,Transportation Modal Energy Consumption from Biofuels,energy_consumption_trns_road_heavy_regional_biofuels
TX:TRDE:DEC_DEMAND_STRATEGY_CONDITIONAL,Transportation Modal Energy Consumption from Diesel,energy_consumption_trns_road_heavy_regional_diesel
TX:TRDE:DEC_DEMAND_STRATEGY_CONDITIONAL,Transportation Modal Energy Consumption from Electricity,energy_consumption_trns_road_heavy_regional_electricity
TX:TRDE:DEC_DEMAND_STRATEGY_CONDITIONAL,Transportation Modal Energy Consumption from Gasoline,energy_consumption_trns_road_heavy_regional_gasoline
TX:TRDE:DEC_DEMAND_STRATEGY_CONDITIONAL,Transportation Modal Energy Consumption from Natural Gas,energy_consumption_trns_road_heavy_regional_natural_gas
TX:TRDE:DEC_DEMAND_STRATEGY_CONDITIONAL,Energy Consumption from Transportation,energy_consumption_trns_road_light
TX:TRDE:DEC_DEMAND_STRATEGY_CONDITIONAL,Transportation Modal Energy Consumption from Biofuels,energy_consumption_trns_road_light_biofuels
TX:TRDE:DEC_DEMAND_STRATEGY_CONDITIONAL,Transportation Modal Energy Consumption from Diesel,energy_consumption_trns_road_light_diesel
TX:TRDE:DEC_DEMAND_STRATEGY_CONDITIONAL,Transportation Modal Energy Consumption from Electricity,energy_consumption_trns_road_light_electricity
TX:TRDE:DEC_DEMAND_STRATEGY_CONDITIONAL,Transportation Modal Energy Consumption from Gasoline,energy_consumption_trns_road_light_gasoline
TX:TRDE:DEC_DEMAND_STRATEGY_CONDITIONAL,Total Energy Consumption from Transportation,energy_consumption_trns_total
TX:TRDE:DEC_DEMAND_STRATEGY_CONDITIONAL,Energy Consumption from Transportation,energy_consumption_trns_water_borne
TX:TRDE:DEC_DEMAND_STRATEGY_CONDITIONAL,Transportation Modal Energy Consumption from Diesel,energy_consumption_trns_water_borne_diesel
TX:TRDE:DEC_DEMAND_STRATEGY_CONDITIONAL,Energy Demand by Fuel in Transportation,energy_demand_enfu_subsector_total_pj_trns_fuel_biofuels
TX:TRDE:DEC_DEMAND_STRATEGY_CONDITIONAL,Energy Demand by Fuel in Transportation,energy_demand_enfu_subsector_total_pj_trns_fuel_diesel
TX:TRDE:DEC_DEMAND_STRATEGY_CONDITIONAL,Energy Demand by Fuel in Transportation,energy_demand_enfu_subsector_total_pj_trns_fuel_electricity
TX:TRDE:DEC_DEMAND_STRATEGY_CONDITIONAL,Energy Demand by Fuel in Transportation,energy_demand_enfu_subsector_total_pj_trns_fuel_gasoline
TX:TRDE:DEC_DEMAND_STRATEGY_CONDITIONAL,Energy Demand by Fuel in Transportation,energy_demand_enfu_subsector_total_pj_trns_fuel_kerosene
TX:TRDE:DEC_DEMAND_STRATEGY_CONDITIONAL,Energy Demand by Fuel in Transportation,energy_demand_enfu_subsector_total_pj_trns_fuel_natural_gas
TX:TRDE:DEC_DEMAND_STRATEGY_CONDITIONAL,Total Megatonne-Kilometer Demand by Vehicle,mass_distance_traveled_trns_mt_km_aviation
TX:TRDE:DEC_DEMAND_STRATEGY_CONDITIONAL,Total Megatonne-Kilometer Demand by Vehicle,mass_distance_traveled_trns_mt_km_rail_freight
TX:TRDE:DEC_DEMAND_STRATEGY_CONDITIONAL,Total Megatonne-Kilometer Demand by Vehicle,mass_distance_traveled_trns_mt_km_road_heavy_freight
TX:TRDE:DEC_DEMAND_STRATEGY_CONDITIONAL,Total Megatonne-Kilometer Demand by Vehicle,mass_distance_traveled_trns_mt_km_water_borne
TX:TRDE:DEC_DEMAND_STRATEGY_CONDITIONAL,Total Passenger Distance by Vehicle,passenger_distance_traveled_trns_aviation
TX:TRDE:DEC_DEMAND_STRATEGY_CONDITIONAL,Total Passenger Distance by Vehicle,passenger_distance_traveled_trns_human_powered
TX:TRDE:DEC_DEMAND_STRATEGY_CONDITIONAL,Total Passenger Distance by Vehicle,passenger_distance_traveled_trns_powered_bikes
TX:TRDE:DEC_DEMAND_STRATEGY_CONDITIONAL,Total Passenger Distance by Vehicle,passenger_distance_traveled_trns_public
TX:TRDE:DEC_DEMAND_STRATEGY_CONDITIONAL,Total Passenger Distance by Vehicle,passenger_distance_traveled_trns_rail_passenger
TX:TRDE:DEC_DEMAND_STRATEGY_CONDITIONAL,Total Passenger Distance by Vehicle,passenger_distance_traveled_trns_road_heavy_regional
TX:TRDE:DEC_DEMAND_STRATEGY_CONDITIONAL,Total Passenger Distance by Vehicle,passenger_distance_traveled_trns_road_light
TX:TRDE:DEC_DEMAND_STRATEGY_CONDITIONAL,Total Passenger Distance by Vehicle,passenger_distance_traveled_trns_water_borne
TX:TRDE:DEC_DEMAND_STRATEGY_CONDITIONAL,Value of Fuel Consumed in Transportation,totalvalue_enfu_fuel_consumed_trns_fuel_biofuels
TX:TRDE:DEC_DEMAND_STRATEGY_CONDITIONAL,Value of Fuel Consumed in Transportation,totalvalue_enfu_fuel_consumed_trns_fuel_diesel
TX:TRDE:DEC_DEMAND_STRATEGY_CONDITIONAL,Value of Fuel Consumed in Transportation,totalvalue_enfu_fuel_consumed_trns_fuel_electricity
TX:TRDE:DEC_DEMAND_STRATEGY_CONDITIONAL,Value of Fuel Consumed in Transportation,totalvalue_enfu_fuel_consumed_trns_fuel_gasoline
TX:TRDE:DEC_DEMAND_STRATEGY_CONDITIONAL,Value of Fuel Consumed in Transportation,totalvalue_enfu_fuel_consumed_trns_fuel_kerosene
TX:TRDE:DEC_DEMAND_STRATEGY_CONDITIONAL,Value of Fuel Consumed in Transportation,totalvalue_enfu_fuel_consumed_trns_fuel_natural_gas
TX:TRDE:DEC_DEMAND_STRATEGY_CONDITIONAL,Total Vehicle Distance Traveled,vehicle_distance_traveled_trns_aviation
TX:TRDE:DEC_DEMAND_STRATEGY_CONDITIONAL,Vehicle Distance Traveled from Kerosene,vehicle_distance_traveled_trns_aviation_kerosene
TX:TRDE:DEC_DEMAND_STRATEGY_CONDITIONAL,Total Vehicle Distance Traveled,vehicle_distance_traveled_trns_human_powered
TX:TRDE:DEC_DEMAND_STRATEGY_CONDITIONAL,Total Vehicle Distance Traveled,vehicle_distance_traveled_trns_powered_bikes
TX:TRDE:DEC_DEMAND_STRATEGY_CONDITIONAL,Vehicle Distance Traveled from Electricity,vehicle_distance_traveled_trns_powered_bikes_electricity
TX:TRDE:DEC_DEMAND_STRATEGY_CONDITIONAL,Vehicle Distance Traveled from Gasoline,vehicle_distance_traveled_trns_powered_bikes_gasoline
TX:TRDE:DEC_DEMAND_STRATEGY_CONDITIONAL,Total Vehicle Distance Traveled,vehicle_distance_traveled_trns_public
TX:TRDE:DEC_DEMAND_STRATEGY_CONDITIONAL,Vehicle Distance Traveled from Biofuels,vehicle_distance_traveled_trns_public_biofuels
TX:TRDE:DEC_DEMAND_STRATEGY_CONDITIONAL,Vehicle Distance Traveled from Diesel,vehicle_distance_traveled_trns_public_diesel
TX:TRDE:DEC_DEMAND_STRATEGY_CONDITIONAL,Vehicle Distance Traveled from Electricity,vehicle_distance_traveled_trns_public_electricity
TX:TRDE:DEC_DEMAND_STRATEGY_CONDITIONAL,Vehicle Distance Traveled from Gasoline,vehicle_distance_traveled_trns_public_gasoline
TX:TRDE:DEC_DEMAND_STRATEGY_CONDITIONAL,Vehicle Distance Traveled from Natural Gas,vehicle_distance_traveled_trns_public_natural_gas
TX:TRDE:DEC_DEMAND_STRATEGY_CONDITIONAL,Total Vehicle Distance Traveled,vehicle_distance_traveled_trns_rail_freight
TX:TRDE:DEC_DEMAND_STRATEGY_CONDITIONAL,Vehicle Distance Traveled from Diesel,vehicle_distance_traveled_trns_rail_freight_diesel
TX:TRDE:DEC_DEMAND_STRATEGY_CONDITIONAL,Total Vehicle Distance Traveled,vehicle_distance_traveled_trns_rail_passenger
TX:TRDE:DEC_DEMAND_STRATEGY_CONDITIONAL,Vehicle Distance Traveled from Diesel,vehicle_distance_traveled_trns_rail_passenger_diesel
TX:TRDE:DEC_DEMAND_STRATEGY_CONDITIONAL,Vehicle Distance Traveled from Electricity,vehicle_distance_traveled_trns_rail_passenger_electricity
TX:TRDE:DEC_DEMAND_STRATEGY_CONDITIONAL,Total Vehicle Distance Traveled,vehicle_distance_traveled_trns_road_heavy_freight
TX:TRDE:DEC_DEMAND_STRATEGY_CONDITIONAL,Vehicle Distance Traveled from Biofuels,vehicle_distance_traveled_trns_road_heavy_freight_biofuels
TX:TRDE:DEC_DEMAND_STRATEGY_CONDITIONAL,Vehicle Distance Traveled from Diesel,vehicle_distance_traveled_trns_road_heavy_freight_diesel
TX:TRDE:DEC_DEMAND_STRATEGY_CONDITIONAL,Vehicle Distance Traveled from Electricity,vehicle_distance_traveled_trns_road_heavy_freight_electricity
TX:TRDE:DEC_DEMAND_STRATEGY_CONDITIONAL,Vehicle Distance Traveled from Gasoline,vehicle_distance_traveled_trns_road_heavy_freight_gasoline
TX:TRDE:DEC_DEMAND_STRATEGY_CONDITIONAL,Vehicle Distance Traveled from Natural Gas,vehicle_distance_traveled_trns_road_heavy_freight_natural_gas
TX:TRDE:DEC_DEMAND_STRATEGY_CONDITIONAL,Total Vehicle Distance Traveled,vehicle_distance_traveled_trns_road_heavy_regional
TX:TRDE:DEC_DEMAND_STRATEGY_CONDITIONAL,Vehicle Distance Traveled from Biofuels,vehicle_distance_traveled_trns_road_heavy_regional_biofuels
TX:TRDE:DEC_DEMAND_STRATEGY_CONDITIONAL,Vehicle Distance Traveled from Diesel,vehicle_distance_traveled_trns_road_heavy_regional_diesel
TX:TRDE:DEC_DEMAND_STRATEGY_CONDITIONAL,Vehicle Distance Traveled from Electricity,vehicle_distance_traveled_trns_road_heavy_regional_electricity
TX:TRDE:DEC_DEMAND_STRATEGY_CONDITIONAL,Vehicle Distance Traveled from Gasoline,vehicle_distance_traveled_trns_road_heavy_regional_gasoline
TX:TRDE:DEC_DEMAND_STRATEGY_CONDITIONAL,Vehicle Distance Traveled from Natural Gas,vehicle_distance_traveled_trns_road_heavy_regional_natural_gas
TX:TRDE:DEC_DEMAND_STRATEGY_CONDITIONAL,Total Vehicle Distance Traveled,vehicle_distance_traveled_trns_road_light
TX:TRDE:DEC_DEMAND_STRATEGY_CONDITIONAL,Vehicle Distance Traveled from Biofuels,vehicle_distance_traveled_trns_road_light_biofuels
TX:TRDE:DEC_DEMAND_STRATEGY_CONDITIONAL,Vehicle Distance Traveled from Diesel,vehicle_distance_traveled_trns_road_light_diesel
TX:TRDE:DEC_DEMAND_STRATEGY_CONDITIONAL,Vehicle Distance Traveled from Electricity,vehicle_distance_traveled_trns_road_light_electricity
TX:TRDE:DEC_DEMAND_STRATEGY_CONDITIONAL,Vehicle Distance Traveled from Gasoline,vehicle_distance_traveled_trns_road_light_gasoline
TX:TRDE:DEC_DEMAND_STRATEGY_CONDITIONAL,Total Vehicle Distance Traveled,vehicle_distance_traveled_trns_water_borne
TX:TRDE:DEC_DEMAND_STRATEGY_CONDITIONAL,Vehicle Distance Traveled from Diesel,vehicle_distance_traveled_trns_water_borne_diesel
TX:TRDE:DEC_DEMAND_STRATEGY_LEP,Megatonne-Kilometer Demand,dem_trde_freight_mt_km
TX:TRDE:DEC_DEMAND_STRATEGY_LEP,Passenger-Kilometer Demand,dem_trde_private_and_public_passenger_km
TX:TRDE:DEC_DEMAND_STRATEGY_LEP,Passenger-Kilometer Demand,dem_trde_regional_passenger_km
TX:TRDE:DEC_DEMAND_STRATEGY_LEP,:math:\text{CH}_4 Emissions from Transportation,emission_co2e_ch4_trns_aviation
TX:TRDE:DEC_DEMAND_STRATEGY_LEP,:math:\text{CH}_4 Emissions from Transportation,emission_co2e_ch4_trns_powered_bikes
TX:TRDE:DEC_DEMAND_STRATEGY_LEP,:math:\text{CH}_4 Emissions from Transportation,emission_co2e_ch4_trns_public
TX:TRDE:DEC_DEMAND_STRATEGY_LEP,:math:\text{CH}_4 Emissions from Transportation,emission_co2e_ch4_trns_rail_freight
TX:TRDE:DEC_DEMAND_STRATEGY_LEP,:math:\text{CH}_4 Emissions from Transportation,emission_co2e_ch4_trns_rail_passenger
TX:TRDE:DEC_DEMAND_STRATEGY_LEP,:math:\text{CH}_4 Emissions from Transportation,emission_co2e_ch4_trns_road_heavy_freight
TX:TRDE:DEC_DEMAND_STRATEGY_LEP,:math:\text{CH}_4 Emissions from Transportation,emission_co2e_ch4_trns_road_heavy_regional
TX:TRDE:DEC_DEMAND_STRATEGY_LEP,:math:\text{CH}_4 Emissions from Transportation,emission_co2e_ch4_trns_road_light
TX:TRDE:DEC_DEMAND_STRATEGY_LEP,:math:\text{CH}_4 Emissions from Transportation,emission_co2e_ch4_trns_water_borne
TX:TRDE:DEC_DEMAND_STRATEGY_LEP,:math:\text{CO}_2 Emissions from Transportation,emission_co2e_co2_trns_aviation
TX:TRDE:DEC_DEMAND_STRATEGY_LEP,:math:\text{CO}_2 Emissions from Transportation,emission_co2e_co2_trns_powered_bikes
TX:TRDE:DEC_DEMAND_STRATEGY_LEP,:math:\text{CO}_2 Emissions from Transportation,emission_co2e_co2_trns_public
TX:TRDE:DEC_DEMAND_STRATEGY_LEP,:math:\text{CO}_2 Emissions from Transportation,emission_co2e_co2_trns_rail_freight
TX:TRDE:DEC_DEMAND_STRATEGY_LEP,:math:\text{CO}_2 Emissions from Transportation,emission_co2e_co2_trns_rail_passenger
TX:TRDE:DEC_DEMAND_STRATEGY_LEP,:math:\text{CO}_2 Emissions from Transportation,emission_co2e_co2_trns_road_heavy_freight
TX:TRDE:DEC_DEMAND_STRATEGY_LEP,:math:\text{CO}_2 Emissions from Transportation,emission_co2e_co2_trns_road_heavy_regional
TX:TRDE:DEC_DEMAND_STRATEGY_LEP,:math:\text{CO}_2 Emissions from Transportation,emission_co2e_co2_trns_road_light
TX:TRDE:DEC_DEMAND_STRATEGY_LEP,:math:\text{CO}_2 Emissions from Transportation,emission_co2e_co2_trns_water_borne
TX:TRDE:DEC_DEMAND_STRATEGY_LEP,:math:\text{N}_2\text{O} Emissions from Transportation,emission_co2e_n2o_trns_aviation
TX:TRDE:DEC_DEMAND_STRATEGY_LEP,:math:\text{N}_2\text{O} Emissions from Transportation,emission_co2e_n2o_trns_powered_bikes
TX:TRDE:DEC_DEMAND_STRATEGY_LEP,:math:\text{N}_2\text{O} Emissions from Transportation,emission_co2e_n2o_trns_public
TX:TRDE:DEC_DEMAND_STRATEGY_LEP,:math:\text{N}_2\text{O} Emissions from Transportation,emission_co2e_n2o_trns_rail_freight
TX:TRDE:DEC_DEMAND_STRATEGY_LEP,:math:\text{N}_2\text{O} Emissions from Transportation,emission_co2e_n2o_trns_rail_passenger
TX:TRDE:DEC_DEMAND_STRATEGY_LEP,:math:\text{N}_2\text{O} Emissions from Transportation,emission_co2e_n2o_trns_road_heavy_freight
TX:TRDE:DEC_DEMAND_STRATEGY_LEP,:math:\text{N}_2\text{O} Emissions from Transportation,emission_co2e_n2o_trns_road_heavy_regional
TX:TRDE:DEC_DEMAND_STRATEGY_LEP,:math:\text{N}_2\text{O} Emissions from Transportation,emission_co2e_n2o_trns_road_light
TX:TRDE:DEC_DEMAND_STRATEGY_LEP,:math:\text{N}_2\text{O} Emissions from Transportation,emission_co2e_n2o_trns_water_borne
TX:TRDE:DEC_DEMAND_STRATEGY_LEP,emission_co2e_subsector_total_trns,emission_co2e_subsector_total_trns
TX:TRDE:DEC_DEMAND_STRATEGY_LEP,Electrical Energy Consumption from Transportation,energy_consumption_electricity_trns_powered_bikes
TX:TRDE:DEC_DEMAND_STRATEGY_LEP,Electrical Energy Consumption from Transportation,energy_consumption_electricity_trns_public
TX:TRDE:DEC_DEMAND_STRATEGY_LEP,Electrical Energy Consumption from Transportation,energy_consumption_electricity_trns_rail_passenger
TX:TRDE:DEC_DEMAND_STRATEGY_LEP,Electrical Energy Consumption from Transportation,energy_consumption_electricity_trns_road_heavy_freight
TX:TRDE:DEC_DEMAND_STRATEGY_LEP,Electrical Energy Consumption from Transportation,energy_consumption_electricity_trns_road_heavy_regional
TX:TRDE:DEC_DEMAND_STRATEGY_LEP,Electrical Energy Consumption from Transportation,energy_consumption_electricity_trns_road_light
TX:TRDE:DEC_DEMAND_STRATEGY_LEP,Total Electrical Energy Consumption from Transportation,energy_consumption_electricity_trns_total
TX:TRDE:DEC_DEMAND_STRATEGY_LEP,Energy Consumption from Transportation,energy_consumption_trns_aviation
TX:TRDE:DEC_DEMAND_STRATEGY_LEP,Transportation Modal Energy Consumption from Kerosene,energy_consumption_trns_aviation_kerosene
TX:TRDE:DEC_DEMAND_STRATEGY_LEP,Energy Consumption from Transportation,energy_consumption_trns_powered_bikes
TX:TRDE:DEC_DEMAND_STRATEGY_LEP,Transportation Modal Energy Consumption from Electricity,energy_consumption_trns_powered_bikes_electricity
TX:TRDE:DEC_DEMAND_STRATEGY_LEP,Transportation Modal Energy Consumption from Gasoline,energy_consumption_trns_powered_bikes_gasoline
TX:TRDE:DEC_DEMAND_STRATEGY_LEP,Energy Consumption from Transportation,energy_consumption_trns_public
TX:TRDE:DEC_DEMAND_STRATEGY_LEP,Transportation Modal Energy Consumption from Biofuels,energy_consumption_trns_public_biofuels
TX:TRDE:DEC_DEMAND_STRATEGY_LEP,Transportation Modal Energy Consumption from Diesel,energy_consumption_trns_public_diesel
TX:TRDE:DEC_DEMAND_STRATEGY_LEP,Transportation Modal Energy Consumption from Electricity,energy_consumption_trns_public_electricity
TX:TRDE:DEC_DEMAND_STRATEGY_LEP,Transportation Modal Energy Consumption from Gasoline,energy_consumption_trns_public_gasoline
TX:TRDE:DEC_DEMAND_STRATEGY_LEP,Transportation Modal Energy Consumption from Natural Gas,energy_consumption_trns_public_natural_gas
TX:TRDE:DEC_DEMAND_STRATEGY_LEP,Energy Consumption from Transportation,energy_consumption_trns_rail_freight
TX:TRDE:DEC_DEMAND_STRATEGY_LEP,Transportation Modal Energy Consumption from Diesel,energy_consumption_trns_rail_freight_diesel
TX:TRDE:DEC_DEMAND_STRATEGY_LEP,Energy Consumption from Transportation,energy_consumption_trns_rail_passenger
TX:TRDE:DEC_DEMAND_STRATEGY_LEP,Transportation Modal Energy Consumption from Diesel,energy_consumption_trns_rail_passenger_diesel
TX:TRDE:DEC_DEMAND_STRATEGY_LEP,Transportation Modal Energy Consumption from Electricity,energy_consumption_trns_rail_passenger_electricity
TX:TRDE:DEC_DEMAND_STRATEGY_LEP,Energy Consumption from Transportation,energy_consumption_trns_road_heavy_freight
TX:TRDE:DEC_DEMAND_STRATEGY_LEP,Transportation Modal Energy Consumption from Biofuels,energy_consumption_trns_road_heavy_freight_biofuels
TX:TRDE:DEC_DEMAND_STRATEGY_LEP,Transportation Modal Energy Consumption from Diesel,energy_consumption_trns_road_heavy_freight_diesel
TX:TRDE:DEC_DEMAND_STRATEGY_LEP,Transportation Modal Energy Consumption from Electricity,energy_consumption_trns_road_heavy_freight_electricity
TX:TRDE:DEC_DEMAND_STRATEGY_LEP,Transportation Modal Energy Consumption from Gasoline,energy_consumption_trns_road_heavy_freight_gasoline
TX:TRDE:DEC_DEMAND_STRATEGY_LEP,Transportation Modal Energy Consumption from Natural Gas,energy_consumption_trns_road_heavy_freight_natural_gas
TX:TRDE:DEC_DEMAND_STRATEGY_LEP,Energy Consumption from Transportation,energy_consumption_trns_road_heavy_regional
TX:TRDE:DEC_DEMAND_STRATEGY_LEP,Transportation Modal Energy Consumption from Biofuels,energy_consumption_trns_road_heavy_regional_biofuels
TX:TRDE:DEC_DEMAND_STRATEGY_LEP,Transportation Modal Energy Consumption from Diesel,energy_consumption_trns_road_heavy_regional_diesel
TX:TRDE:DEC_DEMAND_STRATEGY_LEP,Transportation Modal Energy Consumption from Electricity,energy_consumption_trns_road_heavy_regional_electricity
TX:TRDE:DEC_DEMAND_STRATEGY_LEP,Transportation Modal Energy Consumption from Gasoline,energy_consumption_trns_road_heavy_regional_gasoline
TX:TRDE:DEC_DEMAND_STRATEGY_LEP,Transportation Modal Energy Consumption from Natural Gas,energy_consumption_trns_road_heavy_regional_natural_gas
TX:TRDE:DEC_DEMAND_STRATEGY_LEP,Energy Consumption from Transportation,energy_consumption_trns_road_light
TX:TRDE:DEC_DEMAND_STRATEGY_LEP,Transportation Modal Energy Consumption from Biofuels,energy_consumption_trns_road_light_biofuels
TX:TRDE:DEC_DEMAND_STRATEGY_LEP,Transportation Modal Energy Consumption from Diesel,energy_consumption_trns_road_light_diesel
TX:TRDE:DEC_DEMAND_STRATEGY_LEP,Transportation Modal Energy Consumption from Electricity,energy_consumption_trns_road_light_electricity
TX:TRDE:DEC_DEMAND_STRATEGY_LEP,Transportation Modal Energy Consumption from Gasoline,energy_consumption_trns_road_light_gasoline
TX:TRDE:DEC_DEMAND_STRATEGY_LEP,Total Energy Consumption from Transportation,energy_consumption_trns_total
TX:TRDE:DEC_DEMAND_STRATEGY_LEP,Energy Consumption from Transportation,energy_consumption_trns_water_borne
TX:TRDE:DEC_DEMAND_STRATEGY_LEP,Transportation Modal Energy Consumption from Diesel,energy_consumption_trns_water_borne_diesel
TX:TRDE:DEC_DEMAND_STRATEGY_LEP,Energy Demand by Fuel in Transportation,energy_demand_enfu_subsector_total_pj_trns_fuel_biofuels
TX:TRDE:DEC_DEMAND_STRATEGY_LEP,Energy Demand by Fuel in Transportation,energy_demand_enfu_subsector_total_pj_trns_fuel_diesel
TX:TRDE:DEC_DEMAND_STRATEGY_LEP,Energy Demand by Fuel in Transportation,energy_demand_enfu_subsector_total_pj_trns_fuel_electricity
TX:TRDE:DEC_DEMAND_STRATEGY_LEP,Energy Demand by Fuel in Transportation,energy_demand_enfu_subsector_total_pj_trns_fuel_gasoline
TX:TRDE:DEC_DEMAND_STRATEGY_LEP,Energy Demand by Fuel in Transportation,energy_demand_enfu_subsector_total_pj_trns_fuel_kerosene
TX:TRDE:DEC_DEMAND_STRATEGY_LEP,Energy Demand by Fuel in Transportation,energy_demand_enfu_subsector_total_pj_trns_fuel_natural_gas
TX:TRDE:DEC_DEMAND_STRATEGY_LEP,Total Megatonne-Kilometer Demand by Vehicle,mass_distance_traveled_trns_mt_km_aviation
TX:TRDE:DEC_DEMAND_STRATEGY_LEP,Total Megatonne-Kilometer Demand by Vehicle,mass_distance_traveled_trns_mt_km_rail_freight
TX:TRDE:DEC_DEMAND_STRATEGY_LEP,Total Megatonne-Kilometer Demand by Vehicle,mass_distance_traveled_trns_mt_km_road_heavy_freight
TX:TRDE:DEC_DEMAND_STRATEGY_LEP,Total Megatonne-Kilometer Demand by Vehicle,mass_distance_traveled_trns_mt_km_water_borne
TX:TRDE:DEC_DEMAND_STRATEGY_LEP,Total Passenger Distance by Vehicle,passenger_distance_traveled_trns_aviation
TX:TRDE:DEC_DEMAND_STRATEGY_LEP,Total Passenger Distance by Vehicle,passenger_distance_traveled_trns_human_powered
TX:TRDE:DEC_DEMAND_STRATEGY_LEP,Total Passenger Distance by Vehicle,passenger_distance_traveled_trns_powered_bikes
TX:TRDE:DEC_DEMAND_STRATEGY_LEP,Total Passenger Distance by Vehicle,passenger_distance_traveled_trns_public
TX:TRDE:DEC_DEMAND_STRATEGY_LEP,Total Passenger Distance by Vehicle,passenger_distance_traveled_trns_rail_passenger
TX:TRDE:DEC_DEMAND_STRATEGY_LEP,Total Passenger Distance by Vehicle,passenger_distance_traveled_trns_road_heavy_regional
TX:TRDE:DEC_DEMAND_STRATEGY_LEP,Total Passenger Distance by Vehicle,passenger_distance_traveled_trns_road_light
TX:TRDE:DEC_DEMAND_STRATEGY_LEP,Total Passenger Distance by Vehicle,passenger_distance_traveled_trns_water_borne
TX:TRDE:DEC_DEMAND_STRATEGY_LEP,Value of Fuel Consumed in Transportation,totalvalue_enfu_fuel_consumed_trns_fuel_biofuels
TX:TRDE:DEC_DEMAND_STRATEGY_LEP,Value of Fuel Consumed in Transportation,totalvalue_enfu_fuel_consumed_trns_fuel_diesel
TX:TRDE:DEC_DEMAND_STRATEGY_LEP,Value of Fuel Consumed in Transportation,totalvalue_enfu_fuel_consumed_trns_fuel_electricity
TX:TRDE:DEC_DEMAND_STRATEGY_LEP,Value of Fuel Consumed in Transportation,totalvalue_enfu_fuel_consumed_trns_fuel_gasoline
TX:TRDE:DEC_DEMAND_STRATEGY_LEP,Value of Fuel Consumed in Transportation,totalvalue_enfu_fuel_consumed_trns_fuel_kerosene
TX:TRDE:DEC_DEMAND_STRATEGY_LEP,Value of Fuel Consumed in Transportation,totalvalue_enfu_fuel_consumed_trns_fuel_natural_gas
TX:TRDE:DEC_DEMAND_STRATEGY_LEP,Total Vehicle Distance Traveled,vehicle_distance_traveled_trns_aviation
TX:TRDE:DEC_DEMAND_STRATEGY_LEP,Vehicle Distance Traveled from Kerosene,vehicle_distance_traveled_trns_aviation_kerosene
TX:TRDE:DEC_DEMAND_STRATEGY_LEP,Total Vehicle Distance Traveled,vehicle_distance_traveled_trns_human_powered
TX:TRDE:DEC_DEMAND_STRATEGY_LEP,Total Vehicle Distance Traveled,vehicle_distance_traveled_trns_powered_bikes
TX:TRDE:DEC_DEMAND_STRATEGY_LEP,Vehicle Distance Traveled from Electricity,vehicle_distance_traveled_trns_powered_bikes_electricity
TX:TRDE:DEC_DEMAND_STRATEGY_LEP,Vehicle Distance Traveled from Gasoline,vehicle_distance_traveled_trns_powered_bikes_gasoline
TX:TRDE:DEC_DEMAND_STRATEGY_LEP,Total Vehicle Distance Traveled,vehicle_distance_traveled_trns_public
TX:TRDE:DEC_DEMAND_STRATEGY_LEP,Vehicle Distance Traveled from Biofuels,vehicle_distance_traveled_trns_public_biofuels
TX:TRDE:DEC_DEMAND_STRATEGY_LEP,Vehicle Distance Traveled from Diesel,vehicle_distance_traveled_trns_public_diesel
TX:TRDE:DEC_DEMAND_STRATEGY_LEP,Vehicle Distance Traveled from Electricity,vehicle_distance_traveled_trns_public_electricity
TX:TRDE:DEC_DEMAND_STRATEGY_LEP,Vehicle Distance Traveled from Gasoline,vehicle_distance_traveled_trns_public_gasoline
TX:TRDE:DEC_DEMAND_STRATEGY_LEP,Vehicle Distance Traveled from Natural Gas,vehicle_distance_traveled_trns_public_natural_gas
TX:TRDE:DEC_DEMAND_STRATEGY_LEP,Total Vehicle Distance Traveled,vehicle_distance_traveled_trns_rail_freight
TX:TRDE:DEC_DEMAND_STRATEGY_LEP,Vehicle Distance Traveled from Diesel,vehicle_distance_traveled_trns_rail_freight_diesel
TX:TRDE:DEC_DEMAND_STRATEGY_LEP,Total Vehicle Distance Traveled,vehicle_distance_traveled_trns_rail_passenger
TX:TRDE:DEC_DEMAND_STRATEGY_LEP,Vehicle Distance Traveled from Diesel,vehicle_distance_traveled_trns_rail_passenger_diesel
TX:TRDE:DEC_DEMAND_STRATEGY_LEP,Vehicle Distance Traveled from Electricity,vehicle_distance_traveled_trns_rail_passenger_electricity
TX:TRDE:DEC_DEMAND_STRATEGY_LEP,Total Vehicle Distance Traveled,vehicle_distance_traveled_trns_road_heavy_freight
TX:TRDE:DEC_DEMAND_STRATEGY_LEP,Vehicle Distance Traveled from Biofuels,vehicle_distance_traveled_trns_road_heavy_freight_biofuels
TX:TRDE:DEC_DEMAND_STRATEGY_LEP,Vehicle Distance Traveled from Diesel,vehicle_distance_traveled_trns_road_heavy_freight_diesel
TX:TRDE:DEC_DEMAND_STRATEGY_LEP,Vehicle Distance Traveled from Electricity,vehicle_distance_traveled_trns_road_heavy_freight_electricity
TX:TRDE:DEC_DEMAND_STRATEGY_LEP,Vehicle Distance Traveled from Gasoline,vehicle_distance_traveled_trns_road_heavy_freight_gasoline
TX:TRDE:DEC_DEMAND_STRATEGY_LEP,Vehicle Distance Traveled from Natural Gas,vehicle_distance_traveled_trns_road_heavy_freight_natural_gas
TX:TRDE:DEC_DEMAND_STRATEGY_LEP,Total Vehicle Distance Traveled,vehicle_distance_traveled_trns_road_heavy_regional
TX:TRDE:DEC_DEMAND_STRATEGY_LEP,Vehicle Distance Traveled from Biofuels,vehicle_distance_traveled_trns_road_heavy_regional_biofuels
TX:TRDE:DEC_DEMAND_STRATEGY_LEP,Vehicle Distance Traveled from Diesel,vehicle_distance_traveled_trns_road_heavy_regional_diesel
TX:TRDE:DEC_DEMAND_STRATEGY_LEP,Vehicle Distance Traveled from Electricity,vehicle_distance_traveled_trns_road_heavy_regional_electricity
TX:TRDE:DEC_DEMAND_STRATEGY_LEP,Vehicle Distance Traveled from Gasoline,vehicle_distance_traveled_trns_road_heavy_regional_gasoline
TX:TRDE:DEC_DEMAND_STRATEGY_LEP,Vehicle Distance Traveled from Natural Gas,vehicle_distance_traveled_trns_road_heavy_regional_natural_gas
TX:TRDE:DEC_DEMAND_STRATEGY_LEP,Total Vehicle Distance Traveled,vehicle_distance_traveled_trns_road_light
TX:TRDE:DEC_DEMAND_STRATEGY_LEP,Vehicle Distance Traveled from Biofuels,vehicle_distance_traveled_trns_road_light_biofuels
TX:TRDE:DEC_DEMAND_STRATEGY_LEP,Vehicle Distance Traveled from Diesel,vehicle_distance_traveled_trns_road_light_diesel
TX:TRDE:DEC_DEMAND_STRATEGY_LEP,Vehicle Distance Traveled from Electricity,vehicle_distance_traveled_trns_road_light_electricity
TX:TRDE:DEC_DEMAND_STRATEGY_LEP,Vehicle Distance Traveled from Gasoline,vehicle_distance_traveled_trns_road_light_gasoline
TX:TRDE:DEC_DEMAND_STRATEGY_LEP,Total Vehicle Distance Traveled,vehicle_distance_traveled_trns_water_borne
TX:TRDE:DEC_DEMAND_STRATEGY_LEP,Vehicle Distance Traveled from Diesel,vehicle_distance_traveled_trns_water_borne_diesel
TX:TRDE:DEC_DEMAND_STRATEGY_NDC,Megatonne-Kilometer Demand,dem_trde_freight_mt_km
TX:TRDE:DEC_DEMAND_STRATEGY_NDC,Passenger-Kilometer Demand,dem_trde_private_and_public_passenger_km
TX:TRDE:DEC_DEMAND_STRATEGY_NDC,Passenger-Kilometer Demand,dem_trde_regional_passenger_km
TX:TRDE:DEC_DEMAND_STRATEGY_NDC,:math:\text{CH}_4 Emissions from Transportation,emission_co2e_ch4_trns_aviation
TX:TRDE:DEC_DEMAND_STRATEGY_NDC,:math:\text{CH}_4 Emissions from Transportation,emission_co2e_ch4_trns_powered_bikes
TX:TRDE:DEC_DEMAND_STRATEGY_NDC,:math:\text{CH}_4 Emissions from Transportation,emission_co2e_ch4_trns_public
TX:TRDE:DEC_DEMAND_STRATEGY_NDC,:math:\text{CH}_4 Emissions from Transportation,emission_co2e_ch4_trns_rail_freight
TX:TRDE:DEC_DEMAND_STRATEGY_NDC,:math:\text{CH}_4 Emissions from Transportation,emission_co2e_ch4_trns_rail_passenger
TX:TRDE:DEC_DEMAND_STRATEGY_NDC,:math:\text{CH}_4 Emissions from Transportation,emission_co2e_ch4_trns_road_heavy_freight
TX:TRDE:DEC_DEMAND_STRATEGY_NDC,:math:\text{CH}_4 Emissions from Transportation,emission_co2e_ch4_trns_road_heavy_regional
TX:TRDE:DEC_DEMAND_STRATEGY_NDC,:math:\text{CH}_4 Emissions from Transportation,emission_co2e_ch4_trns_road_light
TX:TRDE:DEC_DEMAND_STRATEGY_NDC,:math:\text{CH}_4 Emissions from Transportation,emission_co2e_ch4_trns_water_borne
TX:TRDE:DEC_DEMAND_STRATEGY_NDC,:math:\text{CO}_2 Emissions from Transportation,emission_co2e_co2_trns_aviation
TX:TRDE:DEC_DEMAND_STRATEGY_NDC,:math:\text{CO}_2 Emissions from Transportation,emission_co2e_co2_trns_powered_bikes
TX:TRDE:DEC_DEMAND_STRATEGY_NDC,:math:\text{CO}_2 Emissions from Transportation,emission_co2e_co2_trns_public
TX:TRDE:DEC_DEMAND_STRATEGY_NDC,:math:\text{CO}_2 Emissions from Transportation,emission_co2e_co2_trns_rail_freight
TX:TRDE:DEC_DEMAND_STRATEGY_NDC,:math:\text{CO}_2 Emissions from Transportation,emission_co2e_co2_trns_rail_passenger
TX:TRDE:DEC_DEMAND_STRATEGY_NDC,:math:\text{CO}_2 Emissions from Transportation,emission_co2e_co2_trns_road_heavy_freight
TX:TRDE:DEC_DEMAND_STRATEGY_NDC,:math:\text{CO}_2 Emissions from Transportation,emission_co2e_co2_trns_road_heavy_regional
TX:TRDE:DEC_DEMAND_STRATEGY_NDC,:math:\text{CO}_2 Emissions from Transportation,emission_co2e_co2_trns_road_light
TX:TRDE:DEC_DEMAND_STRATEGY_NDC,:math:\text{CO}_2 Emissions from Transportation,emission_co2e_co2_trns_water_borne
TX:TRDE:DEC_DEMAND_STRATEGY_NDC,:math:\text{N}_2\text{O} Emissions from Transportation,emission_co2e_n2o_trns_aviation
TX:TRDE:DEC_DEMAND_STRATEGY_NDC,:math:\text{N}_2\text{O} Emissions from Transportation,emission_co2e_n2o_trns_powered_bikes
TX:TRDE:DEC_DEMAND_STRATEGY_NDC,:math:\text{N}_2\text{O} Emissions from Transportation,emission_co2e_n2o_trns_public
TX:TRDE:DEC_DEMAND_STRATEGY_NDC,:math:\text{N}_2\text{O} Emissions from Transportation,emission_co2e_n2o_trns_rail_freight
TX:TRDE:DEC_DEMAND_STRATEGY_NDC,:math:\text{N}_2\text{O} Emissions from Transportation,emission_co2e_n2o_trns_rail_passenger
TX:TRDE:DEC_DEMAND_STRATEGY_NDC,:math:\text{N}_2\text{O} Emissions from Transportation,emission_co2e_n2o_trns_road_heavy_freight
TX:TRDE:DEC_DEMAND_STRATEGY_NDC,:math:\text{N}_2\text{O} Emissions from Transportation,emission_co2e_n2o_trns_road_heavy_regional
TX:TRDE:DEC_DEMAND_STRATEGY_NDC,:math:\text{N}_2\text{O} Emissions from Transportation,emission_co2e_n2o_trns_road_light
TX:TRDE:DEC_DEMAND_STRATEGY_NDC,:math:\text{N}_2\text{O} Emissions from Transportation,emission_co2e_n2o_trns_water_borne
TX:TRDE:DEC_DEMAND_STRATEGY_NDC,emission_co2e_subsector_total_trns,emission_co2e_subsector_total_trns
TX:TRDE:DEC_DEMAND_STRATEGY_NDC,Electrical Energy Consumption from Transportation,energy_consumption_electricity_trns_powered_bikes
TX:TRDE:DEC_DEMAND_STRATEGY_NDC,Electrical Energy Consumption from Transportation,energy_consumption_electricity_trns_public
TX:TRDE:DEC_DEMAND_STRATEGY_NDC,Electrical Energy Consumption from Transportation,energy_consumption_electricity_trns_rail_passenger
TX:TRDE:DEC_DEMAND_STRATEGY_NDC,Electrical Energy Consumption from Transportation,energy_consumption_electricity_trns_road_heavy_freight
TX:TRDE:DEC_DEMAND_STRATEGY_NDC,Electrical Energy Consumption from Transportation,energy_consumption_electricity_trns_road_heavy_regional
TX:TRDE:DEC_DEMAND_STRATEGY_NDC,Electrical Energy Consumption from Transportation,energy_consumption_electricity_trns_road_light
TX:TRDE:DEC_DEMAND_STRATEGY_NDC,Total Electrical Energy Consumption from Transportation,energy_consumption_electricity_trns_total
TX:TRDE:DEC_DEMAND_STRATEGY_NDC,Energy Consumption from Transportation,energy_consumption_trns_aviation
TX:TRDE:DEC_DEMAND_STRATEGY_NDC,Transportation Modal Energy Consumption from Kerosene,energy_consumption_trns_aviation_kerosene
TX:TRDE:DEC_DEMAND_STRATEGY_NDC,Energy Consumption from Transportation,energy_consumption_trns_powered_bikes
TX:TRDE:DEC_DEMAND_STRATEGY_NDC,Transportation Modal Energy Consumption from Electricity,energy_consumption_trns_powered_bikes_electricity
TX:TRDE:DEC_DEMAND_STRATEGY_NDC,Transportation Modal Energy Consumption from Gasoline,energy_consumption_trns_powered_bikes_gasoline
TX:TRDE:DEC_DEMAND_STRATEGY_NDC,Energy Consumption from Transportation,energy_consumption_trns_public
TX:TRDE:DEC_DEMAND_STRATEGY_NDC,Transportation Modal Energy Consumption from Biofuels,energy_consumption_trns_public_biofuels
TX:TRDE:DEC_DEMAND_STRATEGY_NDC,Transportation Modal Energy Consumption from Diesel,energy_consumption_trns_public_diesel
TX:TRDE:DEC_DEMAND_STRATEGY_NDC,Transportation Modal Energy Consumption from Electricity,energy_consumption_trns_public_electricity
TX:TRDE:DEC_DEMAND_STRATEGY_NDC,Transportation Modal Energy Consumption from Gasoline,energy_consumption_trns_public_gasoline
TX:TRDE:DEC_DEMAND_STRATEGY_NDC,Transportation Modal Energy Consumption from Natural Gas,energy_consumption_trns_public_natural_gas
TX:TRDE:DEC_DEMAND_STRATEGY_NDC,Energy Consumption from Transportation,energy_consumption_trns_rail_freight
TX:TRDE:DEC_DEMAND_STRATEGY_NDC,Transportation Modal Energy Consumption from Diesel,energy_consumption_trns_rail_freight_diesel
TX:TRDE:DEC_DEMAND_STRATEGY_NDC,Energy Consumption from Transportation,energy_consumption_trns_rail_passenger
TX:TRDE:DEC_DEMAND_STRATEGY_NDC,Transportation Modal Energy Consumption from Diesel,energy_consumption_trns_rail_passenger_diesel
TX:TRDE:DEC_DEMAND_STRATEGY_NDC,Transportation Modal Energy Consumption from Electricity,energy_consumption_trns_rail_passenger_electricity
TX:TRDE:DEC_DEMAND_STRATEGY_NDC,Energy Consumption from Transportation,energy_consumption_trns_road_heavy_freight
TX:TRDE:DEC_DEMAND_STRATEGY_NDC,Transportation Modal Energy Consumption from Biofuels,energy_consumption_trns_road_heavy_freight_biofuels
TX:TRDE:DEC_DEMAND_STRATEGY_NDC,Transportation Modal Energy Consumption from Diesel,energy_consumption_trns_road_heavy_freight_diesel
TX:TRDE:DEC_DEMAND_STRATEGY_NDC,Transportation Modal Energy Consumption from Electricity,energy_consumption_trns_road_heavy_freight_electricity
TX:TRDE:DEC_DEMAND_STRATEGY_NDC,Transportation Modal Energy Consumption from Gasoline,energy_consumption_trns_road_heavy_freight_gasoline
TX:TRDE:DEC_DEMAND_STRATEGY_NDC,Transportation Modal Energy Consumption from Natural Gas,energy_consumption_trns_road_heavy_freight_natural_gas
TX:TRDE:DEC_DEMAND_STRATEGY_NDC,Energy Consumption from Transportation,energy_consumption_trns_road_heavy_regional
TX:TRDE:DEC_DEMAND_STRATEGY_NDC,Transportation Modal Energy Consumption from Biofuels,energy_consumption_trns_road_heavy_regional_biofuels
TX:TRDE:DEC_DEMAND_STRATEGY_NDC,Transportation Modal Energy Consumption from Diesel,energy_consumption_trns_road_heavy_regional_diesel
TX:TRDE:DEC_DEMAND_STRATEGY_NDC,Transportation Modal Energy Consumption from Electricity,energy_consumption_trns_road_heavy_regional_electricity
TX:TRDE:DEC_DEMAND_STRATEGY_NDC,Transportation Modal Energy Consumption from Gasoline,energy_consumption_trns_road_heavy_regional_gasoline
TX:TRDE:DEC_DEMAND_STRATEGY_NDC,Transportation Modal Energy Consumption from Natural Gas,energy_consumption_trns_road_heavy_regional_natural_gas
TX:TRDE:DEC_DEMAND_STRATEGY_NDC,Energy Consumption from Transportation,energy_consumption_trns_road_light
TX:TRDE:DEC_DEMAND_STRATEGY_NDC,Transportation Modal Energy Consumption from Biofuels,energy_consumption_trns_road_light_biofuels
TX:TRDE:DEC_DEMAND_STRATEGY_NDC,Transportation Modal Energy Consumption from Diesel,energy_consumption_trns_road_light_diesel
TX:TRDE:DEC_DEMAND_STRATEGY_NDC,Transportation Modal Energy Consumption from Electricity,energy_consumption_trns_road_light_electricity
TX:TRDE:DEC_DEMAND_STRATEGY_NDC,Transportation Modal Energy Consumption from Gasoline,energy_consumption_trns_road_light_gasoline
TX:TRDE:DEC_DEMAND_STRATEGY_NDC,Total Energy Consumption from Transportation,energy_consumption_trns_total
TX:TRDE:DEC_DEMAND_STRATEGY_NDC,Energy Consumption from Transportation,energy_consumption_trns_water_borne
TX:TRDE:DEC_DEMAND_STRATEGY_NDC,Transportation Modal Energy Consumption from Diesel,energy_consumption_trns_water_borne_diesel
TX:TRDE:DEC_DEMAND_STRATEGY_NDC,Energy Demand by Fuel in Transportation,energy_demand_enfu_subsector_total_pj_trns_fuel_biofuels
TX:TRDE:DEC_DEMAND_STRATEGY_NDC,Energy Demand by Fuel in Transportation,energy_demand_enfu_subsector_total_pj_trns_fuel_diesel
TX:TRDE:DEC_DEMAND_STRATEGY_NDC,Energy Demand by Fuel in Transportation,energy_demand_enfu_subsector_total_pj_trns_fuel_electricity
TX:TRDE:DEC_DEMAND_STRATEGY_NDC,Energy Demand by Fuel in Transportation,energy_demand_enfu_subsector_total_pj_trns_fuel_gasoline
TX:TRDE:DEC_DEMAND_STRATEGY_NDC,Energy Demand by Fuel in Transportation,energy_demand_enfu_subsector_total_pj_trns_fuel_kerosene
TX:TRDE:DEC_DEMAND_STRATEGY_NDC,Energy Demand by Fuel in Transportation,energy_demand_enfu_subsector_total_pj_trns_fuel_natural_gas
TX:TRDE:DEC_DEMAND_STRATEGY_NDC,Total Megatonne-Kilometer Demand by Vehicle,mass_distance_traveled_trns_mt_km_aviation
TX:TRDE:DEC_DEMAND_STRATEGY_NDC,Total Megatonne-Kilometer Demand by Vehicle,mass_distance_traveled_trns_mt_km_rail_freight
TX:TRDE:DEC_DEMAND_STRATEGY_NDC,Total Megatonne-Kilometer Demand by Vehicle,mass_distance_traveled_trns_mt_km_road_heavy_freight
TX:TRDE:DEC_DEMAND_STRATEGY_NDC,Total Megatonne-Kilometer Demand by Vehicle,mass_distance_traveled_trns_mt_km_water_borne
TX:TRDE:DEC_DEMAND_STRATEGY_NDC,Total Passenger Distance by Vehicle,passenger_distance_traveled_trns_aviation
TX:TRDE:DEC_DEMAND_STRATEGY_NDC,Total Passenger Distance by Vehicle,passenger_distance_traveled_trns_human_powered
TX:TRDE:DEC_DEMAND_STRATEGY_NDC,Total Passenger Distance by Vehicle,passenger_distance_traveled_trns_powered_bikes
TX:TRDE:DEC_DEMAND_STRATEGY_NDC,Total Passenger Distance by Vehicle,passenger_distance_traveled_trns_public
TX:TRDE:DEC_DEMAND_STRATEGY_NDC,Total Passenger Distance by Vehicle,passenger_distance_traveled_trns_rail_passenger
TX:TRDE:DEC_DEMAND_STRATEGY_NDC,Total Passenger Distance by Vehicle,passenger_distance_traveled_trns_road_heavy_regional
TX:TRDE:DEC_DEMAND_STRATEGY_NDC,Total Passenger Distance by Vehicle,passenger_distance_traveled_trns_road_light
TX:TRDE:DEC_DEMAND_STRATEGY_NDC,Total Passenger Distance by Vehicle,passenger_distance_traveled_trns_water_borne
TX:TRDE:DEC_DEMAND_STRATEGY_NDC,Value of Fuel Consumed in Transportation,totalvalue_enfu_fuel_consumed_trns_fuel_biofuels
TX:TRDE:DEC_DEMAND_STRATEGY_NDC,Value of Fuel Consumed in Transportation,totalvalue_enfu_fuel_consumed_trns_fuel_diesel
TX:TRDE:DEC_DEMAND_STRATEGY_NDC,Value of Fuel Consumed in Transportation,totalvalue_enfu_fuel_consumed_trns_fuel_electricity
TX:TRDE:DEC_DEMAND_STRATEGY_NDC,Value of Fuel Consumed in Transportation,totalvalue_enfu_fuel_consumed_trns_fuel_gasoline
TX:TRDE:DEC_DEMAND_STRATEGY_NDC,Value of Fuel Consumed in Transportation,totalvalue_enfu_fuel_consumed_trns_fuel_kerosene
TX:TRDE:DEC_DEMAND_STRATEGY_NDC,Value of Fuel Consumed in Transportation,totalvalue_enfu_fuel_consumed_trns_fuel_natural_gas
TX:TRDE:DEC_DEMAND_STRATEGY_NDC,Total Vehicle Distance Traveled,vehicle_distance_traveled_trns_aviation
TX:TRDE:DEC_DEMAND_STRATEGY_NDC,Vehicle Distance Traveled from Kerosene,vehicle_distance_traveled_trns_aviation_kerosene
TX:TRDE:DEC_DEMAND_STRATEGY_NDC,Total Vehicle Distance Traveled,vehicle_distance_traveled_trns_human_powered
TX:TRDE:DEC_DEMAND_STRATEGY_NDC,Total Vehicle Distance Traveled,vehicle_distance_traveled_trns_powered_bikes
TX:TRDE:DEC_DEMAND_STRATEGY_NDC,Vehicle Distance Traveled from Electricity,vehicle_distance_traveled_trns_powered_bikes_electricity
TX:TRDE:DEC_DEMAND_STRATEGY_NDC,Vehicle Distance Traveled from Gasoline,vehicle_distance_traveled_trns_powered_bikes_gasoline
TX:TRDE:DEC_DEMAND_STRATEGY_NDC,Total Vehicle Distance Traveled,vehicle_distance_traveled_trns_public
TX:TRDE:DEC_DEMAND_STRATEGY_NDC,Vehicle Distance Traveled from Biofuels,vehicle_distance_traveled_trns_public_biofuels
TX:TRDE:DEC_DEMAND_STRATEGY_NDC,Vehicle Distance Traveled from Diesel,vehicle_distance_traveled_trns_public_diesel
TX:TRDE:DEC_DEMAND_STRATEGY_NDC,Vehicle Distance Traveled from Electricity,vehicle_distance_traveled_trns_public_electricity
TX:TRDE:DEC_DEMAND_STRATEGY_NDC,Vehicle Distance Traveled from Gasoline,vehicle_distance_traveled_trns_public_gasoline
TX:TRDE:DEC_DEMAND_STRATEGY_NDC,Vehicle Distance Traveled from Natural Gas,vehicle_distance_traveled_trns_public_natural_gas
TX:TRDE:DEC_DEMAND_STRATEGY_NDC,Total Vehicle Distance Traveled,vehicle_distance_traveled_trns_rail_freight
TX:TRDE:DEC_DEMAND_STRATEGY_NDC,Vehicle Distance Traveled from Diesel,vehicle_distance_traveled_trns_rail_freight_diesel
TX:TRDE:DEC_DEMAND_STRATEGY_NDC,Total Vehicle Distance Traveled,vehicle_distance_traveled_trns_rail_passenger
TX:TRDE:DEC_DEMAND_STRATEGY_NDC,Vehicle Distance Traveled from Diesel,vehicle_distance_traveled_trns_rail_passenger_diesel
TX:TRDE:DEC_DEMAND_STRATEGY_NDC,Vehicle Distance Traveled from Electricity,vehicle_distance_traveled_trns_rail_passenger_electricity
TX:TRDE:DEC_DEMAND_STRATEGY_NDC,Total Vehicle Distance Traveled,vehicle_distance_traveled_trns_road_heavy_freight
TX:TRDE:DEC_DEMAND_STRATEGY_NDC,Vehicle Distance Traveled from Biofuels,vehicle_distance_traveled_trns_road_heavy_freight_biofuels
TX:TRDE:DEC_DEMAND_STRATEGY_NDC,Vehicle Distance Traveled from Diesel,vehicle_distance_traveled_trns_road_heavy_freight_diesel
TX:TRDE:DEC_DEMAND_STRATEGY_NDC,Vehicle Distance Traveled from Electricity,vehicle_distance_traveled_trns_road_heavy_freight_electricity
TX:TRDE:DEC_DEMAND_STRATEGY_NDC,Vehicle Distance Traveled from Gasoline,vehicle_distance_traveled_trns_road_heavy_freight_gasoline
TX:TRDE:DEC_DEMAND_STRATEGY_NDC,Vehicle Distance Traveled from Natural Gas,vehicle_distance_traveled_trns_road_heavy_freight_natural_gas
TX:TRDE:DEC_DEMAND_STRATEGY_NDC,Total Vehicle Distance Traveled,vehicle_distance_traveled_trns_road_heavy_regional
TX:TRDE:DEC_DEMAND_STRATEGY_NDC,Vehicle Distance Traveled from Biofuels,vehicle_distance_traveled_trns_road_heavy_regional_biofuels
TX:TRDE:DEC_DEMAND_STRATEGY_NDC,Vehicle Distance Traveled from Diesel,vehicle_distance_traveled_trns_road_heavy_regional_diesel
TX:TRDE:DEC_DEMAND_STRATEGY_NDC,Vehicle Distance Traveled from Electricity,vehicle_distance_traveled_trns_road_heavy_regional_electricity
TX:TRDE:DEC_DEMAND_STRATEGY_NDC,Vehicle Distance Traveled from Gasoline,vehicle_distance_traveled_trns_road_heavy_regional_gasoline
TX:TRDE:DEC_DEMAND_STRATEGY_NDC,Vehicle Distance Traveled from Natural Gas,vehicle_distance_traveled_trns_road_heavy_regional_natural_gas
TX:TRDE:DEC_DEMAND_STRATEGY_NDC,Total Vehicle Distance Traveled,vehicle_distance_traveled_trns_road_light
TX:TRDE:DEC_DEMAND_STRATEGY_NDC,Vehicle Distance Traveled from Biofuels,vehicle_distance_traveled_trns_road_light_biofuels
TX:TRDE:DEC_DEMAND_STRATEGY_NDC,Vehicle Distance Traveled from Diesel,vehicle_distance_traveled_trns_road_light_diesel
TX:TRDE:DEC_DEMAND_STRATEGY_NDC,Vehicle Distance Traveled from Electricity,vehicle_distance_traveled_trns_road_light_electricity
TX:TRDE:DEC_DEMAND_STRATEGY_NDC,Vehicle Distance Traveled from Gasoline,vehicle_distance_traveled_trns_road_light_gasoline
TX:TRDE:DEC_DEMAND_STRATEGY_NDC,Total Vehicle Distance Traveled,vehicle_distance_traveled_trns_water_borne
TX:TRDE:DEC_DEMAND_STRATEGY_NDC,Vehicle Distance Traveled from Diesel,vehicle_distance_traveled_trns_water_borne_diesel
TX:TRNS:INC_EFFICIENCY_ELECTRIC,Electrical Energy Consumption from Transportation,energy_consumption_electricity_trns_powered_bikes
TX:TRNS:INC_EFFICIENCY_ELECTRIC,Electrical Energy Consumption from Transportation,energy_consumption_electricity_trns_public
TX:TRNS:INC_EFFICIENCY_ELECTRIC,Electrical Energy Consumption from Transportation,energy_consumption_electricity_trns_rail_passenger
TX:TRNS:INC_EFFICIENCY_ELECTRIC,Electrical Energy Consumption from Transportation,energy_consumption_electricity_trns_road_heavy_freight
TX:TRNS:INC_EFFICIENCY_ELECTRIC,Electrical Energy Consumption from Transportation,energy_consumption_electricity_trns_road_heavy_regional
TX:TRNS:INC_EFFICIENCY_ELECTRIC,Electrical Energy Consumption from Transportation,energy_consumption_electricity_trns_road_light
TX:TRNS:INC_EFFICIENCY_ELECTRIC,Total Electrical Energy Consumption from Transportation,energy_consumption_electricity_trns_total
TX:TRNS:INC_EFFICIENCY_ELECTRIC,Energy Consumption from Transportation,energy_consumption_trns_powered_bikes
TX:TRNS:INC_EFFICIENCY_ELECTRIC,Transportation Modal Energy Consumption from Electricity,energy_consumption_trns_powered_bikes_electricity
TX:TRNS:INC_EFFICIENCY_ELECTRIC,Transportation Modal Energy Consumption from Electricity,energy_consumption_trns_public_electricity
TX:TRNS:INC_EFFICIENCY_ELECTRIC,Energy Consumption from Transportation,energy_consumption_trns_rail_passenger
TX:TRNS:INC_EFFICIENCY_ELECTRIC,Transportation Modal Energy Consumption from Electricity,energy_consumption_trns_rail_passenger_electricity
TX:TRNS:INC_EFFICIENCY_ELECTRIC,Transportation Modal Energy Consumption from Electricity,energy_consumption_trns_road_heavy_freight_electricity
TX:TRNS:INC_EFFICIENCY_ELECTRIC,Transportation Modal Energy Consumption from Electricity,energy_consumption_trns_road_heavy_regional_electricity
TX:TRNS:INC_EFFICIENCY_ELECTRIC,Transportation Modal Energy Consumption from Electricity,energy_consumption_trns_road_light_electricity
TX:TRNS:INC_EFFICIENCY_ELECTRIC,Energy Demand by Fuel in Transportation,energy_demand_enfu_subsector_total_pj_trns_fuel_electricity
TX:TRNS:INC_EFFICIENCY_ELECTRIC,Value of Fuel Consumed in Transportation,totalvalue_enfu_fuel_consumed_trns_fuel_electricity
TX:TRNS:INC_EFFICIENCY_ELECTRIC_STRATEGY_CONDITIONAL,Electrical Energy Consumption from Transportation,energy_consumption_electricity_trns_powered_bikes
TX:TRNS:INC_EFFICIENCY_ELECTRIC_STRATEGY_CONDITIONAL,Electrical Energy Consumption from Transportation,energy_consumption_electricity_trns_public
TX:TRNS:INC_EFFICIENCY_ELECTRIC_STRATEGY_CONDITIONAL,Electrical Energy Consumption from Transportation,energy_consumption_electricity_trns_rail_passenger
TX:TRNS:INC_EFFICIENCY_ELECTRIC_STRATEGY_CONDITIONAL,Electrical Energy Consumption from Transportation,energy_consumption_electricity_trns_road_heavy_freight
TX:TRNS:INC_EFFICIENCY_ELECTRIC_STRATEGY_CONDITIONAL,Electrical Energy Consumption from Transportation,energy_consumption_electricity_trns_road_heavy_regional
TX:TRNS:INC_EFFICIENCY_ELECTRIC_STRATEGY_CONDITIONAL,Electrical Energy Consumption from Transportation,energy_consumption_electricity_trns_road_light
TX:TRNS:INC_EFFICIENCY_ELECTRIC_STRATEGY_CONDITIONAL,Total Electrical Energy Consumption from Transportation,energy_consumption_electricity_trns_total
TX:TRNS:INC_EFFICIENCY_ELECTRIC_STRATEGY_CONDITIONAL,Energy Consumption from Transportation,energy_consumption_trns_powered_bikes
TX:TRNS:INC_EFFICIENCY_ELECTRIC_STRATEGY_CONDITIONAL,Transportation Modal Energy Consumption from Electricity,energy_consumption_trns_powered_bikes_electricity
TX:TRNS:INC_EFFICIENCY_ELECTRIC_STRATEGY_CONDITIONAL,Transportation Modal Energy Consumption from Electricity,energy_consumption_trns_public_electricity
TX:TRNS:INC_EFFICIENCY_ELECTRIC_STRATEGY_CONDITIONAL,Energy Consumption from Transportation,energy_consumption_trns_rail_passenger
TX:TRNS:INC_EFFICIENCY_ELECTRIC_STRATEGY_CONDITIONAL,Transportation Modal Energy Consumption from Electricity,energy_consumption_trns_rail_passenger_electricity
TX:TRNS:INC_EFFICIENCY_ELECTRIC_STRATEGY_CONDITIONAL,Energy Consumption from Transportation,energy_consumption_trns_road_heavy_freight
TX:TRNS:INC_EFFICIENCY_ELECTRIC_STRATEGY_CONDITIONAL,Transportation Modal Energy Consumption from Electricity,energy_consumption_trns_road_heavy_freight_electricity
TX:TRNS:INC_EFFICIENCY_ELECTRIC_STRATEGY_CONDITIONAL,Transportation Modal Energy Consumption from Electricity,energy_consumption_trns_road_heavy_regional_electricity
TX:TRNS:INC_EFFICIENCY_ELECTRIC_STRATEGY_CONDITIONAL,Transportation Modal Energy Consumption from Electricity,energy_consumption_trns_road_light_electricity
TX:TRNS:INC_EFFICIENCY_ELECTRIC_STRATEGY_CONDITIONAL,Total Energy Consumption from Transportation,energy_consumption_trns_total
TX:TRNS:INC_EFFICIENCY_ELECTRIC_STRATEGY_CONDITIONAL,Energy Demand by Fuel in Transportation,energy_demand_enfu_subsector_total_pj_trns_fuel_electricity
TX:TRNS:INC_EFFICIENCY_ELECTRIC_STRATEGY_CONDITIONAL,Value of Fuel Consumed in Transportation,totalvalue_enfu_fuel_consumed_trns_fuel_electricity
TX:TRNS:INC_EFFICIENCY_ELECTRIC_STRATEGY_LEP,Electrical Energy Consumption from Transportation,energy_consumption_electricity_trns_powered_bikes
TX:TRNS:INC_EFFICIENCY_ELECTRIC_STRATEGY_LEP,Electrical Energy Consumption from Transportation,energy_consumption_electricity_trns_public
TX:TRNS:INC_EFFICIENCY_ELECTRIC_STRATEGY_LEP,Electrical Energy Consumption from Transportation,energy_consumption_electricity_trns_rail_passenger
TX:TRNS:INC_EFFICIENCY_ELECTRIC_STRATEGY_LEP,Electrical Energy Consumption from Transportation,energy_consumption_electricity_trns_road_heavy_freight
TX:TRNS:INC_EFFICIENCY_ELECTRIC_STRATEGY_LEP,Electrical Energy Consumption from Transportation,energy_consumption_electricity_trns_road_heavy_regional
TX:TRNS:INC_EFFICIENCY_ELECTRIC_STRATEGY_LEP,Electrical Energy Consumption from Transportation,energy_consumption_electricity_trns_road_light
TX:TRNS:INC_EFFICIENCY_ELECTRIC_STRATEGY_LEP,Total Electrical Energy Consumption from Transportation,energy_consumption_electricity_trns_total
TX:TRNS:INC_EFFICIENCY_ELECTRIC_STRATEGY_LEP,Energy Consumption from Transportation,energy_consumption_trns_powered_bikes
TX:TRNS:INC_EFFICIENCY_ELECTRIC_STRATEGY_LEP,Transportation Modal Energy Consumption from Electricity,energy_consumption_trns_powered_bikes_electricity
TX:TRNS:INC_EFFICIENCY_ELECTRIC_STRATEGY_LEP,Transportation Modal Energy Consumption from Electricity,energy_consumption_trns_public_electricity
TX:TRNS:INC_EFFICIENCY_ELECTRIC_STRATEGY_LEP,Energy Consumption from Transportation,energy_consumption_trns_rail_passenger
TX:TRNS:INC_EFFICIENCY_ELECTRIC_STRATEGY_LEP,Transportation Modal Energy Consumption from Electricity,energy_consumption_trns_rail_passenger_electricity
TX:TRNS:INC_EFFICIENCY_ELECTRIC_STRATEGY_LEP,Transportation Modal Energy Consumption from Electricity,energy_consumption_trns_road_heavy_freight_electricity
TX:TRNS:INC_EFFICIENCY_ELECTRIC_STRATEGY_LEP,Transportation Modal Energy Consumption from Electricity,energy_consumption_trns_road_heavy_regional_electricity
TX:TRNS:INC_EFFICIENCY_ELECTRIC_STRATEGY_LEP,Transportation Modal Energy Consumption from Electricity,energy_consumption_trns_road_light_electricity
TX:TRNS:INC_EFFICIENCY_ELECTRIC_STRATEGY_LEP,Energy Demand by Fuel in Transportation,energy_demand_enfu_subsector_total_pj_trns_fuel_electricity
TX:TRNS:INC_EFFICIENCY_ELECTRIC_STRATEGY_LEP,Value of Fuel Consumed in Transportation,totalvalue_enfu_fuel_consumed_trns_fuel_electricity
TX:TRNS:INC_EFFICIENCY_ELECTRIC_STRATEGY_NDC,Electrical Energy Consumption from Transportation,energy_consumption_electricity_trns_powered_bikes
TX:TRNS:INC_EFFICIENCY_ELECTRIC_STRATEGY_NDC,Electrical Energy Consumption from Transportation,energy_consumption_electricity_trns_public
TX:TRNS:INC_EFFICIENCY_ELECTRIC_STRATEGY_NDC,Electrical Energy Consumption from Transportation,energy_consumption_electricity_trns_rail_passenger
TX:TRNS:INC_EFFICIENCY_ELECTRIC_STRATEGY_NDC,Electrical Energy Consumption from Transportation,energy_consumption_electricity_trns_road_heavy_freight
TX:TRNS:INC_EFFICIENCY_ELECTRIC_STRATEGY_NDC,Electrical Energy Consumption from Transportation,energy_consumption_electricity_trns_road_heavy_regional
TX:TRNS:INC_EFFICIENCY_ELECTRIC_STRATEGY_NDC,Electrical Energy Consumption from Transportation,energy_consumption_electricity_trns_road_light
TX:TRNS:INC_EFFICIENCY_ELECTRIC_STRATEGY_NDC,Total Electrical Energy Consumption from Transportation,energy_consumption_electricity_trns_total
TX:TRNS:INC_EFFICIENCY_ELECTRIC_STRATEGY_NDC,Energy Consumption from Transportation,energy_consumption_trns_powered_bikes
TX:TRNS:INC_EFFICIENCY_ELECTRIC_STRATEGY_NDC,Transportation Modal Energy Consumption from Electricity,energy_consumption_trns_powered_bikes_electricity
TX:TRNS:INC_EFFICIENCY_ELECTRIC_STRATEGY_NDC,Transportation Modal Energy Consumption from Electricity,energy_consumption_trns_public_electricity
TX:TRNS:INC_EFFICIENCY_ELECTRIC_STRATEGY_NDC,Energy Consumption from Transportation,energy_consumption_trns_rail_passenger
TX:TRNS:INC_EFFICIENCY_ELECTRIC_STRATEGY_NDC,Transportation Modal Energy Consumption from Electricity,energy_consumption_trns_rail_passenger_electricity
TX:TRNS:INC_EFFICIENCY_ELECTRIC_STRATEGY_NDC,Transportation Modal Energy Consumption from Electricity,energy_consumption_trns_road_heavy_freight_electricity
TX:TRNS:INC_EFFICIENCY_ELECTRIC_STRATEGY_NDC,Transportation Modal Energy Consumption from Electricity,energy_consumption_trns_road_heavy_regional_electricity
TX:TRNS:INC_EFFICIENCY_ELECTRIC_STRATEGY_NDC,Transportation Modal Energy Consumption from Electricity,energy_consumption_trns_road_light_electricity
TX:TRNS:INC_EFFICIENCY_ELECTRIC_STRATEGY_NDC,Energy Demand by Fuel in Transportation,energy_demand_enfu_subsector_total_pj_trns_fuel_electricity
TX:TRNS:INC_EFFICIENCY_ELECTRIC_STRATEGY_NDC,Value of Fuel Consumed in Transportation,totalvalue_enfu_fuel_consumed_trns_fuel_electricity
TX:TRNS:INC_EFFICIENCY_NON_ELECTRIC,:math:\text{CH}_4 Emissions from Transportation,emission_co2e_ch4_trns_aviation
TX:TRNS:INC_EFFICIENCY_NON_ELECTRIC,:math:\text{CH}_4 Emissions from Transportation,emission_co2e_ch4_trns_powered_bikes
TX:TRNS:INC_EFFICIENCY_NON_ELECTRIC,:math:\text{CH}_4 Emissions from Transportation,emission_co2e_ch4_trns_public
TX:TRNS:INC_EFFICIENCY_NON_ELECTRIC,:math:\text{CH}_4 Emissions from Transportation,emission_co2e_ch4_trns_rail_freight
TX:TRNS:INC_EFFICIENCY_NON_ELECTRIC,:math:\text{CH}_4 Emissions from Transportation,emission_co2e_ch4_trns_rail_passenger
TX:TRNS:INC_EFFICIENCY_NON_ELECTRIC,:math:\text{CH}_4 Emissions from Transportation,emission_co2e_ch4_trns_road_heavy_freight
TX:TRNS:INC_EFFICIENCY_NON_ELECTRIC,:math:\text{CH}_4 Emissions from Transportation,emission_co2e_ch4_trns_road_heavy_regional
TX:TRNS:INC_EFFICIENCY_NON_ELECTRIC,:math:\text{CH}_4 Emissions from Transportation,emission_co2e_ch4_trns_road_light
TX:TRNS:INC_EFFICIENCY_NON_ELECTRIC,:math:\text{CH}_4 Emissions from Transportation,emission_co2e_ch4_trns_water_borne
TX:TRNS:INC_EFFICIENCY_NON_ELECTRIC,:math:\text{CO}_2 Emissions from Transportation,emission_co2e_co2_trns_aviation
TX:TRNS:INC_EFFICIENCY_NON_ELECTRIC,:math:\text{CO}_2 Emissions from Transportation,emission_co2e_co2_trns_powered_bikes
TX:TRNS:INC_EFFICIENCY_NON_ELECTRIC,:math:\text{CO}_2 Emissions from Transportation,emission_co2e_co2_trns_public
TX:TRNS:INC_EFFICIENCY_NON_ELECTRIC,:math:\text{CO}_2 Emissions from Transportation,emission_co2e_co2_trns_rail_freight
TX:TRNS:INC_EFFICIENCY_NON_ELECTRIC,:math:\text{CO}_2 Emissions from Transportation,emission_co2e_co2_trns_rail_passenger
TX:TRNS:INC_EFFICIENCY_NON_ELECTRIC,:math:\text{CO}_2 Emissions from Transportation,emission_co2e_co2_trns_road_heavy_freight
TX:TRNS:INC_EFFICIENCY_NON_ELECTRIC,:math:\text{CO}_2 Emissions from Transportation,emission_co2e_co2_trns_road_heavy_regional
TX:TRNS:INC_EFFICIENCY_NON_ELECTRIC,:math:\text{CO}_2 Emissions from Transportation,emission_co2e_co2_trns_road_light
TX:TRNS:INC_EFFICIENCY_NON_ELECTRIC,:math:\text{CO}_2 Emissions from Transportation,emission_co2e_co2_trns_water_borne
TX:TRNS:INC_EFFICIENCY_NON_ELECTRIC,:math:\text{N}_2\text{O} Emissions from Transportation,emission_co2e_n2o_trns_aviation
TX:TRNS:INC_EFFICIENCY_NON_ELECTRIC,:math:\text{N}_2\text{O} Emissions from Transportation,emission_co2e_n2o_trns_powered_bikes
TX:TRNS:INC_EFFICIENCY_NON_ELECTRIC,:math:\text{N}_2\text{O} Emissions from Transportation,emission_co2e_n2o_trns_public
TX:TRNS:INC_EFFICIENCY_NON_ELECTRIC,:math:\text{N}_2\text{O} Emissions from Transportation,emission_co2e_n2o_trns_rail_freight
TX:TRNS:INC_EFFICIENCY_NON_ELECTRIC,:math:\text{N}_2\text{O} Emissions from Transportation,emission_co2e_n2o_trns_rail_passenger
TX:TRNS:INC_EFFICIENCY_NON_ELECTRIC,:math:\text{N}_2\text{O} Emissions from Transportation,emission_co2e_n2o_trns_road_heavy_freight
TX:TRNS:INC_EFFICIENCY_NON_ELECTRIC,:math:\text{N}_2\text{O} Emissions from Transportation,emission_co2e_n2o_trns_road_heavy_regional
TX:TRNS:INC_EFFICIENCY_NON_ELECTRIC,:math:\text{N}_2\text{O} Emissions from Transportation,emission_co2e_n2o_trns_road_light
TX:TRNS:INC_EFFICIENCY_NON_ELECTRIC,:math:\text{N}_2\text{O} Emissions from Transportation,emission_co2e_n2o_trns_water_borne
TX:TRNS:INC_EFFICIENCY_NON_ELECTRIC,emission_co2e_subsector_total_trns,emission_co2e_subsector_total_trns
TX:TRNS:INC_EFFICIENCY_NON_ELECTRIC,Energy Consumption from Transportation,energy_consumption_trns_aviation
TX:TRNS:INC_EFFICIENCY_NON_ELECTRIC,Transportation Modal Energy Consumption from Kerosene,energy_consumption_trns_aviation_kerosene
TX:TRNS:INC_EFFICIENCY_NON_ELECTRIC,Energy Consumption from Transportation,energy_consumption_trns_powered_bikes
TX:TRNS:INC_EFFICIENCY_NON_ELECTRIC,Transportation Modal Energy Consumption from Gasoline,energy_consumption_trns_powered_bikes_gasoline
TX:TRNS:INC_EFFICIENCY_NON_ELECTRIC,Energy Consumption from Transportation,energy_consumption_trns_public
TX:TRNS:INC_EFFICIENCY_NON_ELECTRIC,Transportation Modal Energy Consumption from Biofuels,energy_consumption_trns_public_biofuels
TX:TRNS:INC_EFFICIENCY_NON_ELECTRIC,Transportation Modal Energy Consumption from Diesel,energy_consumption_trns_public_diesel
TX:TRNS:INC_EFFICIENCY_NON_ELECTRIC,Transportation Modal Energy Consumption from Gasoline,energy_consumption_trns_public_gasoline
TX:TRNS:INC_EFFICIENCY_NON_ELECTRIC,Transportation Modal Energy Consumption from Natural Gas,energy_consumption_trns_public_natural_gas
TX:TRNS:INC_EFFICIENCY_NON_ELECTRIC,Energy Consumption from Transportation,energy_consumption_trns_rail_freight
TX:TRNS:INC_EFFICIENCY_NON_ELECTRIC,Transportation Modal Energy Consumption from Diesel,energy_consumption_trns_rail_freight_diesel
TX:TRNS:INC_EFFICIENCY_NON_ELECTRIC,Energy Consumption from Transportation,energy_consumption_trns_rail_passenger
TX:TRNS:INC_EFFICIENCY_NON_ELECTRIC,Transportation Modal Energy Consumption from Diesel,energy_consumption_trns_rail_passenger_diesel
TX:TRNS:INC_EFFICIENCY_NON_ELECTRIC,Energy Consumption from Transportation,energy_consumption_trns_road_heavy_freight
TX:TRNS:INC_EFFICIENCY_NON_ELECTRIC,Transportation Modal Energy Consumption from Biofuels,energy_consumption_trns_road_heavy_freight_biofuels
TX:TRNS:INC_EFFICIENCY_NON_ELECTRIC,Transportation Modal Energy Consumption from Diesel,energy_consumption_trns_road_heavy_freight_diesel
TX:TRNS:INC_EFFICIENCY_NON_ELECTRIC,Transportation Modal Energy Consumption from Gasoline,energy_consumption_trns_road_heavy_freight_gasoline
TX:TRNS:INC_EFFICIENCY_NON_ELECTRIC,Transportation Modal Energy Consumption from Natural Gas,energy_consumption_trns_road_heavy_freight_natural_gas
TX:TRNS:INC_EFFICIENCY_NON_ELECTRIC,Energy Consumption from Transportation,energy_consumption_trns_road_heavy_regional
TX:TRNS:INC_EFFICIENCY_NON_ELECTRIC,Transportation Modal Energy Consumption from Biofuels,energy_consumption_trns_road_heavy_regional_biofuels
TX:TRNS:INC_EFFICIENCY_NON_ELECTRIC,Transportation Modal Energy Consumption from Diesel,energy_consumption_trns_road_heavy_regional_diesel
TX:TRNS:INC_EFFICIENCY_NON_ELECTRIC,Transportation Modal Energy Consumption from Gasoline,energy_consumption_trns_road_heavy_regional_gasoline
TX:TRNS:INC_EFFICIENCY_NON_ELECTRIC,Transportation Modal Energy Consumption from Natural Gas,energy_consumption_trns_road_heavy_regional_natural_gas
TX:TRNS:INC_EFFICIENCY_NON_ELECTRIC,Energy Consumption from Transportation,energy_consumption_trns_road_light
TX:TRNS:INC_EFFICIENCY_NON_ELECTRIC,Transportation Modal Energy Consumption from Biofuels,energy_consumption_trns_road_light_biofuels
TX:TRNS:INC_EFFICIENCY_NON_ELECTRIC,Transportation Modal Energy Consumption from Diesel,energy_consumption_trns_road_light_diesel
TX:TRNS:INC_EFFICIENCY_NON_ELECTRIC,Transportation Modal Energy Consumption from Gasoline,energy_consumption_trns_road_light_gasoline
TX:TRNS:INC_EFFICIENCY_NON_ELECTRIC,Total Energy Consumption from Transportation,energy_consumption_trns_total
TX:TRNS:INC_EFFICIENCY_NON_ELECTRIC,Energy Consumption from Transportation,energy_consumption_trns_water_borne
TX:TRNS:INC_EFFICIENCY_NON_ELECTRIC,Transportation Modal Energy Consumption from Diesel,energy_consumption_trns_water_borne_diesel
TX:TRNS:INC_EFFICIENCY_NON_ELECTRIC,Energy Demand by Fuel in Transportation,energy_demand_enfu_subsector_total_pj_trns_fuel_biofuels
TX:TRNS:INC_EFFICIENCY_NON_ELECTRIC,Energy Demand by Fuel in Transportation,energy_demand_enfu_subsector_total_pj_trns_fuel_diesel
TX:TRNS:INC_EFFICIENCY_NON_ELECTRIC,Energy Demand by Fuel in Transportation,energy_demand_enfu_subsector_total_pj_trns_fuel_gasoline
TX:TRNS:INC_EFFICIENCY_NON_ELECTRIC,Energy Demand by Fuel in Transportation,energy_demand_enfu_subsector_total_pj_trns_fuel_kerosene
TX:TRNS:INC_EFFICIENCY_NON_ELECTRIC,Energy Demand by Fuel in Transportation,energy_demand_enfu_subsector_total_pj_trns_fuel_natural_gas
TX:TRNS:INC_EFFICIENCY_NON_ELECTRIC,Value of Fuel Consumed in Transportation,totalvalue_enfu_fuel_consumed_trns_fuel_biofuels
TX:TRNS:INC_EFFICIENCY_NON_ELECTRIC,Value of Fuel Consumed in Transportation,totalvalue_enfu_fuel_consumed_trns_fuel_diesel
TX:TRNS:INC_EFFICIENCY_NON_ELECTRIC,Value of Fuel Consumed in Transportation,totalvalue_enfu_fuel_consumed_trns_fuel_gasoline
TX:TRNS:INC_EFFICIENCY_NON_ELECTRIC,Value of Fuel Consumed in Transportation,totalvalue_enfu_fuel_consumed_trns_fuel_kerosene
TX:TRNS:INC_EFFICIENCY_NON_ELECTRIC,Value of Fuel Consumed in Transportation,totalvalue_enfu_fuel_consumed_trns_fuel_natural_gas
TX:TRNS:INC_EFFICIENCY_NON_ELECTRIC_STRATEGY_CONDITIONAL,:math:\text{CH}_4 Emissions from Transportation,emission_co2e_ch4_trns_aviation
TX:TRNS:INC_EFFICIENCY_NON_ELECTRIC_STRATEGY_CONDITIONAL,:math:\text{CH}_4 Emissions from Transportation,emission_co2e_ch4_trns_powered_bikes
TX:TRNS:INC_EFFICIENCY_NON_ELECTRIC_STRATEGY_CONDITIONAL,:math:\text{CH}_4 Emissions from Transportation,emission_co2e_ch4_trns_public
TX:TRNS:INC_EFFICIENCY_NON_ELECTRIC_STRATEGY_CONDITIONAL,:math:\text{CH}_4 Emissions from Transportation,emission_co2e_ch4_trns_rail_freight
TX:TRNS:INC_EFFICIENCY_NON_ELECTRIC_STRATEGY_CONDITIONAL,:math:\text{CH}_4 Emissions from Transportation,emission_co2e_ch4_trns_rail_passenger
TX:TRNS:INC_EFFICIENCY_NON_ELECTRIC_STRATEGY_CONDITIONAL,:math:\text{CH}_4 Emissions from Transportation,emission_co2e_ch4_trns_road_heavy_freight
TX:TRNS:INC_EFFICIENCY_NON_ELECTRIC_STRATEGY_CONDITIONAL,:math:\text{CH}_4 Emissions from Transportation,emission_co2e_ch4_trns_road_heavy_regional
TX:TRNS:INC_EFFICIENCY_NON_ELECTRIC_STRATEGY_CONDITIONAL,:math:\text{CH}_4 Emissions from Transportation,emission_co2e_ch4_trns_road_light
TX:TRNS:INC_EFFICIENCY_NON_ELECTRIC_STRATEGY_CONDITIONAL,:math:\text{CH}_4 Emissions from Transportation,emission_co2e_ch4_trns_water_borne
TX:TRNS:INC_EFFICIENCY_NON_ELECTRIC_STRATEGY_CONDITIONAL,:math:\text{CO}_2 Emissions from Transportation,emission_co2e_co2_trns_aviation
TX:TRNS:INC_EFFICIENCY_NON_ELECTRIC_STRATEGY_CONDITIONAL,:math:\text{CO}_2 Emissions from Transportation,emission_co2e_co2_trns_powered_bikes
TX:TRNS:INC_EFFICIENCY_NON_ELECTRIC_STRATEGY_CONDITIONAL,:math:\text{CO}_2 Emissions from Transportation,emission_co2e_co2_trns_public
TX:TRNS:INC_EFFICIENCY_NON_ELECTRIC_STRATEGY_CONDITIONAL,:math:\text{CO}_2 Emissions from Transportation,emission_co2e_co2_trns_rail_freight
TX:TRNS:INC_EFFICIENCY_NON_ELECTRIC_STRATEGY_CONDITIONAL,:math:\text{CO}_2 Emissions from Transportation,emission_co2e_co2_trns_rail_passenger
TX:TRNS:INC_EFFICIENCY_NON_ELECTRIC_STRATEGY_CONDITIONAL,:math:\text{CO}_2 Emissions from Transportation,emission_co2e_co2_trns_road_heavy_freight
TX:TRNS:INC_EFFICIENCY_NON_ELECTRIC_STRATEGY_CONDITIONAL,:math:\text{CO}_2 Emissions from Transportation,emission_co2e_co2_trns_road_heavy_regional
TX:TRNS:INC_EFFICIENCY_NON_ELECTRIC_STRATEGY_CONDITIONAL,:math:\text{CO}_2 Emissions from Transportation,emission_co2e_co2_trns_road_light
TX:TRNS:INC_EFFICIENCY_NON_ELECTRIC_STRATEGY_CONDITIONAL,:math:\text{CO}_2 Emissions from Transportation,emission_co2e_co2_trns_water_borne
TX:TRNS:INC_EFFICIENCY_NON_ELECTRIC_STRATEGY_CONDITIONAL,:math:\text{N}_2\text{O} Emissions from Transportation,emission_co2e_n2o_trns_aviation
TX:TRNS:INC_EFFICIENCY_NON_ELECTRIC_STRATEGY_CONDITIONAL,:math:\text{N}_2\text{O} Emissions from Transportation,emission_co2e_n2o_trns_powered_bikes
TX:TRNS:INC_EFFICIENCY_NON_ELECTRIC_STRATEGY_CONDITIONAL,:math:\text{N}_2\text{O} Emissions from Transportation,emission_co2e_n2o_trns_public
TX:TRNS:INC_EFFICIENCY_NON_ELECTRIC_STRATEGY_CONDITIONAL,:math:\text{N}_2\text{O} Emissions from Transportation,emission_co2e_n2o_trns_rail_freight
TX:TRNS:INC_EFFICIENCY_NON_ELECTRIC_STRATEGY_CONDITIONAL,:math:\text{N}_2\text{O} Emissions from Transportation,emission_co2e_n2o_trns_rail_passenger
TX:TRNS:INC_EFFICIENCY_NON_ELECTRIC_STRATEGY_CONDITIONAL,:math:\text{N}_2\text{O} Emissions from Transportation,emission_co2e_n2o_trns_road_heavy_freight
TX:TRNS:INC_EFFICIENCY_NON_ELECTRIC_STRATEGY_CONDITIONAL,:math:\text{N}_2\text{O} Emissions from Transportation,emission_co2e_n2o_trns_road_heavy_regional
TX:TRNS:INC_EFFICIENCY_NON_ELECTRIC_STRATEGY_CONDITIONAL,:math:\text{N}_2\text{O} Emissions from Transportation,emission_co2e_n2o_trns_road_light
TX:TRNS:INC_EFFICIENCY_NON_ELECTRIC_STRATEGY_CONDITIONAL,:math:\text{N}_2\text{O} Emissions from Transportation,emission_co2e_n2o_trns_water_borne
TX:TRNS:INC_EFFICIENCY_NON_ELECTRIC_STRATEGY_CONDITIONAL,emission_co2e_subsector_total_trns,emission_co2e_subsector_total_trns
TX:TRNS:INC_EFFICIENCY_NON_ELECTRIC_STRATEGY_CONDITIONAL,Energy Consumption from Transportation,energy_consumption_trns_aviation
TX:TRNS:INC_EFFICIENCY_NON_ELECTRIC_STRATEGY_CONDITIONAL,Transportation Modal Energy Consumption from Kerosene,energy_consumption_trns_aviation_kerosene
TX:TRNS:INC_EFFICIENCY_NON_ELECTRIC_STRATEGY_CONDITIONAL,Energy Consumption from Transportation,energy_consumption_trns_powered_bikes
TX:TRNS:INC_EFFICIENCY_NON_ELECTRIC_STRATEGY_CONDITIONAL,Transportation Modal Energy Consumption from Gasoline,energy_consumption_trns_powered_bikes_gasoline
TX:TRNS:INC_EFFICIENCY_NON_ELECTRIC_STRATEGY_CONDITIONAL,Energy Consumption from Transportation,energy_consumption_trns_public
TX:TRNS:INC_EFFICIENCY_NON_ELECTRIC_STRATEGY_CONDITIONAL,Transportation Modal Energy Consumption from Biofuels,energy_consumption_trns_public_biofuels
TX:TRNS:INC_EFFICIENCY_NON_ELECTRIC_STRATEGY_CONDITIONAL,Transportation Modal Energy Consumption from Diesel,energy_consumption_trns_public_diesel
TX:TRNS:INC_EFFICIENCY_NON_ELECTRIC_STRATEGY_CONDITIONAL,Transportation Modal Energy Consumption from Gasoline,energy_consumption_trns_public_gasoline
TX:TRNS:INC_EFFICIENCY_NON_ELECTRIC_STRATEGY_CONDITIONAL,Transportation Modal Energy Consumption from Natural Gas,energy_consumption_trns_public_natural_gas
TX:TRNS:INC_EFFICIENCY_NON_ELECTRIC_STRATEGY_CONDITIONAL,Energy Consumption from Transportation,energy_consumption_trns_rail_freight
TX:TRNS:INC_EFFICIENCY_NON_ELECTRIC_STRATEGY_CONDITIONAL,Transportation Modal Energy Consumption from Diesel,energy_consumption_trns_rail_freight_diesel
TX:TRNS:INC_EFFICIENCY_NON_ELECTRIC_STRATEGY_CONDITIONAL,Energy Consumption from Transportation,energy_consumption_trns_rail_passenger
TX:TRNS:INC_EFFICIENCY_NON_ELECTRIC_STRATEGY_CONDITIONAL,Transportation Modal Energy Consumption from Diesel,energy_consumption_trns_rail_passenger_diesel
TX:TRNS:INC_EFFICIENCY_NON_ELECTRIC_STRATEGY_CONDITIONAL,Energy Consumption from Transportation,energy_consumption_trns_road_heavy_freight
TX:TRNS:INC_EFFICIENCY_NON_ELECTRIC_STRATEGY_CONDITIONAL,Transportation Modal Energy Consumption from Biofuels,energy_consumption_trns_road_heavy_freight_biofuels
TX:TRNS:INC_EFFICIENCY_NON_ELECTRIC_STRATEGY_CONDITIONAL,Transportation Modal Energy Consumption from Diesel,energy_consumption_trns_road_heavy_freight_diesel
TX:TRNS:INC_EFFICIENCY_NON_ELECTRIC_STRATEGY_CONDITIONAL,Transportation Modal Energy Consumption from Gasoline,energy_consumption_trns_road_heavy_freight_gasoline
TX:TRNS:INC_EFFICIENCY_NON_ELECTRIC_STRATEGY_CONDITIONAL,Transportation Modal Energy Consumption from Natural Gas,energy_consumption_trns_road_heavy_freight_natural_gas
TX:TRNS:INC_EFFICIENCY_NON_ELECTRIC_STRATEGY_CONDITIONAL,Energy Consumption from Transportation,energy_consumption_trns_road_heavy_regional
TX:TRNS:INC_EFFICIENCY_NON_ELECTRIC_STRATEGY_CONDITIONAL,Transportation Modal Energy Consumption from Biofuels,energy_consumption_trns_road_heavy_regional_biofuels
TX:TRNS:INC_EFFICIENCY_NON_ELECTRIC_STRATEGY_CONDITIONAL,Transportation Modal Energy Consumption from Diesel,energy_consumption_trns_road_heavy_regional_diesel
TX:TRNS:INC_EFFICIENCY_NON_ELECTRIC_STRATEGY_CONDITIONAL,Transportation Modal Energy Consumption from Gasoline,energy_consumption_trns_road_heavy_regional_gasoline
TX:TRNS:INC_EFFICIENCY_NON_ELECTRIC_STRATEGY_CONDITIONAL,Transportation Modal Energy Consumption from Natural Gas,energy_consumption_trns_road_heavy_regional_natural_gas
TX:TRNS:INC_EFFICIENCY_NON_ELECTRIC_STRATEGY_CONDITIONAL,Energy Consumption from Transportation,energy_consumption_trns_road_light
TX:TRNS:INC_EFFICIENCY_NON_ELECTRIC_STRATEGY_CONDITIONAL,Transportation Modal Energy Consumption from Biofuels,energy_consumption_trns_road_light_biofuels
TX:TRNS:INC_EFFICIENCY_NON_ELECTRIC_STRATEGY_CONDITIONAL,Transportation Modal Energy Consumption from Diesel,energy_consumption_trns_road_light_diesel
TX:TRNS:INC_EFFICIENCY_NON_ELECTRIC_STRATEGY_CONDITIONAL,Transportation Modal Energy Consumption from Gasoline,energy_consumption_trns_road_light_gasoline
TX:TRNS:INC_EFFICIENCY_NON_ELECTRIC_STRATEGY_CONDITIONAL,Total Energy Consumption from Transportation,energy_consumption_trns_total
TX:TRNS:INC_EFFICIENCY_NON_ELECTRIC_STRATEGY_CONDITIONAL,Energy Consumption from Transportation,energy_consumption_trns_water_borne
TX:TRNS:INC_EFFICIENCY_NON_ELECTRIC_STRATEGY_CONDITIONAL,Transportation Modal Energy Consumption from Diesel,energy_consumption_trns_water_borne_diesel
TX:TRNS:INC_EFFICIENCY_NON_ELECTRIC_STRATEGY_CONDITIONAL,Energy Demand by Fuel in Transportation,energy_demand_enfu_subsector_total_pj_trns_fuel_biofuels
TX:TRNS:INC_EFFICIENCY_NON_ELECTRIC_STRATEGY_CONDITIONAL,Energy Demand by Fuel in Transportation,energy_demand_enfu_subsector_total_pj_trns_fuel_diesel
TX:TRNS:INC_EFFICIENCY_NON_ELECTRIC_STRATEGY_CONDITIONAL,Energy Demand by Fuel in Transportation,energy_demand_enfu_subsector_total_pj_trns_fuel_gasoline
TX:TRNS:INC_EFFICIENCY_NON_ELECTRIC_STRATEGY_CONDITIONAL,Energy Demand by Fuel in Transportation,energy_demand_enfu_subsector_total_pj_trns_fuel_kerosene
TX:TRNS:INC_EFFICIENCY_NON_ELECTRIC_STRATEGY_CONDITIONAL,Energy Demand by Fuel in Transportation,energy_demand_enfu_subsector_total_pj_trns_fuel_natural_gas
TX:TRNS:INC_EFFICIENCY_NON_ELECTRIC_STRATEGY_CONDITIONAL,Value of Fuel Consumed in Transportation,totalvalue_enfu_fuel_consumed_trns_fuel_biofuels
TX:TRNS:INC_EFFICIENCY_NON_ELECTRIC_STRATEGY_CONDITIONAL,Value of Fuel Consumed in Transportation,totalvalue_enfu_fuel_consumed_trns_fuel_diesel
TX:TRNS:INC_EFFICIENCY_NON_ELECTRIC_STRATEGY_CONDITIONAL,Value of Fuel Consumed in Transportation,totalvalue_enfu_fuel_consumed_trns_fuel_gasoline
TX:TRNS:INC_EFFICIENCY_NON_ELECTRIC_STRATEGY_CONDITIONAL,Value of Fuel Consumed in Transportation,totalvalue_enfu_fuel_consumed_trns_fuel_kerosene
TX:TRNS:INC_EFFICIENCY_NON_ELECTRIC_STRATEGY_CONDITIONAL,Value of Fuel Consumed in Transportation,totalvalue_enfu_fuel_consumed_trns_fuel_natural_gas
TX:TRNS:INC_EFFICIENCY_NON_ELECTRIC_STRATEGY_LEP,:math:\text{CH}_4 Emissions from Transportation,emission_co2e_ch4_trns_aviation
TX:TRNS:INC_EFFICIENCY_NON_ELECTRIC_STRATEGY_LEP,:math:\text{CH}_4 Emissions from Transportation,emission_co2e_ch4_trns_powered_bikes
TX:TRNS:INC_EFFICIENCY_NON_ELECTRIC_STRATEGY_LEP,:math:\text{CH}_4 Emissions from Transportation,emission_co2e_ch4_trns_public
TX:TRNS:INC_EFFICIENCY_NON_ELECTRIC_STRATEGY_LEP,:math:\text{CH}_4 Emissions from Transportation,emission_co2e_ch4_trns_rail_freight
TX:TRNS:INC_EFFICIENCY_NON_ELECTRIC_STRATEGY_LEP,:math:\text{CH}_4 Emissions from Transportation,emission_co2e_ch4_trns_rail_passenger
TX:TRNS:INC_EFFICIENCY_NON_ELECTRIC_STRATEGY_LEP,:math:\text{CH}_4 Emissions from Transportation,emission_co2e_ch4_trns_road_heavy_freight
TX:TRNS:INC_EFFICIENCY_NON_ELECTRIC_STRATEGY_LEP,:math:\text{CH}_4 Emissions from Transportation,emission_co2e_ch4_trns_road_heavy_regional
TX:TRNS:INC_EFFICIENCY_NON_ELECTRIC_STRATEGY_LEP,:math:\text{CH}_4 Emissions from Transportation,emission_co2e_ch4_trns_road_light
TX:TRNS:INC_EFFICIENCY_NON_ELECTRIC_STRATEGY_LEP,:math:\text{CH}_4 Emissions from Transportation,emission_co2e_ch4_trns_water_borne
TX:TRNS:INC_EFFICIENCY_NON_ELECTRIC_STRATEGY_LEP,:math:\text{CO}_2 Emissions from Transportation,emission_co2e_co2_trns_aviation
TX:TRNS:INC_EFFICIENCY_NON_ELECTRIC_STRATEGY_LEP,:math:\text{CO}_2 Emissions from Transportation,emission_co2e_co2_trns_powered_bikes
TX:TRNS:INC_EFFICIENCY_NON_ELECTRIC_STRATEGY_LEP,:math:\text{CO}_2 Emissions from Transportation,emission_co2e_co2_trns_public
TX:TRNS:INC_EFFICIENCY_NON_ELECTRIC_STRATEGY_LEP,:math:\text{CO}_2 Emissions from Transportation,emission_co2e_co2_trns_rail_freight
TX:TRNS:INC_EFFICIENCY_NON_ELECTRIC_STRATEGY_LEP,:math:\text{CO}_2 Emissions from Transportation,emission_co2e_co2_trns_rail_passenger
TX:TRNS:INC_EFFICIENCY_NON_ELECTRIC_STRATEGY_LEP,:math:\text{CO}_2 Emissions from Transportation,emission_co2e_co2_trns_road_heavy_freight
TX:TRNS:INC_EFFICIENCY_NON_ELECTRIC_STRATEGY_LEP,:math:\text{CO}_2 Emissions from Transportation,emission_co2e_co2_trns_road_heavy_regional
TX:TRNS:INC_EFFICIENCY_NON_ELECTRIC_STRATEGY_LEP,:math:\text{CO}_2 Emissions from Transportation,emission_co2e_co2_trns_road_light
TX:TRNS:INC_EFFICIENCY_NON_ELECTRIC_STRATEGY_LEP,:math:\text{CO}_2 Emissions from Transportation,emission_co2e_co2_trns_water_borne
TX:TRNS:INC_EFFICIENCY_NON_ELECTRIC_STRATEGY_LEP,:math:\text{N}_2\text{O} Emissions from Transportation,emission_co2e_n2o_trns_aviation
TX:TRNS:INC_EFFICIENCY_NON_ELECTRIC_STRATEGY_LEP,:math:\text{N}_2\text{O} Emissions from Transportation,emission_co2e_n2o_trns_powered_bikes
TX:TRNS:INC_EFFICIENCY_NON_ELECTRIC_STRATEGY_LEP,:math:\text{N}_2\text{O} Emissions from Transportation,emission_co2e_n2o_trns_public
TX:TRNS:INC_EFFICIENCY_NON_ELECTRIC_STRATEGY_LEP,:math:\text{N}_2\text{O} Emissions from Transportation,emission_co2e_n2o_trns_rail_freight
TX:TRNS:INC_EFFICIENCY_NON_ELECTRIC_STRATEGY_LEP,:math:\text{N}_2\text{O} Emissions from Transportation,emission_co2e_n2o_trns_rail_passenger
TX:TRNS:INC_EFFICIENCY_NON_ELECTRIC_STRATEGY_LEP,:math:\text{N}_2\text{O} Emissions from Transportation,emission_co2e_n2o_trns_road_heavy_freight
TX:TRNS:INC_EFFICIENCY_NON_ELECTRIC_STRATEGY_LEP,:math:\text{N}_2\text{O} Emissions from Transportation,emission_co2e_n2o_trns_road_heavy_regional
TX:TRNS:INC_EFFICIENCY_NON_ELECTRIC_STRATEGY_LEP,:math:\text{N}_2\text{O} Emissions from Transportation,emission_co2e_n2o_trns_road_light
TX:TRNS:INC_EFFICIENCY_NON_ELECTRIC_STRATEGY_LEP,:math:\text{N}_2\text{O} Emissions from Transportation,emission_co2e_n2o_trns_water_borne
TX:TRNS:INC_EFFICIENCY_NON_ELECTRIC_STRATEGY_LEP,emission_co2e_subsector_total_trns,emission_co2e_subsector_total_trns
TX:TRNS:INC_EFFICIENCY_NON_ELECTRIC_STRATEGY_LEP,Energy Consumption from Transportation,energy_consumption_trns_aviation
TX:TRNS:INC_EFFICIENCY_NON_ELECTRIC_STRATEGY_LEP,Transportation Modal Energy Consumption from Kerosene,energy_consumption_trns_aviation_kerosene
TX:TRNS:INC_EFFICIENCY_NON_ELECTRIC_STRATEGY_LEP,Energy Consumption from Transportation,energy_consumption_trns_powered_bikes
TX:TRNS:INC_EFFICIENCY_NON_ELECTRIC_STRATEGY_LEP,Transportation Modal Energy Consumption from Gasoline,energy_consumption_trns_powered_bikes_gasoline
TX:TRNS:INC_EFFICIENCY_NON_ELECTRIC_STRATEGY_LEP,Energy Consumption from Transportation,energy_consumption_trns_public
TX:TRNS:INC_EFFICIENCY_NON_ELECTRIC_STRATEGY_LEP,Transportation Modal Energy Consumption from Biofuels,energy_consumption_trns_public_biofuels
TX:TRNS:INC_EFFICIENCY_NON_ELECTRIC_STRATEGY_LEP,Transportation Modal Energy Consumption from Diesel,energy_consumption_trns_public_diesel
TX:TRNS:INC_EFFICIENCY_NON_ELECTRIC_STRATEGY_LEP,Transportation Modal Energy Consumption from Gasoline,energy_consumption_trns_public_gasoline
TX:TRNS:INC_EFFICIENCY_NON_ELECTRIC_STRATEGY_LEP,Transportation Modal Energy Consumption from Natural Gas,energy_consumption_trns_public_natural_gas
TX:TRNS:INC_EFFICIENCY_NON_ELECTRIC_STRATEGY_LEP,Energy Consumption from Transportation,energy_consumption_trns_rail_freight
TX:TRNS:INC_EFFICIENCY_NON_ELECTRIC_STRATEGY_LEP,Transportation Modal Energy Consumption from Diesel,energy_consumption_trns_rail_freight_diesel
TX:TRNS:INC_EFFICIENCY_NON_ELECTRIC_STRATEGY_LEP,Energy Consumption from Transportation,energy_consumption_trns_rail_passenger
TX:TRNS:INC_EFFICIENCY_NON_ELECTRIC_STRATEGY_LEP,Transportation Modal Energy Consumption from Diesel,energy_consumption_trns_rail_passenger_diesel
TX:TRNS:INC_EFFICIENCY_NON_ELECTRIC_STRATEGY_LEP,Energy Consumption from Transportation,energy_consumption_trns_road_heavy_freight
TX:TRNS:INC_EFFICIENCY_NON_ELECTRIC_STRATEGY_LEP,Transportation Modal Energy Consumption from Biofuels,energy_consumption_trns_road_heavy_freight_biofuels
TX:TRNS:INC_EFFICIENCY_NON_ELECTRIC_STRATEGY_LEP,Transportation Modal Energy Consumption from Diesel,energy_consumption_trns_road_heavy_freight_diesel
TX:TRNS:INC_EFFICIENCY_NON_ELECTRIC_STRATEGY_LEP,Transportation Modal Energy Consumption from Gasoline,energy_consumption_trns_road_heavy_freight_gasoline
TX:TRNS:INC_EFFICIENCY_NON_ELECTRIC_STRATEGY_LEP,Transportation Modal Energy Consumption from Natural Gas,energy_consumption_trns_road_heavy_freight_natural_gas
TX:TRNS:INC_EFFICIENCY_NON_ELECTRIC_STRATEGY_LEP,Energy Consumption from Transportation,energy_consumption_trns_road_heavy_regional
TX:TRNS:INC_EFFICIENCY_NON_ELECTRIC_STRATEGY_LEP,Transportation Modal Energy Consumption from Biofuels,energy_consumption_trns_road_heavy_regional_biofuels
TX:TRNS:INC_EFFICIENCY_NON_ELECTRIC_STRATEGY_LEP,Transportation Modal Energy Consumption from Diesel,energy_consumption_trns_road_heavy_regional_diesel
TX:TRNS:INC_EFFICIENCY_NON_ELECTRIC_STRATEGY_LEP,Transportation Modal Energy Consumption from Gasoline,energy_consumption_trns_road_heavy_regional_gasoline
TX:TRNS:INC_EFFICIENCY_NON_ELECTRIC_STRATEGY_LEP,Transportation Modal Energy Consumption from Natural Gas,energy_consumption_trns_road_heavy_regional_natural_gas
TX:TRNS:INC_EFFICIENCY_NON_ELECTRIC_STRATEGY_LEP,Energy Consumption from Transportation,energy_consumption_trns_road_light
TX:TRNS:INC_EFFICIENCY_NON_ELECTRIC_STRATEGY_LEP,Transportation Modal Energy Consumption from Biofuels,energy_consumption_trns_road_light_biofuels
TX:TRNS:INC_EFFICIENCY_NON_ELECTRIC_STRATEGY_LEP,Transportation Modal Energy Consumption from Diesel,energy_consumption_trns_road_light_diesel
TX:TRNS:INC_EFFICIENCY_NON_ELECTRIC_STRATEGY_LEP,Transportation Modal Energy Consumption from Gasoline,energy_consumption_trns_road_light_gasoline
TX:TRNS:INC_EFFICIENCY_NON_ELECTRIC_STRATEGY_LEP,Total Energy Consumption from Transportation,energy_consumption_trns_total
TX:TRNS:INC_EFFICIENCY_NON_ELECTRIC_STRATEGY_LEP,Energy Consumption from Transportation,energy_consumption_trns_water_borne
TX:TRNS:INC_EFFICIENCY_NON_ELECTRIC_STRATEGY_LEP,Transportation Modal Energy Consumption from Diesel,energy_consumption_trns_water_borne_diesel
TX:TRNS:INC_EFFICIENCY_NON_ELECTRIC_STRATEGY_LEP,Energy Demand by Fuel in Transportation,energy_demand_enfu_subsector_total_pj_trns_fuel_biofuels
TX:TRNS:INC_EFFICIENCY_NON_ELECTRIC_STRATEGY_LEP,Energy Demand by Fuel in Transportation,energy_demand_enfu_subsector_total_pj_trns_fuel_diesel
TX:TRNS:INC_EFFICIENCY_NON_ELECTRIC_STRATEGY_LEP,Energy Demand by Fuel in Transportation,energy_demand_enfu_subsector_total_pj_trns_fuel_gasoline
TX:TRNS:INC_EFFICIENCY_NON_ELECTRIC_STRATEGY_LEP,Energy Demand by Fuel in Transportation,energy_demand_enfu_subsector_total_pj_trns_fuel_kerosene
TX:TRNS:INC_EFFICIENCY_NON_ELECTRIC_STRATEGY_LEP,Energy Demand by Fuel in Transportation,energy_demand_enfu_subsector_total_pj_trns_fuel_natural_gas
TX:TRNS:INC_EFFICIENCY_NON_ELECTRIC_STRATEGY_LEP,Value of Fuel Consumed in Transportation,totalvalue_enfu_fuel_consumed_trns_fuel_biofuels
TX:TRNS:INC_EFFICIENCY_NON_ELECTRIC_STRATEGY_LEP,Value of Fuel Consumed in Transportation,totalvalue_enfu_fuel_consumed_trns_fuel_diesel
TX:TRNS:INC_EFFICIENCY_NON_ELECTRIC_STRATEGY_LEP,Value of Fuel Consumed in Transportation,totalvalue_enfu_fuel_consumed_trns_fuel_gasoline
TX:TRNS:INC_EFFICIENCY_NON_ELECTRIC_STRATEGY_LEP,Value of Fuel Consumed in Transportation,totalvalue_enfu_fuel_consumed_trns_fuel_kerosene
TX:TRNS:INC_EFFICIENCY_NON_ELECTRIC_STRATEGY_LEP,Value of Fuel Consumed in Transportation,totalvalue_enfu_fuel_consumed_trns_fuel_natural_gas
TX:TRNS:INC_OCCUPANCY_LIGHT_DUTY,:math:\text{CH}_4 Emissions from Transportation,emission_co2e_ch4_trns_road_light
TX:TRNS:INC_OCCUPANCY_LIGHT_DUTY,:math:\text{CO}_2 Emissions from Transportation,emission_co2e_co2_trns_road_light
TX:TRNS:INC_OCCUPANCY_LIGHT_DUTY,:math:\text{N}_2\text{O} Emissions from Transportation,emission_co2e_n2o_trns_road_light
TX:TRNS:INC_OCCUPANCY_LIGHT_DUTY,emission_co2e_subsector_total_trns,emission_co2e_subsector_total_trns
TX:TRNS:INC_OCCUPANCY_LIGHT_DUTY,Electrical Energy Consumption from Transportation,energy_consumption_electricity_trns_road_light
TX:TRNS:INC_OCCUPANCY_LIGHT_DUTY,Total Electrical Energy Consumption from Transportation,energy_consumption_electricity_trns_total
TX:TRNS:INC_OCCUPANCY_LIGHT_DUTY,Energy Consumption from Transportation,energy_consumption_trns_road_light
TX:TRNS:INC_OCCUPANCY_LIGHT_DUTY,Transportation Modal Energy Consumption from Biofuels,energy_consumption_trns_road_light_biofuels
TX:TRNS:INC_OCCUPANCY_LIGHT_DUTY,Transportation Modal Energy Consumption from Diesel,energy_consumption_trns_road_light_diesel
TX:TRNS:INC_OCCUPANCY_LIGHT_DUTY,Transportation Modal Energy Consumption from Electricity,energy_consumption_trns_road_light_electricity
TX:TRNS:INC_OCCUPANCY_LIGHT_DUTY,Transportation Modal Energy Consumption from Gasoline,energy_consumption_trns_road_light_gasoline
TX:TRNS:INC_OCCUPANCY_LIGHT_DUTY,Total Energy Consumption from Transportation,energy_consumption_trns_total
TX:TRNS:INC_OCCUPANCY_LIGHT_DUTY,Energy Demand by Fuel in Transportation,energy_demand_enfu_subsector_total_pj_trns_fuel_biofuels
TX:TRNS:INC_OCCUPANCY_LIGHT_DUTY,Energy Demand by Fuel in Transportation,energy_demand_enfu_subsector_total_pj_trns_fuel_diesel
TX:TRNS:INC_OCCUPANCY_LIGHT_DUTY,Energy Demand by Fuel in Transportation,energy_demand_enfu_subsector_total_pj_trns_fuel_electricity
TX:TRNS:INC_OCCUPANCY_LIGHT_DUTY,Energy Demand by Fuel in Transportation,energy_demand_enfu_subsector_total_pj_trns_fuel_gasoline
TX:TRNS:INC_OCCUPANCY_LIGHT_DUTY,Value of Fuel Consumed in Transportation,totalvalue_enfu_fuel_consumed_trns_fuel_biofuels
TX:TRNS:INC_OCCUPANCY_LIGHT_DUTY,Value of Fuel Consumed in Transportation,totalvalue_enfu_fuel_consumed_trns_fuel_diesel
TX:TRNS:INC_OCCUPANCY_LIGHT_DUTY,Value of Fuel Consumed in Transportation,totalvalue_enfu_fuel_consumed_trns_fuel_electricity
TX:TRNS:INC_OCCUPANCY_LIGHT_DUTY,Value of Fuel Consumed in Transportation,totalvalue_enfu_fuel_consumed_trns_fuel_gasoline
TX:TRNS:INC_OCCUPANCY_LIGHT_DUTY,Total Vehicle Distance Traveled,vehicle_distance_traveled_trns_road_light
TX:TRNS:INC_OCCUPANCY_LIGHT_DUTY,Vehicle Distance Traveled from Biofuels,vehicle_distance_traveled_trns_road_light_biofuels
TX:TRNS:INC_OCCUPANCY_LIGHT_DUTY,Vehicle Distance Traveled from Diesel,vehicle_distance_traveled_trns_road_light_diesel
TX:TRNS:INC_OCCUPANCY_LIGHT_DUTY,Vehicle Distance Traveled from Electricity,vehicle_distance_traveled_trns_road_light_electricity
TX:TRNS:INC_OCCUPANCY_LIGHT_DUTY,Vehicle Distance Traveled from Gasoline,vehicle_distance_traveled_trns_road_light_gasoline
TX:TRNS:SHIFT_FUEL_LIGHT_DUTY,:math:\text{CH}_4 Emissions from Transportation,emission_co2e_ch4_trns_road_light
TX:TRNS:SHIFT_FUEL_LIGHT_DUTY,:math:\text{CO}_2 Emissions from Transportation,emission_co2e_co2_trns_road_light
TX:TRNS:SHIFT_FUEL_LIGHT_DUTY,:math:\text{N}_2\text{O} Emissions from Transportation,emission_co2e_n2o_trns_road_light
TX:TRNS:SHIFT_FUEL_LIGHT_DUTY,emission_co2e_subsector_total_trns,emission_co2e_subsector_total_trns
TX:TRNS:SHIFT_FUEL_LIGHT_DUTY,Electrical Energy Consumption from Transportation,energy_consumption_electricity_trns_road_light
TX:TRNS:SHIFT_FUEL_LIGHT_DUTY,Total Electrical Energy Consumption from Transportation,energy_consumption_electricity_trns_total
TX:TRNS:SHIFT_FUEL_LIGHT_DUTY,Energy Consumption from Transportation,energy_consumption_trns_road_light
TX:TRNS:SHIFT_FUEL_LIGHT_DUTY,Transportation Modal Energy Consumption from Biofuels,energy_consumption_trns_road_light_biofuels
TX:TRNS:SHIFT_FUEL_LIGHT_DUTY,Transportation Modal Energy Consumption from Diesel,energy_consumption_trns_road_light_diesel
TX:TRNS:SHIFT_FUEL_LIGHT_DUTY,Transportation Modal Energy Consumption from Electricity,energy_consumption_trns_road_light_electricity
TX:TRNS:SHIFT_FUEL_LIGHT_DUTY,Transportation Modal Energy Consumption from Gasoline,energy_consumption_trns_road_light_gasoline
TX:TRNS:SHIFT_FUEL_LIGHT_DUTY,Total Energy Consumption from Transportation,energy_consumption_trns_total
TX:TRNS:SHIFT_FUEL_LIGHT_DUTY,Energy Demand by Fuel in Transportation,energy_demand_enfu_subsector_total_pj_trns_fuel_biofuels
TX:TRNS:SHIFT_FUEL_LIGHT_DUTY,Energy Demand by Fuel in Transportation,energy_demand_enfu_subsector_total_pj_trns_fuel_diesel
TX:TRNS:SHIFT_FUEL_LIGHT_DUTY,Energy Demand by Fuel in Transportation,energy_demand_enfu_subsector_total_pj_trns_fuel_electricity
TX:TRNS:SHIFT_FUEL_LIGHT_DUTY,Energy Demand by Fuel in Transportation,energy_demand_enfu_subsector_total_pj_trns_fuel_gasoline
TX:TRNS:SHIFT_FUEL_LIGHT_DUTY,Value of Fuel Consumed in Transportation,totalvalue_enfu_fuel_consumed_trns_fuel_biofuels
TX:TRNS:SHIFT_FUEL_LIGHT_DUTY,Value of Fuel Consumed in Transportation,totalvalue_enfu_fuel_consumed_trns_fuel_diesel
TX:TRNS:SHIFT_FUEL_LIGHT_DUTY,Value of Fuel Consumed in Transportation,totalvalue_enfu_fuel_consumed_trns_fuel_electricity
TX:TRNS:SHIFT_FUEL_LIGHT_DUTY,Value of Fuel Consumed in Transportation,totalvalue_enfu_fuel_consumed_trns_fuel_gasoline
TX:TRNS:SHIFT_FUEL_LIGHT_DUTY,Vehicle Distance Traveled from Biofuels,vehicle_distance_traveled_trns_road_light_biofuels
TX:TRNS:SHIFT_FUEL_LIGHT_DUTY,Vehicle Distance Traveled from Diesel,vehicle_distance_traveled_trns_road_light_diesel
TX:TRNS:SHIFT_FUEL_LIGHT_DUTY,Vehicle Distance Traveled from Electricity,vehicle_distance_traveled_trns_road_light_electricity
TX:TRNS:SHIFT_FUEL_LIGHT_DUTY,Vehicle Distance Traveled from Gasoline,vehicle_distance_traveled_trns_road_light_gasoline
TX:TRNS:SHIFT_FUEL_LIGHT_DUTY_STRATEGY_CONDITIONAL,:math:\text{CH}_4 Emissions from Transportation,emission_co2e_ch4_trns_road_light
TX:TRNS:SHIFT_FUEL_LIGHT_DUTY_STRATEGY_CONDITIONAL,:math:\text{CO}_2 Emissions from Transportation,emission_co2e_co2_trns_road_light
TX:TRNS:SHIFT_FUEL_LIGHT_DUTY_STRATEGY_CONDITIONAL,:math:\text{N}_2\text{O} Emissions from Transportation,emission_co2e_n2o_trns_road_light
TX:TRNS:SHIFT_FUEL_LIGHT_DUTY_STRATEGY_CONDITIONAL,emission_co2e_subsector_total_trns,emission_co2e_subsector_total_trns
TX:TRNS:SHIFT_FUEL_LIGHT_DUTY_STRATEGY_CONDITIONAL,Electrical Energy Consumption from Transportation,energy_consumption_electricity_trns_road_light
TX:TRNS:SHIFT_FUEL_LIGHT_DUTY_STRATEGY_CONDITIONAL,Total Electrical Energy Consumption from Transportation,energy_consumption_electricity_trns_total
TX:TRNS:SHIFT_FUEL_LIGHT_DUTY_STRATEGY_CONDITIONAL,Energy Consumption from Transportation,energy_consumption_trns_road_light
TX:TRNS:SHIFT_FUEL_LIGHT_DUTY_STRATEGY_CONDITIONAL,Transportation Modal Energy Consumption from Biofuels,energy_consumption_trns_road_light_biofuels
TX:TRNS:SHIFT_FUEL_LIGHT_DUTY_STRATEGY_CONDITIONAL,Transportation Modal Energy Consumption from Diesel,energy_consumption_trns_road_light_diesel
TX:TRNS:SHIFT_FUEL_LIGHT_DUTY_STRATEGY_CONDITIONAL,Transportation Modal Energy Consumption from Electricity,energy_consumption_trns_road_light_electricity
TX:TRNS:SHIFT_FUEL_LIGHT_DUTY_STRATEGY_CONDITIONAL,Transportation Modal Energy Consumption from Gasoline,energy_consumption_trns_road_light_gasoline
TX:TRNS:SHIFT_FUEL_LIGHT_DUTY_STRATEGY_CONDITIONAL,Total Energy Consumption from Transportation,energy_consumption_trns_total
TX:TRNS:SHIFT_FUEL_LIGHT_DUTY_STRATEGY_CONDITIONAL,Energy Demand by Fuel in Transportation,energy_demand_enfu_subsector_total_pj_trns_fuel_biofuels
TX:TRNS:SHIFT_FUEL_LIGHT_DUTY_STRATEGY_CONDITIONAL,Energy Demand by Fuel in Transportation,energy_demand_enfu_subsector_total_pj_trns_fuel_diesel
TX:TRNS:SHIFT_FUEL_LIGHT_DUTY_STRATEGY_CONDITIONAL,Energy Demand by Fuel in Transportation,energy_demand_enfu_subsector_total_pj_trns_fuel_electricity
TX:TRNS:SHIFT_FUEL_LIGHT_DUTY_STRATEGY_CONDITIONAL,Energy Demand by Fuel in Transportation,energy_demand_enfu_subsector_total_pj_trns_fuel_gasoline
TX:TRNS:SHIFT_FUEL_LIGHT_DUTY_STRATEGY_CONDITIONAL,Value of Fuel Consumed in Transportation,totalvalue_enfu_fuel_consumed_trns_fuel_biofuels
TX:TRNS:SHIFT_FUEL_LIGHT_DUTY_STRATEGY_CONDITIONAL,Value of Fuel Consumed in Transportation,totalvalue_enfu_fuel_consumed_trns_fuel_diesel
TX:TRNS:SHIFT_FUEL_LIGHT_DUTY_STRATEGY_CONDITIONAL,Value of Fuel Consumed in Transportation,totalvalue_enfu_fuel_consumed_trns_fuel_electricity
TX:TRNS:SHIFT_FUEL_LIGHT_DUTY_STRATEGY_CONDITIONAL,Value of Fuel Consumed in Transportation,totalvalue_enfu_fuel_consumed_trns_fuel_gasoline
TX:TRNS:SHIFT_FUEL_LIGHT_DUTY_STRATEGY_CONDITIONAL,Vehicle Distance Traveled from Biofuels,vehicle_distance_traveled_trns_road_light_biofuels
TX:TRNS:SHIFT_FUEL_LIGHT_DUTY_STRATEGY_CONDITIONAL,Vehicle Distance Traveled from Diesel,vehicle_distance_traveled_trns_road_light_diesel
TX:TRNS:SHIFT_FUEL_LIGHT_DUTY_STRATEGY_CONDITIONAL,Vehicle Distance Traveled from Electricity,vehicle_distance_traveled_trns_road_light_electricity
TX:TRNS:SHIFT_FUEL_LIGHT_DUTY_STRATEGY_CONDITIONAL,Vehicle Distance Traveled from Gasoline,vehicle_distance_traveled_trns_road_light_gasoline
TX:TRNS:SHIFT_FUEL_LIGHT_DUTY_STRATEGY_LEP,:math:\text{CH}_4 Emissions from Transportation,emission_co2e_ch4_trns_road_light
TX:TRNS:SHIFT_FUEL_LIGHT_DUTY_STRATEGY_LEP,:math:\text{CO}_2 Emissions from Transportation,emission_co2e_co2_trns_road_light
TX:TRNS:SHIFT_FUEL_LIGHT_DUTY_STRATEGY_LEP,:math:\text{N}_2\text{O} Emissions from Transportation,emission_co2e_n2o_trns_road_light
TX:TRNS:SHIFT_FUEL_LIGHT_DUTY_STRATEGY_LEP,emission_co2e_subsector_total_trns,emission_co2e_subsector_total_trns
TX:TRNS:SHIFT_FUEL_LIGHT_DUTY_STRATEGY_LEP,Electrical Energy Consumption from Transportation,energy_consumption_electricity_trns_road_light
TX:TRNS:SHIFT_FUEL_LIGHT_DUTY_STRATEGY_LEP,Total Electrical Energy Consumption from Transportation,energy_consumption_electricity_trns_total
TX:TRNS:SHIFT_FUEL_LIGHT_DUTY_STRATEGY_LEP,Energy Consumption from Transportation,energy_consumption_trns_road_light
TX:TRNS:SHIFT_FUEL_LIGHT_DUTY_STRATEGY_LEP,Transportation Modal Energy Consumption from Biofuels,energy_consumption_trns_road_light_biofuels
TX:TRNS:SHIFT_FUEL_LIGHT_DUTY_STRATEGY_LEP,Transportation Modal Energy Consumption from Diesel,energy_consumption_trns_road_light_diesel
TX:TRNS:SHIFT_FUEL_LIGHT_DUTY_STRATEGY_LEP,Transportation Modal Energy Consumption from Electricity,energy_consumption_trns_road_light_electricity
TX:TRNS:SHIFT_FUEL_LIGHT_DUTY_STRATEGY_LEP,Transportation Modal Energy Consumption from Gasoline,energy_consumption_trns_road_light_gasoline
TX:TRNS:SHIFT_FUEL_LIGHT_DUTY_STRATEGY_LEP,Total Energy Consumption from Transportation,energy_consumption_trns_total
TX:TRNS:SHIFT_FUEL_LIGHT_DUTY_STRATEGY_LEP,Energy Demand by Fuel in Transportation,energy_demand_enfu_subsector_total_pj_trns_fuel_biofuels
TX:TRNS:SHIFT_FUEL_LIGHT_DUTY_STRATEGY_LEP,Energy Demand by Fuel in Transportation,energy_demand_enfu_subsector_total_pj_trns_fuel_diesel
TX:TRNS:SHIFT_FUEL_LIGHT_DUTY_STRATEGY_LEP,Energy Demand by Fuel in Transportation,energy_demand_enfu_subsector_total_pj_trns_fuel_electricity
TX:TRNS:SHIFT_FUEL_LIGHT_DUTY_STRATEGY_LEP,Energy Demand by Fuel in Transportation,energy_demand_enfu_subsector_total_pj_trns_fuel_gasoline
TX:TRNS:SHIFT_FUEL_LIGHT_DUTY_STRATEGY_LEP,Value of Fuel Consumed in Transportation,totalvalue_enfu_fuel_consumed_trns_fuel_biofuels
TX:TRNS:SHIFT_FUEL_LIGHT_DUTY_STRATEGY_LEP,Value of Fuel Consumed in Transportation,totalvalue_enfu_fuel_consumed_trns_fuel_diesel
TX:TRNS:SHIFT_FUEL_LIGHT_DUTY_STRATEGY_LEP,Value of Fuel Consumed in Transportation,totalvalue_enfu_fuel_consumed_trns_fuel_electricity
TX:TRNS:SHIFT_FUEL_LIGHT_DUTY_STRATEGY_LEP,Value of Fuel Consumed in Transportation,totalvalue_enfu_fuel_consumed_trns_fuel_gasoline
TX:TRNS:SHIFT_FUEL_LIGHT_DUTY_STRATEGY_LEP,Vehicle Distance Traveled from Biofuels,vehicle_distance_traveled_trns_road_light_biofuels
TX:TRNS:SHIFT_FUEL_LIGHT_DUTY_STRATEGY_LEP,Vehicle Distance Traveled from Diesel,vehicle_distance_traveled_trns_road_light_diesel
TX:TRNS:SHIFT_FUEL_LIGHT_DUTY_STRATEGY_LEP,Vehicle Distance Traveled from Electricity,vehicle_distance_traveled_trns_road_light_electricity
TX:TRNS:SHIFT_FUEL_LIGHT_DUTY_STRATEGY_LEP,Vehicle Distance Traveled from Gasoline,vehicle_distance_traveled_trns_road_light_gasoline
TX:TRNS:SHIFT_FUEL_LIGHT_DUTY_STRATEGY_NDC,:math:\text{CH}_4 Emissions from Transportation,emission_co2e_ch4_trns_road_light
TX:TRNS:SHIFT_FUEL_LIGHT_DUTY_STRATEGY_NDC,:math:\text{CO}_2 Emissions from Transportation,emission_co2e_co2_trns_road_light
TX:TRNS:SHIFT_FUEL_LIGHT_DUTY_STRATEGY_NDC,:math:\text{N}_2\text{O} Emissions from Transportation,emission_co2e_n2o_trns_road_light
TX:TRNS:SHIFT_FUEL_LIGHT_DUTY_STRATEGY_NDC,emission_co2e_subsector_total_trns,emission_co2e_subsector_total_trns
TX:TRNS:SHIFT_FUEL_LIGHT_DUTY_STRATEGY_NDC,Electrical Energy Consumption from Transportation,energy_consumption_electricity_trns_road_light
TX:TRNS:SHIFT_FUEL_LIGHT_DUTY_STRATEGY_NDC,Total Electrical Energy Consumption from Transportation,energy_consumption_electricity_trns_total
TX:TRNS:SHIFT_FUEL_LIGHT_DUTY_STRATEGY_NDC,Energy Consumption from Transportation,energy_consumption_trns_road_light
TX:TRNS:SHIFT_FUEL_LIGHT_DUTY_STRATEGY_NDC,Transportation Modal Energy Consumption from Biofuels,energy_consumption_trns_road_light_biofuels
TX:TRNS:SHIFT_FUEL_LIGHT_DUTY_STRATEGY_NDC,Transportation Modal Energy Consumption from Diesel,energy_consumption_trns_road_light_diesel
TX:TRNS:SHIFT_FUEL_LIGHT_DUTY_STRATEGY_NDC,Transportation Modal Energy Consumption from Electricity,energy_consumption_trns_road_light_electricity
TX:TRNS:SHIFT_FUEL_LIGHT_DUTY_STRATEGY_NDC,Transportation Modal Energy Consumption from Gasoline,energy_consumption_trns_road_light_gasoline
TX:TRNS:SHIFT_FUEL_LIGHT_DUTY_STRATEGY_NDC,Total Energy Consumption from Transportation,energy_consumption_trns_total
TX:TRNS:SHIFT_FUEL_LIGHT_DUTY_STRATEGY_NDC,Energy Demand by Fuel in Transportation,energy_demand_enfu_subsector_total_pj_trns_fuel_biofuels
TX:TRNS:SHIFT_FUEL_LIGHT_DUTY_STRATEGY_NDC,Energy Demand by Fuel in Transportation,energy_demand_enfu_subsector_total_pj_trns_fuel_diesel
TX:TRNS:SHIFT_FUEL_LIGHT_DUTY_STRATEGY_NDC,Energy Demand by Fuel in Transportation,energy_demand_enfu_subsector_total_pj_trns_fuel_electricity
TX:TRNS:SHIFT_FUEL_LIGHT_DUTY_STRATEGY_NDC,Energy Demand by Fuel in Transportation,energy_demand_enfu_subsector_total_pj_trns_fuel_gasoline
TX:TRNS:SHIFT_FUEL_LIGHT_DUTY_STRATEGY_NDC,Value of Fuel Consumed in Transportation,totalvalue_enfu_fuel_consumed_trns_fuel_biofuels
TX:TRNS:SHIFT_FUEL_LIGHT_DUTY_STRATEGY_NDC,Value of Fuel Consumed in Transportation,totalvalue_enfu_fuel_consumed_trns_fuel_diesel
TX:TRNS:SHIFT_FUEL_LIGHT_DUTY_STRATEGY_NDC,Value of Fuel Consumed in Transportation,totalvalue_enfu_fuel_consumed_trns_fuel_electricity
TX:TRNS:SHIFT_FUEL_LIGHT_DUTY_STRATEGY_NDC,Value of Fuel Consumed in Transportation,totalvalue_enfu_fuel_consumed_trns_fuel_gasoline
TX:TRNS:SHIFT_FUEL_LIGHT_DUTY_STRATEGY_NDC,Vehicle Distance Traveled from Biofuels,vehicle_distance_traveled_trns_road_light_biofuels
TX:TRNS:SHIFT_FUEL_LIGHT_DUTY_STRATEGY_NDC,Vehicle Distance Traveled from Diesel,vehicle_distance_traveled_trns_road_light_diesel
TX:TRNS:SHIFT_FUEL_LIGHT_DUTY_STRATEGY_NDC,Vehicle Distance Traveled from Electricity,vehicle_distance_traveled_trns_road_light_electricity
TX:TRNS:SHIFT_FUEL_LIGHT_DUTY_STRATEGY_NDC,Vehicle Distance Traveled from Gasoline,vehicle_distance_traveled_trns_road_light_gasoline
TX:TRNS:SHIFT_FUEL_MARITIME,:math:\text{CH}_4 Emissions from Transportation,emission_co2e_ch4_trns_water_borne
TX:TRNS:SHIFT_FUEL_MARITIME,:math:\text{CO}_2 Emissions from Transportation,emission_co2e_co2_trns_water_borne
TX:TRNS:SHIFT_FUEL_MARITIME,:math:\text{N}_2\text{O} Emissions from Transportation,emission_co2e_n2o_trns_water_borne
TX:TRNS:SHIFT_FUEL_MARITIME,emission_co2e_subsector_total_trns,emission_co2e_subsector_total_trns
TX:TRNS:SHIFT_FUEL_MARITIME,Total Electrical Energy Consumption from Transportation,energy_consumption_electricity_trns_total
TX:TRNS:SHIFT_FUEL_MARITIME,Electrical Energy Consumption from Transportation,energy_consumption_electricity_trns_water_borne
TX:TRNS:SHIFT_FUEL_MARITIME,Total Energy Consumption from Transportation,energy_consumption_trns_total
TX:TRNS:SHIFT_FUEL_MARITIME,Energy Consumption from Transportation,energy_consumption_trns_water_borne
TX:TRNS:SHIFT_FUEL_MARITIME,Transportation Modal Energy Consumption from Diesel,energy_consumption_trns_water_borne_diesel
TX:TRNS:SHIFT_FUEL_MARITIME,Transportation Modal Energy Consumption from Electricity,energy_consumption_trns_water_borne_electricity
TX:TRNS:SHIFT_FUEL_MARITIME,Transportation Modal Energy Consumption from Hydrogen,energy_consumption_trns_water_borne_hydrogen
TX:TRNS:SHIFT_FUEL_MARITIME,Energy Demand by Fuel in Transportation,energy_demand_enfu_subsector_total_pj_trns_fuel_diesel
TX:TRNS:SHIFT_FUEL_MARITIME,Energy Demand by Fuel in Transportation,energy_demand_enfu_subsector_total_pj_trns_fuel_electricity
TX:TRNS:SHIFT_FUEL_MARITIME,Energy Demand by Fuel in Transportation,energy_demand_enfu_subsector_total_pj_trns_fuel_hydrogen
TX:TRNS:SHIFT_FUEL_MARITIME,Value of Fuel Consumed in Transportation,totalvalue_enfu_fuel_consumed_trns_fuel_diesel
TX:TRNS:SHIFT_FUEL_MARITIME,Value of Fuel Consumed in Transportation,totalvalue_enfu_fuel_consumed_trns_fuel_electricity
TX:TRNS:SHIFT_FUEL_MARITIME,Value of Fuel Consumed in Transportation,totalvalue_enfu_fuel_consumed_trns_fuel_hydrogen
TX:TRNS:SHIFT_FUEL_MARITIME,Vehicle Distance Traveled from Diesel,vehicle_distance_traveled_trns_water_borne_diesel
TX:TRNS:SHIFT_FUEL_MARITIME,Vehicle Distance Traveled from Electricity,vehicle_distance_traveled_trns_water_borne_electricity
TX:TRNS:SHIFT_FUEL_MARITIME,Vehicle Distance Traveled from Hydrogen,vehicle_distance_traveled_trns_water_borne_hydrogen
TX:TRNS:SHIFT_FUEL_MEDIUM_DUTY,:math:\text{CH}_4 Emissions from Transportation,emission_co2e_ch4_trns_public
TX:TRNS:SHIFT_FUEL_MEDIUM_DUTY,:math:\text{CH}_4 Emissions from Transportation,emission_co2e_ch4_trns_road_heavy_freight
TX:TRNS:SHIFT_FUEL_MEDIUM_DUTY,:math:\text{CH}_4 Emissions from Transportation,emission_co2e_ch4_trns_road_heavy_regional
TX:TRNS:SHIFT_FUEL_MEDIUM_DUTY,:math:\text{CO}_2 Emissions from Transportation,emission_co2e_co2_trns_public
TX:TRNS:SHIFT_FUEL_MEDIUM_DUTY,:math:\text{CO}_2 Emissions from Transportation,emission_co2e_co2_trns_road_heavy_freight
TX:TRNS:SHIFT_FUEL_MEDIUM_DUTY,:math:\text{CO}_2 Emissions from Transportation,emission_co2e_co2_trns_road_heavy_regional
TX:TRNS:SHIFT_FUEL_MEDIUM_DUTY,:math:\text{N}_2\text{O} Emissions from Transportation,emission_co2e_n2o_trns_public
TX:TRNS:SHIFT_FUEL_MEDIUM_DUTY,:math:\text{N}_2\text{O} Emissions from Transportation,emission_co2e_n2o_trns_road_heavy_freight
TX:TRNS:SHIFT_FUEL_MEDIUM_DUTY,:math:\text{N}_2\text{O} Emissions from Transportation,emission_co2e_n2o_trns_road_heavy_regional
TX:TRNS:SHIFT_FUEL_MEDIUM_DUTY,emission_co2e_subsector_total_trns,emission_co2e_subsector_total_trns
TX:TRNS:SHIFT_FUEL_MEDIUM_DUTY,Electrical Energy Consumption from Transportation,energy_consumption_electricity_trns_public
TX:TRNS:SHIFT_FUEL_MEDIUM_DUTY,Electrical Energy Consumption from Transportation,energy_consumption_electricity_trns_road_heavy_freight
TX:TRNS:SHIFT_FUEL_MEDIUM_DUTY,Electrical Energy Consumption from Transportation,energy_consumption_electricity_trns_road_heavy_regional
TX:TRNS:SHIFT_FUEL_MEDIUM_DUTY,Total Electrical Energy Consumption from Transportation,energy_consumption_electricity_trns_total
TX:TRNS:SHIFT_FUEL_MEDIUM_DUTY,Energy Consumption from Transportation,energy_consumption_trns_public
TX:TRNS:SHIFT_FUEL_MEDIUM_DUTY,Transportation Modal Energy Consumption from Diesel,energy_consumption_trns_public_diesel
TX:TRNS:SHIFT_FUEL_MEDIUM_DUTY,Transportation Modal Energy Consumption from Electricity,energy_consumption_trns_public_electricity
TX:TRNS:SHIFT_FUEL_MEDIUM_DUTY,Transportation Modal Energy Consumption from Gasoline,energy_consumption_trns_public_gasoline
TX:TRNS:SHIFT_FUEL_MEDIUM_DUTY,Transportation Modal Energy Consumption from Hydrogen,energy_consumption_trns_public_hydrogen
TX:TRNS:SHIFT_FUEL_MEDIUM_DUTY,Energy Consumption from Transportation,energy_consumption_trns_road_heavy_freight
TX:TRNS:SHIFT_FUEL_MEDIUM_DUTY,Transportation Modal Energy Consumption from Diesel,energy_consumption_trns_road_heavy_freight_diesel
TX:TRNS:SHIFT_FUEL_MEDIUM_DUTY,Transportation Modal Energy Consumption from Electricity,energy_consumption_trns_road_heavy_freight_electricity
TX:TRNS:SHIFT_FUEL_MEDIUM_DUTY,Transportation Modal Energy Consumption from Gasoline,energy_consumption_trns_road_heavy_freight_gasoline
TX:TRNS:SHIFT_FUEL_MEDIUM_DUTY,Transportation Modal Energy Consumption from Hydrogen,energy_consumption_trns_road_heavy_freight_hydrogen
TX:TRNS:SHIFT_FUEL_MEDIUM_DUTY,Energy Consumption from Transportation,energy_consumption_trns_road_heavy_regional
TX:TRNS:SHIFT_FUEL_MEDIUM_DUTY,Transportation Modal Energy Consumption from Diesel,energy_consumption_trns_road_heavy_regional_diesel
TX:TRNS:SHIFT_FUEL_MEDIUM_DUTY,Transportation Modal Energy Consumption from Electricity,energy_consumption_trns_road_heavy_regional_electricity
TX:TRNS:SHIFT_FUEL_MEDIUM_DUTY,Transportation Modal Energy Consumption from Gasoline,energy_consumption_trns_road_heavy_regional_gasoline
TX:TRNS:SHIFT_FUEL_MEDIUM_DUTY,Transportation Modal Energy Consumption from Hydrogen,energy_consumption_trns_road_heavy_regional_hydrogen
TX:TRNS:SHIFT_FUEL_MEDIUM_DUTY,Total Energy Consumption from Transportation,energy_consumption_trns_total
TX:TRNS:SHIFT_FUEL_MEDIUM_DUTY,Energy Demand by Fuel in Transportation,energy_demand_enfu_subsector_total_pj_trns_fuel_diesel
TX:TRNS:SHIFT_FUEL_MEDIUM_DUTY,Energy Demand by Fuel in Transportation,energy_demand_enfu_subsector_total_pj_trns_fuel_electricity
TX:TRNS:SHIFT_FUEL_MEDIUM_DUTY,Energy Demand by Fuel in Transportation,energy_demand_enfu_subsector_total_pj_trns_fuel_gasoline
TX:TRNS:SHIFT_FUEL_MEDIUM_DUTY,Energy Demand by Fuel in Transportation,energy_demand_enfu_subsector_total_pj_trns_fuel_hydrogen
TX:TRNS:SHIFT_FUEL_MEDIUM_DUTY,Value of Fuel Consumed in Transportation,totalvalue_enfu_fuel_consumed_trns_fuel_diesel
TX:TRNS:SHIFT_FUEL_MEDIUM_DUTY,Value of Fuel Consumed in Transportation,totalvalue_enfu_fuel_consumed_trns_fuel_electricity
TX:TRNS:SHIFT_FUEL_MEDIUM_DUTY,Value of Fuel Consumed in Transportation,totalvalue_enfu_fuel_consumed_trns_fuel_gasoline
TX:TRNS:SHIFT_FUEL_MEDIUM_DUTY,Value of Fuel Consumed in Transportation,totalvalue_enfu_fuel_consumed_trns_fuel_hydrogen
TX:TRNS:SHIFT_FUEL_MEDIUM_DUTY,Vehicle Distance Traveled from Diesel,vehicle_distance_traveled_trns_public_diesel
TX:TRNS:SHIFT_FUEL_MEDIUM_DUTY,Vehicle Distance Traveled from Electricity,vehicle_distance_traveled_trns_public_electricity
TX:TRNS:SHIFT_FUEL_MEDIUM_DUTY,Vehicle Distance Traveled from Gasoline,vehicle_distance_traveled_trns_public_gasoline
TX:TRNS:SHIFT_FUEL_MEDIUM_DUTY,Vehicle Distance Traveled from Hydrogen,vehicle_distance_traveled_trns_public_hydrogen
TX:TRNS:SHIFT_FUEL_MEDIUM_DUTY,Vehicle Distance Traveled from Diesel,vehicle_distance_traveled_trns_road_heavy_freight_diesel
TX:TRNS:SHIFT_FUEL_MEDIUM_DUTY,Vehicle Distance Traveled from Electricity,vehicle_distance_traveled_trns_road_heavy_freight_electricity
TX:TRNS:SHIFT_FUEL_MEDIUM_DUTY,Vehicle Distance Traveled from Gasoline,vehicle_distance_traveled_trns_road_heavy_freight_gasoline
TX:TRNS:SHIFT_FUEL_MEDIUM_DUTY,Vehicle Distance Traveled from Hydrogen,vehicle_distance_traveled_trns_road_heavy_freight_hydrogen
TX:TRNS:SHIFT_FUEL_MEDIUM_DUTY,Vehicle Distance Traveled from Diesel,vehicle_distance_traveled_trns_road_heavy_regional_diesel
TX:TRNS:SHIFT_FUEL_MEDIUM_DUTY,Vehicle Distance Traveled from Electricity,vehicle_distance_traveled_trns_road_heavy_regional_electricity
TX:TRNS:SHIFT_FUEL_MEDIUM_DUTY,Vehicle Distance Traveled from Gasoline,vehicle_distance_traveled_trns_road_heavy_regional_gasoline
TX:TRNS:SHIFT_FUEL_MEDIUM_DUTY,Vehicle Distance Traveled from Hydrogen,vehicle_distance_traveled_trns_road_heavy_regional_hydrogen
TX:TRNS:SHIFT_FUEL_MEDIUM_DUTY_STRATEGY_CONDITIONAL,:math:\text{CH}_4 Emissions from Transportation,emission_co2e_ch4_trns_public
TX:TRNS:SHIFT_FUEL_MEDIUM_DUTY_STRATEGY_CONDITIONAL,:math:\text{CH}_4 Emissions from Transportation,emission_co2e_ch4_trns_road_heavy_freight
TX:TRNS:SHIFT_FUEL_MEDIUM_DUTY_STRATEGY_CONDITIONAL,:math:\text{CH}_4 Emissions from Transportation,emission_co2e_ch4_trns_road_heavy_regional
TX:TRNS:SHIFT_FUEL_MEDIUM_DUTY_STRATEGY_CONDITIONAL,:math:\text{CO}_2 Emissions from Transportation,emission_co2e_co2_trns_public
TX:TRNS:SHIFT_FUEL_MEDIUM_DUTY_STRATEGY_CONDITIONAL,:math:\text{CO}_2 Emissions from Transportation,emission_co2e_co2_trns_road_heavy_freight
TX:TRNS:SHIFT_FUEL_MEDIUM_DUTY_STRATEGY_CONDITIONAL,:math:\text{CO}_2 Emissions from Transportation,emission_co2e_co2_trns_road_heavy_regional
TX:TRNS:SHIFT_FUEL_MEDIUM_DUTY_STRATEGY_CONDITIONAL,:math:\text{N}_2\text{O} Emissions from Transportation,emission_co2e_n2o_trns_public
TX:TRNS:SHIFT_FUEL_MEDIUM_DUTY_STRATEGY_CONDITIONAL,:math:\text{N}_2\text{O} Emissions from Transportation,emission_co2e_n2o_trns_road_heavy_freight
TX:TRNS:SHIFT_FUEL_MEDIUM_DUTY_STRATEGY_CONDITIONAL,:math:\text{N}_2\text{O} Emissions from Transportation,emission_co2e_n2o_trns_road_heavy_regional
TX:TRNS:SHIFT_FUEL_MEDIUM_DUTY_STRATEGY_CONDITIONAL,emission_co2e_subsector_total_trns,emission_co2e_subsector_total_trns
TX:TRNS:SHIFT_FUEL_MEDIUM_DUTY_STRATEGY_CONDITIONAL,Electrical Energy Consumption from Transportation,energy_consumption_electricity_trns_public
TX:TRNS:SHIFT_FUEL_MEDIUM_DUTY_STRATEGY_CONDITIONAL,Electrical Energy Consumption from Transportation,energy_consumption_electricity_trns_road_heavy_freight
TX:TRNS:SHIFT_FUEL_MEDIUM_DUTY_STRATEGY_CONDITIONAL,Electrical Energy Consumption from Transportation,energy_consumption_electricity_trns_road_heavy_regional
TX:TRNS:SHIFT_FUEL_MEDIUM_DUTY_STRATEGY_CONDITIONAL,Total Electrical Energy Consumption from Transportation,energy_consumption_electricity_trns_total
TX:TRNS:SHIFT_FUEL_MEDIUM_DUTY_STRATEGY_CONDITIONAL,Energy Consumption from Transportation,energy_consumption_trns_public
TX:TRNS:SHIFT_FUEL_MEDIUM_DUTY_STRATEGY_CONDITIONAL,Transportation Modal Energy Consumption from Diesel,energy_consumption_trns_public_diesel
TX:TRNS:SHIFT_FUEL_MEDIUM_DUTY_STRATEGY_CONDITIONAL,Transportation Modal Energy Consumption from Electricity,energy_consumption_trns_public_electricity
TX:TRNS:SHIFT_FUEL_MEDIUM_DUTY_STRATEGY_CONDITIONAL,Transportation Modal Energy Consumption from Gasoline,energy_consumption_trns_public_gasoline
TX:TRNS:SHIFT_FUEL_MEDIUM_DUTY_STRATEGY_CONDITIONAL,Transportation Modal Energy Consumption from Hydrogen,energy_consumption_trns_public_hydrogen
TX:TRNS:SHIFT_FUEL_MEDIUM_DUTY_STRATEGY_CONDITIONAL,Energy Consumption from Transportation,energy_consumption_trns_road_heavy_freight
TX:TRNS:SHIFT_FUEL_MEDIUM_DUTY_STRATEGY_CONDITIONAL,Transportation Modal Energy Consumption from Diesel,energy_consumption_trns_road_heavy_freight_diesel
TX:TRNS:SHIFT_FUEL_MEDIUM_DUTY_STRATEGY_CONDITIONAL,Transportation Modal Energy Consumption from Electricity,energy_consumption_trns_road_heavy_freight_electricity
TX:TRNS:SHIFT_FUEL_MEDIUM_DUTY_STRATEGY_CONDITIONAL,Transportation Modal Energy Consumption from Gasoline,energy_consumption_trns_road_heavy_freight_gasoline
TX:TRNS:SHIFT_FUEL_MEDIUM_DUTY_STRATEGY_CONDITIONAL,Transportation Modal Energy Consumption from Hydrogen,energy_consumption_trns_road_heavy_freight_hydrogen
TX:TRNS:SHIFT_FUEL_MEDIUM_DUTY_STRATEGY_CONDITIONAL,Energy Consumption from Transportation,energy_consumption_trns_road_heavy_regional
TX:TRNS:SHIFT_FUEL_MEDIUM_DUTY_STRATEGY_CONDITIONAL,Transportation Modal Energy Consumption from Diesel,energy_consumption_trns_road_heavy_regional_diesel
TX:TRNS:SHIFT_FUEL_MEDIUM_DUTY_STRATEGY_CONDITIONAL,Transportation Modal Energy Consumption from Electricity,energy_consumption_trns_road_heavy_regional_electricity
TX:TRNS:SHIFT_FUEL_MEDIUM_DUTY_STRATEGY_CONDITIONAL,Transportation Modal Energy Consumption from Gasoline,energy_consumption_trns_road_heavy_regional_gasoline
TX:TRNS:SHIFT_FUEL_MEDIUM_DUTY_STRATEGY_CONDITIONAL,Transportation Modal Energy Consumption from Hydrogen,energy_consumption_trns_road_heavy_regional_hydrogen
TX:TRNS:SHIFT_FUEL_MEDIUM_DUTY_STRATEGY_CONDITIONAL,Total Energy Consumption from Transportation,energy_consumption_trns_total
TX:TRNS:SHIFT_FUEL_MEDIUM_DUTY_STRATEGY_CONDITIONAL,Energy Demand by Fuel in Transportation,energy_demand_enfu_subsector_total_pj_trns_fuel_diesel
TX:TRNS:SHIFT_FUEL_MEDIUM_DUTY_STRATEGY_CONDITIONAL,Energy Demand by Fuel in Transportation,energy_demand_enfu_subsector_total_pj_trns_fuel_electricity
TX:TRNS:SHIFT_FUEL_MEDIUM_DUTY_STRATEGY_CONDITIONAL,Energy Demand by Fuel in Transportation,energy_demand_enfu_subsector_total_pj_trns_fuel_gasoline
TX:TRNS:SHIFT_FUEL_MEDIUM_DUTY_STRATEGY_CONDITIONAL,Energy Demand by Fuel in Transportation,energy_demand_enfu_subsector_total_pj_trns_fuel_hydrogen
TX:TRNS:SHIFT_FUEL_MEDIUM_DUTY_STRATEGY_CONDITIONAL,Value of Fuel Consumed in Transportation,totalvalue_enfu_fuel_consumed_trns_fuel_diesel
TX:TRNS:SHIFT_FUEL_MEDIUM_DUTY_STRATEGY_CONDITIONAL,Value of Fuel Consumed in Transportation,totalvalue_enfu_fuel_consumed_trns_fuel_electricity
TX:TRNS:SHIFT_FUEL_MEDIUM_DUTY_STRATEGY_CONDITIONAL,Value of Fuel Consumed in Transportation,totalvalue_enfu_fuel_consumed_trns_fuel_gasoline
TX:TRNS:SHIFT_FUEL_MEDIUM_DUTY_STRATEGY_CONDITIONAL,Value of Fuel Consumed in Transportation,totalvalue_enfu_fuel_consumed_trns_fuel_hydrogen
TX:TRNS:SHIFT_FUEL_MEDIUM_DUTY_STRATEGY_CONDITIONAL,Vehicle Distance Traveled from Diesel,vehicle_distance_traveled_trns_public_diesel
TX:TRNS:SHIFT_FUEL_MEDIUM_DUTY_STRATEGY_CONDITIONAL,Vehicle Distance Traveled from Electricity,vehicle_distance_traveled_trns_public_electricity
TX:TRNS:SHIFT_FUEL_MEDIUM_DUTY_STRATEGY_CONDITIONAL,Vehicle Distance Traveled from Gasoline,vehicle_distance_traveled_trns_public_gasoline
TX:TRNS:SHIFT_FUEL_MEDIUM_DUTY_STRATEGY_CONDITIONAL,Vehicle Distance Traveled from Hydrogen,vehicle_distance_traveled_trns_public_hydrogen
TX:TRNS:SHIFT_FUEL_MEDIUM_DUTY_STRATEGY_CONDITIONAL,Vehicle Distance Traveled from Diesel,vehicle_distance_traveled_trns_road_heavy_freight_diesel
TX:TRNS:SHIFT_FUEL_MEDIUM_DUTY_STRATEGY_CONDITIONAL,Vehicle Distance Traveled from Electricity,vehicle_distance_traveled_trns_road_heavy_freight_electricity
TX:TRNS:SHIFT_FUEL_MEDIUM_DUTY_STRATEGY_CONDITIONAL,Vehicle Distance Traveled from Gasoline,vehicle_distance_traveled_trns_road_heavy_freight_gasoline
TX:TRNS:SHIFT_FUEL_MEDIUM_DUTY_STRATEGY_CONDITIONAL,Vehicle Distance Traveled from Hydrogen,vehicle_distance_traveled_trns_road_heavy_freight_hydrogen
TX:TRNS:SHIFT_FUEL_MEDIUM_DUTY_STRATEGY_CONDITIONAL,Vehicle Distance Traveled from Diesel,vehicle_distance_traveled_trns_road_heavy_regional_diesel
TX:TRNS:SHIFT_FUEL_MEDIUM_DUTY_STRATEGY_CONDITIONAL,Vehicle Distance Traveled from Electricity,vehicle_distance_traveled_trns_road_heavy_regional_electricity
TX:TRNS:SHIFT_FUEL_MEDIUM_DUTY_STRATEGY_CONDITIONAL,Vehicle Distance Traveled from Gasoline,vehicle_distance_traveled_trns_road_heavy_regional_gasoline
TX:TRNS:SHIFT_FUEL_MEDIUM_DUTY_STRATEGY_CONDITIONAL,Vehicle Distance Traveled from Hydrogen,vehicle_distance_traveled_trns_road_heavy_regional_hydrogen
TX:TRNS:SHIFT_FUEL_MEDIUM_DUTY_STRATEGY_LEP,:math:\text{CH}_4 Emissions from Transportation,emission_co2e_ch4_trns_public
TX:TRNS:SHIFT_FUEL_MEDIUM_DUTY_STRATEGY_LEP,:math:\text{CH}_4 Emissions from Transportation,emission_co2e_ch4_trns_road_heavy_freight
TX:TRNS:SHIFT_FUEL_MEDIUM_DUTY_STRATEGY_LEP,:math:\text{CH}_4 Emissions from Transportation,emission_co2e_ch4_trns_road_heavy_regional
TX:TRNS:SHIFT_FUEL_MEDIUM_DUTY_STRATEGY_LEP,:math:\text{CO}_2 Emissions from Transportation,emission_co2e_co2_trns_public
TX:TRNS:SHIFT_FUEL_MEDIUM_DUTY_STRATEGY_LEP,:math:\text{CO}_2 Emissions from Transportation,emission_co2e_co2_trns_road_heavy_freight
TX:TRNS:SHIFT_FUEL_MEDIUM_DUTY_STRATEGY_LEP,:math:\text{CO}_2 Emissions from Transportation,emission_co2e_co2_trns_road_heavy_regional
TX:TRNS:SHIFT_FUEL_MEDIUM_DUTY_STRATEGY_LEP,:math:\text{N}_2\text{O} Emissions from Transportation,emission_co2e_n2o_trns_public
TX:TRNS:SHIFT_FUEL_MEDIUM_DUTY_STRATEGY_LEP,:math:\text{N}_2\text{O} Emissions from Transportation,emission_co2e_n2o_trns_road_heavy_freight
TX:TRNS:SHIFT_FUEL_MEDIUM_DUTY_STRATEGY_LEP,:math:\text{N}_2\text{O} Emissions from Transportation,emission_co2e_n2o_trns_road_heavy_regional
TX:TRNS:SHIFT_FUEL_MEDIUM_DUTY_STRATEGY_LEP,emission_co2e_subsector_total_trns,emission_co2e_subsector_total_trns
TX:TRNS:SHIFT_FUEL_MEDIUM_DUTY_STRATEGY_LEP,Electrical Energy Consumption from Transportation,energy_consumption_electricity_trns_public
TX:TRNS:SHIFT_FUEL_MEDIUM_DUTY_STRATEGY_LEP,Electrical Energy Consumption from Transportation,energy_consumption_electricity_trns_road_heavy_freight
TX:TRNS:SHIFT_FUEL_MEDIUM_DUTY_STRATEGY_LEP,Electrical Energy Consumption from Transportation,energy_consumption_electricity_trns_road_heavy_regional
TX:TRNS:SHIFT_FUEL_MEDIUM_DUTY_STRATEGY_LEP,Total Electrical Energy Consumption from Transportation,energy_consumption_electricity_trns_total
TX:TRNS:SHIFT_FUEL_MEDIUM_DUTY_STRATEGY_LEP,Energy Consumption from Transportation,energy_consumption_trns_public
TX:TRNS:SHIFT_FUEL_MEDIUM_DUTY_STRATEGY_LEP,Transportation Modal Energy Consumption from Diesel,energy_consumption_trns_public_diesel
TX:TRNS:SHIFT_FUEL_MEDIUM_DUTY_STRATEGY_LEP,Transportation Modal Energy Consumption from Electricity,energy_consumption_trns_public_electricity
TX:TRNS:SHIFT_FUEL_MEDIUM_DUTY_STRATEGY_LEP,Transportation Modal Energy Consumption from Gasoline,energy_consumption_trns_public_gasoline
TX:TRNS:SHIFT_FUEL_MEDIUM_DUTY_STRATEGY_LEP,Transportation Modal Energy Consumption from Hydrogen,energy_consumption_trns_public_hydrogen
TX:TRNS:SHIFT_FUEL_MEDIUM_DUTY_STRATEGY_LEP,Energy Consumption from Transportation,energy_consumption_trns_road_heavy_freight
TX:TRNS:SHIFT_FUEL_MEDIUM_DUTY_STRATEGY_LEP,Transportation Modal Energy Consumption from Diesel,energy_consumption_trns_road_heavy_freight_diesel
TX:TRNS:SHIFT_FUEL_MEDIUM_DUTY_STRATEGY_LEP,Transportation Modal Energy Consumption from Electricity,energy_consumption_trns_road_heavy_freight_electricity
TX:TRNS:SHIFT_FUEL_MEDIUM_DUTY_STRATEGY_LEP,Transportation Modal Energy Consumption from Gasoline,energy_consumption_trns_road_heavy_freight_gasoline
TX:TRNS:SHIFT_FUEL_MEDIUM_DUTY_STRATEGY_LEP,Transportation Modal Energy Consumption from Hydrogen,energy_consumption_trns_road_heavy_freight_hydrogen
TX:TRNS:SHIFT_FUEL_MEDIUM_DUTY_STRATEGY_LEP,Energy Consumption from Transportation,energy_consumption_trns_road_heavy_regional
TX:TRNS:SHIFT_FUEL_MEDIUM_DUTY_STRATEGY_LEP,Transportation Modal Energy Consumption from Diesel,energy_consumption_trns_road_heavy_regional_diesel
TX:TRNS:SHIFT_FUEL_MEDIUM_DUTY_STRATEGY_LEP,Transportation Modal Energy Consumption from Electricity,energy_consumption_trns_road_heavy_regional_electricity
TX:TRNS:SHIFT_FUEL_MEDIUM_DUTY_STRATEGY_LEP,Transportation Modal Energy Consumption from Gasoline,energy_consumption_trns_road_heavy_regional_gasoline
TX:TRNS:SHIFT_FUEL_MEDIUM_DUTY_STRATEGY_LEP,Transportation Modal Energy Consumption from Hydrogen,energy_consumption_trns_road_heavy_regional_hydrogen
TX:TRNS:SHIFT_FUEL_MEDIUM_DUTY_STRATEGY_LEP,Total Energy Consumption from Transportation,energy_consumption_trns_total
TX:TRNS:SHIFT_FUEL_MEDIUM_DUTY_STRATEGY_LEP,Energy Demand by Fuel in Transportation,energy_demand_enfu_subsector_total_pj_trns_fuel_diesel
TX:TRNS:SHIFT_FUEL_MEDIUM_DUTY_STRATEGY_LEP,Energy Demand by Fuel in Transportation,energy_demand_enfu_subsector_total_pj_trns_fuel_electricity
TX:TRNS:SHIFT_FUEL_MEDIUM_DUTY_STRATEGY_LEP,Energy Demand by Fuel in Transportation,energy_demand_enfu_subsector_total_pj_trns_fuel_gasoline
TX:TRNS:SHIFT_FUEL_MEDIUM_DUTY_STRATEGY_LEP,Energy Demand by Fuel in Transportation,energy_demand_enfu_subsector_total_pj_trns_fuel_hydrogen
TX:TRNS:SHIFT_FUEL_MEDIUM_DUTY_STRATEGY_LEP,Value of Fuel Consumed in Transportation,totalvalue_enfu_fuel_consumed_trns_fuel_diesel
TX:TRNS:SHIFT_FUEL_MEDIUM_DUTY_STRATEGY_LEP,Value of Fuel Consumed in Transportation,totalvalue_enfu_fuel_consumed_trns_fuel_electricity
TX:TRNS:SHIFT_FUEL_MEDIUM_DUTY_STRATEGY_LEP,Value of Fuel Consumed in Transportation,totalvalue_enfu_fuel_consumed_trns_fuel_gasoline
TX:TRNS:SHIFT_FUEL_MEDIUM_DUTY_STRATEGY_LEP,Value of Fuel Consumed in Transportation,totalvalue_enfu_fuel_consumed_trns_fuel_hydrogen
TX:TRNS:SHIFT_FUEL_MEDIUM_DUTY_STRATEGY_LEP,Vehicle Distance Traveled from Diesel,vehicle_distance_traveled_trns_public_diesel
TX:TRNS:SHIFT_FUEL_MEDIUM_DUTY_STRATEGY_LEP,Vehicle Distance Traveled from Electricity,vehicle_distance_traveled_trns_public_electricity
TX:TRNS:SHIFT_FUEL_MEDIUM_DUTY_STRATEGY_LEP,Vehicle Distance Traveled from Gasoline,vehicle_distance_traveled_trns_public_gasoline
TX:TRNS:SHIFT_FUEL_MEDIUM_DUTY_STRATEGY_LEP,Vehicle Distance Traveled from Hydrogen,vehicle_distance_traveled_trns_public_hydrogen
TX:TRNS:SHIFT_FUEL_MEDIUM_DUTY_STRATEGY_LEP,Vehicle Distance Traveled from Diesel,vehicle_distance_traveled_trns_road_heavy_freight_diesel
TX:TRNS:SHIFT_FUEL_MEDIUM_DUTY_STRATEGY_LEP,Vehicle Distance Traveled from Electricity,vehicle_distance_traveled_trns_road_heavy_freight_electricity
TX:TRNS:SHIFT_FUEL_MEDIUM_DUTY_STRATEGY_LEP,Vehicle Distance Traveled from Gasoline,vehicle_distance_traveled_trns_road_heavy_freight_gasoline
TX:TRNS:SHIFT_FUEL_MEDIUM_DUTY_STRATEGY_LEP,Vehicle Distance Traveled from Hydrogen,vehicle_distance_traveled_trns_road_heavy_freight_hydrogen
TX:TRNS:SHIFT_FUEL_MEDIUM_DUTY_STRATEGY_LEP,Vehicle Distance Traveled from Diesel,vehicle_distance_traveled_trns_road_heavy_regional_diesel
TX:TRNS:SHIFT_FUEL_MEDIUM_DUTY_STRATEGY_LEP,Vehicle Distance Traveled from Electricity,vehicle_distance_traveled_trns_road_heavy_regional_electricity
TX:TRNS:SHIFT_FUEL_MEDIUM_DUTY_STRATEGY_LEP,Vehicle Distance Traveled from Gasoline,vehicle_distance_traveled_trns_road_heavy_regional_gasoline
TX:TRNS:SHIFT_FUEL_MEDIUM_DUTY_STRATEGY_LEP,Vehicle Distance Traveled from Hydrogen,vehicle_distance_traveled_trns_road_heavy_regional_hydrogen
TX:TRNS:SHIFT_FUEL_MEDIUM_DUTY_STRATEGY_NDC,:math:\text{CH}_4 Emissions from Transportation,emission_co2e_ch4_trns_public
TX:TRNS:SHIFT_FUEL_MEDIUM_DUTY_STRATEGY_NDC,:math:\text{CH}_4 Emissions from Transportation,emission_co2e_ch4_trns_road_heavy_freight
TX:TRNS:SHIFT_FUEL_MEDIUM_DUTY_STRATEGY_NDC,:math:\text{CH}_4 Emissions from Transportation,emission_co2e_ch4_trns_road_heavy_regional
TX:TRNS:SHIFT_FUEL_MEDIUM_DUTY_STRATEGY_NDC,:math:\text{CO}_2 Emissions from Transportation,emission_co2e_co2_trns_public
TX:TRNS:SHIFT_FUEL_MEDIUM_DUTY_STRATEGY_NDC,:math:\text{CO}_2 Emissions from Transportation,emission_co2e_co2_trns_road_heavy_freight
TX:TRNS:SHIFT_FUEL_MEDIUM_DUTY_STRATEGY_NDC,:math:\text{CO}_2 Emissions from Transportation,emission_co2e_co2_trns_road_heavy_regional
TX:TRNS:SHIFT_FUEL_MEDIUM_DUTY_STRATEGY_NDC,:math:\text{N}_2\text{O} Emissions from Transportation,emission_co2e_n2o_trns_public
TX:TRNS:SHIFT_FUEL_MEDIUM_DUTY_STRATEGY_NDC,:math:\text{N}_2\text{O} Emissions from Transportation,emission_co2e_n2o_trns_road_heavy_freight
TX:TRNS:SHIFT_FUEL_MEDIUM_DUTY_STRATEGY_NDC,:math:\text{N}_2\text{O} Emissions from Transportation,emission_co2e_n2o_trns_road_heavy_regional
TX:TRNS:SHIFT_FUEL_MEDIUM_DUTY_STRATEGY_NDC,emission_co2e_subsector_total_trns,emission_co2e_subsector_total_trns
TX:TRNS:SHIFT_FUEL_MEDIUM_DUTY_STRATEGY_NDC,Electrical Energy Consumption from Transportation,energy_consumption_electricity_trns_public
TX:TRNS:SHIFT_FUEL_MEDIUM_DUTY_STRATEGY_NDC,Electrical Energy Consumption from Transportation,energy_consumption_electricity_trns_road_heavy_freight
TX:TRNS:SHIFT_FUEL_MEDIUM_DUTY_STRATEGY_NDC,Electrical Energy Consumption from Transportation,energy_consumption_electricity_trns_road_heavy_regional
TX:TRNS:SHIFT_FUEL_MEDIUM_DUTY_STRATEGY_NDC,Total Electrical Energy Consumption from Transportation,energy_consumption_electricity_trns_total
TX:TRNS:SHIFT_FUEL_MEDIUM_DUTY_STRATEGY_NDC,Energy Consumption from Transportation,energy_consumption_trns_public
TX:TRNS:SHIFT_FUEL_MEDIUM_DUTY_STRATEGY_NDC,Transportation Modal Energy Consumption from Diesel,energy_consumption_trns_public_diesel
TX:TRNS:SHIFT_FUEL_MEDIUM_DUTY_STRATEGY_NDC,Transportation Modal Energy Consumption from Electricity,energy_consumption_trns_public_electricity
TX:TRNS:SHIFT_FUEL_MEDIUM_DUTY_STRATEGY_NDC,Transportation Modal Energy Consumption from Gasoline,energy_consumption_trns_public_gasoline
TX:TRNS:SHIFT_FUEL_MEDIUM_DUTY_STRATEGY_NDC,Transportation Modal Energy Consumption from Hydrogen,energy_consumption_trns_public_hydrogen
TX:TRNS:SHIFT_FUEL_MEDIUM_DUTY_STRATEGY_NDC,Energy Consumption from Transportation,energy_consumption_trns_road_heavy_freight
TX:TRNS:SHIFT_FUEL_MEDIUM_DUTY_STRATEGY_NDC,Transportation Modal Energy Consumption from Diesel,energy_consumption_trns_road_heavy_freight_diesel
TX:TRNS:SHIFT_FUEL_MEDIUM_DUTY_STRATEGY_NDC,Transportation Modal Energy Consumption from Electricity,energy_consumption_trns_road_heavy_freight_electricity
TX:TRNS:SHIFT_FUEL_MEDIUM_DUTY_STRATEGY_NDC,Transportation Modal Energy Consumption from Gasoline,energy_consumption_trns_road_heavy_freight_gasoline
TX:TRNS:SHIFT_FUEL_MEDIUM_DUTY_STRATEGY_NDC,Transportation Modal Energy Consumption from Hydrogen,energy_consumption_trns_road_heavy_freight_hydrogen
TX:TRNS:SHIFT_FUEL_MEDIUM_DUTY_STRATEGY_NDC,Energy Consumption from Transportation,energy_consumption_trns_road_heavy_regional
TX:TRNS:SHIFT_FUEL_MEDIUM_DUTY_STRATEGY_NDC,Transportation Modal Energy Consumption from Diesel,energy_consumption_trns_road_heavy_regional_diesel
TX:TRNS:SHIFT_FUEL_MEDIUM_DUTY_STRATEGY_NDC,Transportation Modal Energy Consumption from Electricity,energy_consumption_trns_road_heavy_regional_electricity
TX:TRNS:SHIFT_FUEL_MEDIUM_DUTY_STRATEGY_NDC,Transportation Modal Energy Consumption from Gasoline,energy_consumption_trns_road_heavy_regional_gasoline
TX:TRNS:SHIFT_FUEL_MEDIUM_DUTY_STRATEGY_NDC,Transportation Modal Energy Consumption from Hydrogen,energy_consumption_trns_road_heavy_regional_hydrogen
TX:TRNS:SHIFT_FUEL_MEDIUM_DUTY_STRATEGY_NDC,Total Energy Consumption from Transportation,energy_consumption_trns_total
TX:TRNS:SHIFT_FUEL_MEDIUM_DUTY_STRATEGY_NDC,Energy Demand by Fuel in Transportation,energy_demand_enfu_subsector_total_pj_trns_fuel_diesel
TX:TRNS:SHIFT_FUEL_MEDIUM_DUTY_STRATEGY_NDC,Energy Demand by Fuel in Transportation,energy_demand_enfu_subsector_total_pj_trns_fuel_electricity
TX:TRNS:SHIFT_FUEL_MEDIUM_DUTY_STRATEGY_NDC,Energy Demand by Fuel in Transportation,energy_demand_enfu_subsector_total_pj_trns_fuel_gasoline
TX:TRNS:SHIFT_FUEL_MEDIUM_DUTY_STRATEGY_NDC,Energy Demand by Fuel in Transportation,energy_demand_enfu_subsector_total_pj_trns_fuel_hydrogen
TX:TRNS:SHIFT_FUEL_MEDIUM_DUTY_STRATEGY_NDC,Value of Fuel Consumed in Transportation,totalvalue_enfu_fuel_consumed_trns_fuel_diesel
TX:TRNS:SHIFT_FUEL_MEDIUM_DUTY_STRATEGY_NDC,Value of Fuel Consumed in Transportation,totalvalue_enfu_fuel_consumed_trns_fuel_electricity
TX:TRNS:SHIFT_FUEL_MEDIUM_DUTY_STRATEGY_NDC,Value of Fuel Consumed in Transportation,totalvalue_enfu_fuel_consumed_trns_fuel_gasoline
TX:TRNS:SHIFT_FUEL_MEDIUM_DUTY_STRATEGY_NDC,Value of Fuel Consumed in Transportation,totalvalue_enfu_fuel_consumed_trns_fuel_hydrogen
TX:TRNS:SHIFT_FUEL_MEDIUM_DUTY_STRATEGY_NDC,Vehicle Distance Traveled from Diesel,vehicle_distance_traveled_trns_public_diesel
TX:TRNS:SHIFT_FUEL_MEDIUM_DUTY_STRATEGY_NDC,Vehicle Distance Traveled from Electricity,vehicle_distance_traveled_trns_public_electricity
TX:TRNS:SHIFT_FUEL_MEDIUM_DUTY_STRATEGY_NDC,Vehicle Distance Traveled from Gasoline,vehicle_distance_traveled_trns_public_gasoline
TX:TRNS:SHIFT_FUEL_MEDIUM_DUTY_STRATEGY_NDC,Vehicle Distance Traveled from Hydrogen,vehicle_distance_traveled_trns_public_hydrogen
TX:TRNS:SHIFT_FUEL_MEDIUM_DUTY_STRATEGY_NDC,Vehicle Distance Traveled from Diesel,vehicle_distance_traveled_trns_road_heavy_freight_diesel
TX:TRNS:SHIFT_FUEL_MEDIUM_DUTY_STRATEGY_NDC,Vehicle Distance Traveled from Electricity,vehicle_distance_traveled_trns_road_heavy_freight_electricity
TX:TRNS:SHIFT_FUEL_MEDIUM_DUTY_STRATEGY_NDC,Vehicle Distance Traveled from Gasoline,vehicle_distance_traveled_trns_road_heavy_freight_gasoline
TX:TRNS:SHIFT_FUEL_MEDIUM_DUTY_STRATEGY_NDC,Vehicle Distance Traveled from Hydrogen,vehicle_distance_traveled_trns_road_heavy_freight_hydrogen
TX:TRNS:SHIFT_FUEL_MEDIUM_DUTY_STRATEGY_NDC,Vehicle Distance Traveled from Diesel,vehicle_distance_traveled_trns_road_heavy_regional_diesel
TX:TRNS:SHIFT_FUEL_MEDIUM_DUTY_STRATEGY_NDC,Vehicle Distance Traveled from Electricity,vehicle_distance_traveled_trns_road_heavy_regional_electricity
TX:TRNS:SHIFT_FUEL_MEDIUM_DUTY_STRATEGY_NDC,Vehicle Distance Traveled from Gasoline,vehicle_distance_traveled_trns_road_heavy_regional_gasoline
TX:TRNS:SHIFT_FUEL_MEDIUM_DUTY_STRATEGY_NDC,Vehicle Distance Traveled from Hydrogen,vehicle_distance_traveled_trns_road_heavy_regional_hydrogen
TX:TRNS:SHIFT_FUEL_RAIL,:math:\text{CH}_4 Emissions from Transportation,emission_co2e_ch4_trns_rail_freight
TX:TRNS:SHIFT_FUEL_RAIL,:math:\text{CH}_4 Emissions from Transportation,emission_co2e_ch4_trns_rail_passenger
TX:TRNS:SHIFT_FUEL_RAIL,:math:\text{CO}_2 Emissions from Transportation,emission_co2e_co2_trns_rail_freight
TX:TRNS:SHIFT_FUEL_RAIL,:math:\text{CO}_2 Emissions from Transportation,emission_co2e_co2_trns_rail_passenger
TX:TRNS:SHIFT_FUEL_RAIL,:math:\text{N}_2\text{O} Emissions from Transportation,emission_co2e_n2o_trns_rail_freight
TX:TRNS:SHIFT_FUEL_RAIL,:math:\text{N}_2\text{O} Emissions from Transportation,emission_co2e_n2o_trns_rail_passenger
TX:TRNS:SHIFT_FUEL_RAIL,emission_co2e_subsector_total_trns,emission_co2e_subsector_total_trns
TX:TRNS:SHIFT_FUEL_RAIL,Electrical Energy Consumption from Transportation,energy_consumption_electricity_trns_rail_freight
TX:TRNS:SHIFT_FUEL_RAIL,Electrical Energy Consumption from Transportation,energy_consumption_electricity_trns_rail_passenger
TX:TRNS:SHIFT_FUEL_RAIL,Total Electrical Energy Consumption from Transportation,energy_consumption_electricity_trns_total
TX:TRNS:SHIFT_FUEL_RAIL,Energy Consumption from Transportation,energy_consumption_trns_rail_freight
TX:TRNS:SHIFT_FUEL_RAIL,Transportation Modal Energy Consumption from Diesel,energy_consumption_trns_rail_freight_diesel
TX:TRNS:SHIFT_FUEL_RAIL,Transportation Modal Energy Consumption from Electricity,energy_consumption_trns_rail_freight_electricity
TX:TRNS:SHIFT_FUEL_RAIL,Energy Consumption from Transportation,energy_consumption_trns_rail_passenger
TX:TRNS:SHIFT_FUEL_RAIL,Transportation Modal Energy Consumption from Diesel,energy_consumption_trns_rail_passenger_diesel
TX:TRNS:SHIFT_FUEL_RAIL,Transportation Modal Energy Consumption from Electricity,energy_consumption_trns_rail_passenger_electricity
TX:TRNS:SHIFT_FUEL_RAIL,Total Energy Consumption from Transportation,energy_consumption_trns_total
TX:TRNS:SHIFT_FUEL_RAIL,Energy Demand by Fuel in Transportation,energy_demand_enfu_subsector_total_pj_trns_fuel_diesel
TX:TRNS:SHIFT_FUEL_RAIL,Energy Demand by Fuel in Transportation,energy_demand_enfu_subsector_total_pj_trns_fuel_electricity
TX:TRNS:SHIFT_FUEL_RAIL,Value of Fuel Consumed in Transportation,totalvalue_enfu_fuel_consumed_trns_fuel_diesel
TX:TRNS:SHIFT_FUEL_RAIL,Value of Fuel Consumed in Transportation,totalvalue_enfu_fuel_consumed_trns_fuel_electricity
TX:TRNS:SHIFT_FUEL_RAIL,Vehicle Distance Traveled from Diesel,vehicle_distance_traveled_trns_rail_freight_diesel
TX:TRNS:SHIFT_FUEL_RAIL,Vehicle Distance Traveled from Electricity,vehicle_distance_traveled_trns_rail_freight_electricity
TX:TRNS:SHIFT_FUEL_RAIL,Vehicle Distance Traveled from Diesel,vehicle_distance_traveled_trns_rail_passenger_diesel
TX:TRNS:SHIFT_FUEL_RAIL,Vehicle Distance Traveled from Electricity,vehicle_distance_traveled_trns_rail_passenger_electricity
TX:TRNS:SHIFT_MODE_FREIGHT,:math:\text{CH}_4 Emissions from Transportation,emission_co2e_ch4_trns_rail_freight
TX:TRNS:SHIFT_MODE_FREIGHT,:math:\text{CH}_4 Emissions from Transportation,emission_co2e_ch4_trns_road_heavy_freight
TX:TRNS:SHIFT_MODE_FREIGHT,:math:\text{CO}_2 Emissions from Transportation,emission_co2e_co2_trns_rail_freight
TX:TRNS:SHIFT_MODE_FREIGHT,:math:\text{CO}_2 Emissions from Transportation,emission_co2e_co2_trns_road_heavy_freight
TX:TRNS:SHIFT_MODE_FREIGHT,:math:\text{N}_2\text{O} Emissions from Transportation,emission_co2e_n2o_trns_rail_freight
TX:TRNS:SHIFT_MODE_FREIGHT,:math:\text{N}_2\text{O} Emissions from Transportation,emission_co2e_n2o_trns_road_heavy_freight
TX:TRNS:SHIFT_MODE_FREIGHT,emission_co2e_subsector_total_trns,emission_co2e_subsector_total_trns
TX:TRNS:SHIFT_MODE_FREIGHT,Electrical Energy Consumption from Transportation,energy_consumption_electricity_trns_road_heavy_freight
TX:TRNS:SHIFT_MODE_FREIGHT,Total Electrical Energy Consumption from Transportation,energy_consumption_electricity_trns_total
TX:TRNS:SHIFT_MODE_FREIGHT,Energy Consumption from Transportation,energy_consumption_trns_rail_freight
TX:TRNS:SHIFT_MODE_FREIGHT,Transportation Modal Energy Consumption from Diesel,energy_consumption_trns_rail_freight_diesel
TX:TRNS:SHIFT_MODE_FREIGHT,Energy Consumption from Transportation,energy_consumption_trns_road_heavy_freight
TX:TRNS:SHIFT_MODE_FREIGHT,Transportation Modal Energy Consumption from Biofuels,energy_consumption_trns_road_heavy_freight_biofuels
TX:TRNS:SHIFT_MODE_FREIGHT,Transportation Modal Energy Consumption from Diesel,energy_consumption_trns_road_heavy_freight_diesel
TX:TRNS:SHIFT_MODE_FREIGHT,Transportation Modal Energy Consumption from Electricity,energy_consumption_trns_road_heavy_freight_electricity
TX:TRNS:SHIFT_MODE_FREIGHT,Transportation Modal Energy Consumption from Gasoline,energy_consumption_trns_road_heavy_freight_gasoline
TX:TRNS:SHIFT_MODE_FREIGHT,Transportation Modal Energy Consumption from Natural Gas,energy_consumption_trns_road_heavy_freight_natural_gas
TX:TRNS:SHIFT_MODE_FREIGHT,Total Energy Consumption from Transportation,energy_consumption_trns_total
TX:TRNS:SHIFT_MODE_FREIGHT,Energy Demand by Fuel in Transportation,energy_demand_enfu_subsector_total_pj_trns_fuel_biofuels
TX:TRNS:SHIFT_MODE_FREIGHT,Energy Demand by Fuel in Transportation,energy_demand_enfu_subsector_total_pj_trns_fuel_diesel
TX:TRNS:SHIFT_MODE_FREIGHT,Energy Demand by Fuel in Transportation,energy_demand_enfu_subsector_total_pj_trns_fuel_electricity
TX:TRNS:SHIFT_MODE_FREIGHT,Energy Demand by Fuel in Transportation,energy_demand_enfu_subsector_total_pj_trns_fuel_gasoline
TX:TRNS:SHIFT_MODE_FREIGHT,Energy Demand by Fuel in Transportation,energy_demand_enfu_subsector_total_pj_trns_fuel_natural_gas
TX:TRNS:SHIFT_MODE_FREIGHT,Total Megatonne-Kilometer Demand by Vehicle,mass_distance_traveled_trns_mt_km_aviation
TX:TRNS:SHIFT_MODE_FREIGHT,Total Megatonne-Kilometer Demand by Vehicle,mass_distance_traveled_trns_mt_km_rail_freight
TX:TRNS:SHIFT_MODE_FREIGHT,Total Megatonne-Kilometer Demand by Vehicle,mass_distance_traveled_trns_mt_km_road_heavy_freight
TX:TRNS:SHIFT_MODE_FREIGHT,Value of Fuel Consumed in Transportation,totalvalue_enfu_fuel_consumed_trns_fuel_biofuels
TX:TRNS:SHIFT_MODE_FREIGHT,Value of Fuel Consumed in Transportation,totalvalue_enfu_fuel_consumed_trns_fuel_diesel
TX:TRNS:SHIFT_MODE_FREIGHT,Value of Fuel Consumed in Transportation,totalvalue_enfu_fuel_consumed_trns_fuel_electricity
TX:TRNS:SHIFT_MODE_FREIGHT,Value of Fuel Consumed in Transportation,totalvalue_enfu_fuel_consumed_trns_fuel_gasoline
TX:TRNS:SHIFT_MODE_FREIGHT,Value of Fuel Consumed in Transportation,totalvalue_enfu_fuel_consumed_trns_fuel_natural_gas
TX:TRNS:SHIFT_MODE_FREIGHT,Total Vehicle Distance Traveled,vehicle_distance_traveled_trns_rail_freight
TX:TRNS:SHIFT_MODE_FREIGHT,Vehicle Distance Traveled from Diesel,vehicle_distance_traveled_trns_rail_freight_diesel
TX:TRNS:SHIFT_MODE_FREIGHT,Total Vehicle Distance Traveled,vehicle_distance_traveled_trns_road_heavy_freight
TX:TRNS:SHIFT_MODE_FREIGHT,Vehicle Distance Traveled from Biofuels,vehicle_distance_traveled_trns_road_heavy_freight_biofuels
TX:TRNS:SHIFT_MODE_FREIGHT,Vehicle Distance Traveled from Diesel,vehicle_distance_traveled_trns_road_heavy_freight_diesel
TX:TRNS:SHIFT_MODE_FREIGHT,Vehicle Distance Traveled from Electricity,vehicle_distance_traveled_trns_road_heavy_freight_electricity
TX:TRNS:SHIFT_MODE_FREIGHT,Vehicle Distance Traveled from Gasoline,vehicle_distance_traveled_trns_road_heavy_freight_gasoline
TX:TRNS:SHIFT_MODE_FREIGHT,Vehicle Distance Traveled from Natural Gas,vehicle_distance_traveled_trns_road_heavy_freight_natural_gas
TX:TRNS:SHIFT_MODE_PASSENGER,:math:\text{CH}_4 Emissions from Transportation,emission_co2e_ch4_trns_powered_bikes
TX:TRNS:SHIFT_MODE_PASSENGER,:math:\text{CH}_4 Emissions from Transportation,emission_co2e_ch4_trns_public
TX:TRNS:SHIFT_MODE_PASSENGER,:math:\text{CH}_4 Emissions from Transportation,emission_co2e_ch4_trns_road_light
TX:TRNS:SHIFT_MODE_PASSENGER,:math:\text{CO}_2 Emissions from Transportation,emission_co2e_co2_trns_powered_bikes
TX:TRNS:SHIFT_MODE_PASSENGER,:math:\text{CO}_2 Emissions from Transportation,emission_co2e_co2_trns_public
TX:TRNS:SHIFT_MODE_PASSENGER,:math:\text{CO}_2 Emissions from Transportation,emission_co2e_co2_trns_road_light
TX:TRNS:SHIFT_MODE_PASSENGER,:math:\text{N}_2\text{O} Emissions from Transportation,emission_co2e_n2o_trns_powered_bikes
TX:TRNS:SHIFT_MODE_PASSENGER,:math:\text{N}_2\text{O} Emissions from Transportation,emission_co2e_n2o_trns_public
TX:TRNS:SHIFT_MODE_PASSENGER,:math:\text{N}_2\text{O} Emissions from Transportation,emission_co2e_n2o_trns_road_light
TX:TRNS:SHIFT_MODE_PASSENGER,emission_co2e_subsector_total_trns,emission_co2e_subsector_total_trns
TX:TRNS:SHIFT_MODE_PASSENGER,Electrical Energy Consumption from Transportation,energy_consumption_electricity_trns_powered_bikes
TX:TRNS:SHIFT_MODE_PASSENGER,Electrical Energy Consumption from Transportation,energy_consumption_electricity_trns_public
TX:TRNS:SHIFT_MODE_PASSENGER,Electrical Energy Consumption from Transportation,energy_consumption_electricity_trns_road_light
TX:TRNS:SHIFT_MODE_PASSENGER,Total Electrical Energy Consumption from Transportation,energy_consumption_electricity_trns_total
TX:TRNS:SHIFT_MODE_PASSENGER,Energy Consumption from Transportation,energy_consumption_trns_powered_bikes
TX:TRNS:SHIFT_MODE_PASSENGER,Transportation Modal Energy Consumption from Electricity,energy_consumption_trns_powered_bikes_electricity
TX:TRNS:SHIFT_MODE_PASSENGER,Transportation Modal Energy Consumption from Gasoline,energy_consumption_trns_powered_bikes_gasoline
TX:TRNS:SHIFT_MODE_PASSENGER,Energy Consumption from Transportation,energy_consumption_trns_public
TX:TRNS:SHIFT_MODE_PASSENGER,Transportation Modal Energy Consumption from Biofuels,energy_consumption_trns_public_biofuels
TX:TRNS:SHIFT_MODE_PASSENGER,Transportation Modal Energy Consumption from Diesel,energy_consumption_trns_public_diesel
TX:TRNS:SHIFT_MODE_PASSENGER,Transportation Modal Energy Consumption from Electricity,energy_consumption_trns_public_electricity
TX:TRNS:SHIFT_MODE_PASSENGER,Transportation Modal Energy Consumption from Gasoline,energy_consumption_trns_public_gasoline
TX:TRNS:SHIFT_MODE_PASSENGER,Transportation Modal Energy Consumption from Natural Gas,energy_consumption_trns_public_natural_gas
TX:TRNS:SHIFT_MODE_PASSENGER,Energy Consumption from Transportation,energy_consumption_trns_road_light
TX:TRNS:SHIFT_MODE_PASSENGER,Transportation Modal Energy Consumption from Biofuels,energy_consumption_trns_road_light_biofuels
TX:TRNS:SHIFT_MODE_PASSENGER,Transportation Modal Energy Consumption from Diesel,energy_consumption_trns_road_light_diesel
TX:TRNS:SHIFT_MODE_PASSENGER,Transportation Modal Energy Consumption from Electricity,energy_consumption_trns_road_light_electricity
TX:TRNS:SHIFT_MODE_PASSENGER,Transportation Modal Energy Consumption from Gasoline,energy_consumption_trns_road_light_gasoline
TX:TRNS:SHIFT_MODE_PASSENGER,Total Energy Consumption from Transportation,energy_consumption_trns_total
TX:TRNS:SHIFT_MODE_PASSENGER,Energy Demand by Fuel in Transportation,energy_demand_enfu_subsector_total_pj_trns_fuel_biofuels
TX:TRNS:SHIFT_MODE_PASSENGER,Energy Demand by Fuel in Transportation,energy_demand_enfu_subsector_total_pj_trns_fuel_diesel
TX:TRNS:SHIFT_MODE_PASSENGER,Energy Demand by Fuel in Transportation,energy_demand_enfu_subsector_total_pj_trns_fuel_electricity
TX:TRNS:SHIFT_MODE_PASSENGER,Energy Demand by Fuel in Transportation,energy_demand_enfu_subsector_total_pj_trns_fuel_gasoline
TX:TRNS:SHIFT_MODE_PASSENGER,Energy Demand by Fuel in Transportation,energy_demand_enfu_subsector_total_pj_trns_fuel_natural_gas
TX:TRNS:SHIFT_MODE_PASSENGER,Total Passenger Distance by Vehicle,passenger_distance_traveled_trns_human_powered
TX:TRNS:SHIFT_MODE_PASSENGER,Total Passenger Distance by Vehicle,passenger_distance_traveled_trns_powered_bikes
TX:TRNS:SHIFT_MODE_PASSENGER,Total Passenger Distance by Vehicle,passenger_distance_traveled_trns_public
TX:TRNS:SHIFT_MODE_PASSENGER,Total Passenger Distance by Vehicle,passenger_distance_traveled_trns_road_light
TX:TRNS:SHIFT_MODE_PASSENGER,Value of Fuel Consumed in Transportation,totalvalue_enfu_fuel_consumed_trns_fuel_biofuels
TX:TRNS:SHIFT_MODE_PASSENGER,Value of Fuel Consumed in Transportation,totalvalue_enfu_fuel_consumed_trns_fuel_diesel
TX:TRNS:SHIFT_MODE_PASSENGER,Value of Fuel Consumed in Transportation,totalvalue_enfu_fuel_consumed_trns_fuel_electricity
TX:TRNS:SHIFT_MODE_PASSENGER,Value of Fuel Consumed in Transportation,totalvalue_enfu_fuel_consumed_trns_fuel_gasoline
TX:TRNS:SHIFT_MODE_PASSENGER,Value of Fuel Consumed in Transportation,totalvalue_enfu_fuel_consumed_trns_fuel_natural_gas
TX:TRNS:SHIFT_MODE_PASSENGER,Total Vehicle Distance Traveled,vehicle_distance_traveled_trns_human_powered
TX:TRNS:SHIFT_MODE_PASSENGER,Total Vehicle Distance Traveled,vehicle_distance_traveled_trns_powered_bikes
TX:TRNS:SHIFT_MODE_PASSENGER,Vehicle Distance Traveled from Electricity,vehicle_distance_traveled_trns_powered_bikes_electricity
TX:TRNS:SHIFT_MODE_PASSENGER,Vehicle Distance Traveled from Gasoline,vehicle_distance_traveled_trns_powered_bikes_gasoline
TX:TRNS:SHIFT_MODE_PASSENGER,Total Vehicle Distance Traveled,vehicle_distance_traveled_trns_public
TX:TRNS:SHIFT_MODE_PASSENGER,Vehicle Distance Traveled from Biofuels,vehicle_distance_traveled_trns_public_biofuels
TX:TRNS:SHIFT_MODE_PASSENGER,Vehicle Distance Traveled from Diesel,vehicle_distance_traveled_trns_public_diesel
TX:TRNS:SHIFT_MODE_PASSENGER,Vehicle Distance Traveled from Electricity,vehicle_distance_traveled_trns_public_electricity
TX:TRNS:SHIFT_MODE_PASSENGER,Vehicle Distance Traveled from Gasoline,vehicle_distance_traveled_trns_public_gasoline
TX:TRNS:SHIFT_MODE_PASSENGER,Vehicle Distance Traveled from Natural Gas,vehicle_distance_traveled_trns_public_natural_gas
TX:TRNS:SHIFT_MODE_PASSENGER,Total Vehicle Distance Traveled,vehicle_distance_traveled_trns_road_light
TX:TRNS:SHIFT_MODE_PASSENGER,Vehicle Distance Traveled from Biofuels,vehicle_distance_traveled_trns_road_light_biofuels
TX:TRNS:SHIFT_MODE_PASSENGER,Vehicle Distance Traveled from Diesel,vehicle_distance_traveled_trns_road_light_diesel
TX:TRNS:SHIFT_MODE_PASSENGER,Vehicle Distance Traveled from Electricity,vehicle_distance_traveled_trns_road_light_electricity
TX:TRNS:SHIFT_MODE_PASSENGER,Vehicle Distance Traveled from Gasoline,vehicle_distance_traveled_trns_road_light_gasoline
TX:TRNS:SHIFT_MODE_PASSENGER_STRATEGY_CONDITIONAL,:math:\text{CH}_4 Emissions from Transportation,emission_co2e_ch4_trns_powered_bikes
TX:TRNS:SHIFT_MODE_PASSENGER_STRATEGY_CONDITIONAL,:math:\text{CH}_4 Emissions from Transportation,emission_co2e_ch4_trns_public
TX:TRNS:SHIFT_MODE_PASSENGER_STRATEGY_CONDITIONAL,:math:\text{CH}_4 Emissions from Transportation,emission_co2e_ch4_trns_road_light
TX:TRNS:SHIFT_MODE_PASSENGER_STRATEGY_CONDITIONAL,:math:\text{CO}_2 Emissions from Transportation,emission_co2e_co2_trns_powered_bikes
TX:TRNS:SHIFT_MODE_PASSENGER_STRATEGY_CONDITIONAL,:math:\text{CO}_2 Emissions from Transportation,emission_co2e_co2_trns_public
TX:TRNS:SHIFT_MODE_PASSENGER_STRATEGY_CONDITIONAL,:math:\text{CO}_2 Emissions from Transportation,emission_co2e_co2_trns_road_light
TX:TRNS:SHIFT_MODE_PASSENGER_STRATEGY_CONDITIONAL,:math:\text{N}_2\text{O} Emissions from Transportation,emission_co2e_n2o_trns_powered_bikes
TX:TRNS:SHIFT_MODE_PASSENGER_STRATEGY_CONDITIONAL,:math:\text{N}_2\text{O} Emissions from Transportation,emission_co2e_n2o_trns_public
TX:TRNS:SHIFT_MODE_PASSENGER_STRATEGY_CONDITIONAL,:math:\text{N}_2\text{O} Emissions from Transportation,emission_co2e_n2o_trns_road_light
TX:TRNS:SHIFT_MODE_PASSENGER_STRATEGY_CONDITIONAL,emission_co2e_subsector_total_trns,emission_co2e_subsector_total_trns
TX:TRNS:SHIFT_MODE_PASSENGER_STRATEGY_CONDITIONAL,Electrical Energy Consumption from Transportation,energy_consumption_electricity_trns_powered_bikes
TX:TRNS:SHIFT_MODE_PASSENGER_STRATEGY_CONDITIONAL,Electrical Energy Consumption from Transportation,energy_consumption_electricity_trns_public
TX:TRNS:SHIFT_MODE_PASSENGER_STRATEGY_CONDITIONAL,Electrical Energy Consumption from Transportation,energy_consumption_electricity_trns_road_light
TX:TRNS:SHIFT_MODE_PASSENGER_STRATEGY_CONDITIONAL,Total Electrical Energy Consumption from Transportation,energy_consumption_electricity_trns_total
TX:TRNS:SHIFT_MODE_PASSENGER_STRATEGY_CONDITIONAL,Energy Consumption from Transportation,energy_consumption_trns_powered_bikes
TX:TRNS:SHIFT_MODE_PASSENGER_STRATEGY_CONDITIONAL,Transportation Modal Energy Consumption from Electricity,energy_consumption_trns_powered_bikes_electricity
TX:TRNS:SHIFT_MODE_PASSENGER_STRATEGY_CONDITIONAL,Transportation Modal Energy Consumption from Gasoline,energy_consumption_trns_powered_bikes_gasoline
TX:TRNS:SHIFT_MODE_PASSENGER_STRATEGY_CONDITIONAL,Energy Consumption from Transportation,energy_consumption_trns_public
TX:TRNS:SHIFT_MODE_PASSENGER_STRATEGY_CONDITIONAL,Transportation Modal Energy Consumption from Biofuels,energy_consumption_trns_public_biofuels
TX:TRNS:SHIFT_MODE_PASSENGER_STRATEGY_CONDITIONAL,Transportation Modal Energy Consumption from Diesel,energy_consumption_trns_public_diesel
TX:TRNS:SHIFT_MODE_PASSENGER_STRATEGY_CONDITIONAL,Transportation Modal Energy Consumption from Electricity,energy_consumption_trns_public_electricity
TX:TRNS:SHIFT_MODE_PASSENGER_STRATEGY_CONDITIONAL,Transportation Modal Energy Consumption from Gasoline,energy_consumption_trns_public_gasoline
TX:TRNS:SHIFT_MODE_PASSENGER_STRATEGY_CONDITIONAL,Transportation Modal Energy Consumption from Natural Gas,energy_consumption_trns_public_natural_gas
TX:TRNS:SHIFT_MODE_PASSENGER_STRATEGY_CONDITIONAL,Energy Consumption from Transportation,energy_consumption_trns_road_light
TX:TRNS:SHIFT_MODE_PASSENGER_STRATEGY_CONDITIONAL,Transportation Modal Energy Consumption from Biofuels,energy_consumption_trns_road_light_biofuels
TX:TRNS:SHIFT_MODE_PASSENGER_STRATEGY_CONDITIONAL,Transportation Modal Energy Consumption from Diesel,energy_consumption_trns_road_light_diesel
TX:TRNS:SHIFT_MODE_PASSENGER_STRATEGY_CONDITIONAL,Transportation Modal Energy Consumption from Electricity,energy_consumption_trns_road_light_electricity
TX:TRNS:SHIFT_MODE_PASSENGER_STRATEGY_CONDITIONAL,Transportation Modal Energy Consumption from Gasoline,energy_consumption_trns_road_light_gasoline
TX:TRNS:SHIFT_MODE_PASSENGER_STRATEGY_CONDITIONAL,Total Energy Consumption from Transportation,energy_consumption_trns_total
TX:TRNS:SHIFT_MODE_PASSENGER_STRATEGY_CONDITIONAL,Energy Demand by Fuel in Transportation,energy_demand_enfu_subsector_total_pj_trns_fuel_biofuels
TX:TRNS:SHIFT_MODE_PASSENGER_STRATEGY_CONDITIONAL,Energy Demand by Fuel in Transportation,energy_demand_enfu_subsector_total_pj_trns_fuel_diesel
TX:TRNS:SHIFT_MODE_PASSENGER_STRATEGY_CONDITIONAL,Energy Demand by Fuel in Transportation,energy_demand_enfu_subsector_total_pj_trns_fuel_electricity
TX:TRNS:SHIFT_MODE_PASSENGER_STRATEGY_CONDITIONAL,Energy Demand by Fuel in Transportation,energy_demand_enfu_subsector_total_pj_trns_fuel_gasoline
TX:TRNS:SHIFT_MODE_PASSENGER_STRATEGY_CONDITIONAL,Energy Demand by Fuel in Transportation,energy_demand_enfu_subsector_total_pj_trns_fuel_natural_gas
TX:TRNS:SHIFT_MODE_PASSENGER_STRATEGY_CONDITIONAL,Total Passenger Distance by Vehicle,passenger_distance_traveled_trns_human_powered
TX:TRNS:SHIFT_MODE_PASSENGER_STRATEGY_CONDITIONAL,Total Passenger Distance by Vehicle,passenger_distance_traveled_trns_powered_bikes
TX:TRNS:SHIFT_MODE_PASSENGER_STRATEGY_CONDITIONAL,Total Passenger Distance by Vehicle,passenger_distance_traveled_trns_public
TX:TRNS:SHIFT_MODE_PASSENGER_STRATEGY_CONDITIONAL,Total Passenger Distance by Vehicle,passenger_distance_traveled_trns_road_light
TX:TRNS:SHIFT_MODE_PASSENGER_STRATEGY_CONDITIONAL,Value of Fuel Consumed in Transportation,totalvalue_enfu_fuel_consumed_trns_fuel_biofuels
TX:TRNS:SHIFT_MODE_PASSENGER_STRATEGY_CONDITIONAL,Value of Fuel Consumed in Transportation,totalvalue_enfu_fuel_consumed_trns_fuel_diesel
TX:TRNS:SHIFT_MODE_PASSENGER_STRATEGY_CONDITIONAL,Value of Fuel Consumed in Transportation,totalvalue_enfu_fuel_consumed_trns_fuel_electricity
TX:TRNS:SHIFT_MODE_PASSENGER_STRATEGY_CONDITIONAL,Value of Fuel Consumed in Transportation,totalvalue_enfu_fuel_consumed_trns_fuel_gasoline
TX:TRNS:SHIFT_MODE_PASSENGER_STRATEGY_CONDITIONAL,Value of Fuel Consumed in Transportation,totalvalue_enfu_fuel_consumed_trns_fuel_natural_gas
TX:TRNS:SHIFT_MODE_PASSENGER_STRATEGY_CONDITIONAL,Total Vehicle Distance Traveled,vehicle_distance_traveled_trns_human_powered
TX:TRNS:SHIFT_MODE_PASSENGER_STRATEGY_CONDITIONAL,Total Vehicle Distance Traveled,vehicle_distance_traveled_trns_powered_bikes
TX:TRNS:SHIFT_MODE_PASSENGER_STRATEGY_CONDITIONAL,Vehicle Distance Traveled from Electricity,vehicle_distance_traveled_trns_powered_bikes_electricity
TX:TRNS:SHIFT_MODE_PASSENGER_STRATEGY_CONDITIONAL,Vehicle Distance Traveled from Gasoline,vehicle_distance_traveled_trns_powered_bikes_gasoline
TX:TRNS:SHIFT_MODE_PASSENGER_STRATEGY_CONDITIONAL,Total Vehicle Distance Traveled,vehicle_distance_traveled_trns_public
TX:TRNS:SHIFT_MODE_PASSENGER_STRATEGY_CONDITIONAL,Vehicle Distance Traveled from Biofuels,vehicle_distance_traveled_trns_public_biofuels
TX:TRNS:SHIFT_MODE_PASSENGER_STRATEGY_CONDITIONAL,Vehicle Distance Traveled from Diesel,vehicle_distance_traveled_trns_public_diesel
TX:TRNS:SHIFT_MODE_PASSENGER_STRATEGY_CONDITIONAL,Vehicle Distance Traveled from Electricity,vehicle_distance_traveled_trns_public_electricity
TX:TRNS:SHIFT_MODE_PASSENGER_STRATEGY_CONDITIONAL,Vehicle Distance Traveled from Gasoline,vehicle_distance_traveled_trns_public_gasoline
TX:TRNS:SHIFT_MODE_PASSENGER_STRATEGY_CONDITIONAL,Vehicle Distance Traveled from Natural Gas,vehicle_distance_traveled_trns_public_natural_gas
TX:TRNS:SHIFT_MODE_PASSENGER_STRATEGY_CONDITIONAL,Total Vehicle Distance Traveled,vehicle_distance_traveled_trns_road_light
TX:TRNS:SHIFT_MODE_PASSENGER_STRATEGY_CONDITIONAL,Vehicle Distance Traveled from Biofuels,vehicle_distance_traveled_trns_road_light_biofuels
TX:TRNS:SHIFT_MODE_PASSENGER_STRATEGY_CONDITIONAL,Vehicle Distance Traveled from Diesel,vehicle_distance_traveled_trns_road_light_diesel
TX:TRNS:SHIFT_MODE_PASSENGER_STRATEGY_CONDITIONAL,Vehicle Distance Traveled from Electricity,vehicle_distance_traveled_trns_road_light_electricity
TX:TRNS:SHIFT_MODE_PASSENGER_STRATEGY_CONDITIONAL,Vehicle Distance Traveled from Gasoline,vehicle_distance_traveled_trns_road_light_gasoline
TX:TRNS:SHIFT_MODE_PASSENGER_STRATEGY_LEP,:math:\text{CH}_4 Emissions from Transportation,emission_co2e_ch4_trns_powered_bikes
TX:TRNS:SHIFT_MODE_PASSENGER_STRATEGY_LEP,:math:\text{CH}_4 Emissions from Transportation,emission_co2e_ch4_trns_public
TX:TRNS:SHIFT_MODE_PASSENGER_STRATEGY_LEP,:math:\text{CH}_4 Emissions from Transportation,emission_co2e_ch4_trns_road_light
TX:TRNS:SHIFT_MODE_PASSENGER_STRATEGY_LEP,:math:\text{CO}_2 Emissions from Transportation,emission_co2e_co2_trns_powered_bikes
TX:TRNS:SHIFT_MODE_PASSENGER_STRATEGY_LEP,:math:\text{CO}_2 Emissions from Transportation,emission_co2e_co2_trns_public
TX:TRNS:SHIFT_MODE_PASSENGER_STRATEGY_LEP,:math:\text{CO}_2 Emissions from Transportation,emission_co2e_co2_trns_road_light
TX:TRNS:SHIFT_MODE_PASSENGER_STRATEGY_LEP,:math:\text{N}_2\text{O} Emissions from Transportation,emission_co2e_n2o_trns_powered_bikes
TX:TRNS:SHIFT_MODE_PASSENGER_STRATEGY_LEP,:math:\text{N}_2\text{O} Emissions from Transportation,emission_co2e_n2o_trns_public
TX:TRNS:SHIFT_MODE_PASSENGER_STRATEGY_LEP,:math:\text{N}_2\text{O} Emissions from Transportation,emission_co2e_n2o_trns_road_light
TX:TRNS:SHIFT_MODE_PASSENGER_STRATEGY_LEP,emission_co2e_subsector_total_trns,emission_co2e_subsector_total_trns
TX:TRNS:SHIFT_MODE_PASSENGER_STRATEGY_LEP,Electrical Energy Consumption from Transportation,energy_consumption_electricity_trns_powered_bikes
TX:TRNS:SHIFT_MODE_PASSENGER_STRATEGY_LEP,Electrical Energy Consumption from Transportation,energy_consumption_electricity_trns_public
TX:TRNS:SHIFT_MODE_PASSENGER_STRATEGY_LEP,Electrical Energy Consumption from Transportation,energy_consumption_electricity_trns_road_light
TX:TRNS:SHIFT_MODE_PASSENGER_STRATEGY_LEP,Total Electrical Energy Consumption from Transportation,energy_consumption_electricity_trns_total
TX:TRNS:SHIFT_MODE_PASSENGER_STRATEGY_LEP,Energy Consumption from Transportation,energy_consumption_trns_powered_bikes
TX:TRNS:SHIFT_MODE_PASSENGER_STRATEGY_LEP,Transportation Modal Energy Consumption from Electricity,energy_consumption_trns_powered_bikes_electricity
TX:TRNS:SHIFT_MODE_PASSENGER_STRATEGY_LEP,Transportation Modal Energy Consumption from Gasoline,energy_consumption_trns_powered_bikes_gasoline
TX:TRNS:SHIFT_MODE_PASSENGER_STRATEGY_LEP,Energy Consumption from Transportation,energy_consumption_trns_public
TX:TRNS:SHIFT_MODE_PASSENGER_STRATEGY_LEP,Transportation Modal Energy Consumption from Biofuels,energy_consumption_trns_public_biofuels
TX:TRNS:SHIFT_MODE_PASSENGER_STRATEGY_LEP,Transportation Modal Energy Consumption from Diesel,energy_consumption_trns_public_diesel
TX:TRNS:SHIFT_MODE_PASSENGER_STRATEGY_LEP,Transportation Modal Energy Consumption from Electricity,energy_consumption_trns_public_electricity
TX:TRNS:SHIFT_MODE_PASSENGER_STRATEGY_LEP,Transportation Modal Energy Consumption from Gasoline,energy_consumption_trns_public_gasoline
TX:TRNS:SHIFT_MODE_PASSENGER_STRATEGY_LEP,Transportation Modal Energy Consumption from Natural Gas,energy_consumption_trns_public_natural_gas
TX:TRNS:SHIFT_MODE_PASSENGER_STRATEGY_LEP,Energy Consumption from Transportation,energy_consumption_trns_road_light
TX:TRNS:SHIFT_MODE_PASSENGER_STRATEGY_LEP,Transportation Modal Energy Consumption from Biofuels,energy_consumption_trns_road_light_biofuels
TX:TRNS:SHIFT_MODE_PASSENGER_STRATEGY_LEP,Transportation Modal Energy Consumption from Diesel,energy_consumption_trns_road_light_diesel
TX:TRNS:SHIFT_MODE_PASSENGER_STRATEGY_LEP,Transportation Modal Energy Consumption from Electricity,energy_consumption_trns_road_light_electricity
TX:TRNS:SHIFT_MODE_PASSENGER_STRATEGY_LEP,Transportation Modal Energy Consumption from Gasoline,energy_consumption_trns_road_light_gasoline
TX:TRNS:SHIFT_MODE_PASSENGER_STRATEGY_LEP,Total Energy Consumption from Transportation,energy_consumption_trns_total
TX:TRNS:SHIFT_MODE_PASSENGER_STRATEGY_LEP,Energy Demand by Fuel in Transportation,energy_demand_enfu_subsector_total_pj_trns_fuel_biofuels
TX:TRNS:SHIFT_MODE_PASSENGER_STRATEGY_LEP,Energy Demand by Fuel in Transportation,energy_demand_enfu_subsector_total_pj_trns_fuel_diesel
TX:TRNS:SHIFT_MODE_PASSENGER_STRATEGY_LEP,Energy Demand by Fuel in Transportation,energy_demand_enfu_subsector_total_pj_trns_fuel_electricity
TX:TRNS:SHIFT_MODE_PASSENGER_STRATEGY_LEP,Energy Demand by Fuel in Transportation,energy_demand_enfu_subsector_total_pj_trns_fuel_gasoline
TX:TRNS:SHIFT_MODE_PASSENGER_STRATEGY_LEP,Energy Demand by Fuel in Transportation,energy_demand_enfu_subsector_total_pj_trns_fuel_natural_gas
TX:TRNS:SHIFT_MODE_PASSENGER_STRATEGY_LEP,Total Passenger Distance by Vehicle,passenger_distance_traveled_trns_human_powered
TX:TRNS:SHIFT_MODE_PASSENGER_STRATEGY_LEP,Total Passenger Distance by Vehicle,passenger_distance_traveled_trns_powered_bikes
TX:TRNS:SHIFT_MODE_PASSENGER_STRATEGY_LEP,Total Passenger Distance by Vehicle,passenger_distance_traveled_trns_public
TX:TRNS:SHIFT_MODE_PASSENGER_STRATEGY_LEP,Total Passenger Distance by Vehicle,passenger_distance_traveled_trns_road_light
TX:TRNS:SHIFT_MODE_PASSENGER_STRATEGY_LEP,Value of Fuel Consumed in Transportation,totalvalue_enfu_fuel_consumed_trns_fuel_biofuels
TX:TRNS:SHIFT_MODE_PASSENGER_STRATEGY_LEP,Value of Fuel Consumed in Transportation,totalvalue_enfu_fuel_consumed_trns_fuel_diesel
TX:TRNS:SHIFT_MODE_PASSENGER_STRATEGY_LEP,Value of Fuel Consumed in Transportation,totalvalue_enfu_fuel_consumed_trns_fuel_electricity
TX:TRNS:SHIFT_MODE_PASSENGER_STRATEGY_LEP,Value of Fuel Consumed in Transportation,totalvalue_enfu_fuel_consumed_trns_fuel_gasoline
TX:TRNS:SHIFT_MODE_PASSENGER_STRATEGY_LEP,Value of Fuel Consumed in Transportation,totalvalue_enfu_fuel_consumed_trns_fuel_natural_gas
TX:TRNS:SHIFT_MODE_PASSENGER_STRATEGY_LEP,Total Vehicle Distance Traveled,vehicle_distance_traveled_trns_human_powered
TX:TRNS:SHIFT_MODE_PASSENGER_STRATEGY_LEP,Total Vehicle Distance Traveled,vehicle_distance_traveled_trns_powered_bikes
TX:TRNS:SHIFT_MODE_PASSENGER_STRATEGY_LEP,Vehicle Distance Traveled from Electricity,vehicle_distance_traveled_trns_powered_bikes_electricity
TX:TRNS:SHIFT_MODE_PASSENGER_STRATEGY_LEP,Vehicle Distance Traveled from Gasoline,vehicle_distance_traveled_trns_powered_bikes_gasoline
TX:TRNS:SHIFT_MODE_PASSENGER_STRATEGY_LEP,Total Vehicle Distance Traveled,vehicle_distance_traveled_trns_public
TX:TRNS:SHIFT_MODE_PASSENGER_STRATEGY_LEP,Vehicle Distance Traveled from Biofuels,vehicle_distance_traveled_trns_public_biofuels
TX:TRNS:SHIFT_MODE_PASSENGER_STRATEGY_LEP,Vehicle Distance Traveled from Diesel,vehicle_distance_traveled_trns_public_diesel
TX:TRNS:SHIFT_MODE_PASSENGER_STRATEGY_LEP,Vehicle Distance Traveled from Electricity,vehicle_distance_traveled_trns_public_electricity
TX:TRNS:SHIFT_MODE_PASSENGER_STRATEGY_LEP,Vehicle Distance Traveled from Gasoline,vehicle_distance_traveled_trns_public_gasoline
TX:TRNS:SHIFT_MODE_PASSENGER_STRATEGY_LEP,Vehicle Distance Traveled from Natural Gas,vehicle_distance_traveled_trns_public_natural_gas
TX:TRNS:SHIFT_MODE_PASSENGER_STRATEGY_LEP,Total Vehicle Distance Traveled,vehicle_distance_traveled_trns_road_light
TX:TRNS:SHIFT_MODE_PASSENGER_STRATEGY_LEP,Vehicle Distance Traveled from Biofuels,vehicle_distance_traveled_trns_road_light_biofuels
TX:TRNS:SHIFT_MODE_PASSENGER_STRATEGY_LEP,Vehicle Distance Traveled from Diesel,vehicle_distance_traveled_trns_road_light_diesel
TX:TRNS:SHIFT_MODE_PASSENGER_STRATEGY_LEP,Vehicle Distance Traveled from Electricity,vehicle_distance_traveled_trns_road_light_electricity
TX:TRNS:SHIFT_MODE_PASSENGER_STRATEGY_LEP,Vehicle Distance Traveled from Gasoline,vehicle_distance_traveled_trns_road_light_gasoline
TX:TRNS:SHIFT_MODE_PASSENGER_STRATEGY_NDC,:math:\text{CH}_4 Emissions from Transportation,emission_co2e_ch4_trns_powered_bikes
TX:TRNS:SHIFT_MODE_PASSENGER_STRATEGY_NDC,:math:\text{CH}_4 Emissions from Transportation,emission_co2e_ch4_trns_public
TX:TRNS:SHIFT_MODE_PASSENGER_STRATEGY_NDC,:math:\text{CH}_4 Emissions from Transportation,emission_co2e_ch4_trns_road_light
TX:TRNS:SHIFT_MODE_PASSENGER_STRATEGY_NDC,:math:\text{CO}_2 Emissions from Transportation,emission_co2e_co2_trns_powered_bikes
TX:TRNS:SHIFT_MODE_PASSENGER_STRATEGY_NDC,:math:\text{CO}_2 Emissions from Transportation,emission_co2e_co2_trns_public
TX:TRNS:SHIFT_MODE_PASSENGER_STRATEGY_NDC,:math:\text{CO}_2 Emissions from Transportation,emission_co2e_co2_trns_road_light
TX:TRNS:SHIFT_MODE_PASSENGER_STRATEGY_NDC,:math:\text{N}_2\text{O} Emissions from Transportation,emission_co2e_n2o_trns_powered_bikes
TX:TRNS:SHIFT_MODE_PASSENGER_STRATEGY_NDC,:math:\text{N}_2\text{O} Emissions from Transportation,emission_co2e_n2o_trns_public
TX:TRNS:SHIFT_MODE_PASSENGER_STRATEGY_NDC,:math:\text{N}_2\text{O} Emissions from Transportation,emission_co2e_n2o_trns_road_light
TX:TRNS:SHIFT_MODE_PASSENGER_STRATEGY_NDC,emission_co2e_subsector_total_trns,emission_co2e_subsector_total_trns
TX:TRNS:SHIFT_MODE_PASSENGER_STRATEGY_NDC,Electrical Energy Consumption from Transportation,energy_consumption_electricity_trns_powered_bikes
TX:TRNS:SHIFT_MODE_PASSENGER_STRATEGY_NDC,Electrical Energy Consumption from Transportation,energy_consumption_electricity_trns_public
TX:TRNS:SHIFT_MODE_PASSENGER_STRATEGY_NDC,Electrical Energy Consumption from Transportation,energy_consumption_electricity_trns_road_light
TX:TRNS:SHIFT_MODE_PASSENGER_STRATEGY_NDC,Total Electrical Energy Consumption from Transportation,energy_consumption_electricity_trns_total
TX:TRNS:SHIFT_MODE_PASSENGER_STRATEGY_NDC,Energy Consumption from Transportation,energy_consumption_trns_powered_bikes
TX:TRNS:SHIFT_MODE_PASSENGER_STRATEGY_NDC,Transportation Modal Energy Consumption from Electricity,energy_consumption_trns_powered_bikes_electricity
TX:TRNS:SHIFT_MODE_PASSENGER_STRATEGY_NDC,Transportation Modal Energy Consumption from Gasoline,energy_consumption_trns_powered_bikes_gasoline
TX:TRNS:SHIFT_MODE_PASSENGER_STRATEGY_NDC,Energy Consumption from Transportation,energy_consumption_trns_public
TX:TRNS:SHIFT_MODE_PASSENGER_STRATEGY_NDC,Transportation Modal Energy Consumption from Biofuels,energy_consumption_trns_public_biofuels
TX:TRNS:SHIFT_MODE_PASSENGER_STRATEGY_NDC,Transportation Modal Energy Consumption from Diesel,energy_consumption_trns_public_diesel
TX:TRNS:SHIFT_MODE_PASSENGER_STRATEGY_NDC,Transportation Modal Energy Consumption from Electricity,energy_consumption_trns_public_electricity
TX:TRNS:SHIFT_MODE_PASSENGER_STRATEGY_NDC,Transportation Modal Energy Consumption from Gasoline,energy_consumption_trns_public_gasoline
TX:TRNS:SHIFT_MODE_PASSENGER_STRATEGY_NDC,Transportation Modal Energy Consumption from Natural Gas,energy_consumption_trns_public_natural_gas
TX:TRNS:SHIFT_MODE_PASSENGER_STRATEGY_NDC,Energy Consumption from Transportation,energy_consumption_trns_road_light
TX:TRNS:SHIFT_MODE_PASSENGER_STRATEGY_NDC,Transportation Modal Energy Consumption from Biofuels,energy_consumption_trns_road_light_biofuels
TX:TRNS:SHIFT_MODE_PASSENGER_STRATEGY_NDC,Transportation Modal Energy Consumption from Diesel,energy_consumption_trns_road_light_diesel
TX:TRNS:SHIFT_MODE_PASSENGER_STRATEGY_NDC,Transportation Modal Energy Consumption from Electricity,energy_consumption_trns_road_light_electricity
TX:TRNS:SHIFT_MODE_PASSENGER_STRATEGY_NDC,Transportation Modal Energy Consumption from Gasoline,energy_consumption_trns_road_light_gasoline
TX:TRNS:SHIFT_MODE_PASSENGER_STRATEGY_NDC,Total Energy Consumption from Transportation,energy_consumption_trns_total
TX:TRNS:SHIFT_MODE_PASSENGER_STRATEGY_NDC,Energy Demand by Fuel in Transportation,energy_demand_enfu_subsector_total_pj_trns_fuel_biofuels
TX:TRNS:SHIFT_MODE_PASSENGER_STRATEGY_NDC,Energy Demand by Fuel in Transportation,energy_demand_enfu_subsector_total_pj_trns_fuel_diesel
TX:TRNS:SHIFT_MODE_PASSENGER_STRATEGY_NDC,Energy Demand by Fuel in Transportation,energy_demand_enfu_subsector_total_pj_trns_fuel_electricity
TX:TRNS:SHIFT_MODE_PASSENGER_STRATEGY_NDC,Energy Demand by Fuel in Transportation,energy_demand_enfu_subsector_total_pj_trns_fuel_gasoline
TX:TRNS:SHIFT_MODE_PASSENGER_STRATEGY_NDC,Energy Demand by Fuel in Transportation,energy_demand_enfu_subsector_total_pj_trns_fuel_natural_gas
TX:TRNS:SHIFT_MODE_PASSENGER_STRATEGY_NDC,Total Passenger Distance by Vehicle,passenger_distance_traveled_trns_human_powered
TX:TRNS:SHIFT_MODE_PASSENGER_STRATEGY_NDC,Total Passenger Distance by Vehicle,passenger_distance_traveled_trns_powered_bikes
TX:TRNS:SHIFT_MODE_PASSENGER_STRATEGY_NDC,Total Passenger Distance by Vehicle,passenger_distance_traveled_trns_public
TX:TRNS:SHIFT_MODE_PASSENGER_STRATEGY_NDC,Total Passenger Distance by Vehicle,passenger_distance_traveled_trns_road_light
TX:TRNS:SHIFT_MODE_PASSENGER_STRATEGY_NDC,Value of Fuel Consumed in Transportation,totalvalue_enfu_fuel_consumed_trns_fuel_biofuels
TX:TRNS:SHIFT_MODE_PASSENGER_STRATEGY_NDC,Value of Fuel Consumed in Transportation,totalvalue_enfu_fuel_consumed_trns_fuel_diesel
TX:TRNS:SHIFT_MODE_PASSENGER_STRATEGY_NDC,Value of Fuel Consumed in Transportation,totalvalue_enfu_fuel_consumed_trns_fuel_electricity
TX:TRNS:SHIFT_MODE_PASSENGER_STRATEGY_NDC,Value of Fuel Consumed in Transportation,totalvalue_enfu_fuel_consumed_trns_fuel_gasoline
TX:TRNS:SHIFT_MODE_PASSENGER_STRATEGY_NDC,Value of Fuel Consumed in Transportation,totalvalue_enfu_fuel_consumed_trns_fuel_natural_gas
TX:TRNS:SHIFT_MODE_PASSENGER_STRATEGY_NDC,Total Vehicle Distance Traveled,vehicle_distance_traveled_trns_human_powered
TX:TRNS:SHIFT_MODE_PASSENGER_STRATEGY_NDC,Total Vehicle Distance Traveled,vehicle_distance_traveled_trns_powered_bikes
TX:TRNS:SHIFT_MODE_PASSENGER_STRATEGY_NDC,Vehicle Distance Traveled from Electricity,vehicle_distance_traveled_trns_powered_bikes_electricity
TX:TRNS:SHIFT_MODE_PASSENGER_STRATEGY_NDC,Vehicle Distance Traveled from Gasoline,vehicle_distance_traveled_trns_powered_bikes_gasoline
TX:TRNS:SHIFT_MODE_PASSENGER_STRATEGY_NDC,Total Vehicle Distance Traveled,vehicle_distance_traveled_trns_public
TX:TRNS:SHIFT_MODE_PASSENGER_STRATEGY_NDC,Vehicle Distance Traveled from Biofuels,vehicle_distance_traveled_trns_public_biofuels
TX:TRNS:SHIFT_MODE_PASSENGER_STRATEGY_NDC,Vehicle Distance Traveled from Diesel,vehicle_distance_traveled_trns_public_diesel
TX:TRNS:SHIFT_MODE_PASSENGER_STRATEGY_NDC,Vehicle Distance Traveled from Electricity,vehicle_distance_traveled_trns_public_electricity
TX:TRNS:SHIFT_MODE_PASSENGER_STRATEGY_NDC,Vehicle Distance Traveled from Gasoline,vehicle_distance_traveled_trns_public_gasoline
TX:TRNS:SHIFT_MODE_PASSENGER_STRATEGY_NDC,Vehicle Distance Traveled from Natural Gas,vehicle_distance_traveled_trns_public_natural_gas
TX:TRNS:SHIFT_MODE_PASSENGER_STRATEGY_NDC,Total Vehicle Distance Traveled,vehicle_distance_traveled_trns_road_light
TX:TRNS:SHIFT_MODE_PASSENGER_STRATEGY_NDC,Vehicle Distance Traveled from Biofuels,vehicle_distance_traveled_trns_road_light_biofuels
TX:TRNS:SHIFT_MODE_PASSENGER_STRATEGY_NDC,Vehicle Distance Traveled from Diesel,vehicle_distance_traveled_trns_road_light_diesel
TX:TRNS:SHIFT_MODE_PASSENGER_STRATEGY_NDC,Vehicle Distance Traveled from Electricity,vehicle_distance_traveled_trns_road_light_electricity
TX:TRNS:SHIFT_MODE_PASSENGER_STRATEGY_NDC,Vehicle Distance Traveled from Gasoline,vehicle_distance_traveled_trns_road_light_gasoline
TX:TRNS:SHIFT_MODE_REGIONAL,:math:\text{CH}_4 Emissions from Transportation,emission_co2e_ch4_trns_aviation
TX:TRNS:SHIFT_MODE_REGIONAL,:math:\text{CH}_4 Emissions from Transportation,emission_co2e_ch4_trns_road_heavy_regional
TX:TRNS:SHIFT_MODE_REGIONAL,:math:\text{CH}_4 Emissions from Transportation,emission_co2e_ch4_trns_road_light
TX:TRNS:SHIFT_MODE_REGIONAL,:math:\text{CO}_2 Emissions from Transportation,emission_co2e_co2_trns_aviation
TX:TRNS:SHIFT_MODE_REGIONAL,:math:\text{CO}_2 Emissions from Transportation,emission_co2e_co2_trns_road_heavy_regional
TX:TRNS:SHIFT_MODE_REGIONAL,:math:\text{CO}_2 Emissions from Transportation,emission_co2e_co2_trns_road_light
TX:TRNS:SHIFT_MODE_REGIONAL,:math:\text{N}_2\text{O} Emissions from Transportation,emission_co2e_n2o_trns_aviation
TX:TRNS:SHIFT_MODE_REGIONAL,:math:\text{N}_2\text{O} Emissions from Transportation,emission_co2e_n2o_trns_road_heavy_regional
TX:TRNS:SHIFT_MODE_REGIONAL,:math:\text{N}_2\text{O} Emissions from Transportation,emission_co2e_n2o_trns_road_light
TX:TRNS:SHIFT_MODE_REGIONAL,emission_co2e_subsector_total_trns,emission_co2e_subsector_total_trns
TX:TRNS:SHIFT_MODE_REGIONAL,Electrical Energy Consumption from Transportation,energy_consumption_electricity_trns_road_heavy_regional
TX:TRNS:SHIFT_MODE_REGIONAL,Electrical Energy Consumption from Transportation,energy_consumption_electricity_trns_road_light
TX:TRNS:SHIFT_MODE_REGIONAL,Total Electrical Energy Consumption from Transportation,energy_consumption_electricity_trns_total
TX:TRNS:SHIFT_MODE_REGIONAL,Energy Consumption from Transportation,energy_consumption_trns_aviation
TX:TRNS:SHIFT_MODE_REGIONAL,Transportation Modal Energy Consumption from Kerosene,energy_consumption_trns_aviation_kerosene
TX:TRNS:SHIFT_MODE_REGIONAL,Energy Consumption from Transportation,energy_consumption_trns_road_heavy_regional
TX:TRNS:SHIFT_MODE_REGIONAL,Transportation Modal Energy Consumption from Biofuels,energy_consumption_trns_road_heavy_regional_biofuels
TX:TRNS:SHIFT_MODE_REGIONAL,Transportation Modal Energy Consumption from Diesel,energy_consumption_trns_road_heavy_regional_diesel
TX:TRNS:SHIFT_MODE_REGIONAL,Transportation Modal Energy Consumption from Electricity,energy_consumption_trns_road_heavy_regional_electricity
TX:TRNS:SHIFT_MODE_REGIONAL,Transportation Modal Energy Consumption from Gasoline,energy_consumption_trns_road_heavy_regional_gasoline
TX:TRNS:SHIFT_MODE_REGIONAL,Transportation Modal Energy Consumption from Natural Gas,energy_consumption_trns_road_heavy_regional_natural_gas
TX:TRNS:SHIFT_MODE_REGIONAL,Energy Consumption from Transportation,energy_consumption_trns_road_light
TX:TRNS:SHIFT_MODE_REGIONAL,Transportation Modal Energy Consumption from Biofuels,energy_consumption_trns_road_light_biofuels
TX:TRNS:SHIFT_MODE_REGIONAL,Transportation Modal Energy Consumption from Diesel,energy_consumption_trns_road_light_diesel
TX:TRNS:SHIFT_MODE_REGIONAL,Transportation Modal Energy Consumption from Electricity,energy_consumption_trns_road_light_electricity
TX:TRNS:SHIFT_MODE_REGIONAL,Transportation Modal Energy Consumption from Gasoline,energy_consumption_trns_road_light_gasoline
TX:TRNS:SHIFT_MODE_REGIONAL,Total Energy Consumption from Transportation,energy_consumption_trns_total
TX:TRNS:SHIFT_MODE_REGIONAL,Energy Demand by Fuel in Transportation,energy_demand_enfu_subsector_total_pj_trns_fuel_biofuels
TX:TRNS:SHIFT_MODE_REGIONAL,Energy Demand by Fuel in Transportation,energy_demand_enfu_subsector_total_pj_trns_fuel_diesel
TX:TRNS:SHIFT_MODE_REGIONAL,Energy Demand by Fuel in Transportation,energy_demand_enfu_subsector_total_pj_trns_fuel_electricity
TX:TRNS:SHIFT_MODE_REGIONAL,Energy Demand by Fuel in Transportation,energy_demand_enfu_subsector_total_pj_trns_fuel_gasoline
TX:TRNS:SHIFT_MODE_REGIONAL,Energy Demand by Fuel in Transportation,energy_demand_enfu_subsector_total_pj_trns_fuel_kerosene
TX:TRNS:SHIFT_MODE_REGIONAL,Energy Demand by Fuel in Transportation,energy_demand_enfu_subsector_total_pj_trns_fuel_natural_gas
TX:TRNS:SHIFT_MODE_REGIONAL,Total Passenger Distance by Vehicle,passenger_distance_traveled_trns_aviation
TX:TRNS:SHIFT_MODE_REGIONAL,Total Passenger Distance by Vehicle,passenger_distance_traveled_trns_road_heavy_regional
TX:TRNS:SHIFT_MODE_REGIONAL,Total Passenger Distance by Vehicle,passenger_distance_traveled_trns_road_light
TX:TRNS:SHIFT_MODE_REGIONAL,Value of Fuel Consumed in Transportation,totalvalue_enfu_fuel_consumed_trns_fuel_biofuels
TX:TRNS:SHIFT_MODE_REGIONAL,Value of Fuel Consumed in Transportation,totalvalue_enfu_fuel_consumed_trns_fuel_diesel
TX:TRNS:SHIFT_MODE_REGIONAL,Value of Fuel Consumed in Transportation,totalvalue_enfu_fuel_consumed_trns_fuel_electricity
TX:TRNS:SHIFT_MODE_REGIONAL,Value of Fuel Consumed in Transportation,totalvalue_enfu_fuel_consumed_trns_fuel_gasoline
TX:TRNS:SHIFT_MODE_REGIONAL,Value of Fuel Consumed in Transportation,totalvalue_enfu_fuel_consumed_trns_fuel_kerosene
TX:TRNS:SHIFT_MODE_REGIONAL,Value of Fuel Consumed in Transportation,totalvalue_enfu_fuel_consumed_trns_fuel_natural_gas
TX:TRNS:SHIFT_MODE_REGIONAL,Total Vehicle Distance Traveled,vehicle_distance_traveled_trns_aviation
TX:TRNS:SHIFT_MODE_REGIONAL,Vehicle Distance Traveled from Kerosene,vehicle_distance_traveled_trns_aviation_kerosene
TX:TRNS:SHIFT_MODE_REGIONAL,Total Vehicle Distance Traveled,vehicle_distance_traveled_trns_road_heavy_regional
TX:TRNS:SHIFT_MODE_REGIONAL,Vehicle Distance Traveled from Biofuels,vehicle_distance_traveled_trns_road_heavy_regional_biofuels
TX:TRNS:SHIFT_MODE_REGIONAL,Vehicle Distance Traveled from Diesel,vehicle_distance_traveled_trns_road_heavy_regional_diesel
TX:TRNS:SHIFT_MODE_REGIONAL,Vehicle Distance Traveled from Electricity,vehicle_distance_traveled_trns_road_heavy_regional_electricity
TX:TRNS:SHIFT_MODE_REGIONAL,Vehicle Distance Traveled from Gasoline,vehicle_distance_traveled_trns_road_heavy_regional_gasoline
TX:TRNS:SHIFT_MODE_REGIONAL,Vehicle Distance Traveled from Natural Gas,vehicle_distance_traveled_trns_road_heavy_regional_natural_gas
TX:TRNS:SHIFT_MODE_REGIONAL,Total Vehicle Distance Traveled,vehicle_distance_traveled_trns_road_light
TX:TRNS:SHIFT_MODE_REGIONAL,Vehicle Distance Traveled from Biofuels,vehicle_distance_traveled_trns_road_light_biofuels
TX:TRNS:SHIFT_MODE_REGIONAL,Vehicle Distance Traveled from Diesel,vehicle_distance_traveled_trns_road_light_diesel
TX:TRNS:SHIFT_MODE_REGIONAL,Vehicle Distance Traveled from Electricity,vehicle_distance_traveled_trns_road_light_electricity
TX:TRNS:SHIFT_MODE_REGIONAL,Vehicle Distance Traveled from Gasoline,vehicle_distance_traveled_trns_road_light_gasoline
TX:TRWW:INC_CAPTURE_BIOGAS,:math:\text{CH}_4 Emissions from Wastewater Treatment,emission_co2e_ch4_trww_treated_secondary_aerobic_treatment
TX:TRWW:INC_CAPTURE_BIOGAS,:math:\text{CH}_4 Emissions from Wastewater Treatment,emission_co2e_ch4_trww_treated_secondary_anaerobic_treatment
TX:TRWW:INC_CAPTURE_BIOGAS,emission_co2e_subsector_total_trww,emission_co2e_subsector_total_trww
TX:TRWW:INC_CAPTURE_BIOGAS,Biogas Recovered from Wastewater Treatment Plants,gasrecovered_trww_biogas_tonne
TX:TRWW:INC_CAPTURE_BIOGAS_STRATEGY_CONDITIONAL,:math:\text{CH}_4 Emissions from Wastewater Treatment,emission_co2e_ch4_trww_treated_secondary_aerobic_treatment
TX:TRWW:INC_CAPTURE_BIOGAS_STRATEGY_CONDITIONAL,:math:\text{CH}_4 Emissions from Wastewater Treatment,emission_co2e_ch4_trww_treated_secondary_anaerobic_treatment
TX:TRWW:INC_CAPTURE_BIOGAS_STRATEGY_CONDITIONAL,emission_co2e_subsector_total_trww,emission_co2e_subsector_total_trww
TX:TRWW:INC_CAPTURE_BIOGAS_STRATEGY_CONDITIONAL,Biogas Recovered from Wastewater Treatment Plants,gasrecovered_trww_biogas_tonne
TX:TRWW:INC_CAPTURE_BIOGAS_STRATEGY_LEP,:math:\text{CH}_4 Emissions from Wastewater Treatment,emission_co2e_ch4_trww_treated_secondary_aerobic_treatment
TX:TRWW:INC_CAPTURE_BIOGAS_STRATEGY_LEP,:math:\text{CH}_4 Emissions from Wastewater Treatment,emission_co2e_ch4_trww_treated_secondary_anaerobic_treatment
TX:TRWW:INC_CAPTURE_BIOGAS_STRATEGY_LEP,emission_co2e_subsector_total_trww,emission_co2e_subsector_total_trww
TX:TRWW:INC_CAPTURE_BIOGAS_STRATEGY_LEP,Biogas Recovered from Wastewater Treatment Plants,gasrecovered_trww_biogas_tonne
TX:TRWW:INC_CAPTURE_BIOGAS_STRATEGY_NDC,:math:\text{CH}_4 Emissions from Wastewater Treatment,emission_co2e_ch4_trww_treated_secondary_aerobic_treatment
TX:TRWW:INC_CAPTURE_BIOGAS_STRATEGY_NDC,:math:\text{CH}_4 Emissions from Wastewater Treatment,emission_co2e_ch4_trww_treated_secondary_anaerobic_treatment
TX:TRWW:INC_CAPTURE_BIOGAS_STRATEGY_NDC,emission_co2e_subsector_total_trww,emission_co2e_subsector_total_trww
TX:TRWW:INC_CAPTURE_BIOGAS_STRATEGY_NDC,Biogas Recovered from Wastewater Treatment Plants,gasrecovered_trww_biogas_tonne
TX:TRWW:INC_COMPLIANCE_SEPTIC,:math:\text{CH}_4 Emissions from Wastewater Treatment,emission_co2e_ch4_trww_treated_septic_treatment
TX:TRWW:INC_COMPLIANCE_SEPTIC,:math:\text{CH}_4 Emissions from Anaerobic Biogas,emission_co2e_ch4_waso_biogas_sludge
TX:TRWW:INC_COMPLIANCE_SEPTIC,:math:\text{CH}_4 Emissions from Composting,emission_co2e_ch4_waso_compost_sludge
TX:TRWW:INC_COMPLIANCE_SEPTIC,:math:\text{CH}_4 Emissions from Open Dumping,emission_co2e_ch4_waso_open_dump_sludge
TX:TRWW:INC_COMPLIANCE_SEPTIC,:math:\text{N}_2\text{O} Emissions from Composting,emission_co2e_n2o_waso_compost_sludge
TX:TRWW:INC_COMPLIANCE_SEPTIC,emission_co2e_subsector_total_trww,emission_co2e_subsector_total_trww
TX:TRWW:INC_COMPLIANCE_SEPTIC,Biogas Recovered from Anaerobic Facilities,gasrecovered_waso_biogas_anaerobic_tonne
TX:TRWW:INC_COMPLIANCE_SEPTIC,Mass of Sludge Produced,qty_trww_sludge_produced_treated_septic_tonne
TX:TRWW:INC_COMPLIANCE_SEPTIC,Total BOD Organic Waste in Effluent,qty_trww_tow_in_effluent_bod_treated_septic_tonne
TX:TRWW:INC_COMPLIANCE_SEPTIC,Total Waste Anaerobic Biogas,qty_waso_biogas_sludge_tonne
TX:TRWW:INC_COMPLIANCE_SEPTIC,Total Waste Composted,qty_waso_compost_sludge_tonne
TX:TRWW:INC_COMPLIANCE_SEPTIC,Total Waste Incinerated,qty_waso_incinerated_sludge_tonne
TX:TRWW:INC_COMPLIANCE_SEPTIC,Total Waste Open Dumped,qty_waso_open_dump_sludge_tonne
TX:TRWW:INC_COMPLIANCE_SEPTIC,Total Solid Waste Produced,qty_waso_total_sludge_produced_tonne
TX:WALI:INC_TREATMENT_INDUSTRIAL,:math:\text{CH}_4 Emissions from Wastewater Treatment,emission_co2e_ch4_trww_treated_advanced_anaerobic_treatment
TX:WALI:INC_TREATMENT_INDUSTRIAL,:math:\text{CH}_4 Emissions from Wastewater Treatment,emission_co2e_ch4_trww_treated_secondary_aerobic_treatment
TX:WALI:INC_TREATMENT_INDUSTRIAL,:math:\text{CH}_4 Emissions from Wastewater Treatment,emission_co2e_ch4_trww_treated_secondary_anaerobic_treatment
TX:WALI:INC_TREATMENT_INDUSTRIAL,:math:\text{CH}_4 Emissions from Wastewater Treatment,emission_co2e_ch4_trww_untreated_no_sewerage_treatment
TX:WALI:INC_TREATMENT_INDUSTRIAL,:math:\text{CH}_4 Emissions from Wastewater Treatment,emission_co2e_ch4_trww_untreated_with_sewerage_treatment
TX:WALI:INC_TREATMENT_INDUSTRIAL,:math:\text{CH}_4 Emissions from Anaerobic Biogas,emission_co2e_ch4_waso_biogas_sludge
TX:WALI:INC_TREATMENT_INDUSTRIAL,:math:\text{CH}_4 Emissions from Composting,emission_co2e_ch4_waso_compost_sludge
TX:WALI:INC_TREATMENT_INDUSTRIAL,:math:\text{CH}_4 Emissions from Open Dumping,emission_co2e_ch4_waso_open_dump_sludge
TX:WALI:INC_TREATMENT_INDUSTRIAL,:math:\text{N}_2\text{O} Emissions from Wastewater Effluent,emission_co2e_n2o_trww_treated_advanced_anaerobic_effluent
TX:WALI:INC_TREATMENT_INDUSTRIAL,:math:\text{N}_2\text{O} Emissions from Wastewater Treatment,emission_co2e_n2o_trww_treated_advanced_anaerobic_treatment
TX:WALI:INC_TREATMENT_INDUSTRIAL,:math:\text{N}_2\text{O} Emissions from Wastewater Effluent,emission_co2e_n2o_trww_treated_secondary_aerobic_effluent
TX:WALI:INC_TREATMENT_INDUSTRIAL,:math:\text{N}_2\text{O} Emissions from Wastewater Treatment,emission_co2e_n2o_trww_treated_secondary_aerobic_treatment
TX:WALI:INC_TREATMENT_INDUSTRIAL,:math:\text{N}_2\text{O} Emissions from Wastewater Effluent,emission_co2e_n2o_trww_treated_secondary_anaerobic_effluent
TX:WALI:INC_TREATMENT_INDUSTRIAL,:math:\text{N}_2\text{O} Emissions from Wastewater Treatment,emission_co2e_n2o_trww_treated_secondary_anaerobic_treatment
TX:WALI:INC_TREATMENT_INDUSTRIAL,:math:\text{N}_2\text{O} Emissions from Wastewater Effluent,emission_co2e_n2o_trww_untreated_no_sewerage_effluent
TX:WALI:INC_TREATMENT_INDUSTRIAL,:math:\text{N}_2\text{O} Emissions from Wastewater Treatment,emission_co2e_n2o_trww_untreated_no_sewerage_treatment
TX:WALI:INC_TREATMENT_INDUSTRIAL,:math:\text{N}_2\text{O} Emissions from Wastewater Effluent,emission_co2e_n2o_trww_untreated_with_sewerage_effluent
TX:WALI:INC_TREATMENT_INDUSTRIAL,:math:\text{N}_2\text{O} Emissions from Wastewater Treatment,emission_co2e_n2o_trww_untreated_with_sewerage_treatment
TX:WALI:INC_TREATMENT_INDUSTRIAL,:math:\text{N}_2\text{O} Emissions from Composting,emission_co2e_n2o_waso_compost_sludge
TX:WALI:INC_TREATMENT_INDUSTRIAL,:math:\text{N}_2\text{O} Emissions from Incineration,emission_co2e_n2o_waso_incineration
TX:WALI:INC_TREATMENT_INDUSTRIAL,emission_co2e_subsector_total_trww,emission_co2e_subsector_total_trww
TX:WALI:INC_TREATMENT_INDUSTRIAL,Biogas Recovered from Anaerobic Facilities,gasrecovered_waso_biogas_anaerobic_tonne
TX:WALI:INC_TREATMENT_INDUSTRIAL,Total COD Removed in Treatment,qty_trww_cod_removed_treated_advanced_anaerobic_tonne
TX:WALI:INC_TREATMENT_INDUSTRIAL,Total COD Removed in Treatment,qty_trww_cod_removed_treated_secondary_aerobic_tonne
TX:WALI:INC_TREATMENT_INDUSTRIAL,Total COD Removed in Treatment,qty_trww_cod_removed_treated_secondary_anaerobic_tonne
TX:WALI:INC_TREATMENT_INDUSTRIAL,Total COD Removed in Treatment,qty_trww_cod_removed_untreated_no_sewerage_tonne
TX:WALI:INC_TREATMENT_INDUSTRIAL,Total COD Removed in Treatment,qty_trww_cod_removed_untreated_with_sewerage_tonne
TX:WALI:INC_TREATMENT_INDUSTRIAL,Total Nitrogen in Effluent,qty_trww_n_in_effluent_tonne
TX:WALI:INC_TREATMENT_INDUSTRIAL,Total Nitrogen Removed in Treatment,qty_trww_n_removed_tonne
TX:WALI:INC_TREATMENT_INDUSTRIAL,Total Phosphorous in Effluent,qty_trww_p_in_effluent_tonne
TX:WALI:INC_TREATMENT_INDUSTRIAL,Total Phosphorous Removed in Treatment,qty_trww_p_removed_tonne
TX:WALI:INC_TREATMENT_INDUSTRIAL,Mass of Sludge Produced,qty_trww_sludge_produced_treated_secondary_aerobic_tonne
TX:WALI:INC_TREATMENT_INDUSTRIAL,Total COD Organic Waste in Effluent,qty_trww_tow_in_effluent_cod_treated_advanced_anaerobic_tonne
TX:WALI:INC_TREATMENT_INDUSTRIAL,Total COD Organic Waste in Effluent,qty_trww_tow_in_effluent_cod_treated_secondary_aerobic_tonne
TX:WALI:INC_TREATMENT_INDUSTRIAL,Total COD Organic Waste in Effluent,qty_trww_tow_in_effluent_cod_treated_secondary_anaerobic_tonne
TX:WALI:INC_TREATMENT_INDUSTRIAL,Total COD Organic Waste in Effluent,qty_trww_tow_in_effluent_cod_untreated_no_sewerage_tonne
TX:WALI:INC_TREATMENT_INDUSTRIAL,Total COD Organic Waste in Effluent,qty_trww_tow_in_effluent_cod_untreated_with_sewerage_tonne
TX:WALI:INC_TREATMENT_INDUSTRIAL,Total Waste Anaerobic Biogas,qty_waso_biogas_sludge_tonne
TX:WALI:INC_TREATMENT_INDUSTRIAL,Total Waste Composted,qty_waso_compost_sludge_tonne
TX:WALI:INC_TREATMENT_INDUSTRIAL,Total Waste Incinerated,qty_waso_incinerated_sludge_tonne
TX:WALI:INC_TREATMENT_INDUSTRIAL,Total Waste Open Dumped,qty_waso_open_dump_sludge_tonne
TX:WALI:INC_TREATMENT_INDUSTRIAL,Total Solid Waste Produced,qty_waso_total_sludge_produced_tonne
TX:WALI:INC_TREATMENT_INDUSTRIAL,Volume of Wastewater Treated,vol_trww_ww_treated_advanced_anaerobic_m3
TX:WALI:INC_TREATMENT_INDUSTRIAL,Volume of Wastewater Treated,vol_trww_ww_treated_secondary_aerobic_m3
TX:WALI:INC_TREATMENT_INDUSTRIAL,Volume of Wastewater Treated,vol_trww_ww_treated_secondary_anaerobic_m3
TX:WALI:INC_TREATMENT_INDUSTRIAL,Volume of Wastewater Treated,vol_trww_ww_untreated_no_sewerage_m3
TX:WALI:INC_TREATMENT_INDUSTRIAL,Volume of Wastewater Treated,vol_trww_ww_untreated_with_sewerage_m3
TX:WALI:INC_TREATMENT_RURAL,:math:\text{CH}_4 Emissions from Wastewater Treatment,emission_co2e_ch4_trww_treated_septic_treatment
TX:WALI:INC_TREATMENT_RURAL,:math:\text{CH}_4 Emissions from Wastewater Treatment,emission_co2e_ch4_trww_untreated_no_sewerage_treatment
TX:WALI:INC_TREATMENT_RURAL,:math:\text{CH}_4 Emissions from Wastewater Treatment,emission_co2e_ch4_trww_untreated_with_sewerage_treatment
TX:WALI:INC_TREATMENT_RURAL,:math:\text{CH}_4 Emissions from Anaerobic Biogas,emission_co2e_ch4_waso_biogas_sludge
TX:WALI:INC_TREATMENT_RURAL,:math:\text{CH}_4 Emissions from Composting,emission_co2e_ch4_waso_compost_sludge
TX:WALI:INC_TREATMENT_RURAL,:math:\text{CH}_4 Emissions from Incineration,emission_co2e_ch4_waso_incineration
TX:WALI:INC_TREATMENT_RURAL,:math:\text{CH}_4 Emissions from Open Dumping,emission_co2e_ch4_waso_open_dump_sludge
TX:WALI:INC_TREATMENT_RURAL,:math:\text{N}_2\text{O} Emissions from Wastewater Effluent,emission_co2e_n2o_trww_treated_septic_effluent
TX:WALI:INC_TREATMENT_RURAL,:math:\text{N}_2\text{O} Emissions from Wastewater Treatment,emission_co2e_n2o_trww_treated_septic_treatment
TX:WALI:INC_TREATMENT_RURAL,:math:\text{N}_2\text{O} Emissions from Wastewater Effluent,emission_co2e_n2o_trww_untreated_no_sewerage_effluent
TX:WALI:INC_TREATMENT_RURAL,:math:\text{N}_2\text{O} Emissions from Wastewater Treatment,emission_co2e_n2o_trww_untreated_no_sewerage_treatment
TX:WALI:INC_TREATMENT_RURAL,:math:\text{N}_2\text{O} Emissions from Wastewater Effluent,emission_co2e_n2o_trww_untreated_with_sewerage_effluent
TX:WALI:INC_TREATMENT_RURAL,:math:\text{N}_2\text{O} Emissions from Wastewater Treatment,emission_co2e_n2o_trww_untreated_with_sewerage_treatment
TX:WALI:INC_TREATMENT_RURAL,:math:\text{N}_2\text{O} Emissions from Composting,emission_co2e_n2o_waso_compost_sludge
TX:WALI:INC_TREATMENT_RURAL,:math:\text{N}_2\text{O} Emissions from Incineration,emission_co2e_n2o_waso_incineration
TX:WALI:INC_TREATMENT_RURAL,emission_co2e_subsector_total_trww,emission_co2e_subsector_total_trww
TX:WALI:INC_TREATMENT_RURAL,Biogas Recovered from Anaerobic Facilities,gasrecovered_waso_biogas_anaerobic_tonne
TX:WALI:INC_TREATMENT_RURAL,Total BOD Removed in Treatment,qty_trww_bod_removed_treated_septic_tonne
TX:WALI:INC_TREATMENT_RURAL,Total BOD Removed in Treatment,qty_trww_bod_removed_untreated_no_sewerage_tonne
TX:WALI:INC_TREATMENT_RURAL,Total BOD Removed in Treatment,qty_trww_bod_removed_untreated_with_sewerage_tonne
TX:WALI:INC_TREATMENT_RURAL,Total Nitrogen in Effluent,qty_trww_n_in_effluent_tonne
TX:WALI:INC_TREATMENT_RURAL,Total Nitrogen Removed in Treatment,qty_trww_n_removed_tonne
TX:WALI:INC_TREATMENT_RURAL,Mass of Sludge Produced,qty_trww_sludge_produced_treated_septic_tonne
TX:WALI:INC_TREATMENT_RURAL,Total BOD Organic Waste in Effluent,qty_trww_tow_in_effluent_bod_treated_septic_tonne
TX:WALI:INC_TREATMENT_RURAL,Total BOD Organic Waste in Effluent,qty_trww_tow_in_effluent_bod_untreated_no_sewerage_tonne
TX:WALI:INC_TREATMENT_RURAL,Total BOD Organic Waste in Effluent,qty_trww_tow_in_effluent_bod_untreated_with_sewerage_tonne
TX:WALI:INC_TREATMENT_RURAL,Total Waste Anaerobic Biogas,qty_waso_biogas_sludge_tonne
TX:WALI:INC_TREATMENT_RURAL,Total Waste Composted,qty_waso_compost_sludge_tonne
TX:WALI:INC_TREATMENT_RURAL,Total Waste Incinerated,qty_waso_incinerated_sludge_tonne
TX:WALI:INC_TREATMENT_RURAL,Total MSW Recovered for Energy,qty_waso_msw_recovered_for_energy_incineration_tonne
TX:WALI:INC_TREATMENT_RURAL,Total Waste Open Dumped,qty_waso_open_dump_sludge_tonne
TX:WALI:INC_TREATMENT_RURAL,Total Solid Waste Produced,qty_waso_total_sludge_produced_tonne
TX:WALI:INC_TREATMENT_RURAL,Volume of Wastewater Treated,vol_trww_ww_treated_septic_m3
TX:WALI:INC_TREATMENT_RURAL,Volume of Wastewater Treated,vol_trww_ww_untreated_no_sewerage_m3
TX:WALI:INC_TREATMENT_RURAL,Volume of Wastewater Treated,vol_trww_ww_untreated_with_sewerage_m3
TX:WALI:INC_TREATMENT_URBAN,:math:\text{CH}_4 Emissions from Wastewater Treatment,emission_co2e_ch4_trww_treated_advanced_aerobic_treatment
TX:WALI:INC_TREATMENT_URBAN,:math:\text{CH}_4 Emissions from Wastewater Treatment,emission_co2e_ch4_trww_treated_advanced_anaerobic_treatment
TX:WALI:INC_TREATMENT_URBAN,:math:\text{CH}_4 Emissions from Wastewater Treatment,emission_co2e_ch4_trww_treated_secondary_aerobic_treatment
TX:WALI:INC_TREATMENT_URBAN,:math:\text{CH}_4 Emissions from Wastewater Treatment,emission_co2e_ch4_trww_treated_secondary_anaerobic_treatment
TX:WALI:INC_TREATMENT_URBAN,:math:\text{CH}_4 Emissions from Wastewater Treatment,emission_co2e_ch4_trww_untreated_no_sewerage_treatment
TX:WALI:INC_TREATMENT_URBAN,:math:\text{CH}_4 Emissions from Wastewater Treatment,emission_co2e_ch4_trww_untreated_with_sewerage_treatment
TX:WALI:INC_TREATMENT_URBAN,:math:\text{CH}_4 Emissions from Anaerobic Biogas,emission_co2e_ch4_waso_biogas_sludge
TX:WALI:INC_TREATMENT_URBAN,:math:\text{CH}_4 Emissions from Composting,emission_co2e_ch4_waso_compost_sludge
TX:WALI:INC_TREATMENT_URBAN,:math:\text{CH}_4 Emissions from Incineration,emission_co2e_ch4_waso_incineration
TX:WALI:INC_TREATMENT_URBAN,:math:\text{CH}_4 Emissions from Open Dumping,emission_co2e_ch4_waso_open_dump_sludge
TX:WALI:INC_TREATMENT_URBAN,:math:\text{N}_2\text{O} Emissions from Wastewater Effluent,emission_co2e_n2o_trww_treated_advanced_aerobic_effluent
TX:WALI:INC_TREATMENT_URBAN,:math:\text{N}_2\text{O} Emissions from Wastewater Treatment,emission_co2e_n2o_trww_treated_advanced_aerobic_treatment
TX:WALI:INC_TREATMENT_URBAN,:math:\text{N}_2\text{O} Emissions from Wastewater Effluent,emission_co2e_n2o_trww_treated_advanced_anaerobic_effluent
TX:WALI:INC_TREATMENT_URBAN,:math:\text{N}_2\text{O} Emissions from Wastewater Treatment,emission_co2e_n2o_trww_treated_advanced_anaerobic_treatment
TX:WALI:INC_TREATMENT_URBAN,:math:\text{N}_2\text{O} Emissions from Wastewater Effluent,emission_co2e_n2o_trww_treated_secondary_aerobic_effluent
TX:WALI:INC_TREATMENT_URBAN,:math:\text{N}_2\text{O} Emissions from Wastewater Treatment,emission_co2e_n2o_trww_treated_secondary_aerobic_treatment
TX:WALI:INC_TREATMENT_URBAN,:math:\text{N}_2\text{O} Emissions from Wastewater Effluent,emission_co2e_n2o_trww_treated_secondary_anaerobic_effluent
TX:WALI:INC_TREATMENT_URBAN,:math:\text{N}_2\text{O} Emissions from Wastewater Treatment,emission_co2e_n2o_trww_treated_secondary_anaerobic_treatment
TX:WALI:INC_TREATMENT_URBAN,:math:\text{N}_2\text{O} Emissions from Wastewater Effluent,emission_co2e_n2o_trww_untreated_no_sewerage_effluent
TX:WALI:INC_TREATMENT_URBAN,:math:\text{N}_2\text{O} Emissions from Wastewater Treatment,emission_co2e_n2o_trww_untreated_no_sewerage_treatment
TX:WALI:INC_TREATMENT_URBAN,:math:\text{N}_2\text{O} Emissions from Wastewater Effluent,emission_co2e_n2o_trww_untreated_with_sewerage_effluent
TX:WALI:INC_TREATMENT_URBAN,:math:\text{N}_2\text{O} Emissions from Wastewater Treatment,emission_co2e_n2o_trww_untreated_with_sewerage_treatment
TX:WALI:INC_TREATMENT_URBAN,:math:\text{N}_2\text{O} Emissions from Composting,emission_co2e_n2o_waso_compost_sludge
TX:WALI:INC_TREATMENT_URBAN,:math:\text{N}_2\text{O} Emissions from Incineration,emission_co2e_n2o_waso_incineration
TX:WALI:INC_TREATMENT_URBAN,emission_co2e_subsector_total_trww,emission_co2e_subsector_total_trww
TX:WALI:INC_TREATMENT_URBAN,Biogas Recovered from Anaerobic Facilities,gasrecovered_waso_biogas_anaerobic_tonne
TX:WALI:INC_TREATMENT_URBAN,Total BOD Removed in Treatment,qty_trww_bod_removed_treated_advanced_aerobic_tonne
TX:WALI:INC_TREATMENT_URBAN,Total BOD Removed in Treatment,qty_trww_bod_removed_treated_advanced_anaerobic_tonne
TX:WALI:INC_TREATMENT_URBAN,Total BOD Removed in Treatment,qty_trww_bod_removed_treated_secondary_aerobic_tonne
TX:WALI:INC_TREATMENT_URBAN,Total BOD Removed in Treatment,qty_trww_bod_removed_treated_secondary_anaerobic_tonne
TX:WALI:INC_TREATMENT_URBAN,Total BOD Removed in Treatment,qty_trww_bod_removed_untreated_no_sewerage_tonne
TX:WALI:INC_TREATMENT_URBAN,Total BOD Removed in Treatment,qty_trww_bod_removed_untreated_with_sewerage_tonne
TX:WALI:INC_TREATMENT_URBAN,Total Nitrogen in Effluent,qty_trww_n_in_effluent_tonne
TX:WALI:INC_TREATMENT_URBAN,Total Nitrogen Removed in Treatment,qty_trww_n_removed_tonne
TX:WALI:INC_TREATMENT_URBAN,Mass of Sludge Produced,qty_trww_sludge_produced_treated_advanced_aerobic_tonne
TX:WALI:INC_TREATMENT_URBAN,Mass of Sludge Produced,qty_trww_sludge_produced_treated_secondary_aerobic_tonne
TX:WALI:INC_TREATMENT_URBAN,Total BOD Organic Waste in Effluent,qty_trww_tow_in_effluent_bod_treated_advanced_aerobic_tonne
TX:WALI:INC_TREATMENT_URBAN,Total BOD Organic Waste in Effluent,qty_trww_tow_in_effluent_bod_treated_advanced_anaerobic_tonne
TX:WALI:INC_TREATMENT_URBAN,Total BOD Organic Waste in Effluent,qty_trww_tow_in_effluent_bod_treated_secondary_aerobic_tonne
TX:WALI:INC_TREATMENT_URBAN,Total BOD Organic Waste in Effluent,qty_trww_tow_in_effluent_bod_treated_secondary_anaerobic_tonne
TX:WALI:INC_TREATMENT_URBAN,Total BOD Organic Waste in Effluent,qty_trww_tow_in_effluent_bod_untreated_no_sewerage_tonne
TX:WALI:INC_TREATMENT_URBAN,Total BOD Organic Waste in Effluent,qty_trww_tow_in_effluent_bod_untreated_with_sewerage_tonne
TX:WALI:INC_TREATMENT_URBAN,Total Waste Anaerobic Biogas,qty_waso_biogas_sludge_tonne
TX:WALI:INC_TREATMENT_URBAN,Total Waste Composted,qty_waso_compost_sludge_tonne
TX:WALI:INC_TREATMENT_URBAN,Total Waste Incinerated,qty_waso_incinerated_sludge_tonne
TX:WALI:INC_TREATMENT_URBAN,Total MSW Recovered for Energy,qty_waso_msw_recovered_for_energy_incineration_tonne
TX:WALI:INC_TREATMENT_URBAN,Total Waste Open Dumped,qty_waso_open_dump_sludge_tonne
TX:WALI:INC_TREATMENT_URBAN,Total Solid Waste Produced,qty_waso_total_sludge_produced_tonne
TX:WALI:INC_TREATMENT_URBAN,Volume of Wastewater Treated,vol_trww_ww_treated_advanced_aerobic_m3
TX:WALI:INC_TREATMENT_URBAN,Volume of Wastewater Treated,vol_trww_ww_treated_advanced_anaerobic_m3
TX:WALI:INC_TREATMENT_URBAN,Volume of Wastewater Treated,vol_trww_ww_treated_secondary_aerobic_m3
TX:WALI:INC_TREATMENT_URBAN,Volume of Wastewater Treated,vol_trww_ww_treated_secondary_anaerobic_m3
TX:WALI:INC_TREATMENT_URBAN,Volume of Wastewater Treated,vol_trww_ww_untreated_no_sewerage_m3
TX:WALI:INC_TREATMENT_URBAN,Volume of Wastewater Treated,vol_trww_ww_untreated_with_sewerage_m3
TX:WALI:INC_TREATMENT_URBAN_STRATEGY_CONDITIONAL,:math:\text{CH}_4 Emissions from Wastewater Treatment,emission_co2e_ch4_trww_treated_advanced_aerobic_treatment
TX:WALI:INC_TREATMENT_URBAN_STRATEGY_CONDITIONAL,:math:\text{CH}_4 Emissions from Wastewater Treatment,emission_co2e_ch4_trww_treated_advanced_anaerobic_treatment
TX:WALI:INC_TREATMENT_URBAN_STRATEGY_CONDITIONAL,:math:\text{CH}_4 Emissions from Wastewater Treatment,emission_co2e_ch4_trww_treated_secondary_aerobic_treatment
TX:WALI:INC_TREATMENT_URBAN_STRATEGY_CONDITIONAL,:math:\text{CH}_4 Emissions from Wastewater Treatment,emission_co2e_ch4_trww_treated_secondary_anaerobic_treatment
TX:WALI:INC_TREATMENT_URBAN_STRATEGY_CONDITIONAL,:math:\text{CH}_4 Emissions from Wastewater Treatment,emission_co2e_ch4_trww_untreated_no_sewerage_treatment
TX:WALI:INC_TREATMENT_URBAN_STRATEGY_CONDITIONAL,:math:\text{CH}_4 Emissions from Wastewater Treatment,emission_co2e_ch4_trww_untreated_with_sewerage_treatment
TX:WALI:INC_TREATMENT_URBAN_STRATEGY_CONDITIONAL,:math:\text{CH}_4 Emissions from Anaerobic Biogas,emission_co2e_ch4_waso_biogas_sludge
TX:WALI:INC_TREATMENT_URBAN_STRATEGY_CONDITIONAL,:math:\text{CH}_4 Emissions from Composting,emission_co2e_ch4_waso_compost_sludge
TX:WALI:INC_TREATMENT_URBAN_STRATEGY_CONDITIONAL,:math:\text{CH}_4 Emissions from Incineration,emission_co2e_ch4_waso_incineration
TX:WALI:INC_TREATMENT_URBAN_STRATEGY_CONDITIONAL,:math:\text{CH}_4 Emissions from Open Dumping,emission_co2e_ch4_waso_open_dump_sludge
TX:WALI:INC_TREATMENT_URBAN_STRATEGY_CONDITIONAL,:math:\text{N}_2\text{O} Emissions from Wastewater Effluent,emission_co2e_n2o_trww_treated_advanced_aerobic_effluent
TX:WALI:INC_TREATMENT_URBAN_STRATEGY_CONDITIONAL,:math:\text{N}_2\text{O} Emissions from Wastewater Treatment,emission_co2e_n2o_trww_treated_advanced_aerobic_treatment
TX:WALI:INC_TREATMENT_URBAN_STRATEGY_CONDITIONAL,:math:\text{N}_2\text{O} Emissions from Wastewater Effluent,emission_co2e_n2o_trww_treated_advanced_anaerobic_effluent
TX:WALI:INC_TREATMENT_URBAN_STRATEGY_CONDITIONAL,:math:\text{N}_2\text{O} Emissions from Wastewater Treatment,emission_co2e_n2o_trww_treated_advanced_anaerobic_treatment
TX:WALI:INC_TREATMENT_URBAN_STRATEGY_CONDITIONAL,:math:\text{N}_2\text{O} Emissions from Wastewater Effluent,emission_co2e_n2o_trww_treated_secondary_aerobic_effluent
TX:WALI:INC_TREATMENT_URBAN_STRATEGY_CONDITIONAL,:math:\text{N}_2\text{O} Emissions from Wastewater Treatment,emission_co2e_n2o_trww_treated_secondary_aerobic_treatment
TX:WALI:INC_TREATMENT_URBAN_STRATEGY_CONDITIONAL,:math:\text{N}_2\text{O} Emissions from Wastewater Effluent,emission_co2e_n2o_trww_treated_secondary_anaerobic_effluent
TX:WALI:INC_TREATMENT_URBAN_STRATEGY_CONDITIONAL,:math:\text{N}_2\text{O} Emissions from Wastewater Treatment,emission_co2e_n2o_trww_treated_secondary_anaerobic_treatment
TX:WALI:INC_TREATMENT_URBAN_STRATEGY_CONDITIONAL,:math:\text{N}_2\text{O} Emissions from Wastewater Effluent,emission_co2e_n2o_trww_untreated_no_sewerage_effluent
TX:WALI:INC_TREATMENT_URBAN_STRATEGY_CONDITIONAL,:math:\text{N}_2\text{O} Emissions from Wastewater Treatment,emission_co2e_n2o_trww_untreated_no_sewerage_treatment
TX:WALI:INC_TREATMENT_URBAN_STRATEGY_CONDITIONAL,:math:\text{N}_2\text{O} Emissions from Wastewater Effluent,emission_co2e_n2o_trww_untreated_with_sewerage_effluent
TX:WALI:INC_TREATMENT_URBAN_STRATEGY_CONDITIONAL,:math:\text{N}_2\text{O} Emissions from Wastewater Treatment,emission_co2e_n2o_trww_untreated_with_sewerage_treatment
TX:WALI:INC_TREATMENT_URBAN_STRATEGY_CONDITIONAL,:math:\text{N}_2\text{O} Emissions from Composting,emission_co2e_n2o_waso_compost_sludge
TX:WALI:INC_TREATMENT_URBAN_STRATEGY_CONDITIONAL,:math:\text{N}_2\text{O} Emissions from Incineration,emission_co2e_n2o_waso_incineration
TX:WALI:INC_TREATMENT_URBAN_STRATEGY_CONDITIONAL,emission_co2e_subsector_total_trww,emission_co2e_subsector_total_trww
TX:WALI:INC_TREATMENT_URBAN_STRATEGY_CONDITIONAL,Biogas Recovered from Anaerobic Facilities,gasrecovered_waso_biogas_anaerobic_tonne
TX:WALI:INC_TREATMENT_URBAN_STRATEGY_CONDITIONAL,Total BOD Removed in Treatment,qty_trww_bod_removed_treated_advanced_aerobic_tonne
TX:WALI:INC_TREATMENT_URBAN_STRATEGY_CONDITIONAL,Total BOD Removed in Treatment,qty_trww_bod_removed_treated_advanced_anaerobic_tonne
TX:WALI:INC_TREATMENT_URBAN_STRATEGY_CONDITIONAL,Total BOD Removed in Treatment,qty_trww_bod_removed_treated_secondary_aerobic_tonne
TX:WALI:INC_TREATMENT_URBAN_STRATEGY_CONDITIONAL,Total BOD Removed in Treatment,qty_trww_bod_removed_treated_secondary_anaerobic_tonne
TX:WALI:INC_TREATMENT_URBAN_STRATEGY_CONDITIONAL,Total BOD Removed in Treatment,qty_trww_bod_removed_untreated_no_sewerage_tonne
TX:WALI:INC_TREATMENT_URBAN_STRATEGY_CONDITIONAL,Total BOD Removed in Treatment,qty_trww_bod_removed_untreated_with_sewerage_tonne
TX:WALI:INC_TREATMENT_URBAN_STRATEGY_CONDITIONAL,Total Nitrogen in Effluent,qty_trww_n_in_effluent_tonne
TX:WALI:INC_TREATMENT_URBAN_STRATEGY_CONDITIONAL,Total Nitrogen Removed in Treatment,qty_trww_n_removed_tonne
TX:WALI:INC_TREATMENT_URBAN_STRATEGY_CONDITIONAL,Mass of Sludge Produced,qty_trww_sludge_produced_treated_advanced_aerobic_tonne
TX:WALI:INC_TREATMENT_URBAN_STRATEGY_CONDITIONAL,Mass of Sludge Produced,qty_trww_sludge_produced_treated_secondary_aerobic_tonne
TX:WALI:INC_TREATMENT_URBAN_STRATEGY_CONDITIONAL,Total BOD Organic Waste in Effluent,qty_trww_tow_in_effluent_bod_treated_advanced_aerobic_tonne
TX:WALI:INC_TREATMENT_URBAN_STRATEGY_CONDITIONAL,Total BOD Organic Waste in Effluent,qty_trww_tow_in_effluent_bod_treated_advanced_anaerobic_tonne
TX:WALI:INC_TREATMENT_URBAN_STRATEGY_CONDITIONAL,Total BOD Organic Waste in Effluent,qty_trww_tow_in_effluent_bod_treated_secondary_aerobic_tonne
TX:WALI:INC_TREATMENT_URBAN_STRATEGY_CONDITIONAL,Total BOD Organic Waste in Effluent,qty_trww_tow_in_effluent_bod_treated_secondary_anaerobic_tonne
TX:WALI:INC_TREATMENT_URBAN_STRATEGY_CONDITIONAL,Total BOD Organic Waste in Effluent,qty_trww_tow_in_effluent_bod_untreated_no_sewerage_tonne
TX:WALI:INC_TREATMENT_URBAN_STRATEGY_CONDITIONAL,Total BOD Organic Waste in Effluent,qty_trww_tow_in_effluent_bod_untreated_with_sewerage_tonne
TX:WALI:INC_TREATMENT_URBAN_STRATEGY_CONDITIONAL,Total Waste Anaerobic Biogas,qty_waso_biogas_sludge_tonne
TX:WALI:INC_TREATMENT_URBAN_STRATEGY_CONDITIONAL,Total Waste Composted,qty_waso_compost_sludge_tonne
TX:WALI:INC_TREATMENT_URBAN_STRATEGY_CONDITIONAL,Total Waste Incinerated,qty_waso_incinerated_sludge_tonne
TX:WALI:INC_TREATMENT_URBAN_STRATEGY_CONDITIONAL,Total MSW Recovered for Energy,qty_waso_msw_recovered_for_energy_incineration_tonne
TX:WALI:INC_TREATMENT_URBAN_STRATEGY_CONDITIONAL,Total Waste Open Dumped,qty_waso_open_dump_sludge_tonne
TX:WALI:INC_TREATMENT_URBAN_STRATEGY_CONDITIONAL,Total Solid Waste Produced,qty_waso_total_sludge_produced_tonne
TX:WALI:INC_TREATMENT_URBAN_STRATEGY_CONDITIONAL,Volume of Wastewater Treated,vol_trww_ww_treated_advanced_aerobic_m3
TX:WALI:INC_TREATMENT_URBAN_STRATEGY_CONDITIONAL,Volume of Wastewater Treated,vol_trww_ww_treated_advanced_anaerobic_m3
TX:WALI:INC_TREATMENT_URBAN_STRATEGY_CONDITIONAL,Volume of Wastewater Treated,vol_trww_ww_treated_secondary_aerobic_m3
TX:WALI:INC_TREATMENT_URBAN_STRATEGY_CONDITIONAL,Volume of Wastewater Treated,vol_trww_ww_treated_secondary_anaerobic_m3
TX:WALI:INC_TREATMENT_URBAN_STRATEGY_CONDITIONAL,Volume of Wastewater Treated,vol_trww_ww_untreated_no_sewerage_m3
TX:WALI:INC_TREATMENT_URBAN_STRATEGY_CONDITIONAL,Volume of Wastewater Treated,vol_trww_ww_untreated_with_sewerage_m3
TX:WALI:INC_TREATMENT_URBAN_STRATEGY_LEP,:math:\text{CH}_4 Emissions from Wastewater Treatment,emission_co2e_ch4_trww_treated_advanced_aerobic_treatment
TX:WALI:INC_TREATMENT_URBAN_STRATEGY_LEP,:math:\text{CH}_4 Emissions from Wastewater Treatment,emission_co2e_ch4_trww_treated_advanced_anaerobic_treatment
TX:WALI:INC_TREATMENT_URBAN_STRATEGY_LEP,:math:\text{CH}_4 Emissions from Wastewater Treatment,emission_co2e_ch4_trww_treated_secondary_aerobic_treatment
TX:WALI:INC_TREATMENT_URBAN_STRATEGY_LEP,:math:\text{CH}_4 Emissions from Wastewater Treatment,emission_co2e_ch4_trww_treated_secondary_anaerobic_treatment
TX:WALI:INC_TREATMENT_URBAN_STRATEGY_LEP,:math:\text{CH}_4 Emissions from Wastewater Treatment,emission_co2e_ch4_trww_untreated_no_sewerage_treatment
TX:WALI:INC_TREATMENT_URBAN_STRATEGY_LEP,:math:\text{CH}_4 Emissions from Wastewater Treatment,emission_co2e_ch4_trww_untreated_with_sewerage_treatment
TX:WALI:INC_TREATMENT_URBAN_STRATEGY_LEP,:math:\text{CH}_4 Emissions from Anaerobic Biogas,emission_co2e_ch4_waso_biogas_sludge
TX:WALI:INC_TREATMENT_URBAN_STRATEGY_LEP,:math:\text{CH}_4 Emissions from Composting,emission_co2e_ch4_waso_compost_sludge
TX:WALI:INC_TREATMENT_URBAN_STRATEGY_LEP,:math:\text{CH}_4 Emissions from Incineration,emission_co2e_ch4_waso_incineration
TX:WALI:INC_TREATMENT_URBAN_STRATEGY_LEP,:math:\text{CH}_4 Emissions from Open Dumping,emission_co2e_ch4_waso_open_dump_sludge
TX:WALI:INC_TREATMENT_URBAN_STRATEGY_LEP,:math:\text{N}_2\text{O} Emissions from Wastewater Effluent,emission_co2e_n2o_trww_treated_advanced_aerobic_effluent
TX:WALI:INC_TREATMENT_URBAN_STRATEGY_LEP,:math:\text{N}_2\text{O} Emissions from Wastewater Treatment,emission_co2e_n2o_trww_treated_advanced_aerobic_treatment
TX:WALI:INC_TREATMENT_URBAN_STRATEGY_LEP,:math:\text{N}_2\text{O} Emissions from Wastewater Effluent,emission_co2e_n2o_trww_treated_advanced_anaerobic_effluent
TX:WALI:INC_TREATMENT_URBAN_STRATEGY_LEP,:math:\text{N}_2\text{O} Emissions from Wastewater Treatment,emission_co2e_n2o_trww_treated_advanced_anaerobic_treatment
TX:WALI:INC_TREATMENT_URBAN_STRATEGY_LEP,:math:\text{N}_2\text{O} Emissions from Wastewater Effluent,emission_co2e_n2o_trww_treated_secondary_aerobic_effluent
TX:WALI:INC_TREATMENT_URBAN_STRATEGY_LEP,:math:\text{N}_2\text{O} Emissions from Wastewater Treatment,emission_co2e_n2o_trww_treated_secondary_aerobic_treatment
TX:WALI:INC_TREATMENT_URBAN_STRATEGY_LEP,:math:\text{N}_2\text{O} Emissions from Wastewater Effluent,emission_co2e_n2o_trww_treated_secondary_anaerobic_effluent
TX:WALI:INC_TREATMENT_URBAN_STRATEGY_LEP,:math:\text{N}_2\text{O} Emissions from Wastewater Treatment,emission_co2e_n2o_trww_treated_secondary_anaerobic_treatment
TX:WALI:INC_TREATMENT_URBAN_STRATEGY_LEP,:math:\text{N}_2\text{O} Emissions from Wastewater Effluent,emission_co2e_n2o_trww_untreated_no_sewerage_effluent
TX:WALI:INC_TREATMENT_URBAN_STRATEGY_LEP,:math:\text{N}_2\text{O} Emissions from Wastewater Treatment,emission_co2e_n2o_trww_untreated_no_sewerage_treatment
TX:WALI:INC_TREATMENT_URBAN_STRATEGY_LEP,:math:\text{N}_2\text{O} Emissions from Wastewater Effluent,emission_co2e_n2o_trww_untreated_with_sewerage_effluent
TX:WALI:INC_TREATMENT_URBAN_STRATEGY_LEP,:math:\text{N}_2\text{O} Emissions from Wastewater Treatment,emission_co2e_n2o_trww_untreated_with_sewerage_treatment
TX:WALI:INC_TREATMENT_URBAN_STRATEGY_LEP,:math:\text{N}_2\text{O} Emissions from Composting,emission_co2e_n2o_waso_compost_sludge
TX:WALI:INC_TREATMENT_URBAN_STRATEGY_LEP,:math:\text{N}_2\text{O} Emissions from Incineration,emission_co2e_n2o_waso_incineration
TX:WALI:INC_TREATMENT_URBAN_STRATEGY_LEP,emission_co2e_subsector_total_trww,emission_co2e_subsector_total_trww
TX:WALI:INC_TREATMENT_URBAN_STRATEGY_LEP,Biogas Recovered from Anaerobic Facilities,gasrecovered_waso_biogas_anaerobic_tonne
TX:WALI:INC_TREATMENT_URBAN_STRATEGY_LEP,Total BOD Removed in Treatment,qty_trww_bod_removed_treated_advanced_aerobic_tonne
TX:WALI:INC_TREATMENT_URBAN_STRATEGY_LEP,Total BOD Removed in Treatment,qty_trww_bod_removed_treated_advanced_anaerobic_tonne
TX:WALI:INC_TREATMENT_URBAN_STRATEGY_LEP,Total BOD Removed in Treatment,qty_trww_bod_removed_treated_secondary_aerobic_tonne
TX:WALI:INC_TREATMENT_URBAN_STRATEGY_LEP,Total BOD Removed in Treatment,qty_trww_bod_removed_treated_secondary_anaerobic_tonne
TX:WALI:INC_TREATMENT_URBAN_STRATEGY_LEP,Total BOD Removed in Treatment,qty_trww_bod_removed_untreated_no_sewerage_tonne
TX:WALI:INC_TREATMENT_URBAN_STRATEGY_LEP,Total BOD Removed in Treatment,qty_trww_bod_removed_untreated_with_sewerage_tonne
TX:WALI:INC_TREATMENT_URBAN_STRATEGY_LEP,Total Nitrogen in Effluent,qty_trww_n_in_effluent_tonne
TX:WALI:INC_TREATMENT_URBAN_STRATEGY_LEP,Total Nitrogen Removed in Treatment,qty_trww_n_removed_tonne
TX:WALI:INC_TREATMENT_URBAN_STRATEGY_LEP,Mass of Sludge Produced,qty_trww_sludge_produced_treated_advanced_aerobic_tonne
TX:WALI:INC_TREATMENT_URBAN_STRATEGY_LEP,Mass of Sludge Produced,qty_trww_sludge_produced_treated_secondary_aerobic_tonne
TX:WALI:INC_TREATMENT_URBAN_STRATEGY_LEP,Total BOD Organic Waste in Effluent,qty_trww_tow_in_effluent_bod_treated_advanced_aerobic_tonne
TX:WALI:INC_TREATMENT_URBAN_STRATEGY_LEP,Total BOD Organic Waste in Effluent,qty_trww_tow_in_effluent_bod_treated_advanced_anaerobic_tonne
TX:WALI:INC_TREATMENT_URBAN_STRATEGY_LEP,Total BOD Organic Waste in Effluent,qty_trww_tow_in_effluent_bod_treated_secondary_aerobic_tonne
TX:WALI:INC_TREATMENT_URBAN_STRATEGY_LEP,Total BOD Organic Waste in Effluent,qty_trww_tow_in_effluent_bod_treated_secondary_anaerobic_tonne
TX:WALI:INC_TREATMENT_URBAN_STRATEGY_LEP,Total BOD Organic Waste in Effluent,qty_trww_tow_in_effluent_bod_untreated_no_sewerage_tonne
TX:WALI:INC_TREATMENT_URBAN_STRATEGY_LEP,Total BOD Organic Waste in Effluent,qty_trww_tow_in_effluent_bod_untreated_with_sewerage_tonne
TX:WALI:INC_TREATMENT_URBAN_STRATEGY_LEP,Total Waste Anaerobic Biogas,qty_waso_biogas_sludge_tonne
TX:WALI:INC_TREATMENT_URBAN_STRATEGY_LEP,Total Waste Composted,qty_waso_compost_sludge_tonne
TX:WALI:INC_TREATMENT_URBAN_STRATEGY_LEP,Total Waste Incinerated,qty_waso_incinerated_sludge_tonne
TX:WALI:INC_TREATMENT_URBAN_STRATEGY_LEP,Total MSW Recovered for Energy,qty_waso_msw_recovered_for_energy_incineration_tonne
TX:WALI:INC_TREATMENT_URBAN_STRATEGY_LEP,Total Waste Open Dumped,qty_waso_open_dump_sludge_tonne
TX:WALI:INC_TREATMENT_URBAN_STRATEGY_LEP,Total Solid Waste Produced,qty_waso_total_sludge_produced_tonne
TX:WALI:INC_TREATMENT_URBAN_STRATEGY_LEP,Volume of Wastewater Treated,vol_trww_ww_treated_advanced_aerobic_m3
TX:WALI:INC_TREATMENT_URBAN_STRATEGY_LEP,Volume of Wastewater Treated,vol_trww_ww_treated_advanced_anaerobic_m3
TX:WALI:INC_TREATMENT_URBAN_STRATEGY_LEP,Volume of Wastewater Treated,vol_trww_ww_treated_secondary_aerobic_m3
TX:WALI:INC_TREATMENT_URBAN_STRATEGY_LEP,Volume of Wastewater Treated,vol_trww_ww_treated_secondary_anaerobic_m3
TX:WALI:INC_TREATMENT_URBAN_STRATEGY_LEP,Volume of Wastewater Treated,vol_trww_ww_untreated_no_sewerage_m3
TX:WALI:INC_TREATMENT_URBAN_STRATEGY_LEP,Volume of Wastewater Treated,vol_trww_ww_untreated_with_sewerage_m3
TX:WALI:INC_TREATMENT_URBAN_STRATEGY_NDC,:math:\text{CH}_4 Emissions from Wastewater Treatment,emission_co2e_ch4_trww_treated_advanced_aerobic_treatment
TX:WALI:INC_TREATMENT_URBAN_STRATEGY_NDC,:math:\text{CH}_4 Emissions from Wastewater Treatment,emission_co2e_ch4_trww_treated_advanced_anaerobic_treatment
TX:WALI:INC_TREATMENT_URBAN_STRATEGY_NDC,:math:\text{CH}_4 Emissions from Wastewater Treatment,emission_co2e_ch4_trww_treated_secondary_aerobic_treatment
TX:WALI:INC_TREATMENT_URBAN_STRATEGY_NDC,:math:\text{CH}_4 Emissions from Wastewater Treatment,emission_co2e_ch4_trww_treated_secondary_anaerobic_treatment
TX:WALI:INC_TREATMENT_URBAN_STRATEGY_NDC,:math:\text{CH}_4 Emissions from Wastewater Treatment,emission_co2e_ch4_trww_untreated_no_sewerage_treatment
TX:WALI:INC_TREATMENT_URBAN_STRATEGY_NDC,:math:\text{CH}_4 Emissions from Wastewater Treatment,emission_co2e_ch4_trww_untreated_with_sewerage_treatment
TX:WALI:INC_TREATMENT_URBAN_STRATEGY_NDC,:math:\text{CH}_4 Emissions from Anaerobic Biogas,emission_co2e_ch4_waso_biogas_sludge
TX:WALI:INC_TREATMENT_URBAN_STRATEGY_NDC,:math:\text{CH}_4 Emissions from Composting,emission_co2e_ch4_waso_compost_sludge
TX:WALI:INC_TREATMENT_URBAN_STRATEGY_NDC,:math:\text{CH}_4 Emissions from Incineration,emission_co2e_ch4_waso_incineration
TX:WALI:INC_TREATMENT_URBAN_STRATEGY_NDC,:math:\text{CH}_4 Emissions from Open Dumping,emission_co2e_ch4_waso_open_dump_sludge
TX:WALI:INC_TREATMENT_URBAN_STRATEGY_NDC,:math:\text{N}_2\text{O} Emissions from Wastewater Effluent,emission_co2e_n2o_trww_treated_advanced_aerobic_effluent
TX:WALI:INC_TREATMENT_URBAN_STRATEGY_NDC,:math:\text{N}_2\text{O} Emissions from Wastewater Treatment,emission_co2e_n2o_trww_treated_advanced_aerobic_treatment
TX:WALI:INC_TREATMENT_URBAN_STRATEGY_NDC,:math:\text{N}_2\text{O} Emissions from Wastewater Effluent,emission_co2e_n2o_trww_treated_advanced_anaerobic_effluent
TX:WALI:INC_TREATMENT_URBAN_STRATEGY_NDC,:math:\text{N}_2\text{O} Emissions from Wastewater Treatment,emission_co2e_n2o_trww_treated_advanced_anaerobic_treatment
TX:WALI:INC_TREATMENT_URBAN_STRATEGY_NDC,:math:\text{N}_2\text{O} Emissions from Wastewater Effluent,emission_co2e_n2o_trww_treated_secondary_aerobic_effluent
TX:WALI:INC_TREATMENT_URBAN_STRATEGY_NDC,:math:\text{N}_2\text{O} Emissions from Wastewater Treatment,emission_co2e_n2o_trww_treated_secondary_aerobic_treatment
TX:WALI:INC_TREATMENT_URBAN_STRATEGY_NDC,:math:\text{N}_2\text{O} Emissions from Wastewater Effluent,emission_co2e_n2o_trww_treated_secondary_anaerobic_effluent
TX:WALI:INC_TREATMENT_URBAN_STRATEGY_NDC,:math:\text{N}_2\text{O} Emissions from Wastewater Treatment,emission_co2e_n2o_trww_treated_secondary_anaerobic_treatment
TX:WALI:INC_TREATMENT_URBAN_STRATEGY_NDC,:math:\text{N}_2\text{O} Emissions from Wastewater Effluent,emission_co2e_n2o_trww_untreated_no_sewerage_effluent
TX:WALI:INC_TREATMENT_URBAN_STRATEGY_NDC,:math:\text{N}_2\text{O} Emissions from Wastewater Treatment,emission_co2e_n2o_trww_untreated_no_sewerage_treatment
TX:WALI:INC_TREATMENT_URBAN_STRATEGY_NDC,:math:\text{N}_2\text{O} Emissions from Wastewater Effluent,emission_co2e_n2o_trww_untreated_with_sewerage_effluent
TX:WALI:INC_TREATMENT_URBAN_STRATEGY_NDC,:math:\text{N}_2\text{O} Emissions from Wastewater Treatment,emission_co2e_n2o_trww_untreated_with_sewerage_treatment
TX:WALI:INC_TREATMENT_URBAN_STRATEGY_NDC,:math:\text{N}_2\text{O} Emissions from Composting,emission_co2e_n2o_waso_compost_sludge
TX:WALI:INC_TREATMENT_URBAN_STRATEGY_NDC,:math:\text{N}_2\text{O} Emissions from Incineration,emission_co2e_n2o_waso_incineration
TX:WALI:INC_TREATMENT_URBAN_STRATEGY_NDC,emission_co2e_subsector_total_trww,emission_co2e_subsector_total_trww
TX:WALI:INC_TREATMENT_URBAN_STRATEGY_NDC,Biogas Recovered from Anaerobic Facilities,gasrecovered_waso_biogas_anaerobic_tonne
TX:WALI:INC_TREATMENT_URBAN_STRATEGY_NDC,Total BOD Removed in Treatment,qty_trww_bod_removed_treated_advanced_aerobic_tonne
TX:WALI:INC_TREATMENT_URBAN_STRATEGY_NDC,Total BOD Removed in Treatment,qty_trww_bod_removed_treated_advanced_anaerobic_tonne
TX:WALI:INC_TREATMENT_URBAN_STRATEGY_NDC,Total BOD Removed in Treatment,qty_trww_bod_removed_treated_secondary_aerobic_tonne
TX:WALI:INC_TREATMENT_URBAN_STRATEGY_NDC,Total BOD Removed in Treatment,qty_trww_bod_removed_treated_secondary_anaerobic_tonne
TX:WALI:INC_TREATMENT_URBAN_STRATEGY_NDC,Total BOD Removed in Treatment,qty_trww_bod_removed_untreated_no_sewerage_tonne
TX:WALI:INC_TREATMENT_URBAN_STRATEGY_NDC,Total BOD Removed in Treatment,qty_trww_bod_removed_untreated_with_sewerage_tonne
TX:WALI:INC_TREATMENT_URBAN_STRATEGY_NDC,Total Nitrogen in Effluent,qty_trww_n_in_effluent_tonne
TX:WALI:INC_TREATMENT_URBAN_STRATEGY_NDC,Total Nitrogen Removed in Treatment,qty_trww_n_removed_tonne
TX:WALI:INC_TREATMENT_URBAN_STRATEGY_NDC,Mass of Sludge Produced,qty_trww_sludge_produced_treated_advanced_aerobic_tonne
TX:WALI:INC_TREATMENT_URBAN_STRATEGY_NDC,Mass of Sludge Produced,qty_trww_sludge_produced_treated_secondary_aerobic_tonne
TX:WALI:INC_TREATMENT_URBAN_STRATEGY_NDC,Total BOD Organic Waste in Effluent,qty_trww_tow_in_effluent_bod_treated_advanced_aerobic_tonne
TX:WALI:INC_TREATMENT_URBAN_STRATEGY_NDC,Total BOD Organic Waste in Effluent,qty_trww_tow_in_effluent_bod_treated_advanced_anaerobic_tonne
TX:WALI:INC_TREATMENT_URBAN_STRATEGY_NDC,Total BOD Organic Waste in Effluent,qty_trww_tow_in_effluent_bod_treated_secondary_aerobic_tonne
TX:WALI:INC_TREATMENT_URBAN_STRATEGY_NDC,Total BOD Organic Waste in Effluent,qty_trww_tow_in_effluent_bod_treated_secondary_anaerobic_tonne
TX:WALI:INC_TREATMENT_URBAN_STRATEGY_NDC,Total BOD Organic Waste in Effluent,qty_trww_tow_in_effluent_bod_untreated_no_sewerage_tonne
TX:WALI:INC_TREATMENT_URBAN_STRATEGY_NDC,Total BOD Organic Waste in Effluent,qty_trww_tow_in_effluent_bod_untreated_with_sewerage_tonne
TX:WALI:INC_TREATMENT_URBAN_STRATEGY_NDC,Total Waste Anaerobic Biogas,qty_waso_biogas_sludge_tonne
TX:WALI:INC_TREATMENT_URBAN_STRATEGY_NDC,Total Waste Composted,qty_waso_compost_sludge_tonne
TX:WALI:INC_TREATMENT_URBAN_STRATEGY_NDC,Total Waste Incinerated,qty_waso_incinerated_sludge_tonne
TX:WALI:INC_TREATMENT_URBAN_STRATEGY_NDC,Total MSW Recovered for Energy,qty_waso_msw_recovered_for_energy_incineration_tonne
TX:WALI:INC_TREATMENT_URBAN_STRATEGY_NDC,Total Waste Open Dumped,qty_waso_open_dump_sludge_tonne
TX:WALI:INC_TREATMENT_URBAN_STRATEGY_NDC,Total Solid Waste Produced,qty_waso_total_sludge_produced_tonne
TX:WALI:INC_TREATMENT_URBAN_STRATEGY_NDC,Volume of Wastewater Treated,vol_trww_ww_treated_advanced_aerobic_m3
TX:WALI:INC_TREATMENT_URBAN_STRATEGY_NDC,Volume of Wastewater Treated,vol_trww_ww_treated_advanced_anaerobic_m3
TX:WALI:INC_TREATMENT_URBAN_STRATEGY_NDC,Volume of Wastewater Treated,vol_trww_ww_treated_secondary_aerobic_m3
TX:WALI:INC_TREATMENT_URBAN_STRATEGY_NDC,Volume of Wastewater Treated,vol_trww_ww_treated_secondary_anaerobic_m3
TX:WALI:INC_TREATMENT_URBAN_STRATEGY_NDC,Volume of Wastewater Treated,vol_trww_ww_untreated_no_sewerage_m3
TX:WALI:INC_TREATMENT_URBAN_STRATEGY_NDC,Volume of Wastewater Treated,vol_trww_ww_untreated_with_sewerage_m3
TX:WASO:DEC_CONSUMER_FOOD_WASTE,:math:\text{CH}_4 Emissions from Anaerobic Biogas,emission_co2e_ch4_waso_biogas_food
TX:WASO:DEC_CONSUMER_FOOD_WASTE,:math:\text{CH}_4 Emissions from Composting,emission_co2e_ch4_waso_compost_food
TX:WASO:DEC_CONSUMER_FOOD_WASTE,:math:\text{CH}_4 Emissions from Incineration,emission_co2e_ch4_waso_incineration
TX:WASO:DEC_CONSUMER_FOOD_WASTE,:math:\text{CH}_4 Emissions from Open Dumping,emission_co2e_ch4_waso_open_dump_food
TX:WASO:DEC_CONSUMER_FOOD_WASTE,:math:\text{N}_2\text{O} Emissions from Composting,emission_co2e_n2o_waso_compost_food
TX:WASO:DEC_CONSUMER_FOOD_WASTE,:math:\text{N}_2\text{O} Emissions from Incineration,emission_co2e_n2o_waso_incineration
TX:WASO:DEC_CONSUMER_FOOD_WASTE,emission_co2e_subsector_total_waso,emission_co2e_subsector_total_waso
TX:WASO:DEC_CONSUMER_FOOD_WASTE,Biogas Recovered from Anaerobic Facilities,gasrecovered_waso_biogas_anaerobic_tonne
TX:WASO:DEC_CONSUMER_FOOD_WASTE,Total Waste Anaerobic Biogas,qty_waso_biogas_food_tonne
TX:WASO:DEC_CONSUMER_FOOD_WASTE,Total Waste Composted,qty_waso_compost_food_tonne
TX:WASO:DEC_CONSUMER_FOOD_WASTE,Total Waste Incinerated,qty_waso_incinerated_food_tonne
TX:WASO:DEC_CONSUMER_FOOD_WASTE,Total MSW Recovered for Energy,qty_waso_msw_recovered_for_energy_incineration_tonne
TX:WASO:DEC_CONSUMER_FOOD_WASTE,Total Waste Open Dumped,qty_waso_open_dump_food_tonne
TX:WASO:DEC_CONSUMER_FOOD_WASTE,Total Solid Waste Produced,qty_waso_total_food_produced_tonne
TX:WASO:DEC_CONSUMER_FOOD_WASTE_STRATEGY_CONDITIONAL,:math:\text{CH}_4 Emissions from Anaerobic Biogas,emission_co2e_ch4_waso_biogas_food
TX:WASO:DEC_CONSUMER_FOOD_WASTE_STRATEGY_CONDITIONAL,:math:\text{CH}_4 Emissions from Composting,emission_co2e_ch4_waso_compost_food
TX:WASO:DEC_CONSUMER_FOOD_WASTE_STRATEGY_CONDITIONAL,:math:\text{CH}_4 Emissions from Incineration,emission_co2e_ch4_waso_incineration
TX:WASO:DEC_CONSUMER_FOOD_WASTE_STRATEGY_CONDITIONAL,:math:\text{CH}_4 Emissions from Open Dumping,emission_co2e_ch4_waso_open_dump_food
TX:WASO:DEC_CONSUMER_FOOD_WASTE_STRATEGY_CONDITIONAL,:math:\text{N}_2\text{O} Emissions from Composting,emission_co2e_n2o_waso_compost_food
TX:WASO:DEC_CONSUMER_FOOD_WASTE_STRATEGY_CONDITIONAL,:math:\text{N}_2\text{O} Emissions from Incineration,emission_co2e_n2o_waso_incineration
TX:WASO:DEC_CONSUMER_FOOD_WASTE_STRATEGY_CONDITIONAL,emission_co2e_subsector_total_waso,emission_co2e_subsector_total_waso
TX:WASO:DEC_CONSUMER_FOOD_WASTE_STRATEGY_CONDITIONAL,Biogas Recovered from Anaerobic Facilities,gasrecovered_waso_biogas_anaerobic_tonne
TX:WASO:DEC_CONSUMER_FOOD_WASTE_STRATEGY_CONDITIONAL,Total Waste Anaerobic Biogas,qty_waso_biogas_food_tonne
TX:WASO:DEC_CONSUMER_FOOD_WASTE_STRATEGY_CONDITIONAL,Total Waste Composted,qty_waso_compost_food_tonne
TX:WASO:DEC_CONSUMER_FOOD_WASTE_STRATEGY_CONDITIONAL,Total Waste Incinerated,qty_waso_incinerated_food_tonne
TX:WASO:DEC_CONSUMER_FOOD_WASTE_STRATEGY_CONDITIONAL,Total MSW Recovered for Energy,qty_waso_msw_recovered_for_energy_incineration_tonne
TX:WASO:DEC_CONSUMER_FOOD_WASTE_STRATEGY_CONDITIONAL,Total Waste Open Dumped,qty_waso_open_dump_food_tonne
TX:WASO:DEC_CONSUMER_FOOD_WASTE_STRATEGY_CONDITIONAL,Total Solid Waste Produced,qty_waso_total_food_produced_tonne
TX:WASO:DEC_CONSUMER_FOOD_WASTE_STRATEGY_LEP,:math:\text{CH}_4 Emissions from Anaerobic Biogas,emission_co2e_ch4_waso_biogas_food
TX:WASO:DEC_CONSUMER_FOOD_WASTE_STRATEGY_LEP,:math:\text{CH}_4 Emissions from Composting,emission_co2e_ch4_waso_compost_food
TX:WASO:DEC_CONSUMER_FOOD_WASTE_STRATEGY_LEP,:math:\text{CH}_4 Emissions from Incineration,emission_co2e_ch4_waso_incineration
TX:WASO:DEC_CONSUMER_FOOD_WASTE_STRATEGY_LEP,:math:\text{CH}_4 Emissions from Open Dumping,emission_co2e_ch4_waso_open_dump_food
TX:WASO:DEC_CONSUMER_FOOD_WASTE_STRATEGY_LEP,:math:\text{N}_2\text{O} Emissions from Composting,emission_co2e_n2o_waso_compost_food
TX:WASO:DEC_CONSUMER_FOOD_WASTE_STRATEGY_LEP,:math:\text{N}_2\text{O} Emissions from Incineration,emission_co2e_n2o_waso_incineration
TX:WASO:DEC_CONSUMER_FOOD_WASTE_STRATEGY_LEP,emission_co2e_subsector_total_waso,emission_co2e_subsector_total_waso
TX:WASO:DEC_CONSUMER_FOOD_WASTE_STRATEGY_LEP,Biogas Recovered from Anaerobic Facilities,gasrecovered_waso_biogas_anaerobic_tonne
TX:WASO:DEC_CONSUMER_FOOD_WASTE_STRATEGY_LEP,Total Waste Anaerobic Biogas,qty_waso_biogas_food_tonne
TX:WASO:DEC_CONSUMER_FOOD_WASTE_STRATEGY_LEP,Total Waste Composted,qty_waso_compost_food_tonne
TX:WASO:DEC_CONSUMER_FOOD_WASTE_STRATEGY_LEP,Total Waste Incinerated,qty_waso_incinerated_food_tonne
TX:WASO:DEC_CONSUMER_FOOD_WASTE_STRATEGY_LEP,Total MSW Recovered for Energy,qty_waso_msw_recovered_for_energy_incineration_tonne
TX:WASO:DEC_CONSUMER_FOOD_WASTE_STRATEGY_LEP,Total Waste Open Dumped,qty_waso_open_dump_food_tonne
TX:WASO:DEC_CONSUMER_FOOD_WASTE_STRATEGY_LEP,Total Solid Waste Produced,qty_waso_total_food_produced_tonne
TX:WASO:DEC_CONSUMER_FOOD_WASTE_STRATEGY_NDC,:math:\text{CH}_4 Emissions from Anaerobic Biogas,emission_co2e_ch4_waso_biogas_food
TX:WASO:DEC_CONSUMER_FOOD_WASTE_STRATEGY_NDC,:math:\text{CH}_4 Emissions from Composting,emission_co2e_ch4_waso_compost_food
TX:WASO:DEC_CONSUMER_FOOD_WASTE_STRATEGY_NDC,:math:\text{CH}_4 Emissions from Incineration,emission_co2e_ch4_waso_incineration
TX:WASO:DEC_CONSUMER_FOOD_WASTE_STRATEGY_NDC,:math:\text{CH}_4 Emissions from Open Dumping,emission_co2e_ch4_waso_open_dump_food
TX:WASO:DEC_CONSUMER_FOOD_WASTE_STRATEGY_NDC,:math:\text{N}_2\text{O} Emissions from Composting,emission_co2e_n2o_waso_compost_food
TX:WASO:DEC_CONSUMER_FOOD_WASTE_STRATEGY_NDC,:math:\text{N}_2\text{O} Emissions from Incineration,emission_co2e_n2o_waso_incineration
TX:WASO:DEC_CONSUMER_FOOD_WASTE_STRATEGY_NDC,emission_co2e_subsector_total_waso,emission_co2e_subsector_total_waso
TX:WASO:DEC_CONSUMER_FOOD_WASTE_STRATEGY_NDC,Biogas Recovered from Anaerobic Facilities,gasrecovered_waso_biogas_anaerobic_tonne
TX:WASO:DEC_CONSUMER_FOOD_WASTE_STRATEGY_NDC,Total Waste Anaerobic Biogas,qty_waso_biogas_food_tonne
TX:WASO:DEC_CONSUMER_FOOD_WASTE_STRATEGY_NDC,Total Waste Composted,qty_waso_compost_food_tonne
TX:WASO:DEC_CONSUMER_FOOD_WASTE_STRATEGY_NDC,Total Waste Incinerated,qty_waso_incinerated_food_tonne
TX:WASO:DEC_CONSUMER_FOOD_WASTE_STRATEGY_NDC,Total MSW Recovered for Energy,qty_waso_msw_recovered_for_energy_incineration_tonne
TX:WASO:DEC_CONSUMER_FOOD_WASTE_STRATEGY_NDC,Total Waste Open Dumped,qty_waso_open_dump_food_tonne
TX:WASO:DEC_CONSUMER_FOOD_WASTE_STRATEGY_NDC,Total Solid Waste Produced,qty_waso_total_food_produced_tonne
TX:WASO:INC_ANAEROBIC_AND_COMPOST,:math:\text{CH}_4 Emissions from Anaerobic Biogas,emission_co2e_ch4_waso_biogas_food
TX:WASO:INC_ANAEROBIC_AND_COMPOST,:math:\text{CH}_4 Emissions from Anaerobic Biogas,emission_co2e_ch4_waso_biogas_sludge
TX:WASO:INC_ANAEROBIC_AND_COMPOST,:math:\text{CH}_4 Emissions from Anaerobic Biogas,emission_co2e_ch4_waso_biogas_yard
TX:WASO:INC_ANAEROBIC_AND_COMPOST,:math:\text{CH}_4 Emissions from Composting,emission_co2e_ch4_waso_compost_food
TX:WASO:INC_ANAEROBIC_AND_COMPOST,:math:\text{CH}_4 Emissions from Composting,emission_co2e_ch4_waso_compost_sludge
TX:WASO:INC_ANAEROBIC_AND_COMPOST,:math:\text{CH}_4 Emissions from Composting,emission_co2e_ch4_waso_compost_yard
TX:WASO:INC_ANAEROBIC_AND_COMPOST,:math:\text{CH}_4 Emissions from Incineration,emission_co2e_ch4_waso_incineration
TX:WASO:INC_ANAEROBIC_AND_COMPOST,:math:\text{CH}_4 Emissions from Open Dumping,emission_co2e_ch4_waso_open_dump_food
TX:WASO:INC_ANAEROBIC_AND_COMPOST,:math:\text{CH}_4 Emissions from Open Dumping,emission_co2e_ch4_waso_open_dump_sludge
TX:WASO:INC_ANAEROBIC_AND_COMPOST,:math:\text{CH}_4 Emissions from Open Dumping,emission_co2e_ch4_waso_open_dump_yard
TX:WASO:INC_ANAEROBIC_AND_COMPOST,:math:\text{N}_2\text{O} Emissions from Composting,emission_co2e_n2o_waso_compost_food
TX:WASO:INC_ANAEROBIC_AND_COMPOST,:math:\text{N}_2\text{O} Emissions from Composting,emission_co2e_n2o_waso_compost_sludge
TX:WASO:INC_ANAEROBIC_AND_COMPOST,:math:\text{N}_2\text{O} Emissions from Composting,emission_co2e_n2o_waso_compost_yard
TX:WASO:INC_ANAEROBIC_AND_COMPOST,:math:\text{N}_2\text{O} Emissions from Incineration,emission_co2e_n2o_waso_incineration
TX:WASO:INC_ANAEROBIC_AND_COMPOST,emission_co2e_subsector_total_waso,emission_co2e_subsector_total_waso
TX:WASO:INC_ANAEROBIC_AND_COMPOST,Biogas Recovered from Anaerobic Facilities,gasrecovered_waso_biogas_anaerobic_tonne
TX:WASO:INC_ANAEROBIC_AND_COMPOST,Total Waste Anaerobic Biogas,qty_waso_biogas_food_tonne
TX:WASO:INC_ANAEROBIC_AND_COMPOST,Total Waste Anaerobic Biogas,qty_waso_biogas_sludge_tonne
TX:WASO:INC_ANAEROBIC_AND_COMPOST,Total Waste Anaerobic Biogas,qty_waso_biogas_yard_tonne
TX:WASO:INC_ANAEROBIC_AND_COMPOST,Total Waste Composted,qty_waso_compost_food_tonne
TX:WASO:INC_ANAEROBIC_AND_COMPOST,Total Waste Composted,qty_waso_compost_sludge_tonne
TX:WASO:INC_ANAEROBIC_AND_COMPOST,Total Waste Composted,qty_waso_compost_yard_tonne
TX:WASO:INC_ANAEROBIC_AND_COMPOST,Total Waste Incinerated,qty_waso_incinerated_food_tonne
TX:WASO:INC_ANAEROBIC_AND_COMPOST,Total Waste Incinerated,qty_waso_incinerated_sludge_tonne
TX:WASO:INC_ANAEROBIC_AND_COMPOST,Total Waste Incinerated,qty_waso_incinerated_yard_tonne
TX:WASO:INC_ANAEROBIC_AND_COMPOST,Total MSW Recovered for Energy,qty_waso_msw_recovered_for_energy_incineration_tonne
TX:WASO:INC_ANAEROBIC_AND_COMPOST,Total Waste Open Dumped,qty_waso_open_dump_food_tonne
TX:WASO:INC_ANAEROBIC_AND_COMPOST,Total Waste Open Dumped,qty_waso_open_dump_sludge_tonne
TX:WASO:INC_ANAEROBIC_AND_COMPOST,Total Waste Open Dumped,qty_waso_open_dump_yard_tonne
TX:WASO:INC_ANAEROBIC_AND_COMPOST_STRATEGY_CONDITIONAL,:math:\text{CH}_4 Emissions from Anaerobic Biogas,emission_co2e_ch4_waso_biogas_food
TX:WASO:INC_ANAEROBIC_AND_COMPOST_STRATEGY_CONDITIONAL,:math:\text{CH}_4 Emissions from Anaerobic Biogas,emission_co2e_ch4_waso_biogas_sludge
TX:WASO:INC_ANAEROBIC_AND_COMPOST_STRATEGY_CONDITIONAL,:math:\text{CH}_4 Emissions from Anaerobic Biogas,emission_co2e_ch4_waso_biogas_yard
TX:WASO:INC_ANAEROBIC_AND_COMPOST_STRATEGY_CONDITIONAL,:math:\text{CH}_4 Emissions from Composting,emission_co2e_ch4_waso_compost_food
TX:WASO:INC_ANAEROBIC_AND_COMPOST_STRATEGY_CONDITIONAL,:math:\text{CH}_4 Emissions from Composting,emission_co2e_ch4_waso_compost_sludge
TX:WASO:INC_ANAEROBIC_AND_COMPOST_STRATEGY_CONDITIONAL,:math:\text{CH}_4 Emissions from Composting,emission_co2e_ch4_waso_compost_yard
TX:WASO:INC_ANAEROBIC_AND_COMPOST_STRATEGY_CONDITIONAL,:math:\text{CH}_4 Emissions from Incineration,emission_co2e_ch4_waso_incineration
TX:WASO:INC_ANAEROBIC_AND_COMPOST_STRATEGY_CONDITIONAL,:math:\text{CH}_4 Emissions from Open Dumping,emission_co2e_ch4_waso_open_dump_food
TX:WASO:INC_ANAEROBIC_AND_COMPOST_STRATEGY_CONDITIONAL,:math:\text{CH}_4 Emissions from Open Dumping,emission_co2e_ch4_waso_open_dump_sludge
TX:WASO:INC_ANAEROBIC_AND_COMPOST_STRATEGY_CONDITIONAL,:math:\text{CH}_4 Emissions from Open Dumping,emission_co2e_ch4_waso_open_dump_yard
TX:WASO:INC_ANAEROBIC_AND_COMPOST_STRATEGY_CONDITIONAL,:math:\text{N}_2\text{O} Emissions from Composting,emission_co2e_n2o_waso_compost_food
TX:WASO:INC_ANAEROBIC_AND_COMPOST_STRATEGY_CONDITIONAL,:math:\text{N}_2\text{O} Emissions from Composting,emission_co2e_n2o_waso_compost_sludge
TX:WASO:INC_ANAEROBIC_AND_COMPOST_STRATEGY_CONDITIONAL,:math:\text{N}_2\text{O} Emissions from Composting,emission_co2e_n2o_waso_compost_yard
TX:WASO:INC_ANAEROBIC_AND_COMPOST_STRATEGY_CONDITIONAL,:math:\text{N}_2\text{O} Emissions from Incineration,emission_co2e_n2o_waso_incineration
TX:WASO:INC_ANAEROBIC_AND_COMPOST_STRATEGY_CONDITIONAL,emission_co2e_subsector_total_waso,emission_co2e_subsector_total_waso
TX:WASO:INC_ANAEROBIC_AND_COMPOST_STRATEGY_CONDITIONAL,Biogas Recovered from Anaerobic Facilities,gasrecovered_waso_biogas_anaerobic_tonne
TX:WASO:INC_ANAEROBIC_AND_COMPOST_STRATEGY_CONDITIONAL,Total Waste Anaerobic Biogas,qty_waso_biogas_food_tonne
TX:WASO:INC_ANAEROBIC_AND_COMPOST_STRATEGY_CONDITIONAL,Total Waste Anaerobic Biogas,qty_waso_biogas_sludge_tonne
TX:WASO:INC_ANAEROBIC_AND_COMPOST_STRATEGY_CONDITIONAL,Total Waste Anaerobic Biogas,qty_waso_biogas_yard_tonne
TX:WASO:INC_ANAEROBIC_AND_COMPOST_STRATEGY_CONDITIONAL,Total Waste Composted,qty_waso_compost_food_tonne
TX:WASO:INC_ANAEROBIC_AND_COMPOST_STRATEGY_CONDITIONAL,Total Waste Composted,qty_waso_compost_sludge_tonne
TX:WASO:INC_ANAEROBIC_AND_COMPOST_STRATEGY_CONDITIONAL,Total Waste Composted,qty_waso_compost_yard_tonne
TX:WASO:INC_ANAEROBIC_AND_COMPOST_STRATEGY_CONDITIONAL,Total Waste Incinerated,qty_waso_incinerated_food_tonne
TX:WASO:INC_ANAEROBIC_AND_COMPOST_STRATEGY_CONDITIONAL,Total Waste Incinerated,qty_waso_incinerated_sludge_tonne
TX:WASO:INC_ANAEROBIC_AND_COMPOST_STRATEGY_CONDITIONAL,Total Waste Incinerated,qty_waso_incinerated_yard_tonne
TX:WASO:INC_ANAEROBIC_AND_COMPOST_STRATEGY_CONDITIONAL,Total MSW Recovered for Energy,qty_waso_msw_recovered_for_energy_incineration_tonne
TX:WASO:INC_ANAEROBIC_AND_COMPOST_STRATEGY_CONDITIONAL,Total Waste Open Dumped,qty_waso_open_dump_food_tonne
TX:WASO:INC_ANAEROBIC_AND_COMPOST_STRATEGY_CONDITIONAL,Total Waste Open Dumped,qty_waso_open_dump_sludge_tonne
TX:WASO:INC_ANAEROBIC_AND_COMPOST_STRATEGY_CONDITIONAL,Total Waste Open Dumped,qty_waso_open_dump_yard_tonne
TX:WASO:INC_ANAEROBIC_AND_COMPOST_STRATEGY_LEP,:math:\text{CH}_4 Emissions from Anaerobic Biogas,emission_co2e_ch4_waso_biogas_food
TX:WASO:INC_ANAEROBIC_AND_COMPOST_STRATEGY_LEP,:math:\text{CH}_4 Emissions from Anaerobic Biogas,emission_co2e_ch4_waso_biogas_sludge
TX:WASO:INC_ANAEROBIC_AND_COMPOST_STRATEGY_LEP,:math:\text{CH}_4 Emissions from Anaerobic Biogas,emission_co2e_ch4_waso_biogas_yard
TX:WASO:INC_ANAEROBIC_AND_COMPOST_STRATEGY_LEP,:math:\text{CH}_4 Emissions from Composting,emission_co2e_ch4_waso_compost_food
TX:WASO:INC_ANAEROBIC_AND_COMPOST_STRATEGY_LEP,:math:\text{CH}_4 Emissions from Composting,emission_co2e_ch4_waso_compost_sludge
TX:WASO:INC_ANAEROBIC_AND_COMPOST_STRATEGY_LEP,:math:\text{CH}_4 Emissions from Composting,emission_co2e_ch4_waso_compost_yard
TX:WASO:INC_ANAEROBIC_AND_COMPOST_STRATEGY_LEP,:math:\text{CH}_4 Emissions from Incineration,emission_co2e_ch4_waso_incineration
TX:WASO:INC_ANAEROBIC_AND_COMPOST_STRATEGY_LEP,:math:\text{CH}_4 Emissions from Open Dumping,emission_co2e_ch4_waso_open_dump_food
TX:WASO:INC_ANAEROBIC_AND_COMPOST_STRATEGY_LEP,:math:\text{CH}_4 Emissions from Open Dumping,emission_co2e_ch4_waso_open_dump_sludge
TX:WASO:INC_ANAEROBIC_AND_COMPOST_STRATEGY_LEP,:math:\text{CH}_4 Emissions from Open Dumping,emission_co2e_ch4_waso_open_dump_yard
TX:WASO:INC_ANAEROBIC_AND_COMPOST_STRATEGY_LEP,:math:\text{N}_2\text{O} Emissions from Composting,emission_co2e_n2o_waso_compost_food
TX:WASO:INC_ANAEROBIC_AND_COMPOST_STRATEGY_LEP,:math:\text{N}_2\text{O} Emissions from Composting,emission_co2e_n2o_waso_compost_sludge
TX:WASO:INC_ANAEROBIC_AND_COMPOST_STRATEGY_LEP,:math:\text{N}_2\text{O} Emissions from Composting,emission_co2e_n2o_waso_compost_yard
TX:WASO:INC_ANAEROBIC_AND_COMPOST_STRATEGY_LEP,:math:\text{N}_2\text{O} Emissions from Incineration,emission_co2e_n2o_waso_incineration
TX:WASO:INC_ANAEROBIC_AND_COMPOST_STRATEGY_LEP,emission_co2e_subsector_total_waso,emission_co2e_subsector_total_waso
TX:WASO:INC_ANAEROBIC_AND_COMPOST_STRATEGY_LEP,Biogas Recovered from Anaerobic Facilities,gasrecovered_waso_biogas_anaerobic_tonne
TX:WASO:INC_ANAEROBIC_AND_COMPOST_STRATEGY_LEP,Total Waste Anaerobic Biogas,qty_waso_biogas_food_tonne
TX:WASO:INC_ANAEROBIC_AND_COMPOST_STRATEGY_LEP,Total Waste Anaerobic Biogas,qty_waso_biogas_sludge_tonne
TX:WASO:INC_ANAEROBIC_AND_COMPOST_STRATEGY_LEP,Total Waste Anaerobic Biogas,qty_waso_biogas_yard_tonne
TX:WASO:INC_ANAEROBIC_AND_COMPOST_STRATEGY_LEP,Total Waste Composted,qty_waso_compost_food_tonne
TX:WASO:INC_ANAEROBIC_AND_COMPOST_STRATEGY_LEP,Total Waste Composted,qty_waso_compost_sludge_tonne
TX:WASO:INC_ANAEROBIC_AND_COMPOST_STRATEGY_LEP,Total Waste Composted,qty_waso_compost_yard_tonne
TX:WASO:INC_ANAEROBIC_AND_COMPOST_STRATEGY_LEP,Total Waste Incinerated,qty_waso_incinerated_food_tonne
TX:WASO:INC_ANAEROBIC_AND_COMPOST_STRATEGY_LEP,Total Waste Incinerated,qty_waso_incinerated_sludge_tonne
TX:WASO:INC_ANAEROBIC_AND_COMPOST_STRATEGY_LEP,Total Waste Incinerated,qty_waso_incinerated_yard_tonne
TX:WASO:INC_ANAEROBIC_AND_COMPOST_STRATEGY_LEP,Total MSW Recovered for Energy,qty_waso_msw_recovered_for_energy_incineration_tonne
TX:WASO:INC_ANAEROBIC_AND_COMPOST_STRATEGY_LEP,Total Waste Open Dumped,qty_waso_open_dump_food_tonne
TX:WASO:INC_ANAEROBIC_AND_COMPOST_STRATEGY_LEP,Total Waste Open Dumped,qty_waso_open_dump_sludge_tonne
TX:WASO:INC_ANAEROBIC_AND_COMPOST_STRATEGY_LEP,Total Waste Open Dumped,qty_waso_open_dump_yard_tonne
TX:WASO:INC_ANAEROBIC_AND_COMPOST_STRATEGY_NDC,:math:\text{CH}_4 Emissions from Anaerobic Biogas,emission_co2e_ch4_waso_biogas_food
TX:WASO:INC_ANAEROBIC_AND_COMPOST_STRATEGY_NDC,:math:\text{CH}_4 Emissions from Anaerobic Biogas,emission_co2e_ch4_waso_biogas_sludge
TX:WASO:INC_ANAEROBIC_AND_COMPOST_STRATEGY_NDC,:math:\text{CH}_4 Emissions from Anaerobic Biogas,emission_co2e_ch4_waso_biogas_yard
TX:WASO:INC_ANAEROBIC_AND_COMPOST_STRATEGY_NDC,:math:\text{CH}_4 Emissions from Composting,emission_co2e_ch4_waso_compost_food
TX:WASO:INC_ANAEROBIC_AND_COMPOST_STRATEGY_NDC,:math:\text{CH}_4 Emissions from Composting,emission_co2e_ch4_waso_compost_sludge
TX:WASO:INC_ANAEROBIC_AND_COMPOST_STRATEGY_NDC,:math:\text{CH}_4 Emissions from Composting,emission_co2e_ch4_waso_compost_yard
TX:WASO:INC_ANAEROBIC_AND_COMPOST_STRATEGY_NDC,:math:\text{CH}_4 Emissions from Incineration,emission_co2e_ch4_waso_incineration
TX:WASO:INC_ANAEROBIC_AND_COMPOST_STRATEGY_NDC,:math:\text{CH}_4 Emissions from Open Dumping,emission_co2e_ch4_waso_open_dump_food
TX:WASO:INC_ANAEROBIC_AND_COMPOST_STRATEGY_NDC,:math:\text{CH}_4 Emissions from Open Dumping,emission_co2e_ch4_waso_open_dump_sludge
TX:WASO:INC_ANAEROBIC_AND_COMPOST_STRATEGY_NDC,:math:\text{CH}_4 Emissions from Open Dumping,emission_co2e_ch4_waso_open_dump_yard
TX:WASO:INC_ANAEROBIC_AND_COMPOST_STRATEGY_NDC,:math:\text{N}_2\text{O} Emissions from Composting,emission_co2e_n2o_waso_compost_food
TX:WASO:INC_ANAEROBIC_AND_COMPOST_STRATEGY_NDC,:math:\text{N}_2\text{O} Emissions from Composting,emission_co2e_n2o_waso_compost_sludge
TX:WASO:INC_ANAEROBIC_AND_COMPOST_STRATEGY_NDC,:math:\text{N}_2\text{O} Emissions from Composting,emission_co2e_n2o_waso_compost_yard
TX:WASO:INC_ANAEROBIC_AND_COMPOST_STRATEGY_NDC,:math:\text{N}_2\text{O} Emissions from Incineration,emission_co2e_n2o_waso_incineration
TX:WASO:INC_ANAEROBIC_AND_COMPOST_STRATEGY_NDC,emission_co2e_subsector_total_waso,emission_co2e_subsector_total_waso
TX:WASO:INC_ANAEROBIC_AND_COMPOST_STRATEGY_NDC,Biogas Recovered from Anaerobic Facilities,gasrecovered_waso_biogas_anaerobic_tonne
TX:WASO:INC_ANAEROBIC_AND_COMPOST_STRATEGY_NDC,Total Waste Anaerobic Biogas,qty_waso_biogas_food_tonne
TX:WASO:INC_ANAEROBIC_AND_COMPOST_STRATEGY_NDC,Total Waste Anaerobic Biogas,qty_waso_biogas_sludge_tonne
TX:WASO:INC_ANAEROBIC_AND_COMPOST_STRATEGY_NDC,Total Waste Anaerobic Biogas,qty_waso_biogas_yard_tonne
TX:WASO:INC_ANAEROBIC_AND_COMPOST_STRATEGY_NDC,Total Waste Composted,qty_waso_compost_food_tonne
TX:WASO:INC_ANAEROBIC_AND_COMPOST_STRATEGY_NDC,Total Waste Composted,qty_waso_compost_sludge_tonne
TX:WASO:INC_ANAEROBIC_AND_COMPOST_STRATEGY_NDC,Total Waste Composted,qty_waso_compost_yard_tonne
TX:WASO:INC_ANAEROBIC_AND_COMPOST_STRATEGY_NDC,Total Waste Incinerated,qty_waso_incinerated_food_tonne
TX:WASO:INC_ANAEROBIC_AND_COMPOST_STRATEGY_NDC,Total Waste Incinerated,qty_waso_incinerated_sludge_tonne
TX:WASO:INC_ANAEROBIC_AND_COMPOST_STRATEGY_NDC,Total Waste Incinerated,qty_waso_incinerated_yard_tonne
TX:WASO:INC_ANAEROBIC_AND_COMPOST_STRATEGY_NDC,Total MSW Recovered for Energy,qty_waso_msw_recovered_for_energy_incineration_tonne
TX:WASO:INC_ANAEROBIC_AND_COMPOST_STRATEGY_NDC,Total Waste Open Dumped,qty_waso_open_dump_food_tonne
TX:WASO:INC_ANAEROBIC_AND_COMPOST_STRATEGY_NDC,Total Waste Open Dumped,qty_waso_open_dump_sludge_tonne
TX:WASO:INC_ANAEROBIC_AND_COMPOST_STRATEGY_NDC,Total Waste Open Dumped,qty_waso_open_dump_yard_tonne
TX:WASO:INC_ENERGY_FROM_INCINERATION,:math:\text{CH}_4 Emissions from Incineration,emission_co2e_ch4_waso_incineration
TX:WASO:INC_ENERGY_FROM_INCINERATION,:math:\text{CO}_2 Emissions from Incineration,emission_co2e_co2_waso_incineration
TX:WASO:INC_ENERGY_FROM_INCINERATION,:math:\text{N}_2\text{O} Emissions from Incineration,emission_co2e_n2o_waso_incineration
TX:WASO:INC_ENERGY_FROM_INCINERATION,emission_co2e_subsector_total_waso,emission_co2e_subsector_total_waso
TX:WASO:INC_ENERGY_FROM_INCINERATION,Total Waste Incinerated,qty_waso_incinerated_chemical_industrial_tonne
TX:WASO:INC_ENERGY_FROM_INCINERATION,Total Waste Incinerated,qty_waso_incinerated_food_tonne
TX:WASO:INC_ENERGY_FROM_INCINERATION,Total Waste Incinerated,qty_waso_incinerated_glass_tonne
TX:WASO:INC_ENERGY_FROM_INCINERATION,Total Waste Incinerated,qty_waso_incinerated_metal_tonne
TX:WASO:INC_ENERGY_FROM_INCINERATION,Total Waste Incinerated,qty_waso_incinerated_nappies_tonne
TX:WASO:INC_ENERGY_FROM_INCINERATION,Total Waste Incinerated,qty_waso_incinerated_other_tonne
TX:WASO:INC_ENERGY_FROM_INCINERATION,Total Waste Incinerated,qty_waso_incinerated_paper_tonne
TX:WASO:INC_ENERGY_FROM_INCINERATION,Total Waste Incinerated,qty_waso_incinerated_plastic_tonne
TX:WASO:INC_ENERGY_FROM_INCINERATION,Total Waste Incinerated,qty_waso_incinerated_rubber_leather_tonne
TX:WASO:INC_ENERGY_FROM_INCINERATION,Total Waste Incinerated,qty_waso_incinerated_sludge_tonne
TX:WASO:INC_ENERGY_FROM_INCINERATION,Total Waste Incinerated,qty_waso_incinerated_textiles_tonne
TX:WASO:INC_ENERGY_FROM_INCINERATION,Total Waste Incinerated,qty_waso_incinerated_wood_tonne
TX:WASO:INC_ENERGY_FROM_INCINERATION,Total Waste Incinerated,qty_waso_incinerated_yard_tonne
TX:WASO:INC_ENERGY_FROM_INCINERATION,Total ISW Recovered for Energy,qty_waso_isw_recovered_for_energy_incineration_tonne
TX:WASO:INC_ENERGY_FROM_INCINERATION,Total MSW Recovered for Energy,qty_waso_msw_recovered_for_energy_incineration_tonne
TX:WASO:INC_ENERGY_FROM_INCINERATION_STRATEGY_CONDITIONAL,:math:\text{CH}_4 Emissions from Incineration,emission_co2e_ch4_waso_incineration
TX:WASO:INC_ENERGY_FROM_INCINERATION_STRATEGY_CONDITIONAL,:math:\text{CO}_2 Emissions from Incineration,emission_co2e_co2_waso_incineration
TX:WASO:INC_ENERGY_FROM_INCINERATION_STRATEGY_CONDITIONAL,:math:\text{N}_2\text{O} Emissions from Incineration,emission_co2e_n2o_waso_incineration
TX:WASO:INC_ENERGY_FROM_INCINERATION_STRATEGY_CONDITIONAL,emission_co2e_subsector_total_waso,emission_co2e_subsector_total_waso
TX:WASO:INC_ENERGY_FROM_INCINERATION_STRATEGY_CONDITIONAL,Total Waste Incinerated,qty_waso_incinerated_chemical_industrial_tonne
TX:WASO:INC_ENERGY_FROM_INCINERATION_STRATEGY_CONDITIONAL,Total Waste Incinerated,qty_waso_incinerated_food_tonne
TX:WASO:INC_ENERGY_FROM_INCINERATION_STRATEGY_CONDITIONAL,Total Waste Incinerated,qty_waso_incinerated_glass_tonne
TX:WASO:INC_ENERGY_FROM_INCINERATION_STRATEGY_CONDITIONAL,Total Waste Incinerated,qty_waso_incinerated_metal_tonne
TX:WASO:INC_ENERGY_FROM_INCINERATION_STRATEGY_CONDITIONAL,Total Waste Incinerated,qty_waso_incinerated_nappies_tonne
TX:WASO:INC_ENERGY_FROM_INCINERATION_STRATEGY_CONDITIONAL,Total Waste Incinerated,qty_waso_incinerated_other_tonne
TX:WASO:INC_ENERGY_FROM_INCINERATION_STRATEGY_CONDITIONAL,Total Waste Incinerated,qty_waso_incinerated_paper_tonne
TX:WASO:INC_ENERGY_FROM_INCINERATION_STRATEGY_CONDITIONAL,Total Waste Incinerated,qty_waso_incinerated_plastic_tonne
TX:WASO:INC_ENERGY_FROM_INCINERATION_STRATEGY_CONDITIONAL,Total Waste Incinerated,qty_waso_incinerated_rubber_leather_tonne
TX:WASO:INC_ENERGY_FROM_INCINERATION_STRATEGY_CONDITIONAL,Total Waste Incinerated,qty_waso_incinerated_sludge_tonne
TX:WASO:INC_ENERGY_FROM_INCINERATION_STRATEGY_CONDITIONAL,Total Waste Incinerated,qty_waso_incinerated_textiles_tonne
TX:WASO:INC_ENERGY_FROM_INCINERATION_STRATEGY_CONDITIONAL,Total Waste Incinerated,qty_waso_incinerated_wood_tonne
TX:WASO:INC_ENERGY_FROM_INCINERATION_STRATEGY_CONDITIONAL,Total Waste Incinerated,qty_waso_incinerated_yard_tonne
TX:WASO:INC_ENERGY_FROM_INCINERATION_STRATEGY_CONDITIONAL,Total ISW Recovered for Energy,qty_waso_isw_recovered_for_energy_incineration_tonne
TX:WASO:INC_ENERGY_FROM_INCINERATION_STRATEGY_CONDITIONAL,Total MSW Recovered for Energy,qty_waso_msw_recovered_for_energy_incineration_tonne
TX:WASO:INC_ENERGY_FROM_INCINERATION_STRATEGY_LEP,:math:\text{CH}_4 Emissions from Incineration,emission_co2e_ch4_waso_incineration
TX:WASO:INC_ENERGY_FROM_INCINERATION_STRATEGY_LEP,:math:\text{CO}_2 Emissions from Incineration,emission_co2e_co2_waso_incineration
TX:WASO:INC_ENERGY_FROM_INCINERATION_STRATEGY_LEP,:math:\text{N}_2\text{O} Emissions from Incineration,emission_co2e_n2o_waso_incineration
TX:WASO:INC_ENERGY_FROM_INCINERATION_STRATEGY_LEP,emission_co2e_subsector_total_waso,emission_co2e_subsector_total_waso
TX:WASO:INC_ENERGY_FROM_INCINERATION_STRATEGY_LEP,Total Waste Incinerated,qty_waso_incinerated_chemical_industrial_tonne
TX:WASO:INC_ENERGY_FROM_INCINERATION_STRATEGY_LEP,Total Waste Incinerated,qty_waso_incinerated_food_tonne
TX:WASO:INC_ENERGY_FROM_INCINERATION_STRATEGY_LEP,Total Waste Incinerated,qty_waso_incinerated_glass_tonne
TX:WASO:INC_ENERGY_FROM_INCINERATION_STRATEGY_LEP,Total Waste Incinerated,qty_waso_incinerated_metal_tonne
TX:WASO:INC_ENERGY_FROM_INCINERATION_STRATEGY_LEP,Total Waste Incinerated,qty_waso_incinerated_nappies_tonne
TX:WASO:INC_ENERGY_FROM_INCINERATION_STRATEGY_LEP,Total Waste Incinerated,qty_waso_incinerated_other_tonne
TX:WASO:INC_ENERGY_FROM_INCINERATION_STRATEGY_LEP,Total Waste Incinerated,qty_waso_incinerated_paper_tonne
TX:WASO:INC_ENERGY_FROM_INCINERATION_STRATEGY_LEP,Total Waste Incinerated,qty_waso_incinerated_plastic_tonne
TX:WASO:INC_ENERGY_FROM_INCINERATION_STRATEGY_LEP,Total Waste Incinerated,qty_waso_incinerated_rubber_leather_tonne
TX:WASO:INC_ENERGY_FROM_INCINERATION_STRATEGY_LEP,Total Waste Incinerated,qty_waso_incinerated_sludge_tonne
TX:WASO:INC_ENERGY_FROM_INCINERATION_STRATEGY_LEP,Total Waste Incinerated,qty_waso_incinerated_textiles_tonne
TX:WASO:INC_ENERGY_FROM_INCINERATION_STRATEGY_LEP,Total Waste Incinerated,qty_waso_incinerated_wood_tonne
TX:WASO:INC_ENERGY_FROM_INCINERATION_STRATEGY_LEP,Total Waste Incinerated,qty_waso_incinerated_yard_tonne
TX:WASO:INC_ENERGY_FROM_INCINERATION_STRATEGY_LEP,Total ISW Recovered for Energy,qty_waso_isw_recovered_for_energy_incineration_tonne
TX:WASO:INC_ENERGY_FROM_INCINERATION_STRATEGY_LEP,Total MSW Recovered for Energy,qty_waso_msw_recovered_for_energy_incineration_tonne
TX:WASO:INC_ENERGY_FROM_INCINERATION_STRATEGY_NDC,:math:\text{CH}_4 Emissions from Incineration,emission_co2e_ch4_waso_incineration
TX:WASO:INC_ENERGY_FROM_INCINERATION_STRATEGY_NDC,:math:\text{CO}_2 Emissions from Incineration,emission_co2e_co2_waso_incineration
TX:WASO:INC_ENERGY_FROM_INCINERATION_STRATEGY_NDC,:math:\text{N}_2\text{O} Emissions from Incineration,emission_co2e_n2o_waso_incineration
TX:WASO:INC_ENERGY_FROM_INCINERATION_STRATEGY_NDC,emission_co2e_subsector_total_waso,emission_co2e_subsector_total_waso
TX:WASO:INC_ENERGY_FROM_INCINERATION_STRATEGY_NDC,Total Waste Incinerated,qty_waso_incinerated_chemical_industrial_tonne
TX:WASO:INC_ENERGY_FROM_INCINERATION_STRATEGY_NDC,Total Waste Incinerated,qty_waso_incinerated_food_tonne
TX:WASO:INC_ENERGY_FROM_INCINERATION_STRATEGY_NDC,Total Waste Incinerated,qty_waso_incinerated_glass_tonne
TX:WASO:INC_ENERGY_FROM_INCINERATION_STRATEGY_NDC,Total Waste Incinerated,qty_waso_incinerated_metal_tonne
TX:WASO:INC_ENERGY_FROM_INCINERATION_STRATEGY_NDC,Total Waste Incinerated,qty_waso_incinerated_nappies_tonne
TX:WASO:INC_ENERGY_FROM_INCINERATION_STRATEGY_NDC,Total Waste Incinerated,qty_waso_incinerated_other_tonne
TX:WASO:INC_ENERGY_FROM_INCINERATION_STRATEGY_NDC,Total Waste Incinerated,qty_waso_incinerated_paper_tonne
TX:WASO:INC_ENERGY_FROM_INCINERATION_STRATEGY_NDC,Total Waste Incinerated,qty_waso_incinerated_plastic_tonne
TX:WASO:INC_ENERGY_FROM_INCINERATION_STRATEGY_NDC,Total Waste Incinerated,qty_waso_incinerated_rubber_leather_tonne
TX:WASO:INC_ENERGY_FROM_INCINERATION_STRATEGY_NDC,Total Waste Incinerated,qty_waso_incinerated_sludge_tonne
TX:WASO:INC_ENERGY_FROM_INCINERATION_STRATEGY_NDC,Total Waste Incinerated,qty_waso_incinerated_textiles_tonne
TX:WASO:INC_ENERGY_FROM_INCINERATION_STRATEGY_NDC,Total Waste Incinerated,qty_waso_incinerated_wood_tonne
TX:WASO:INC_ENERGY_FROM_INCINERATION_STRATEGY_NDC,Total Waste Incinerated,qty_waso_incinerated_yard_tonne
TX:WASO:INC_ENERGY_FROM_INCINERATION_STRATEGY_NDC,Total ISW Recovered for Energy,qty_waso_isw_recovered_for_energy_incineration_tonne
TX:WASO:INC_ENERGY_FROM_INCINERATION_STRATEGY_NDC,Total MSW Recovered for Energy,qty_waso_msw_recovered_for_energy_incineration_tonne
TX:WASO:INC_LANDFILLING,:math:\text{CH}_4 Emissions from Landfills,emission_co2e_ch4_waso_landfilled_food
TX:WASO:INC_LANDFILLING,:math:\text{CH}_4 Emissions from Landfills,emission_co2e_ch4_waso_landfilled_nappies
TX:WASO:INC_LANDFILLING,:math:\text{CH}_4 Emissions from Landfills,emission_co2e_ch4_waso_landfilled_paper
TX:WASO:INC_LANDFILLING,:math:\text{CH}_4 Emissions from Landfills,emission_co2e_ch4_waso_landfilled_sludge
TX:WASO:INC_LANDFILLING,:math:\text{CH}_4 Emissions from Landfills,emission_co2e_ch4_waso_landfilled_textiles
TX:WASO:INC_LANDFILLING,:math:\text{CH}_4 Emissions from Landfills,emission_co2e_ch4_waso_landfilled_wood
TX:WASO:INC_LANDFILLING,:math:\text{CH}_4 Emissions from Landfills,emission_co2e_ch4_waso_landfilled_yard
TX:WASO:INC_LANDFILLING,:math:\text{CH}_4 Emissions from Open Dumping,emission_co2e_ch4_waso_open_dump_food
TX:WASO:INC_LANDFILLING,:math:\text{CH}_4 Emissions from Open Dumping,emission_co2e_ch4_waso_open_dump_nappies
TX:WASO:INC_LANDFILLING,:math:\text{CH}_4 Emissions from Open Dumping,emission_co2e_ch4_waso_open_dump_paper
TX:WASO:INC_LANDFILLING,:math:\text{CH}_4 Emissions from Open Dumping,emission_co2e_ch4_waso_open_dump_sludge
TX:WASO:INC_LANDFILLING,:math:\text{CH}_4 Emissions from Open Dumping,emission_co2e_ch4_waso_open_dump_textiles
TX:WASO:INC_LANDFILLING,:math:\text{CH}_4 Emissions from Open Dumping,emission_co2e_ch4_waso_open_dump_wood
TX:WASO:INC_LANDFILLING,:math:\text{CH}_4 Emissions from Open Dumping,emission_co2e_ch4_waso_open_dump_yard
TX:WASO:INC_LANDFILLING,emission_co2e_subsector_total_waso,emission_co2e_subsector_total_waso
TX:WASO:INC_LANDFILLING,Total Waste Landfilled,qty_waso_landfilled_chemical_industrial_tonne
TX:WASO:INC_LANDFILLING,Total Waste Landfilled,qty_waso_landfilled_food_tonne
TX:WASO:INC_LANDFILLING,Total Waste Landfilled,qty_waso_landfilled_glass_tonne
TX:WASO:INC_LANDFILLING,Total Waste Landfilled,qty_waso_landfilled_metal_tonne
TX:WASO:INC_LANDFILLING,Total Waste Landfilled,qty_waso_landfilled_nappies_tonne
TX:WASO:INC_LANDFILLING,Total Waste Landfilled,qty_waso_landfilled_other_tonne
TX:WASO:INC_LANDFILLING,Total Waste Landfilled,qty_waso_landfilled_paper_tonne
TX:WASO:INC_LANDFILLING,Total Waste Landfilled,qty_waso_landfilled_plastic_tonne
TX:WASO:INC_LANDFILLING,Total Waste Landfilled,qty_waso_landfilled_rubber_leather_tonne
TX:WASO:INC_LANDFILLING,Total Waste Landfilled,qty_waso_landfilled_sludge_tonne
TX:WASO:INC_LANDFILLING,Total Waste Landfilled,qty_waso_landfilled_textiles_tonne
TX:WASO:INC_LANDFILLING,Total Waste Landfilled,qty_waso_landfilled_wood_tonne
TX:WASO:INC_LANDFILLING,Total Waste Landfilled,qty_waso_landfilled_yard_tonne
TX:WASO:INC_LANDFILLING,Total Waste Open Dumped,qty_waso_open_dump_chemical_industrial_tonne
TX:WASO:INC_LANDFILLING,Total Waste Open Dumped,qty_waso_open_dump_food_tonne
TX:WASO:INC_LANDFILLING,Total Waste Open Dumped,qty_waso_open_dump_glass_tonne
TX:WASO:INC_LANDFILLING,Total Waste Open Dumped,qty_waso_open_dump_metal_tonne
TX:WASO:INC_LANDFILLING,Total Waste Open Dumped,qty_waso_open_dump_nappies_tonne
TX:WASO:INC_LANDFILLING,Total Waste Open Dumped,qty_waso_open_dump_other_tonne
TX:WASO:INC_LANDFILLING,Total Waste Open Dumped,qty_waso_open_dump_paper_tonne
TX:WASO:INC_LANDFILLING,Total Waste Open Dumped,qty_waso_open_dump_plastic_tonne
TX:WASO:INC_LANDFILLING,Total Waste Open Dumped,qty_waso_open_dump_rubber_leather_tonne
TX:WASO:INC_LANDFILLING,Total Waste Open Dumped,qty_waso_open_dump_sludge_tonne
TX:WASO:INC_LANDFILLING,Total Waste Open Dumped,qty_waso_open_dump_textiles_tonne
TX:WASO:INC_LANDFILLING,Total Waste Open Dumped,qty_waso_open_dump_wood_tonne
TX:WASO:INC_LANDFILLING,Total Waste Open Dumped,qty_waso_open_dump_yard_tonne
TX:WASO:INC_RECYCLING,Demand for Harvested Wood,dem_ippu_harvested_wood_tonne_paper
TX:WASO:INC_RECYCLING,Demand for Harvested Wood,dem_ippu_harvested_wood_tonne_wood
TX:WASO:INC_RECYCLING,:math:\text{CH}_4 Emissions from Industrial Energy,emission_co2e_ch4_inen_glass
TX:WASO:INC_RECYCLING,:math:\text{CH}_4 Emissions from Industrial Energy,emission_co2e_ch4_inen_metals
TX:WASO:INC_RECYCLING,:math:\text{CH}_4 Emissions from Industrial Energy,emission_co2e_ch4_inen_paper
TX:WASO:INC_RECYCLING,:math:\text{CH}_4 Emissions from Industrial Energy,emission_co2e_ch4_inen_plastic
TX:WASO:INC_RECYCLING,:math:\text{CH}_4 Emissions from Industrial Energy,emission_co2e_ch4_inen_textiles
TX:WASO:INC_RECYCLING,:math:\text{CH}_4 Emissions from Industrial Energy,emission_co2e_ch4_inen_wood
TX:WASO:INC_RECYCLING,:math:\text{CH}_4 Emissions from Industrial Production Processes,emission_co2e_ch4_ippu_production_metals
TX:WASO:INC_RECYCLING,:math:\text{CH}_4 Emissions from Industrial Production Processes,emission_co2e_ch4_ippu_production_plastic
TX:WASO:INC_RECYCLING,:math:\text{CH}_4 Emissions from Incineration,emission_co2e_ch4_waso_incineration
TX:WASO:INC_RECYCLING,:math:\text{CH}_4 Emissions from Open Dumping,emission_co2e_ch4_waso_open_dump_paper
TX:WASO:INC_RECYCLING,:math:\text{CH}_4 Emissions from Open Dumping,emission_co2e_ch4_waso_open_dump_textiles
TX:WASO:INC_RECYCLING,:math:\text{CH}_4 Emissions from Open Dumping,emission_co2e_ch4_waso_open_dump_wood
TX:WASO:INC_RECYCLING,:math:\text{CO}_2 Biomass Emissions from Industrial Energy,emission_co2e_co2_inen_bmass_glass
TX:WASO:INC_RECYCLING,:math:\text{CO}_2 Biomass Emissions from Industrial Energy,emission_co2e_co2_inen_bmass_metals
TX:WASO:INC_RECYCLING,:math:\text{CO}_2 Biomass Emissions from Industrial Energy,emission_co2e_co2_inen_bmass_paper
TX:WASO:INC_RECYCLING,:math:\text{CO}_2 Biomass Emissions from Industrial Energy,emission_co2e_co2_inen_bmass_plastic
TX:WASO:INC_RECYCLING,:math:\text{CO}_2 Biomass Emissions from Industrial Energy,emission_co2e_co2_inen_bmass_textiles
TX:WASO:INC_RECYCLING,:math:\text{CO}_2 Biomass Emissions from Industrial Energy,emission_co2e_co2_inen_bmass_wood
TX:WASO:INC_RECYCLING,:math:\text{CO}_2 Non-Biomass Emissions from Industrial Energy,emission_co2e_co2_inen_nbmass_glass
TX:WASO:INC_RECYCLING,:math:\text{CO}_2 Non-Biomass Emissions from Industrial Energy,emission_co2e_co2_inen_nbmass_metals
TX:WASO:INC_RECYCLING,:math:\text{CO}_2 Non-Biomass Emissions from Industrial Energy,emission_co2e_co2_inen_nbmass_paper
TX:WASO:INC_RECYCLING,:math:\text{CO}_2 Non-Biomass Emissions from Industrial Energy,emission_co2e_co2_inen_nbmass_plastic
TX:WASO:INC_RECYCLING,:math:\text{CO}_2 Non-Biomass Emissions from Industrial Energy,emission_co2e_co2_inen_nbmass_textiles
TX:WASO:INC_RECYCLING,:math:\text{CO}_2 Non-Biomass Emissions from Industrial Energy,emission_co2e_co2_inen_nbmass_wood
TX:WASO:INC_RECYCLING,:math:\text{CO}_2 Emissions from Industrial Production Processes,emission_co2e_co2_ippu_production_glass
TX:WASO:INC_RECYCLING,:math:\text{CO}_2 Emissions from Industrial Production Processes,emission_co2e_co2_ippu_production_metals
TX:WASO:INC_RECYCLING,:math:\text{CO}_2 Emissions from Industrial Production Processes,emission_co2e_co2_ippu_production_plastic
TX:WASO:INC_RECYCLING,:math:\text{CO}_2 Emissions from Incineration,emission_co2e_co2_waso_incineration
TX:WASO:INC_RECYCLING,:math:\text{N}_2\text{O} Emissions from Industrial Energy,emission_co2e_n2o_inen_glass
TX:WASO:INC_RECYCLING,:math:\text{N}_2\text{O} Emissions from Industrial Energy,emission_co2e_n2o_inen_metals
TX:WASO:INC_RECYCLING,:math:\text{N}_2\text{O} Emissions from Industrial Energy,emission_co2e_n2o_inen_paper
TX:WASO:INC_RECYCLING,:math:\text{N}_2\text{O} Emissions from Industrial Energy,emission_co2e_n2o_inen_plastic
TX:WASO:INC_RECYCLING,:math:\text{N}_2\text{O} Emissions from Industrial Energy,emission_co2e_n2o_inen_textiles
TX:WASO:INC_RECYCLING,:math:\text{N}_2\text{O} Emissions from Industrial Energy,emission_co2e_n2o_inen_wood
TX:WASO:INC_RECYCLING,:math:\text{N}_2\text{O} Emissions from Incineration,emission_co2e_n2o_waso_incineration
TX:WASO:INC_RECYCLING,emission_co2e_subsector_total_inen,emission_co2e_subsector_total_inen
TX:WASO:INC_RECYCLING,emission_co2e_subsector_total_ippu,emission_co2e_subsector_total_ippu
TX:WASO:INC_RECYCLING,emission_co2e_subsector_total_waso,emission_co2e_subsector_total_waso
TX:WASO:INC_RECYCLING,Electrical Energy Consumption from Industrial Energy,energy_consumption_electricity_inen_glass
TX:WASO:INC_RECYCLING,Electrical Energy Consumption from Industrial Energy,energy_consumption_electricity_inen_metals
TX:WASO:INC_RECYCLING,Electrical Energy Consumption from Industrial Energy,energy_consumption_electricity_inen_paper
TX:WASO:INC_RECYCLING,Electrical Energy Consumption from Industrial Energy,energy_consumption_electricity_inen_plastic
TX:WASO:INC_RECYCLING,Electrical Energy Consumption from Industrial Energy,energy_consumption_electricity_inen_textiles
TX:WASO:INC_RECYCLING,Total Electrical Energy Consumption from Industrial Energy,energy_consumption_electricity_inen_total
TX:WASO:INC_RECYCLING,Electrical Energy Consumption from Industrial Energy,energy_consumption_electricity_inen_wood
TX:WASO:INC_RECYCLING,Energy Consumption from Industrial Energy,energy_consumption_inen_glass
TX:WASO:INC_RECYCLING,Energy Consumption from Industrial Energy,energy_consumption_inen_metals
TX:WASO:INC_RECYCLING,Energy Consumption from Industrial Energy,energy_consumption_inen_paper
TX:WASO:INC_RECYCLING,Energy Consumption from Industrial Energy,energy_consumption_inen_plastic
TX:WASO:INC_RECYCLING,Energy Consumption from Industrial Energy,energy_consumption_inen_textiles
TX:WASO:INC_RECYCLING,Total Energy Consumption from Industrial Energy,energy_consumption_inen_total
TX:WASO:INC_RECYCLING,Energy Consumption from Industrial Energy,energy_consumption_inen_wood
TX:WASO:INC_RECYCLING,Energy Demand by Fuel in Industrial Energy,energy_demand_enfu_subsector_total_pj_inen_fuel_biomass
TX:WASO:INC_RECYCLING,Energy Demand by Fuel in Industrial Energy,energy_demand_enfu_subsector_total_pj_inen_fuel_coal
TX:WASO:INC_RECYCLING,Energy Demand by Fuel in Industrial Energy,energy_demand_enfu_subsector_total_pj_inen_fuel_coke
TX:WASO:INC_RECYCLING,Energy Demand by Fuel in Industrial Energy,energy_demand_enfu_subsector_total_pj_inen_fuel_diesel
TX:WASO:INC_RECYCLING,Energy Demand by Fuel in Industrial Energy,energy_demand_enfu_subsector_total_pj_inen_fuel_electricity
TX:WASO:INC_RECYCLING,Energy Demand by Fuel in Industrial Energy,energy_demand_enfu_subsector_total_pj_inen_fuel_furnace_gas
TX:WASO:INC_RECYCLING,Energy Demand by Fuel in Industrial Energy,energy_demand_enfu_subsector_total_pj_inen_fuel_gasoline
TX:WASO:INC_RECYCLING,Energy Demand by Fuel in Industrial Energy,energy_demand_enfu_subsector_total_pj_inen_fuel_natural_gas
TX:WASO:INC_RECYCLING,Energy Demand by Fuel in Industrial Energy,energy_demand_enfu_subsector_total_pj_inen_fuel_oil
TX:WASO:INC_RECYCLING,Energy Demand in Industrial Energy,energy_demand_inen_glass
TX:WASO:INC_RECYCLING,Energy Demand in Industrial Energy,energy_demand_inen_metals
TX:WASO:INC_RECYCLING,Energy Demand in Industrial Energy,energy_demand_inen_paper
TX:WASO:INC_RECYCLING,Energy Demand in Industrial Energy,energy_demand_inen_plastic
TX:WASO:INC_RECYCLING,Energy Demand in Industrial Energy,energy_demand_inen_textiles
TX:WASO:INC_RECYCLING,Energy Demand in Industrial Energy,energy_demand_inen_wood
TX:WASO:INC_RECYCLING,Change to Net Imports of Products,net_imports_change_ippu_recycled_glass_tonne
TX:WASO:INC_RECYCLING,Change to Net Imports of Products,net_imports_change_ippu_recycled_paper_tonne
TX:WASO:INC_RECYCLING,Change to Net Imports of Products,net_imports_change_ippu_recycled_plastic_tonne
TX:WASO:INC_RECYCLING,Change to Net Imports of Products,net_imports_change_ippu_recycled_rubber_and_leather_tonne
TX:WASO:INC_RECYCLING,Change to Net Imports of Products,net_imports_change_ippu_recycled_wood_tonne
TX:WASO:INC_RECYCLING,Industrial Production,prod_ippu_glass_tonne
TX:WASO:INC_RECYCLING,Industrial Production,prod_ippu_metals_tonne
TX:WASO:INC_RECYCLING,Industrial Production,prod_ippu_paper_tonne
TX:WASO:INC_RECYCLING,Industrial Production,prod_ippu_plastic_tonne
TX:WASO:INC_RECYCLING,Industrial Production,prod_ippu_textiles_tonne
TX:WASO:INC_RECYCLING,Industrial Production,prod_ippu_wood_tonne
TX:WASO:INC_RECYCLING,Recycled Material Used in Industrial Production,qty_ippu_recycled_glass_used_in_production_tonne
TX:WASO:INC_RECYCLING,Recycled Material Used in Industrial Production,qty_ippu_recycled_metals_used_in_production_tonne
TX:WASO:INC_RECYCLING,Recycled Material Used in Industrial Production,qty_ippu_recycled_paper_used_in_production_tonne
TX:WASO:INC_RECYCLING,Recycled Material Used in Industrial Production,qty_ippu_recycled_plastic_used_in_production_tonne
TX:WASO:INC_RECYCLING,Recycled Material Used in Industrial Production,qty_ippu_recycled_textiles_used_in_production_tonne
TX:WASO:INC_RECYCLING,Recycled Material Used in Industrial Production,qty_ippu_recycled_wood_used_in_production_tonne
TX:WASO:INC_RECYCLING,Total Waste Incinerated,qty_waso_incinerated_glass_tonne
TX:WASO:INC_RECYCLING,Total Waste Incinerated,qty_waso_incinerated_metal_tonne
TX:WASO:INC_RECYCLING,Total Waste Incinerated,qty_waso_incinerated_paper_tonne
TX:WASO:INC_RECYCLING,Total Waste Incinerated,qty_waso_incinerated_plastic_tonne
TX:WASO:INC_RECYCLING,Total Waste Incinerated,qty_waso_incinerated_rubber_leather_tonne
TX:WASO:INC_RECYCLING,Total Waste Incinerated,qty_waso_incinerated_textiles_tonne
TX:WASO:INC_RECYCLING,Total Waste Incinerated,qty_waso_incinerated_wood_tonne
TX:WASO:INC_RECYCLING,Total MSW Recovered for Energy,qty_waso_msw_recovered_for_energy_incineration_tonne
TX:WASO:INC_RECYCLING,Total Waste Open Dumped,qty_waso_open_dump_glass_tonne
TX:WASO:INC_RECYCLING,Total Waste Open Dumped,qty_waso_open_dump_metal_tonne
TX:WASO:INC_RECYCLING,Total Waste Open Dumped,qty_waso_open_dump_paper_tonne
TX:WASO:INC_RECYCLING,Total Waste Open Dumped,qty_waso_open_dump_plastic_tonne
TX:WASO:INC_RECYCLING,Total Waste Open Dumped,qty_waso_open_dump_rubber_leather_tonne
TX:WASO:INC_RECYCLING,Total Waste Open Dumped,qty_waso_open_dump_textiles_tonne
TX:WASO:INC_RECYCLING,Total Waste Open Dumped,qty_waso_open_dump_wood_tonne
TX:WASO:INC_RECYCLING,Total Waste Recycled,qty_waso_recycled_glass_tonne
TX:WASO:INC_RECYCLING,Total Waste Recycled,qty_waso_recycled_metal_tonne
TX:WASO:INC_RECYCLING,Total Waste Recycled,qty_waso_recycled_paper_tonne
TX:WASO:INC_RECYCLING,Total Waste Recycled,qty_waso_recycled_plastic_tonne
TX:WASO:INC_RECYCLING,Total Waste Recycled,qty_waso_recycled_rubber_leather_tonne
TX:WASO:INC_RECYCLING,Total Waste Recycled,qty_waso_recycled_textiles_tonne
TX:WASO:INC_RECYCLING,Total Waste Recycled,qty_waso_recycled_wood_tonne
TX:WASO:INC_RECYCLING,Value of Fuel Consumed in Industrial Energy,totalvalue_enfu_fuel_consumed_inen_fuel_biomass
TX:WASO:INC_RECYCLING,Value of Fuel Consumed in Industrial Energy,totalvalue_enfu_fuel_consumed_inen_fuel_coal
TX:WASO:INC_RECYCLING,Value of Fuel Consumed in Industrial Energy,totalvalue_enfu_fuel_consumed_inen_fuel_coke
TX:WASO:INC_RECYCLING,Value of Fuel Consumed in Industrial Energy,totalvalue_enfu_fuel_consumed_inen_fuel_diesel
TX:WASO:INC_RECYCLING,Value of Fuel Consumed in Industrial Energy,totalvalue_enfu_fuel_consumed_inen_fuel_electricity
TX:WASO:INC_RECYCLING,Value of Fuel Consumed in Industrial Energy,totalvalue_enfu_fuel_consumed_inen_fuel_furnace_gas
TX:WASO:INC_RECYCLING,Value of Fuel Consumed in Industrial Energy,totalvalue_enfu_fuel_consumed_inen_fuel_gasoline
TX:WASO:INC_RECYCLING,Value of Fuel Consumed in Industrial Energy,totalvalue_enfu_fuel_consumed_inen_fuel_natural_gas
TX:WASO:INC_RECYCLING,Value of Fuel Consumed in Industrial Energy,totalvalue_enfu_fuel_consumed_inen_fuel_oil
TX:ENTC:DEC_LOSSES,NemoMod :math:\text{CH}_4 Emissions from Fuel Mining and Extraction,emission_co2e_ch4_entc_fuel_mining_and_extraction_me_coal
TX:ENTC:DEC_LOSSES,NemoMod :math:\text{CH}_4 Emissions from Fuel Mining and Extraction,emission_co2e_ch4_entc_fuel_mining_and_extraction_me_natural_gas
TX:ENTC:DEC_LOSSES,NemoMod :math:\text{CH}_4 Emissions from Electricity Generation for Energy Technology,emission_co2e_ch4_entc_generation_for_entc
TX:ENTC:DEC_LOSSES,NemoMod :math:\text{CH}_4 Emissions from Electricity Generation for Export,emission_co2e_ch4_entc_generation_for_export
TX:ENTC:DEC_LOSSES,NemoMod :math:\text{CH}_4 Emissions from Electricity Generation for Industrial Energy,emission_co2e_ch4_entc_generation_for_inen
TX:ENTC:DEC_LOSSES,NemoMod :math:\text{CH}_4 Emissions from Electricity Generation for SCOE,emission_co2e_ch4_entc_generation_for_scoe
TX:ENTC:DEC_LOSSES,NemoMod :math:\text{CH}_4 Emissions from Electricity Generation for Transportation,emission_co2e_ch4_entc_generation_for_trns
TX:ENTC:DEC_LOSSES,NemoMod :math:\text{CH}_4 Emissions from Electricity Generation,emission_co2e_ch4_entc_generation_pp_biomass
TX:ENTC:DEC_LOSSES,NemoMod :math:\text{CH}_4 Emissions from Electricity Generation,emission_co2e_ch4_entc_generation_pp_gas
TX:ENTC:DEC_LOSSES,NemoMod :math:\text{CH}_4 Emissions from Electricity Generation,emission_co2e_ch4_entc_generation_pp_oil
TX:ENTC:DEC_LOSSES,NemoMod :math:\text{CH}_4 Emissions from Fuel Processing and Refinement,emission_co2e_ch4_entc_processing_and_refinement_fp_natural_gas
TX:ENTC:DEC_LOSSES,NemoMod :math:\text{CH}_4 Emissions from Fuel Processing and Refinement,emission_co2e_ch4_entc_processing_and_refinement_fp_petroleum_refinement
TX:ENTC:DEC_LOSSES,:math:\text{CH}_4 Fugitive Emissions,emission_co2e_ch4_fgtv_fuel_coal
TX:ENTC:DEC_LOSSES,:math:\text{CH}_4 Fugitive Emissions,emission_co2e_ch4_fgtv_fuel_natural_gas
TX:ENTC:DEC_LOSSES,:math:\text{CH}_4 Fugitive Emissions,emission_co2e_ch4_fgtv_fuel_oil
TX:ENTC:DEC_LOSSES,NemoMod :math:\text{CO}_2 Emissions from Electricity Generation for Energy Technology,emission_co2e_co2_entc_generation_for_entc
TX:ENTC:DEC_LOSSES,NemoMod :math:\text{CO}_2 Emissions from Electricity Generation for Export,emission_co2e_co2_entc_generation_for_export
TX:ENTC:DEC_LOSSES,NemoMod :math:\text{CO}_2 Emissions from Electricity Generation for Industrial Energy,emission_co2e_co2_entc_generation_for_inen
TX:ENTC:DEC_LOSSES,NemoMod :math:\text{CO}_2 Emissions from Electricity Generation for SCOE,emission_co2e_co2_entc_generation_for_scoe
TX:ENTC:DEC_LOSSES,NemoMod :math:\text{CO}_2 Emissions from Electricity Generation for Transportation,emission_co2e_co2_entc_generation_for_trns
TX:ENTC:DEC_LOSSES,NemoMod :math:\text{CO}_2 Emissions from Electricity Generation,emission_co2e_co2_entc_generation_pp_biomass
TX:ENTC:DEC_LOSSES,NemoMod :math:\text{CO}_2 Emissions from Electricity Generation,emission_co2e_co2_entc_generation_pp_gas
TX:ENTC:DEC_LOSSES,NemoMod :math:\text{CO}_2 Emissions from Electricity Generation,emission_co2e_co2_entc_generation_pp_oil
TX:ENTC:DEC_LOSSES,NemoMod :math:\text{CO}_2 Emissions from Fuel Mining and Extraction,emission_co2e_co2_entc_mining_and_extraction_me_coal
TX:ENTC:DEC_LOSSES,NemoMod :math:\text{CO}_2 Emissions from Fuel Mining and Extraction,emission_co2e_co2_entc_mining_and_extraction_me_natural_gas
TX:ENTC:DEC_LOSSES,NemoMod :math:\text{CO}_2 Non-Biomass Emissions from Fuel Processing and Refinement,emission_co2e_co2_entc_nbmass_processing_and_refinement_fp_hydrogen_gasification
TX:ENTC:DEC_LOSSES,NemoMod :math:\text{CO}_2 Non-Biomass Emissions from Fuel Processing and Refinement,emission_co2e_co2_entc_nbmass_processing_and_refinement_fp_natural_gas
TX:ENTC:DEC_LOSSES,NemoMod :math:\text{CO}_2 Non-Biomass Emissions from Fuel Processing and Refinement,emission_co2e_co2_entc_nbmass_processing_and_refinement_fp_petroleum_refinement
TX:ENTC:DEC_LOSSES,:math:\text{CO}_2 Fugitive Emissions,emission_co2e_co2_fgtv_fuel_coal
TX:ENTC:DEC_LOSSES,:math:\text{CO}_2 Fugitive Emissions,emission_co2e_co2_fgtv_fuel_natural_gas
TX:ENTC:DEC_LOSSES,:math:\text{CO}_2 Fugitive Emissions,emission_co2e_co2_fgtv_fuel_oil
TX:ENTC:DEC_LOSSES,NemoMod :math:\text{N}_2\text{O} Emissions from Fuel Mining and Extraction,emission_co2e_n2o_entc_fuel_mining_and_extraction_me_coal
TX:ENTC:DEC_LOSSES,NemoMod :math:\text{N}_2\text{O} Emissions from Fuel Mining and Extraction,emission_co2e_n2o_entc_fuel_mining_and_extraction_me_natural_gas
TX:ENTC:DEC_LOSSES,NemoMod :math:\text{N}_2\text{O} Emissions from Electricity Generation for Energy Technology,emission_co2e_n2o_entc_generation_for_entc
TX:ENTC:DEC_LOSSES,NemoMod :math:\text{N}_2\text{O} Emissions from Electricity Generation for Export,emission_co2e_n2o_entc_generation_for_export
TX:ENTC:DEC_LOSSES,NemoMod :math:\text{N}_2\text{O} Emissions from Electricity Generation for Industrial Energy,emission_co2e_n2o_entc_generation_for_inen
TX:ENTC:DEC_LOSSES,NemoMod :math:\text{N}_2\text{O} Emissions from Electricity Generation for SCOE,emission_co2e_n2o_entc_generation_for_scoe
TX:ENTC:DEC_LOSSES,NemoMod :math:\text{N}_2\text{O} Emissions from Electricity Generation for Transportation,emission_co2e_n2o_entc_generation_for_trns
TX:ENTC:DEC_LOSSES,NemoMod :math:\text{N}_2\text{O} Emissions from Electricity Generation,emission_co2e_n2o_entc_generation_pp_biomass
TX:ENTC:DEC_LOSSES,NemoMod :math:\text{N}_2\text{O} Emissions from Electricity Generation,emission_co2e_n2o_entc_generation_pp_gas
TX:ENTC:DEC_LOSSES,NemoMod :math:\text{N}_2\text{O} Emissions from Electricity Generation,emission_co2e_n2o_entc_generation_pp_oil
TX:ENTC:DEC_LOSSES,NemoMod :math:\text{N}_2\text{O} Emissions from Fuel Processing and Refinement,emission_co2e_n2o_entc_processing_and_refinement_fp_natural_gas
TX:ENTC:DEC_LOSSES,NemoMod :math:\text{N}_2\text{O} Emissions from Fuel Processing and Refinement,emission_co2e_n2o_entc_processing_and_refinement_fp_petroleum_refinement
TX:ENTC:DEC_LOSSES,:math:\text{N}_2\text{O} Fugitive Emissions,emission_co2e_n2o_fgtv_fuel_natural_gas
TX:ENTC:DEC_LOSSES,:math:\text{N}_2\text{O} Fugitive Emissions,emission_co2e_n2o_fgtv_fuel_oil
TX:ENTC:DEC_LOSSES,emission_co2e_subsector_total_entc,emission_co2e_subsector_total_entc
TX:ENTC:DEC_LOSSES,emission_co2e_subsector_total_fgtv,emission_co2e_subsector_total_fgtv
TX:ENTC:DEC_LOSSES,NMVOC Fugitive Emissions,emission_nongas_fgtv_kt_nmvoc_fuel_natural_gas
TX:ENTC:DEC_LOSSES,NMVOC Fugitive Emissions,emission_nongas_fgtv_kt_nmvoc_fuel_oil
TX:ENTC:DEC_LOSSES,Energy Demand by Fuel in Energy Technology,energy_demand_enfu_subsector_total_pj_entc_fuel_biomass
TX:ENTC:DEC_LOSSES,Energy Demand by Fuel in Energy Technology,energy_demand_enfu_subsector_total_pj_entc_fuel_coal
TX:ENTC:DEC_LOSSES,Energy Demand by Fuel in Energy Technology,energy_demand_enfu_subsector_total_pj_entc_fuel_crude
TX:ENTC:DEC_LOSSES,Energy Demand by Fuel in Energy Technology,energy_demand_enfu_subsector_total_pj_entc_fuel_diesel
TX:ENTC:DEC_LOSSES,Energy Demand by Fuel in Energy Technology,energy_demand_enfu_subsector_total_pj_entc_fuel_electricity
TX:ENTC:DEC_LOSSES,Energy Demand by Fuel in Energy Technology,energy_demand_enfu_subsector_total_pj_entc_fuel_gasoline
TX:ENTC:DEC_LOSSES,Energy Demand by Fuel in Energy Technology,energy_demand_enfu_subsector_total_pj_entc_fuel_hydrogen
TX:ENTC:DEC_LOSSES,Energy Demand by Fuel in Energy Technology,energy_demand_enfu_subsector_total_pj_entc_fuel_natural_gas
TX:ENTC:DEC_LOSSES,Energy Demand by Fuel in Energy Technology,energy_demand_enfu_subsector_total_pj_entc_fuel_oil
TX:ENTC:DEC_LOSSES,Energy Demand by Fuel in Energy Technology,energy_demand_enfu_subsector_total_pj_entc_fuel_solar
TX:ENTC:DEC_LOSSES,Total Energy Demand by Fuel,energy_demand_enfu_total_fuel_biomass
TX:ENTC:DEC_LOSSES,Total Energy Demand by Fuel,energy_demand_enfu_total_fuel_coal
TX:ENTC:DEC_LOSSES,Total Energy Demand by Fuel,energy_demand_enfu_total_fuel_crude
TX:ENTC:DEC_LOSSES,Total Energy Demand by Fuel,energy_demand_enfu_total_fuel_diesel
TX:ENTC:DEC_LOSSES,Total Energy Demand by Fuel,energy_demand_enfu_total_fuel_electricity
TX:ENTC:DEC_LOSSES,Total Energy Demand by Fuel,energy_demand_enfu_total_fuel_gasoline
TX:ENTC:DEC_LOSSES,Total Energy Demand by Fuel,energy_demand_enfu_total_fuel_hydrogen
TX:ENTC:DEC_LOSSES,Total Energy Demand by Fuel,energy_demand_enfu_total_fuel_natural_gas
TX:ENTC:DEC_LOSSES,Total Energy Demand by Fuel,energy_demand_enfu_total_fuel_oil
TX:ENTC:DEC_LOSSES,Total Energy Demand by Fuel,energy_demand_enfu_total_fuel_solar
TX:ENTC:DEC_LOSSES,Electrical Transmission Loss,energylost_enfu_transmission_loss_fuel_electricity_pj
TX:ENTC:DEC_LOSSES,Adjusted Fuel Exports,exportsadj_enfu_fuel_electricity
TX:ENTC:DEC_LOSSES,Adjusted Fuel Exports,exportsadj_enfu_fuel_hydrocarbon_gas_liquids
TX:ENTC:DEC_LOSSES,Adjusted Fuel Exports,exportsadj_enfu_fuel_hydrogen
TX:ENTC:DEC_LOSSES,Adjusted Fuel Exports,exportsadj_enfu_fuel_kerosene
TX:ENTC:DEC_LOSSES,Fuel Imports,imports_enfu_fuel_ammonia_pj
TX:ENTC:DEC_LOSSES,Fuel Imports,imports_enfu_fuel_diesel_pj
TX:ENTC:DEC_LOSSES,Fuel Imports,imports_enfu_fuel_gasoline_pj
TX:ENTC:DEC_LOSSES,Fuel Imports,imports_enfu_fuel_hydrocarbon_gas_liquids_pj
TX:ENTC:DEC_LOSSES,Fuel Imports,imports_enfu_fuel_kerosene_pj
TX:ENTC:DEC_LOSSES,Fuel Imports,imports_enfu_fuel_oil_pj
TX:ENTC:DEC_LOSSES,NemoMod Production by Technology,nemomod_entc_annual_production_by_technology_pp_biomass
TX:ENTC:DEC_LOSSES,NemoMod Production by Technology,nemomod_entc_annual_production_by_technology_pp_gas
TX:ENTC:DEC_LOSSES,NemoMod Production by Technology,nemomod_entc_annual_production_by_technology_pp_oil
TX:ENTC:DEC_LOSSES,NemoMod Production by Technology,nemomod_entc_annual_production_by_technology_pp_solar
TX:ENTC:DEC_LOSSES,NemoMod Discounted Capital Investment,nemomod_entc_discounted_capital_investment_pp_biogas
TX:ENTC:DEC_LOSSES,NemoMod Discounted Capital Investment,nemomod_entc_discounted_capital_investment_pp_biomass
TX:ENTC:DEC_LOSSES,NemoMod Discounted Capital Investment,nemomod_entc_discounted_capital_investment_pp_gas
TX:ENTC:DEC_LOSSES,NemoMod Discounted Capital Investment,nemomod_entc_discounted_capital_investment_pp_oil
TX:ENTC:DEC_LOSSES,NemoMod Discounted Capital Investment,nemomod_entc_discounted_capital_investment_pp_solar
TX:ENTC:DEC_LOSSES,NemoMod Discounted Capital Investment,nemomod_entc_discounted_capital_investment_pp_waste_incineration
TX:ENTC:DEC_LOSSES,NemoMod Discounted Operating Costs,nemomod_entc_discounted_operating_costs_pp_biogas
TX:ENTC:DEC_LOSSES,NemoMod Discounted Operating Costs,nemomod_entc_discounted_operating_costs_pp_biomass
TX:ENTC:DEC_LOSSES,NemoMod Discounted Operating Costs,nemomod_entc_discounted_operating_costs_pp_gas
TX:ENTC:DEC_LOSSES,NemoMod Discounted Operating Costs,nemomod_entc_discounted_operating_costs_pp_oil
TX:ENTC:DEC_LOSSES,NemoMod Discounted Operating Costs,nemomod_entc_discounted_operating_costs_pp_solar
TX:ENTC:DEC_LOSSES,NemoMod Discounted Operating Costs,nemomod_entc_discounted_operating_costs_pp_waste_incineration
TX:ENTC:DEC_LOSSES,NemoMod Generation Capacity,nemomod_entc_total_annual_generation_capacity_pp_biogas
TX:ENTC:DEC_LOSSES,NemoMod Generation Capacity,nemomod_entc_total_annual_generation_capacity_pp_biomass
TX:ENTC:DEC_LOSSES,NemoMod Generation Capacity,nemomod_entc_total_annual_generation_capacity_pp_gas
TX:ENTC:DEC_LOSSES,NemoMod Generation Capacity,nemomod_entc_total_annual_generation_capacity_pp_oil
TX:ENTC:DEC_LOSSES,NemoMod Generation Capacity,nemomod_entc_total_annual_generation_capacity_pp_solar
TX:ENTC:DEC_LOSSES,NemoMod Generation Capacity,nemomod_entc_total_annual_generation_capacity_pp_waste_incineration
TX:ENTC:DEC_LOSSES,Fuel Production,prod_enfu_fuel_ammonia_pj
TX:ENTC:DEC_LOSSES,Fuel Production,prod_enfu_fuel_coal_pj
TX:ENTC:DEC_LOSSES,Fuel Production,prod_enfu_fuel_diesel_pj
TX:ENTC:DEC_LOSSES,Fuel Production,prod_enfu_fuel_electricity_pj
TX:ENTC:DEC_LOSSES,Fuel Production,prod_enfu_fuel_gasoline_pj
TX:ENTC:DEC_LOSSES,Fuel Production,prod_enfu_fuel_hydrocarbon_gas_liquids_pj
TX:ENTC:DEC_LOSSES,Fuel Production,prod_enfu_fuel_hydrogen_pj
TX:ENTC:DEC_LOSSES,Fuel Production,prod_enfu_fuel_kerosene_pj
TX:ENTC:DEC_LOSSES,Fuel Production,prod_enfu_fuel_natural_gas_pj
TX:ENTC:DEC_LOSSES,Fuel Production,prod_enfu_fuel_oil_pj
TX:ENTC:DEC_LOSSES,Value of Fuel Consumed in Energy Technology,totalvalue_enfu_fuel_consumed_entc_fuel_biomass
TX:ENTC:DEC_LOSSES,Value of Fuel Consumed in Energy Technology,totalvalue_enfu_fuel_consumed_entc_fuel_coal
TX:ENTC:DEC_LOSSES,Value of Fuel Consumed in Energy Technology,totalvalue_enfu_fuel_consumed_entc_fuel_crude
TX:ENTC:DEC_LOSSES,Value of Fuel Consumed in Energy Technology,totalvalue_enfu_fuel_consumed_entc_fuel_diesel
TX:ENTC:DEC_LOSSES,Value of Fuel Consumed in Energy Technology,totalvalue_enfu_fuel_consumed_entc_fuel_electricity
TX:ENTC:DEC_LOSSES,Value of Fuel Consumed in Energy Technology,totalvalue_enfu_fuel_consumed_entc_fuel_gasoline
TX:ENTC:DEC_LOSSES,Value of Fuel Consumed in Energy Technology,totalvalue_enfu_fuel_consumed_entc_fuel_hydrogen
TX:ENTC:DEC_LOSSES,Value of Fuel Consumed in Energy Technology,totalvalue_enfu_fuel_consumed_entc_fuel_natural_gas
TX:ENTC:DEC_LOSSES,Value of Fuel Consumed in Energy Technology,totalvalue_enfu_fuel_consumed_entc_fuel_oil
TX:ENTC:DEC_LOSSES_STRATEGY_CONDITIONAL,NemoMod :math:\text{CH}_4 Emissions from Fuel Mining and Extraction,emission_co2e_ch4_entc_fuel_mining_and_extraction_me_coal
TX:ENTC:DEC_LOSSES_STRATEGY_CONDITIONAL,NemoMod :math:\text{CH}_4 Emissions from Fuel Mining and Extraction,emission_co2e_ch4_entc_fuel_mining_and_extraction_me_natural_gas
TX:ENTC:DEC_LOSSES_STRATEGY_CONDITIONAL,NemoMod :math:\text{CH}_4 Emissions from Electricity Generation for Energy Technology,emission_co2e_ch4_entc_generation_for_entc
TX:ENTC:DEC_LOSSES_STRATEGY_CONDITIONAL,NemoMod :math:\text{CH}_4 Emissions from Electricity Generation for Export,emission_co2e_ch4_entc_generation_for_export
TX:ENTC:DEC_LOSSES_STRATEGY_CONDITIONAL,NemoMod :math:\text{CH}_4 Emissions from Electricity Generation for Industrial Energy,emission_co2e_ch4_entc_generation_for_inen
TX:ENTC:DEC_LOSSES_STRATEGY_CONDITIONAL,NemoMod :math:\text{CH}_4 Emissions from Electricity Generation for SCOE,emission_co2e_ch4_entc_generation_for_scoe
TX:ENTC:DEC_LOSSES_STRATEGY_CONDITIONAL,NemoMod :math:\text{CH}_4 Emissions from Electricity Generation for Transportation,emission_co2e_ch4_entc_generation_for_trns
TX:ENTC:DEC_LOSSES_STRATEGY_CONDITIONAL,NemoMod :math:\text{CH}_4 Emissions from Electricity Generation,emission_co2e_ch4_entc_generation_pp_biomass
TX:ENTC:DEC_LOSSES_STRATEGY_CONDITIONAL,NemoMod :math:\text{CH}_4 Emissions from Electricity Generation,emission_co2e_ch4_entc_generation_pp_gas
TX:ENTC:DEC_LOSSES_STRATEGY_CONDITIONAL,NemoMod :math:\text{CH}_4 Emissions from Electricity Generation,emission_co2e_ch4_entc_generation_pp_oil
TX:ENTC:DEC_LOSSES_STRATEGY_CONDITIONAL,NemoMod :math:\text{CH}_4 Emissions from Fuel Processing and Refinement,emission_co2e_ch4_entc_processing_and_refinement_fp_natural_gas
TX:ENTC:DEC_LOSSES_STRATEGY_CONDITIONAL,NemoMod :math:\text{CH}_4 Emissions from Fuel Processing and Refinement,emission_co2e_ch4_entc_processing_and_refinement_fp_petroleum_refinement
TX:ENTC:DEC_LOSSES_STRATEGY_CONDITIONAL,:math:\text{CH}_4 Fugitive Emissions,emission_co2e_ch4_fgtv_fuel_coal
TX:ENTC:DEC_LOSSES_STRATEGY_CONDITIONAL,:math:\text{CH}_4 Fugitive Emissions,emission_co2e_ch4_fgtv_fuel_natural_gas
TX:ENTC:DEC_LOSSES_STRATEGY_CONDITIONAL,:math:\text{CH}_4 Fugitive Emissions,emission_co2e_ch4_fgtv_fuel_oil
TX:ENTC:DEC_LOSSES_STRATEGY_CONDITIONAL,NemoMod :math:\text{CO}_2 Emissions from Electricity Generation for Energy Technology,emission_co2e_co2_entc_generation_for_entc
TX:ENTC:DEC_LOSSES_STRATEGY_CONDITIONAL,NemoMod :math:\text{CO}_2 Emissions from Electricity Generation for Export,emission_co2e_co2_entc_generation_for_export
TX:ENTC:DEC_LOSSES_STRATEGY_CONDITIONAL,NemoMod :math:\text{CO}_2 Emissions from Electricity Generation for Industrial Energy,emission_co2e_co2_entc_generation_for_inen
TX:ENTC:DEC_LOSSES_STRATEGY_CONDITIONAL,NemoMod :math:\text{CO}_2 Emissions from Electricity Generation for SCOE,emission_co2e_co2_entc_generation_for_scoe
TX:ENTC:DEC_LOSSES_STRATEGY_CONDITIONAL,NemoMod :math:\text{CO}_2 Emissions from Electricity Generation for Transportation,emission_co2e_co2_entc_generation_for_trns
TX:ENTC:DEC_LOSSES_STRATEGY_CONDITIONAL,NemoMod :math:\text{CO}_2 Emissions from Electricity Generation,emission_co2e_co2_entc_generation_pp_biomass
TX:ENTC:DEC_LOSSES_STRATEGY_CONDITIONAL,NemoMod :math:\text{CO}_2 Emissions from Electricity Generation,emission_co2e_co2_entc_generation_pp_gas
TX:ENTC:DEC_LOSSES_STRATEGY_CONDITIONAL,NemoMod :math:\text{CO}_2 Emissions from Electricity Generation,emission_co2e_co2_entc_generation_pp_oil
TX:ENTC:DEC_LOSSES_STRATEGY_CONDITIONAL,NemoMod :math:\text{CO}_2 Emissions from Fuel Mining and Extraction,emission_co2e_co2_entc_mining_and_extraction_me_coal
TX:ENTC:DEC_LOSSES_STRATEGY_CONDITIONAL,NemoMod :math:\text{CO}_2 Emissions from Fuel Mining and Extraction,emission_co2e_co2_entc_mining_and_extraction_me_natural_gas
TX:ENTC:DEC_LOSSES_STRATEGY_CONDITIONAL,NemoMod :math:\text{CO}_2 Non-Biomass Emissions from Fuel Processing and Refinement,emission_co2e_co2_entc_nbmass_processing_and_refinement_fp_hydrogen_gasification
TX:ENTC:DEC_LOSSES_STRATEGY_CONDITIONAL,NemoMod :math:\text{CO}_2 Non-Biomass Emissions from Fuel Processing and Refinement,emission_co2e_co2_entc_nbmass_processing_and_refinement_fp_natural_gas
TX:ENTC:DEC_LOSSES_STRATEGY_CONDITIONAL,NemoMod :math:\text{CO}_2 Non-Biomass Emissions from Fuel Processing and Refinement,emission_co2e_co2_entc_nbmass_processing_and_refinement_fp_petroleum_refinement
TX:ENTC:DEC_LOSSES_STRATEGY_CONDITIONAL,:math:\text{CO}_2 Fugitive Emissions,emission_co2e_co2_fgtv_fuel_coal
TX:ENTC:DEC_LOSSES_STRATEGY_CONDITIONAL,:math:\text{CO}_2 Fugitive Emissions,emission_co2e_co2_fgtv_fuel_natural_gas
TX:ENTC:DEC_LOSSES_STRATEGY_CONDITIONAL,:math:\text{CO}_2 Fugitive Emissions,emission_co2e_co2_fgtv_fuel_oil
TX:ENTC:DEC_LOSSES_STRATEGY_CONDITIONAL,NemoMod :math:\text{N}_2\text{O} Emissions from Fuel Mining and Extraction,emission_co2e_n2o_entc_fuel_mining_and_extraction_me_coal
TX:ENTC:DEC_LOSSES_STRATEGY_CONDITIONAL,NemoMod :math:\text{N}_2\text{O} Emissions from Fuel Mining and Extraction,emission_co2e_n2o_entc_fuel_mining_and_extraction_me_natural_gas
TX:ENTC:DEC_LOSSES_STRATEGY_CONDITIONAL,NemoMod :math:\text{N}_2\text{O} Emissions from Electricity Generation for Energy Technology,emission_co2e_n2o_entc_generation_for_entc
TX:ENTC:DEC_LOSSES_STRATEGY_CONDITIONAL,NemoMod :math:\text{N}_2\text{O} Emissions from Electricity Generation for Export,emission_co2e_n2o_entc_generation_for_export
TX:ENTC:DEC_LOSSES_STRATEGY_CONDITIONAL,NemoMod :math:\text{N}_2\text{O} Emissions from Electricity Generation for Industrial Energy,emission_co2e_n2o_entc_generation_for_inen
TX:ENTC:DEC_LOSSES_STRATEGY_CONDITIONAL,NemoMod :math:\text{N}_2\text{O} Emissions from Electricity Generation for SCOE,emission_co2e_n2o_entc_generation_for_scoe
TX:ENTC:DEC_LOSSES_STRATEGY_CONDITIONAL,NemoMod :math:\text{N}_2\text{O} Emissions from Electricity Generation for Transportation,emission_co2e_n2o_entc_generation_for_trns
TX:ENTC:DEC_LOSSES_STRATEGY_CONDITIONAL,NemoMod :math:\text{N}_2\text{O} Emissions from Electricity Generation,emission_co2e_n2o_entc_generation_pp_biomass
TX:ENTC:DEC_LOSSES_STRATEGY_CONDITIONAL,NemoMod :math:\text{N}_2\text{O} Emissions from Electricity Generation,emission_co2e_n2o_entc_generation_pp_gas
TX:ENTC:DEC_LOSSES_STRATEGY_CONDITIONAL,NemoMod :math:\text{N}_2\text{O} Emissions from Electricity Generation,emission_co2e_n2o_entc_generation_pp_oil
TX:ENTC:DEC_LOSSES_STRATEGY_CONDITIONAL,NemoMod :math:\text{N}_2\text{O} Emissions from Fuel Processing and Refinement,emission_co2e_n2o_entc_processing_and_refinement_fp_natural_gas
TX:ENTC:DEC_LOSSES_STRATEGY_CONDITIONAL,NemoMod :math:\text{N}_2\text{O} Emissions from Fuel Processing and Refinement,emission_co2e_n2o_entc_processing_and_refinement_fp_petroleum_refinement
TX:ENTC:DEC_LOSSES_STRATEGY_CONDITIONAL,:math:\text{N}_2\text{O} Fugitive Emissions,emission_co2e_n2o_fgtv_fuel_natural_gas
TX:ENTC:DEC_LOSSES_STRATEGY_CONDITIONAL,:math:\text{N}_2\text{O} Fugitive Emissions,emission_co2e_n2o_fgtv_fuel_oil
TX:ENTC:DEC_LOSSES_STRATEGY_CONDITIONAL,emission_co2e_subsector_total_entc,emission_co2e_subsector_total_entc
TX:ENTC:DEC_LOSSES_STRATEGY_CONDITIONAL,emission_co2e_subsector_total_fgtv,emission_co2e_subsector_total_fgtv
TX:ENTC:DEC_LOSSES_STRATEGY_CONDITIONAL,NMVOC Fugitive Emissions,emission_nongas_fgtv_kt_nmvoc_fuel_natural_gas
TX:ENTC:DEC_LOSSES_STRATEGY_CONDITIONAL,NMVOC Fugitive Emissions,emission_nongas_fgtv_kt_nmvoc_fuel_oil
TX:ENTC:DEC_LOSSES_STRATEGY_CONDITIONAL,Energy Demand by Fuel in Energy Technology,energy_demand_enfu_subsector_total_pj_entc_fuel_biomass
TX:ENTC:DEC_LOSSES_STRATEGY_CONDITIONAL,Energy Demand by Fuel in Energy Technology,energy_demand_enfu_subsector_total_pj_entc_fuel_coal
TX:ENTC:DEC_LOSSES_STRATEGY_CONDITIONAL,Energy Demand by Fuel in Energy Technology,energy_demand_enfu_subsector_total_pj_entc_fuel_crude
TX:ENTC:DEC_LOSSES_STRATEGY_CONDITIONAL,Energy Demand by Fuel in Energy Technology,energy_demand_enfu_subsector_total_pj_entc_fuel_diesel
TX:ENTC:DEC_LOSSES_STRATEGY_CONDITIONAL,Energy Demand by Fuel in Energy Technology,energy_demand_enfu_subsector_total_pj_entc_fuel_electricity
TX:ENTC:DEC_LOSSES_STRATEGY_CONDITIONAL,Energy Demand by Fuel in Energy Technology,energy_demand_enfu_subsector_total_pj_entc_fuel_gasoline
TX:ENTC:DEC_LOSSES_STRATEGY_CONDITIONAL,Energy Demand by Fuel in Energy Technology,energy_demand_enfu_subsector_total_pj_entc_fuel_hydrogen
TX:ENTC:DEC_LOSSES_STRATEGY_CONDITIONAL,Energy Demand by Fuel in Energy Technology,energy_demand_enfu_subsector_total_pj_entc_fuel_natural_gas
TX:ENTC:DEC_LOSSES_STRATEGY_CONDITIONAL,Energy Demand by Fuel in Energy Technology,energy_demand_enfu_subsector_total_pj_entc_fuel_oil
TX:ENTC:DEC_LOSSES_STRATEGY_CONDITIONAL,Energy Demand by Fuel in Energy Technology,energy_demand_enfu_subsector_total_pj_entc_fuel_solar
TX:ENTC:DEC_LOSSES_STRATEGY_CONDITIONAL,Total Energy Demand by Fuel,energy_demand_enfu_total_fuel_biomass
TX:ENTC:DEC_LOSSES_STRATEGY_CONDITIONAL,Total Energy Demand by Fuel,energy_demand_enfu_total_fuel_coal
TX:ENTC:DEC_LOSSES_STRATEGY_CONDITIONAL,Total Energy Demand by Fuel,energy_demand_enfu_total_fuel_crude
TX:ENTC:DEC_LOSSES_STRATEGY_CONDITIONAL,Total Energy Demand by Fuel,energy_demand_enfu_total_fuel_diesel
TX:ENTC:DEC_LOSSES_STRATEGY_CONDITIONAL,Total Energy Demand by Fuel,energy_demand_enfu_total_fuel_electricity
TX:ENTC:DEC_LOSSES_STRATEGY_CONDITIONAL,Total Energy Demand by Fuel,energy_demand_enfu_total_fuel_gasoline
TX:ENTC:DEC_LOSSES_STRATEGY_CONDITIONAL,Total Energy Demand by Fuel,energy_demand_enfu_total_fuel_hydrogen
TX:ENTC:DEC_LOSSES_STRATEGY_CONDITIONAL,Total Energy Demand by Fuel,energy_demand_enfu_total_fuel_natural_gas
TX:ENTC:DEC_LOSSES_STRATEGY_CONDITIONAL,Total Energy Demand by Fuel,energy_demand_enfu_total_fuel_oil
TX:ENTC:DEC_LOSSES_STRATEGY_CONDITIONAL,Total Energy Demand by Fuel,energy_demand_enfu_total_fuel_solar
TX:ENTC:DEC_LOSSES_STRATEGY_CONDITIONAL,Electrical Transmission Loss,energylost_enfu_transmission_loss_fuel_electricity_pj
TX:ENTC:DEC_LOSSES_STRATEGY_CONDITIONAL,Adjusted Fuel Exports,exportsadj_enfu_fuel_electricity
TX:ENTC:DEC_LOSSES_STRATEGY_CONDITIONAL,Adjusted Fuel Exports,exportsadj_enfu_fuel_hydrocarbon_gas_liquids
TX:ENTC:DEC_LOSSES_STRATEGY_CONDITIONAL,Adjusted Fuel Exports,exportsadj_enfu_fuel_hydrogen
TX:ENTC:DEC_LOSSES_STRATEGY_CONDITIONAL,Adjusted Fuel Exports,exportsadj_enfu_fuel_kerosene
TX:ENTC:DEC_LOSSES_STRATEGY_CONDITIONAL,Fuel Imports,imports_enfu_fuel_ammonia_pj
TX:ENTC:DEC_LOSSES_STRATEGY_CONDITIONAL,Fuel Imports,imports_enfu_fuel_diesel_pj
TX:ENTC:DEC_LOSSES_STRATEGY_CONDITIONAL,Fuel Imports,imports_enfu_fuel_gasoline_pj
TX:ENTC:DEC_LOSSES_STRATEGY_CONDITIONAL,Fuel Imports,imports_enfu_fuel_hydrocarbon_gas_liquids_pj
TX:ENTC:DEC_LOSSES_STRATEGY_CONDITIONAL,Fuel Imports,imports_enfu_fuel_kerosene_pj
TX:ENTC:DEC_LOSSES_STRATEGY_CONDITIONAL,Fuel Imports,imports_enfu_fuel_oil_pj
TX:ENTC:DEC_LOSSES_STRATEGY_CONDITIONAL,NemoMod Production by Technology,nemomod_entc_annual_production_by_technology_pp_biomass
TX:ENTC:DEC_LOSSES_STRATEGY_CONDITIONAL,NemoMod Production by Technology,nemomod_entc_annual_production_by_technology_pp_gas
TX:ENTC:DEC_LOSSES_STRATEGY_CONDITIONAL,NemoMod Production by Technology,nemomod_entc_annual_production_by_technology_pp_oil
TX:ENTC:DEC_LOSSES_STRATEGY_CONDITIONAL,NemoMod Production by Technology,nemomod_entc_annual_production_by_technology_pp_solar
TX:ENTC:DEC_LOSSES_STRATEGY_CONDITIONAL,NemoMod Discounted Capital Investment,nemomod_entc_discounted_capital_investment_pp_biogas
TX:ENTC:DEC_LOSSES_STRATEGY_CONDITIONAL,NemoMod Discounted Capital Investment,nemomod_entc_discounted_capital_investment_pp_biomass
TX:ENTC:DEC_LOSSES_STRATEGY_CONDITIONAL,NemoMod Discounted Capital Investment,nemomod_entc_discounted_capital_investment_pp_gas
TX:ENTC:DEC_LOSSES_STRATEGY_CONDITIONAL,NemoMod Discounted Capital Investment,nemomod_entc_discounted_capital_investment_pp_oil
TX:ENTC:DEC_LOSSES_STRATEGY_CONDITIONAL,NemoMod Discounted Capital Investment,nemomod_entc_discounted_capital_investment_pp_solar
TX:ENTC:DEC_LOSSES_STRATEGY_CONDITIONAL,NemoMod Discounted Capital Investment,nemomod_entc_discounted_capital_investment_pp_waste_incineration
TX:ENTC:DEC_LOSSES_STRATEGY_CONDITIONAL,NemoMod Discounted Operating Costs,nemomod_entc_discounted_operating_costs_pp_biogas
TX:ENTC:DEC_LOSSES_STRATEGY_CONDITIONAL,NemoMod Discounted Operating Costs,nemomod_entc_discounted_operating_costs_pp_biomass
TX:ENTC:DEC_LOSSES_STRATEGY_CONDITIONAL,NemoMod Discounted Operating Costs,nemomod_entc_discounted_operating_costs_pp_gas
TX:ENTC:DEC_LOSSES_STRATEGY_CONDITIONAL,NemoMod Discounted Operating Costs,nemomod_entc_discounted_operating_costs_pp_oil
TX:ENTC:DEC_LOSSES_STRATEGY_CONDITIONAL,NemoMod Discounted Operating Costs,nemomod_entc_discounted_operating_costs_pp_solar
TX:ENTC:DEC_LOSSES_STRATEGY_CONDITIONAL,NemoMod Discounted Operating Costs,nemomod_entc_discounted_operating_costs_pp_waste_incineration
TX:ENTC:DEC_LOSSES_STRATEGY_CONDITIONAL,NemoMod Generation Capacity,nemomod_entc_total_annual_generation_capacity_pp_biogas
TX:ENTC:DEC_LOSSES_STRATEGY_CONDITIONAL,NemoMod Generation Capacity,nemomod_entc_total_annual_generation_capacity_pp_biomass
TX:ENTC:DEC_LOSSES_STRATEGY_CONDITIONAL,NemoMod Generation Capacity,nemomod_entc_total_annual_generation_capacity_pp_gas
TX:ENTC:DEC_LOSSES_STRATEGY_CONDITIONAL,NemoMod Generation Capacity,nemomod_entc_total_annual_generation_capacity_pp_oil
TX:ENTC:DEC_LOSSES_STRATEGY_CONDITIONAL,NemoMod Generation Capacity,nemomod_entc_total_annual_generation_capacity_pp_solar
TX:ENTC:DEC_LOSSES_STRATEGY_CONDITIONAL,NemoMod Generation Capacity,nemomod_entc_total_annual_generation_capacity_pp_waste_incineration
TX:ENTC:DEC_LOSSES_STRATEGY_CONDITIONAL,Fuel Production,prod_enfu_fuel_ammonia_pj
TX:ENTC:DEC_LOSSES_STRATEGY_CONDITIONAL,Fuel Production,prod_enfu_fuel_coal_pj
TX:ENTC:DEC_LOSSES_STRATEGY_CONDITIONAL,Fuel Production,prod_enfu_fuel_diesel_pj
TX:ENTC:DEC_LOSSES_STRATEGY_CONDITIONAL,Fuel Production,prod_enfu_fuel_electricity_pj
TX:ENTC:DEC_LOSSES_STRATEGY_CONDITIONAL,Fuel Production,prod_enfu_fuel_gasoline_pj
TX:ENTC:DEC_LOSSES_STRATEGY_CONDITIONAL,Fuel Production,prod_enfu_fuel_hydrocarbon_gas_liquids_pj
TX:ENTC:DEC_LOSSES_STRATEGY_CONDITIONAL,Fuel Production,prod_enfu_fuel_hydrogen_pj
TX:ENTC:DEC_LOSSES_STRATEGY_CONDITIONAL,Fuel Production,prod_enfu_fuel_kerosene_pj
TX:ENTC:DEC_LOSSES_STRATEGY_CONDITIONAL,Fuel Production,prod_enfu_fuel_natural_gas_pj
TX:ENTC:DEC_LOSSES_STRATEGY_CONDITIONAL,Fuel Production,prod_enfu_fuel_oil_pj
TX:ENTC:DEC_LOSSES_STRATEGY_CONDITIONAL,Value of Fuel Consumed in Energy Technology,totalvalue_enfu_fuel_consumed_entc_fuel_biomass
TX:ENTC:DEC_LOSSES_STRATEGY_CONDITIONAL,Value of Fuel Consumed in Energy Technology,totalvalue_enfu_fuel_consumed_entc_fuel_coal
TX:ENTC:DEC_LOSSES_STRATEGY_CONDITIONAL,Value of Fuel Consumed in Energy Technology,totalvalue_enfu_fuel_consumed_entc_fuel_crude
TX:ENTC:DEC_LOSSES_STRATEGY_CONDITIONAL,Value of Fuel Consumed in Energy Technology,totalvalue_enfu_fuel_consumed_entc_fuel_diesel
TX:ENTC:DEC_LOSSES_STRATEGY_CONDITIONAL,Value of Fuel Consumed in Energy Technology,totalvalue_enfu_fuel_consumed_entc_fuel_electricity
TX:ENTC:DEC_LOSSES_STRATEGY_CONDITIONAL,Value of Fuel Consumed in Energy Technology,totalvalue_enfu_fuel_consumed_entc_fuel_gasoline
TX:ENTC:DEC_LOSSES_STRATEGY_CONDITIONAL,Value of Fuel Consumed in Energy Technology,totalvalue_enfu_fuel_consumed_entc_fuel_hydrogen
TX:ENTC:DEC_LOSSES_STRATEGY_CONDITIONAL,Value of Fuel Consumed in Energy Technology,totalvalue_enfu_fuel_consumed_entc_fuel_natural_gas
TX:ENTC:DEC_LOSSES_STRATEGY_CONDITIONAL,Value of Fuel Consumed in Energy Technology,totalvalue_enfu_fuel_consumed_entc_fuel_oil
TX:ENTC:DEC_LOSSES_STRATEGY_LEP,NemoMod :math:\text{CH}_4 Emissions from Fuel Mining and Extraction,emission_co2e_ch4_entc_fuel_mining_and_extraction_me_coal
TX:ENTC:DEC_LOSSES_STRATEGY_LEP,NemoMod :math:\text{CH}_4 Emissions from Fuel Mining and Extraction,emission_co2e_ch4_entc_fuel_mining_and_extraction_me_natural_gas
TX:ENTC:DEC_LOSSES_STRATEGY_LEP,NemoMod :math:\text{CH}_4 Emissions from Electricity Generation for Energy Technology,emission_co2e_ch4_entc_generation_for_entc
TX:ENTC:DEC_LOSSES_STRATEGY_LEP,NemoMod :math:\text{CH}_4 Emissions from Electricity Generation for Export,emission_co2e_ch4_entc_generation_for_export
TX:ENTC:DEC_LOSSES_STRATEGY_LEP,NemoMod :math:\text{CH}_4 Emissions from Electricity Generation for Industrial Energy,emission_co2e_ch4_entc_generation_for_inen
TX:ENTC:DEC_LOSSES_STRATEGY_LEP,NemoMod :math:\text{CH}_4 Emissions from Electricity Generation for SCOE,emission_co2e_ch4_entc_generation_for_scoe
TX:ENTC:DEC_LOSSES_STRATEGY_LEP,NemoMod :math:\text{CH}_4 Emissions from Electricity Generation for Transportation,emission_co2e_ch4_entc_generation_for_trns
TX:ENTC:DEC_LOSSES_STRATEGY_LEP,NemoMod :math:\text{CH}_4 Emissions from Electricity Generation,emission_co2e_ch4_entc_generation_pp_biomass
TX:ENTC:DEC_LOSSES_STRATEGY_LEP,NemoMod :math:\text{CH}_4 Emissions from Electricity Generation,emission_co2e_ch4_entc_generation_pp_gas
TX:ENTC:DEC_LOSSES_STRATEGY_LEP,NemoMod :math:\text{CH}_4 Emissions from Electricity Generation,emission_co2e_ch4_entc_generation_pp_oil
TX:ENTC:DEC_LOSSES_STRATEGY_LEP,NemoMod :math:\text{CH}_4 Emissions from Fuel Processing and Refinement,emission_co2e_ch4_entc_processing_and_refinement_fp_natural_gas
TX:ENTC:DEC_LOSSES_STRATEGY_LEP,NemoMod :math:\text{CH}_4 Emissions from Fuel Processing and Refinement,emission_co2e_ch4_entc_processing_and_refinement_fp_petroleum_refinement
TX:ENTC:DEC_LOSSES_STRATEGY_LEP,:math:\text{CH}_4 Fugitive Emissions,emission_co2e_ch4_fgtv_fuel_coal
TX:ENTC:DEC_LOSSES_STRATEGY_LEP,:math:\text{CH}_4 Fugitive Emissions,emission_co2e_ch4_fgtv_fuel_natural_gas
TX:ENTC:DEC_LOSSES_STRATEGY_LEP,:math:\text{CH}_4 Fugitive Emissions,emission_co2e_ch4_fgtv_fuel_oil
TX:ENTC:DEC_LOSSES_STRATEGY_LEP,NemoMod :math:\text{CO}_2 Emissions from Electricity Generation for Energy Technology,emission_co2e_co2_entc_generation_for_entc
TX:ENTC:DEC_LOSSES_STRATEGY_LEP,NemoMod :math:\text{CO}_2 Emissions from Electricity Generation for Export,emission_co2e_co2_entc_generation_for_export
TX:ENTC:DEC_LOSSES_STRATEGY_LEP,NemoMod :math:\text{CO}_2 Emissions from Electricity Generation for Industrial Energy,emission_co2e_co2_entc_generation_for_inen
TX:ENTC:DEC_LOSSES_STRATEGY_LEP,NemoMod :math:\text{CO}_2 Emissions from Electricity Generation for SCOE,emission_co2e_co2_entc_generation_for_scoe
TX:ENTC:DEC_LOSSES_STRATEGY_LEP,NemoMod :math:\text{CO}_2 Emissions from Electricity Generation for Transportation,emission_co2e_co2_entc_generation_for_trns
TX:ENTC:DEC_LOSSES_STRATEGY_LEP,NemoMod :math:\text{CO}_2 Emissions from Electricity Generation,emission_co2e_co2_entc_generation_pp_biomass
TX:ENTC:DEC_LOSSES_STRATEGY_LEP,NemoMod :math:\text{CO}_2 Emissions from Electricity Generation,emission_co2e_co2_entc_generation_pp_gas
TX:ENTC:DEC_LOSSES_STRATEGY_LEP,NemoMod :math:\text{CO}_2 Emissions from Electricity Generation,emission_co2e_co2_entc_generation_pp_oil
TX:ENTC:DEC_LOSSES_STRATEGY_LEP,NemoMod :math:\text{CO}_2 Emissions from Fuel Mining and Extraction,emission_co2e_co2_entc_mining_and_extraction_me_coal
TX:ENTC:DEC_LOSSES_STRATEGY_LEP,NemoMod :math:\text{CO}_2 Emissions from Fuel Mining and Extraction,emission_co2e_co2_entc_mining_and_extraction_me_natural_gas
TX:ENTC:DEC_LOSSES_STRATEGY_LEP,NemoMod :math:\text{CO}_2 Non-Biomass Emissions from Fuel Processing and Refinement,emission_co2e_co2_entc_nbmass_processing_and_refinement_fp_hydrogen_gasification
TX:ENTC:DEC_LOSSES_STRATEGY_LEP,NemoMod :math:\text{CO}_2 Non-Biomass Emissions from Fuel Processing and Refinement,emission_co2e_co2_entc_nbmass_processing_and_refinement_fp_natural_gas
TX:ENTC:DEC_LOSSES_STRATEGY_LEP,NemoMod :math:\text{CO}_2 Non-Biomass Emissions from Fuel Processing and Refinement,emission_co2e_co2_entc_nbmass_processing_and_refinement_fp_petroleum_refinement
TX:ENTC:DEC_LOSSES_STRATEGY_LEP,:math:\text{CO}_2 Fugitive Emissions,emission_co2e_co2_fgtv_fuel_coal
TX:ENTC:DEC_LOSSES_STRATEGY_LEP,:math:\text{CO}_2 Fugitive Emissions,emission_co2e_co2_fgtv_fuel_natural_gas
TX:ENTC:DEC_LOSSES_STRATEGY_LEP,:math:\text{CO}_2 Fugitive Emissions,emission_co2e_co2_fgtv_fuel_oil
TX:ENTC:DEC_LOSSES_STRATEGY_LEP,NemoMod :math:\text{N}_2\text{O} Emissions from Fuel Mining and Extraction,emission_co2e_n2o_entc_fuel_mining_and_extraction_me_coal
TX:ENTC:DEC_LOSSES_STRATEGY_LEP,NemoMod :math:\text{N}_2\text{O} Emissions from Fuel Mining and Extraction,emission_co2e_n2o_entc_fuel_mining_and_extraction_me_natural_gas
TX:ENTC:DEC_LOSSES_STRATEGY_LEP,NemoMod :math:\text{N}_2\text{O} Emissions from Electricity Generation for Energy Technology,emission_co2e_n2o_entc_generation_for_entc
TX:ENTC:DEC_LOSSES_STRATEGY_LEP,NemoMod :math:\text{N}_2\text{O} Emissions from Electricity Generation for Export,emission_co2e_n2o_entc_generation_for_export
TX:ENTC:DEC_LOSSES_STRATEGY_LEP,NemoMod :math:\text{N}_2\text{O} Emissions from Electricity Generation for Industrial Energy,emission_co2e_n2o_entc_generation_for_inen
TX:ENTC:DEC_LOSSES_STRATEGY_LEP,NemoMod :math:\text{N}_2\text{O} Emissions from Electricity Generation for SCOE,emission_co2e_n2o_entc_generation_for_scoe
TX:ENTC:DEC_LOSSES_STRATEGY_LEP,NemoMod :math:\text{N}_2\text{O} Emissions from Electricity Generation for Transportation,emission_co2e_n2o_entc_generation_for_trns
TX:ENTC:DEC_LOSSES_STRATEGY_LEP,NemoMod :math:\text{N}_2\text{O} Emissions from Electricity Generation,emission_co2e_n2o_entc_generation_pp_biomass
TX:ENTC:DEC_LOSSES_STRATEGY_LEP,NemoMod :math:\text{N}_2\text{O} Emissions from Electricity Generation,emission_co2e_n2o_entc_generation_pp_gas
TX:ENTC:DEC_LOSSES_STRATEGY_LEP,NemoMod :math:\text{N}_2\text{O} Emissions from Electricity Generation,emission_co2e_n2o_entc_generation_pp_oil
TX:ENTC:DEC_LOSSES_STRATEGY_LEP,NemoMod :math:\text{N}_2\text{O} Emissions from Fuel Processing and Refinement,emission_co2e_n2o_entc_processing_and_refinement_fp_natural_gas
TX:ENTC:DEC_LOSSES_STRATEGY_LEP,NemoMod :math:\text{N}_2\text{O} Emissions from Fuel Processing and Refinement,emission_co2e_n2o_entc_processing_and_refinement_fp_petroleum_refinement
TX:ENTC:DEC_LOSSES_STRATEGY_LEP,:math:\text{N}_2\text{O} Fugitive Emissions,emission_co2e_n2o_fgtv_fuel_natural_gas
TX:ENTC:DEC_LOSSES_STRATEGY_LEP,:math:\text{N}_2\text{O} Fugitive Emissions,emission_co2e_n2o_fgtv_fuel_oil
TX:ENTC:DEC_LOSSES_STRATEGY_LEP,emission_co2e_subsector_total_entc,emission_co2e_subsector_total_entc
TX:ENTC:DEC_LOSSES_STRATEGY_LEP,emission_co2e_subsector_total_fgtv,emission_co2e_subsector_total_fgtv
TX:ENTC:DEC_LOSSES_STRATEGY_LEP,NMVOC Fugitive Emissions,emission_nongas_fgtv_kt_nmvoc_fuel_natural_gas
TX:ENTC:DEC_LOSSES_STRATEGY_LEP,NMVOC Fugitive Emissions,emission_nongas_fgtv_kt_nmvoc_fuel_oil
TX:ENTC:DEC_LOSSES_STRATEGY_LEP,Energy Demand by Fuel in Energy Technology,energy_demand_enfu_subsector_total_pj_entc_fuel_biomass
TX:ENTC:DEC_LOSSES_STRATEGY_LEP,Energy Demand by Fuel in Energy Technology,energy_demand_enfu_subsector_total_pj_entc_fuel_coal
TX:ENTC:DEC_LOSSES_STRATEGY_LEP,Energy Demand by Fuel in Energy Technology,energy_demand_enfu_subsector_total_pj_entc_fuel_crude
TX:ENTC:DEC_LOSSES_STRATEGY_LEP,Energy Demand by Fuel in Energy Technology,energy_demand_enfu_subsector_total_pj_entc_fuel_diesel
TX:ENTC:DEC_LOSSES_STRATEGY_LEP,Energy Demand by Fuel in Energy Technology,energy_demand_enfu_subsector_total_pj_entc_fuel_electricity
TX:ENTC:DEC_LOSSES_STRATEGY_LEP,Energy Demand by Fuel in Energy Technology,energy_demand_enfu_subsector_total_pj_entc_fuel_gasoline
TX:ENTC:DEC_LOSSES_STRATEGY_LEP,Energy Demand by Fuel in Energy Technology,energy_demand_enfu_subsector_total_pj_entc_fuel_hydrogen
TX:ENTC:DEC_LOSSES_STRATEGY_LEP,Energy Demand by Fuel in Energy Technology,energy_demand_enfu_subsector_total_pj_entc_fuel_natural_gas
TX:ENTC:DEC_LOSSES_STRATEGY_LEP,Energy Demand by Fuel in Energy Technology,energy_demand_enfu_subsector_total_pj_entc_fuel_oil
TX:ENTC:DEC_LOSSES_STRATEGY_LEP,Energy Demand by Fuel in Energy Technology,energy_demand_enfu_subsector_total_pj_entc_fuel_solar
TX:ENTC:DEC_LOSSES_STRATEGY_LEP,Total Energy Demand by Fuel,energy_demand_enfu_total_fuel_biomass
TX:ENTC:DEC_LOSSES_STRATEGY_LEP,Total Energy Demand by Fuel,energy_demand_enfu_total_fuel_coal
TX:ENTC:DEC_LOSSES_STRATEGY_LEP,Total Energy Demand by Fuel,energy_demand_enfu_total_fuel_crude
TX:ENTC:DEC_LOSSES_STRATEGY_LEP,Total Energy Demand by Fuel,energy_demand_enfu_total_fuel_diesel
TX:ENTC:DEC_LOSSES_STRATEGY_LEP,Total Energy Demand by Fuel,energy_demand_enfu_total_fuel_electricity
TX:ENTC:DEC_LOSSES_STRATEGY_LEP,Total Energy Demand by Fuel,energy_demand_enfu_total_fuel_gasoline
TX:ENTC:DEC_LOSSES_STRATEGY_LEP,Total Energy Demand by Fuel,energy_demand_enfu_total_fuel_hydrogen
TX:ENTC:DEC_LOSSES_STRATEGY_LEP,Total Energy Demand by Fuel,energy_demand_enfu_total_fuel_natural_gas
TX:ENTC:DEC_LOSSES_STRATEGY_LEP,Total Energy Demand by Fuel,energy_demand_enfu_total_fuel_oil
TX:ENTC:DEC_LOSSES_STRATEGY_LEP,Total Energy Demand by Fuel,energy_demand_enfu_total_fuel_solar
TX:ENTC:DEC_LOSSES_STRATEGY_LEP,Electrical Transmission Loss,energylost_enfu_transmission_loss_fuel_electricity_pj
TX:ENTC:DEC_LOSSES_STRATEGY_LEP,Adjusted Fuel Exports,exportsadj_enfu_fuel_electricity
TX:ENTC:DEC_LOSSES_STRATEGY_LEP,Adjusted Fuel Exports,exportsadj_enfu_fuel_hydrocarbon_gas_liquids
TX:ENTC:DEC_LOSSES_STRATEGY_LEP,Adjusted Fuel Exports,exportsadj_enfu_fuel_hydrogen
TX:ENTC:DEC_LOSSES_STRATEGY_LEP,Adjusted Fuel Exports,exportsadj_enfu_fuel_kerosene
TX:ENTC:DEC_LOSSES_STRATEGY_LEP,Fuel Imports,imports_enfu_fuel_ammonia_pj
TX:ENTC:DEC_LOSSES_STRATEGY_LEP,Fuel Imports,imports_enfu_fuel_diesel_pj
TX:ENTC:DEC_LOSSES_STRATEGY_LEP,Fuel Imports,imports_enfu_fuel_gasoline_pj
TX:ENTC:DEC_LOSSES_STRATEGY_LEP,Fuel Imports,imports_enfu_fuel_hydrocarbon_gas_liquids_pj
TX:ENTC:DEC_LOSSES_STRATEGY_LEP,Fuel Imports,imports_enfu_fuel_kerosene_pj
TX:ENTC:DEC_LOSSES_STRATEGY_LEP,Fuel Imports,imports_enfu_fuel_oil_pj
TX:ENTC:DEC_LOSSES_STRATEGY_LEP,NemoMod Production by Technology,nemomod_entc_annual_production_by_technology_pp_biomass
TX:ENTC:DEC_LOSSES_STRATEGY_LEP,NemoMod Production by Technology,nemomod_entc_annual_production_by_technology_pp_gas
TX:ENTC:DEC_LOSSES_STRATEGY_LEP,NemoMod Production by Technology,nemomod_entc_annual_production_by_technology_pp_oil
TX:ENTC:DEC_LOSSES_STRATEGY_LEP,NemoMod Production by Technology,nemomod_entc_annual_production_by_technology_pp_solar
TX:ENTC:DEC_LOSSES_STRATEGY_LEP,NemoMod Discounted Capital Investment,nemomod_entc_discounted_capital_investment_pp_biogas
TX:ENTC:DEC_LOSSES_STRATEGY_LEP,NemoMod Discounted Capital Investment,nemomod_entc_discounted_capital_investment_pp_biomass
TX:ENTC:DEC_LOSSES_STRATEGY_LEP,NemoMod Discounted Capital Investment,nemomod_entc_discounted_capital_investment_pp_gas
TX:ENTC:DEC_LOSSES_STRATEGY_LEP,NemoMod Discounted Capital Investment,nemomod_entc_discounted_capital_investment_pp_oil
TX:ENTC:DEC_LOSSES_STRATEGY_LEP,NemoMod Discounted Capital Investment,nemomod_entc_discounted_capital_investment_pp_solar
TX:ENTC:DEC_LOSSES_STRATEGY_LEP,NemoMod Discounted Capital Investment,nemomod_entc_discounted_capital_investment_pp_waste_incineration
TX:ENTC:DEC_LOSSES_STRATEGY_LEP,NemoMod Discounted Operating Costs,nemomod_entc_discounted_operating_costs_pp_biogas
TX:ENTC:DEC_LOSSES_STRATEGY_LEP,NemoMod Discounted Operating Costs,nemomod_entc_discounted_operating_costs_pp_biomass
TX:ENTC:DEC_LOSSES_STRATEGY_LEP,NemoMod Discounted Operating Costs,nemomod_entc_discounted_operating_costs_pp_gas
TX:ENTC:DEC_LOSSES_STRATEGY_LEP,NemoMod Discounted Operating Costs,nemomod_entc_discounted_operating_costs_pp_oil
TX:ENTC:DEC_LOSSES_STRATEGY_LEP,NemoMod Discounted Operating Costs,nemomod_entc_discounted_operating_costs_pp_solar
TX:ENTC:DEC_LOSSES_STRATEGY_LEP,NemoMod Discounted Operating Costs,nemomod_entc_discounted_operating_costs_pp_waste_incineration
TX:ENTC:DEC_LOSSES_STRATEGY_LEP,NemoMod Generation Capacity,nemomod_entc_total_annual_generation_capacity_pp_biogas
TX:ENTC:DEC_LOSSES_STRATEGY_LEP,NemoMod Generation Capacity,nemomod_entc_total_annual_generation_capacity_pp_biomass
TX:ENTC:DEC_LOSSES_STRATEGY_LEP,NemoMod Generation Capacity,nemomod_entc_total_annual_generation_capacity_pp_gas
TX:ENTC:DEC_LOSSES_STRATEGY_LEP,NemoMod Generation Capacity,nemomod_entc_total_annual_generation_capacity_pp_oil
TX:ENTC:DEC_LOSSES_STRATEGY_LEP,NemoMod Generation Capacity,nemomod_entc_total_annual_generation_capacity_pp_solar
TX:ENTC:DEC_LOSSES_STRATEGY_LEP,NemoMod Generation Capacity,nemomod_entc_total_annual_generation_capacity_pp_waste_incineration
TX:ENTC:DEC_LOSSES_STRATEGY_LEP,Fuel Production,prod_enfu_fuel_ammonia_pj
TX:ENTC:DEC_LOSSES_STRATEGY_LEP,Fuel Production,prod_enfu_fuel_coal_pj
TX:ENTC:DEC_LOSSES_STRATEGY_LEP,Fuel Production,prod_enfu_fuel_diesel_pj
TX:ENTC:DEC_LOSSES_STRATEGY_LEP,Fuel Production,prod_enfu_fuel_electricity_pj
TX:ENTC:DEC_LOSSES_STRATEGY_LEP,Fuel Production,prod_enfu_fuel_gasoline_pj
TX:ENTC:DEC_LOSSES_STRATEGY_LEP,Fuel Production,prod_enfu_fuel_hydrocarbon_gas_liquids_pj
TX:ENTC:DEC_LOSSES_STRATEGY_LEP,Fuel Production,prod_enfu_fuel_hydrogen_pj
TX:ENTC:DEC_LOSSES_STRATEGY_LEP,Fuel Production,prod_enfu_fuel_kerosene_pj
TX:ENTC:DEC_LOSSES_STRATEGY_LEP,Fuel Production,prod_enfu_fuel_natural_gas_pj
TX:ENTC:DEC_LOSSES_STRATEGY_LEP,Fuel Production,prod_enfu_fuel_oil_pj
TX:ENTC:DEC_LOSSES_STRATEGY_LEP,Value of Fuel Consumed in Energy Technology,totalvalue_enfu_fuel_consumed_entc_fuel_biomass
TX:ENTC:DEC_LOSSES_STRATEGY_LEP,Value of Fuel Consumed in Energy Technology,totalvalue_enfu_fuel_consumed_entc_fuel_coal
TX:ENTC:DEC_LOSSES_STRATEGY_LEP,Value of Fuel Consumed in Energy Technology,totalvalue_enfu_fuel_consumed_entc_fuel_crude
TX:ENTC:DEC_LOSSES_STRATEGY_LEP,Value of Fuel Consumed in Energy Technology,totalvalue_enfu_fuel_consumed_entc_fuel_diesel
TX:ENTC:DEC_LOSSES_STRATEGY_LEP,Value of Fuel Consumed in Energy Technology,totalvalue_enfu_fuel_consumed_entc_fuel_electricity
TX:ENTC:DEC_LOSSES_STRATEGY_LEP,Value of Fuel Consumed in Energy Technology,totalvalue_enfu_fuel_consumed_entc_fuel_gasoline
TX:ENTC:DEC_LOSSES_STRATEGY_LEP,Value of Fuel Consumed in Energy Technology,totalvalue_enfu_fuel_consumed_entc_fuel_hydrogen
TX:ENTC:DEC_LOSSES_STRATEGY_LEP,Value of Fuel Consumed in Energy Technology,totalvalue_enfu_fuel_consumed_entc_fuel_natural_gas
TX:ENTC:DEC_LOSSES_STRATEGY_LEP,Value of Fuel Consumed in Energy Technology,totalvalue_enfu_fuel_consumed_entc_fuel_oil
TX:ENTC:DEC_LOSSES_STRATEGY_NDC,NemoMod :math:\text{CH}_4 Emissions from Fuel Mining and Extraction,emission_co2e_ch4_entc_fuel_mining_and_extraction_me_coal
TX:ENTC:DEC_LOSSES_STRATEGY_NDC,NemoMod :math:\text{CH}_4 Emissions from Fuel Mining and Extraction,emission_co2e_ch4_entc_fuel_mining_and_extraction_me_natural_gas
TX:ENTC:DEC_LOSSES_STRATEGY_NDC,NemoMod :math:\text{CH}_4 Emissions from Electricity Generation for Energy Technology,emission_co2e_ch4_entc_generation_for_entc
TX:ENTC:DEC_LOSSES_STRATEGY_NDC,NemoMod :math:\text{CH}_4 Emissions from Electricity Generation for Export,emission_co2e_ch4_entc_generation_for_export
TX:ENTC:DEC_LOSSES_STRATEGY_NDC,NemoMod :math:\text{CH}_4 Emissions from Electricity Generation for Industrial Energy,emission_co2e_ch4_entc_generation_for_inen
TX:ENTC:DEC_LOSSES_STRATEGY_NDC,NemoMod :math:\text{CH}_4 Emissions from Electricity Generation for SCOE,emission_co2e_ch4_entc_generation_for_scoe
TX:ENTC:DEC_LOSSES_STRATEGY_NDC,NemoMod :math:\text{CH}_4 Emissions from Electricity Generation for Transportation,emission_co2e_ch4_entc_generation_for_trns
TX:ENTC:DEC_LOSSES_STRATEGY_NDC,NemoMod :math:\text{CH}_4 Emissions from Electricity Generation,emission_co2e_ch4_entc_generation_pp_biomass
TX:ENTC:DEC_LOSSES_STRATEGY_NDC,NemoMod :math:\text{CH}_4 Emissions from Electricity Generation,emission_co2e_ch4_entc_generation_pp_gas
TX:ENTC:DEC_LOSSES_STRATEGY_NDC,NemoMod :math:\text{CH}_4 Emissions from Electricity Generation,emission_co2e_ch4_entc_generation_pp_oil
TX:ENTC:DEC_LOSSES_STRATEGY_NDC,NemoMod :math:\text{CH}_4 Emissions from Fuel Processing and Refinement,emission_co2e_ch4_entc_processing_and_refinement_fp_natural_gas
TX:ENTC:DEC_LOSSES_STRATEGY_NDC,NemoMod :math:\text{CH}_4 Emissions from Fuel Processing and Refinement,emission_co2e_ch4_entc_processing_and_refinement_fp_petroleum_refinement
TX:ENTC:DEC_LOSSES_STRATEGY_NDC,:math:\text{CH}_4 Fugitive Emissions,emission_co2e_ch4_fgtv_fuel_coal
TX:ENTC:DEC_LOSSES_STRATEGY_NDC,:math:\text{CH}_4 Fugitive Emissions,emission_co2e_ch4_fgtv_fuel_natural_gas
TX:ENTC:DEC_LOSSES_STRATEGY_NDC,:math:\text{CH}_4 Fugitive Emissions,emission_co2e_ch4_fgtv_fuel_oil
TX:ENTC:DEC_LOSSES_STRATEGY_NDC,NemoMod :math:\text{CO}_2 Emissions from Electricity Generation for Energy Technology,emission_co2e_co2_entc_generation_for_entc
TX:ENTC:DEC_LOSSES_STRATEGY_NDC,NemoMod :math:\text{CO}_2 Emissions from Electricity Generation for Export,emission_co2e_co2_entc_generation_for_export
TX:ENTC:DEC_LOSSES_STRATEGY_NDC,NemoMod :math:\text{CO}_2 Emissions from Electricity Generation for Industrial Energy,emission_co2e_co2_entc_generation_for_inen
TX:ENTC:DEC_LOSSES_STRATEGY_NDC,NemoMod :math:\text{CO}_2 Emissions from Electricity Generation for SCOE,emission_co2e_co2_entc_generation_for_scoe
TX:ENTC:DEC_LOSSES_STRATEGY_NDC,NemoMod :math:\text{CO}_2 Emissions from Electricity Generation for Transportation,emission_co2e_co2_entc_generation_for_trns
TX:ENTC:DEC_LOSSES_STRATEGY_NDC,NemoMod :math:\text{CO}_2 Emissions from Electricity Generation,emission_co2e_co2_entc_generation_pp_biomass
TX:ENTC:DEC_LOSSES_STRATEGY_NDC,NemoMod :math:\text{CO}_2 Emissions from Electricity Generation,emission_co2e_co2_entc_generation_pp_gas
TX:ENTC:DEC_LOSSES_STRATEGY_NDC,NemoMod :math:\text{CO}_2 Emissions from Electricity Generation,emission_co2e_co2_entc_generation_pp_oil
TX:ENTC:DEC_LOSSES_STRATEGY_NDC,NemoMod :math:\text{CO}_2 Emissions from Fuel Mining and Extraction,emission_co2e_co2_entc_mining_and_extraction_me_coal
TX:ENTC:DEC_LOSSES_STRATEGY_NDC,NemoMod :math:\text{CO}_2 Emissions from Fuel Mining and Extraction,emission_co2e_co2_entc_mining_and_extraction_me_natural_gas
TX:ENTC:DEC_LOSSES_STRATEGY_NDC,NemoMod :math:\text{CO}_2 Non-Biomass Emissions from Fuel Processing and Refinement,emission_co2e_co2_entc_nbmass_processing_and_refinement_fp_hydrogen_gasification
TX:ENTC:DEC_LOSSES_STRATEGY_NDC,NemoMod :math:\text{CO}_2 Non-Biomass Emissions from Fuel Processing and Refinement,emission_co2e_co2_entc_nbmass_processing_and_refinement_fp_natural_gas
TX:ENTC:DEC_LOSSES_STRATEGY_NDC,NemoMod :math:\text{CO}_2 Non-Biomass Emissions from Fuel Processing and Refinement,emission_co2e_co2_entc_nbmass_processing_and_refinement_fp_petroleum_refinement
TX:ENTC:DEC_LOSSES_STRATEGY_NDC,:math:\text{CO}_2 Fugitive Emissions,emission_co2e_co2_fgtv_fuel_coal
TX:ENTC:DEC_LOSSES_STRATEGY_NDC,:math:\text{CO}_2 Fugitive Emissions,emission_co2e_co2_fgtv_fuel_natural_gas
TX:ENTC:DEC_LOSSES_STRATEGY_NDC,:math:\text{CO}_2 Fugitive Emissions,emission_co2e_co2_fgtv_fuel_oil
TX:ENTC:DEC_LOSSES_STRATEGY_NDC,NemoMod :math:\text{N}_2\text{O} Emissions from Fuel Mining and Extraction,emission_co2e_n2o_entc_fuel_mining_and_extraction_me_coal
TX:ENTC:DEC_LOSSES_STRATEGY_NDC,NemoMod :math:\text{N}_2\text{O} Emissions from Fuel Mining and Extraction,emission_co2e_n2o_entc_fuel_mining_and_extraction_me_natural_gas
TX:ENTC:DEC_LOSSES_STRATEGY_NDC,NemoMod :math:\text{N}_2\text{O} Emissions from Electricity Generation for Energy Technology,emission_co2e_n2o_entc_generation_for_entc
TX:ENTC:DEC_LOSSES_STRATEGY_NDC,NemoMod :math:\text{N}_2\text{O} Emissions from Electricity Generation for Export,emission_co2e_n2o_entc_generation_for_export
TX:ENTC:DEC_LOSSES_STRATEGY_NDC,NemoMod :math:\text{N}_2\text{O} Emissions from Electricity Generation for Industrial Energy,emission_co2e_n2o_entc_generation_for_inen
TX:ENTC:DEC_LOSSES_STRATEGY_NDC,NemoMod :math:\text{N}_2\text{O} Emissions from Electricity Generation for SCOE,emission_co2e_n2o_entc_generation_for_scoe
TX:ENTC:DEC_LOSSES_STRATEGY_NDC,NemoMod :math:\text{N}_2\text{O} Emissions from Electricity Generation for Transportation,emission_co2e_n2o_entc_generation_for_trns
TX:ENTC:DEC_LOSSES_STRATEGY_NDC,NemoMod :math:\text{N}_2\text{O} Emissions from Electricity Generation,emission_co2e_n2o_entc_generation_pp_biomass
TX:ENTC:DEC_LOSSES_STRATEGY_NDC,NemoMod :math:\text{N}_2\text{O} Emissions from Electricity Generation,emission_co2e_n2o_entc_generation_pp_gas
TX:ENTC:DEC_LOSSES_STRATEGY_NDC,NemoMod :math:\text{N}_2\text{O} Emissions from Electricity Generation,emission_co2e_n2o_entc_generation_pp_oil
TX:ENTC:DEC_LOSSES_STRATEGY_NDC,NemoMod :math:\text{N}_2\text{O} Emissions from Fuel Processing and Refinement,emission_co2e_n2o_entc_processing_and_refinement_fp_natural_gas
TX:ENTC:DEC_LOSSES_STRATEGY_NDC,NemoMod :math:\text{N}_2\text{O} Emissions from Fuel Processing and Refinement,emission_co2e_n2o_entc_processing_and_refinement_fp_petroleum_refinement
TX:ENTC:DEC_LOSSES_STRATEGY_NDC,:math:\text{N}_2\text{O} Fugitive Emissions,emission_co2e_n2o_fgtv_fuel_natural_gas
TX:ENTC:DEC_LOSSES_STRATEGY_NDC,:math:\text{N}_2\text{O} Fugitive Emissions,emission_co2e_n2o_fgtv_fuel_oil
TX:ENTC:DEC_LOSSES_STRATEGY_NDC,emission_co2e_subsector_total_entc,emission_co2e_subsector_total_entc
TX:ENTC:DEC_LOSSES_STRATEGY_NDC,emission_co2e_subsector_total_fgtv,emission_co2e_subsector_total_fgtv
TX:ENTC:DEC_LOSSES_STRATEGY_NDC,NMVOC Fugitive Emissions,emission_nongas_fgtv_kt_nmvoc_fuel_natural_gas
TX:ENTC:DEC_LOSSES_STRATEGY_NDC,NMVOC Fugitive Emissions,emission_nongas_fgtv_kt_nmvoc_fuel_oil
TX:ENTC:DEC_LOSSES_STRATEGY_NDC,Energy Demand by Fuel in Energy Technology,energy_demand_enfu_subsector_total_pj_entc_fuel_biomass
TX:ENTC:DEC_LOSSES_STRATEGY_NDC,Energy Demand by Fuel in Energy Technology,energy_demand_enfu_subsector_total_pj_entc_fuel_coal
TX:ENTC:DEC_LOSSES_STRATEGY_NDC,Energy Demand by Fuel in Energy Technology,energy_demand_enfu_subsector_total_pj_entc_fuel_crude
TX:ENTC:DEC_LOSSES_STRATEGY_NDC,Energy Demand by Fuel in Energy Technology,energy_demand_enfu_subsector_total_pj_entc_fuel_diesel
TX:ENTC:DEC_LOSSES_STRATEGY_NDC,Energy Demand by Fuel in Energy Technology,energy_demand_enfu_subsector_total_pj_entc_fuel_electricity
TX:ENTC:DEC_LOSSES_STRATEGY_NDC,Energy Demand by Fuel in Energy Technology,energy_demand_enfu_subsector_total_pj_entc_fuel_gasoline
TX:ENTC:DEC_LOSSES_STRATEGY_NDC,Energy Demand by Fuel in Energy Technology,energy_demand_enfu_subsector_total_pj_entc_fuel_hydrogen
TX:ENTC:DEC_LOSSES_STRATEGY_NDC,Energy Demand by Fuel in Energy Technology,energy_demand_enfu_subsector_total_pj_entc_fuel_natural_gas
TX:ENTC:DEC_LOSSES_STRATEGY_NDC,Energy Demand by Fuel in Energy Technology,energy_demand_enfu_subsector_total_pj_entc_fuel_oil
TX:ENTC:DEC_LOSSES_STRATEGY_NDC,Energy Demand by Fuel in Energy Technology,energy_demand_enfu_subsector_total_pj_entc_fuel_solar
TX:ENTC:DEC_LOSSES_STRATEGY_NDC,Total Energy Demand by Fuel,energy_demand_enfu_total_fuel_biomass
TX:ENTC:DEC_LOSSES_STRATEGY_NDC,Total Energy Demand by Fuel,energy_demand_enfu_total_fuel_coal
TX:ENTC:DEC_LOSSES_STRATEGY_NDC,Total Energy Demand by Fuel,energy_demand_enfu_total_fuel_crude
TX:ENTC:DEC_LOSSES_STRATEGY_NDC,Total Energy Demand by Fuel,energy_demand_enfu_total_fuel_diesel
TX:ENTC:DEC_LOSSES_STRATEGY_NDC,Total Energy Demand by Fuel,energy_demand_enfu_total_fuel_electricity
TX:ENTC:DEC_LOSSES_STRATEGY_NDC,Total Energy Demand by Fuel,energy_demand_enfu_total_fuel_gasoline
TX:ENTC:DEC_LOSSES_STRATEGY_NDC,Total Energy Demand by Fuel,energy_demand_enfu_total_fuel_hydrogen
TX:ENTC:DEC_LOSSES_STRATEGY_NDC,Total Energy Demand by Fuel,energy_demand_enfu_total_fuel_natural_gas
TX:ENTC:DEC_LOSSES_STRATEGY_NDC,Total Energy Demand by Fuel,energy_demand_enfu_total_fuel_oil
TX:ENTC:DEC_LOSSES_STRATEGY_NDC,Total Energy Demand by Fuel,energy_demand_enfu_total_fuel_solar
TX:ENTC:DEC_LOSSES_STRATEGY_NDC,Electrical Transmission Loss,energylost_enfu_transmission_loss_fuel_electricity_pj
TX:ENTC:DEC_LOSSES_STRATEGY_NDC,Adjusted Fuel Exports,exportsadj_enfu_fuel_electricity
TX:ENTC:DEC_LOSSES_STRATEGY_NDC,Adjusted Fuel Exports,exportsadj_enfu_fuel_hydrocarbon_gas_liquids
TX:ENTC:DEC_LOSSES_STRATEGY_NDC,Adjusted Fuel Exports,exportsadj_enfu_fuel_hydrogen
TX:ENTC:DEC_LOSSES_STRATEGY_NDC,Adjusted Fuel Exports,exportsadj_enfu_fuel_kerosene
TX:ENTC:DEC_LOSSES_STRATEGY_NDC,Fuel Imports,imports_enfu_fuel_ammonia_pj
TX:ENTC:DEC_LOSSES_STRATEGY_NDC,Fuel Imports,imports_enfu_fuel_diesel_pj
TX:ENTC:DEC_LOSSES_STRATEGY_NDC,Fuel Imports,imports_enfu_fuel_gasoline_pj
TX:ENTC:DEC_LOSSES_STRATEGY_NDC,Fuel Imports,imports_enfu_fuel_hydrocarbon_gas_liquids_pj
TX:ENTC:DEC_LOSSES_STRATEGY_NDC,Fuel Imports,imports_enfu_fuel_kerosene_pj
TX:ENTC:DEC_LOSSES_STRATEGY_NDC,Fuel Imports,imports_enfu_fuel_oil_pj
TX:ENTC:DEC_LOSSES_STRATEGY_NDC,NemoMod Production by Technology,nemomod_entc_annual_production_by_technology_pp_biomass
TX:ENTC:DEC_LOSSES_STRATEGY_NDC,NemoMod Production by Technology,nemomod_entc_annual_production_by_technology_pp_gas
TX:ENTC:DEC_LOSSES_STRATEGY_NDC,NemoMod Production by Technology,nemomod_entc_annual_production_by_technology_pp_oil
TX:ENTC:DEC_LOSSES_STRATEGY_NDC,NemoMod Production by Technology,nemomod_entc_annual_production_by_technology_pp_solar
TX:ENTC:DEC_LOSSES_STRATEGY_NDC,NemoMod Discounted Capital Investment,nemomod_entc_discounted_capital_investment_pp_biogas
TX:ENTC:DEC_LOSSES_STRATEGY_NDC,NemoMod Discounted Capital Investment,nemomod_entc_discounted_capital_investment_pp_biomass
TX:ENTC:DEC_LOSSES_STRATEGY_NDC,NemoMod Discounted Capital Investment,nemomod_entc_discounted_capital_investment_pp_gas
TX:ENTC:DEC_LOSSES_STRATEGY_NDC,NemoMod Discounted Capital Investment,nemomod_entc_discounted_capital_investment_pp_oil
TX:ENTC:DEC_LOSSES_STRATEGY_NDC,NemoMod Discounted Capital Investment,nemomod_entc_discounted_capital_investment_pp_solar
TX:ENTC:DEC_LOSSES_STRATEGY_NDC,NemoMod Discounted Capital Investment,nemomod_entc_discounted_capital_investment_pp_waste_incineration
TX:ENTC:DEC_LOSSES_STRATEGY_NDC,NemoMod Discounted Operating Costs,nemomod_entc_discounted_operating_costs_pp_biogas
TX:ENTC:DEC_LOSSES_STRATEGY_NDC,NemoMod Discounted Operating Costs,nemomod_entc_discounted_operating_costs_pp_biomass
TX:ENTC:DEC_LOSSES_STRATEGY_NDC,NemoMod Discounted Operating Costs,nemomod_entc_discounted_operating_costs_pp_gas
TX:ENTC:DEC_LOSSES_STRATEGY_NDC,NemoMod Discounted Operating Costs,nemomod_entc_discounted_operating_costs_pp_oil
TX:ENTC:DEC_LOSSES_STRATEGY_NDC,NemoMod Discounted Operating Costs,nemomod_entc_discounted_operating_costs_pp_solar
TX:ENTC:DEC_LOSSES_STRATEGY_NDC,NemoMod Discounted Operating Costs,nemomod_entc_discounted_operating_costs_pp_waste_incineration
TX:ENTC:DEC_LOSSES_STRATEGY_NDC,NemoMod Generation Capacity,nemomod_entc_total_annual_generation_capacity_pp_biogas
TX:ENTC:DEC_LOSSES_STRATEGY_NDC,NemoMod Generation Capacity,nemomod_entc_total_annual_generation_capacity_pp_biomass
TX:ENTC:DEC_LOSSES_STRATEGY_NDC,NemoMod Generation Capacity,nemomod_entc_total_annual_generation_capacity_pp_gas
TX:ENTC:DEC_LOSSES_STRATEGY_NDC,NemoMod Generation Capacity,nemomod_entc_total_annual_generation_capacity_pp_oil
TX:ENTC:DEC_LOSSES_STRATEGY_NDC,NemoMod Generation Capacity,nemomod_entc_total_annual_generation_capacity_pp_solar
TX:ENTC:DEC_LOSSES_STRATEGY_NDC,NemoMod Generation Capacity,nemomod_entc_total_annual_generation_capacity_pp_waste_incineration
TX:ENTC:DEC_LOSSES_STRATEGY_NDC,Fuel Production,prod_enfu_fuel_ammonia_pj
TX:ENTC:DEC_LOSSES_STRATEGY_NDC,Fuel Production,prod_enfu_fuel_coal_pj
TX:ENTC:DEC_LOSSES_STRATEGY_NDC,Fuel Production,prod_enfu_fuel_diesel_pj
TX:ENTC:DEC_LOSSES_STRATEGY_NDC,Fuel Production,prod_enfu_fuel_electricity_pj
TX:ENTC:DEC_LOSSES_STRATEGY_NDC,Fuel Production,prod_enfu_fuel_gasoline_pj
TX:ENTC:DEC_LOSSES_STRATEGY_NDC,Fuel Production,prod_enfu_fuel_hydrocarbon_gas_liquids_pj
TX:ENTC:DEC_LOSSES_STRATEGY_NDC,Fuel Production,prod_enfu_fuel_hydrogen_pj
TX:ENTC:DEC_LOSSES_STRATEGY_NDC,Fuel Production,prod_enfu_fuel_kerosene_pj
TX:ENTC:DEC_LOSSES_STRATEGY_NDC,Fuel Production,prod_enfu_fuel_natural_gas_pj
TX:ENTC:DEC_LOSSES_STRATEGY_NDC,Fuel Production,prod_enfu_fuel_oil_pj
TX:ENTC:DEC_LOSSES_STRATEGY_NDC,Value of Fuel Consumed in Energy Technology,totalvalue_enfu_fuel_consumed_entc_fuel_biomass
TX:ENTC:DEC_LOSSES_STRATEGY_NDC,Value of Fuel Consumed in Energy Technology,totalvalue_enfu_fuel_consumed_entc_fuel_coal
TX:ENTC:DEC_LOSSES_STRATEGY_NDC,Value of Fuel Consumed in Energy Technology,totalvalue_enfu_fuel_consumed_entc_fuel_crude
TX:ENTC:DEC_LOSSES_STRATEGY_NDC,Value of Fuel Consumed in Energy Technology,totalvalue_enfu_fuel_consumed_entc_fuel_diesel
TX:ENTC:DEC_LOSSES_STRATEGY_NDC,Value of Fuel Consumed in Energy Technology,totalvalue_enfu_fuel_consumed_entc_fuel_electricity
TX:ENTC:DEC_LOSSES_STRATEGY_NDC,Value of Fuel Consumed in Energy Technology,totalvalue_enfu_fuel_consumed_entc_fuel_gasoline
TX:ENTC:DEC_LOSSES_STRATEGY_NDC,Value of Fuel Consumed in Energy Technology,totalvalue_enfu_fuel_consumed_entc_fuel_hydrogen
TX:ENTC:DEC_LOSSES_STRATEGY_NDC,Value of Fuel Consumed in Energy Technology,totalvalue_enfu_fuel_consumed_entc_fuel_natural_gas
TX:ENTC:DEC_LOSSES_STRATEGY_NDC,Value of Fuel Consumed in Energy Technology,totalvalue_enfu_fuel_consumed_entc_fuel_oil
TX:ENTC:LEAST_COST_SOLUTION,NemoMod :math:\text{CH}_4 Emissions from Fuel Mining and Extraction,emission_co2e_ch4_entc_fuel_mining_and_extraction_me_coal
TX:ENTC:LEAST_COST_SOLUTION,NemoMod :math:\text{CH}_4 Emissions from Fuel Mining and Extraction,emission_co2e_ch4_entc_fuel_mining_and_extraction_me_natural_gas
TX:ENTC:LEAST_COST_SOLUTION,NemoMod :math:\text{CH}_4 Emissions from Electricity Generation for Energy Technology,emission_co2e_ch4_entc_generation_for_entc
TX:ENTC:LEAST_COST_SOLUTION,NemoMod :math:\text{CH}_4 Emissions from Electricity Generation for Export,emission_co2e_ch4_entc_generation_for_export
TX:ENTC:LEAST_COST_SOLUTION,NemoMod :math:\text{CH}_4 Emissions from Electricity Generation for Industrial Energy,emission_co2e_ch4_entc_generation_for_inen
TX:ENTC:LEAST_COST_SOLUTION,NemoMod :math:\text{CH}_4 Emissions from Electricity Generation for SCOE,emission_co2e_ch4_entc_generation_for_scoe
TX:ENTC:LEAST_COST_SOLUTION,NemoMod :math:\text{CH}_4 Emissions from Electricity Generation for Transportation,emission_co2e_ch4_entc_generation_for_trns
TX:ENTC:LEAST_COST_SOLUTION,NemoMod :math:\text{CH}_4 Emissions from Electricity Generation,emission_co2e_ch4_entc_generation_pp_biomass
TX:ENTC:LEAST_COST_SOLUTION,NemoMod :math:\text{CH}_4 Emissions from Electricity Generation,emission_co2e_ch4_entc_generation_pp_gas
TX:ENTC:LEAST_COST_SOLUTION,NemoMod :math:\text{CH}_4 Emissions from Electricity Generation,emission_co2e_ch4_entc_generation_pp_oil
TX:ENTC:LEAST_COST_SOLUTION,NemoMod :math:\text{CH}_4 Emissions from Fuel Processing and Refinement,emission_co2e_ch4_entc_processing_and_refinement_fp_natural_gas
TX:ENTC:LEAST_COST_SOLUTION,NemoMod :math:\text{CH}_4 Emissions from Fuel Processing and Refinement,emission_co2e_ch4_entc_processing_and_refinement_fp_petroleum_refinement
TX:ENTC:LEAST_COST_SOLUTION,:math:\text{CH}_4 Fugitive Emissions,emission_co2e_ch4_fgtv_fuel_coal
TX:ENTC:LEAST_COST_SOLUTION,:math:\text{CH}_4 Fugitive Emissions,emission_co2e_ch4_fgtv_fuel_natural_gas
TX:ENTC:LEAST_COST_SOLUTION,:math:\text{CH}_4 Fugitive Emissions,emission_co2e_ch4_fgtv_fuel_oil
TX:ENTC:LEAST_COST_SOLUTION,NemoMod :math:\text{CO}_2 Emissions from Electricity Generation for Energy Technology,emission_co2e_co2_entc_generation_for_entc
TX:ENTC:LEAST_COST_SOLUTION,NemoMod :math:\text{CO}_2 Emissions from Electricity Generation for Export,emission_co2e_co2_entc_generation_for_export
TX:ENTC:LEAST_COST_SOLUTION,NemoMod :math:\text{CO}_2 Emissions from Electricity Generation for Industrial Energy,emission_co2e_co2_entc_generation_for_inen
TX:ENTC:LEAST_COST_SOLUTION,NemoMod :math:\text{CO}_2 Emissions from Electricity Generation for SCOE,emission_co2e_co2_entc_generation_for_scoe
TX:ENTC:LEAST_COST_SOLUTION,NemoMod :math:\text{CO}_2 Emissions from Electricity Generation for Transportation,emission_co2e_co2_entc_generation_for_trns
TX:ENTC:LEAST_COST_SOLUTION,NemoMod :math:\text{CO}_2 Emissions from Electricity Generation,emission_co2e_co2_entc_generation_pp_biomass
TX:ENTC:LEAST_COST_SOLUTION,NemoMod :math:\text{CO}_2 Emissions from Electricity Generation,emission_co2e_co2_entc_generation_pp_gas
TX:ENTC:LEAST_COST_SOLUTION,NemoMod :math:\text{CO}_2 Emissions from Electricity Generation,emission_co2e_co2_entc_generation_pp_oil
TX:ENTC:LEAST_COST_SOLUTION,NemoMod :math:\text{CO}_2 Emissions from Fuel Mining and Extraction,emission_co2e_co2_entc_mining_and_extraction_me_coal
TX:ENTC:LEAST_COST_SOLUTION,NemoMod :math:\text{CO}_2 Emissions from Fuel Mining and Extraction,emission_co2e_co2_entc_mining_and_extraction_me_natural_gas
TX:ENTC:LEAST_COST_SOLUTION,NemoMod :math:\text{CO}_2 Non-Biomass Emissions from Fuel Processing and Refinement,emission_co2e_co2_entc_nbmass_processing_and_refinement_fp_hydrogen_gasification
TX:ENTC:LEAST_COST_SOLUTION,NemoMod :math:\text{CO}_2 Non-Biomass Emissions from Fuel Processing and Refinement,emission_co2e_co2_entc_nbmass_processing_and_refinement_fp_natural_gas
TX:ENTC:LEAST_COST_SOLUTION,NemoMod :math:\text{CO}_2 Non-Biomass Emissions from Fuel Processing and Refinement,emission_co2e_co2_entc_nbmass_processing_and_refinement_fp_petroleum_refinement
TX:ENTC:LEAST_COST_SOLUTION,:math:\text{CO}_2 Fugitive Emissions,emission_co2e_co2_fgtv_fuel_coal
TX:ENTC:LEAST_COST_SOLUTION,:math:\text{CO}_2 Fugitive Emissions,emission_co2e_co2_fgtv_fuel_natural_gas
TX:ENTC:LEAST_COST_SOLUTION,:math:\text{CO}_2 Fugitive Emissions,emission_co2e_co2_fgtv_fuel_oil
TX:ENTC:LEAST_COST_SOLUTION,NemoMod :math:\text{N}_2\text{O} Emissions from Fuel Mining and Extraction,emission_co2e_n2o_entc_fuel_mining_and_extraction_me_coal
TX:ENTC:LEAST_COST_SOLUTION,NemoMod :math:\text{N}_2\text{O} Emissions from Fuel Mining and Extraction,emission_co2e_n2o_entc_fuel_mining_and_extraction_me_natural_gas
TX:ENTC:LEAST_COST_SOLUTION,NemoMod :math:\text{N}_2\text{O} Emissions from Electricity Generation for Energy Technology,emission_co2e_n2o_entc_generation_for_entc
TX:ENTC:LEAST_COST_SOLUTION,NemoMod :math:\text{N}_2\text{O} Emissions from Electricity Generation for Export,emission_co2e_n2o_entc_generation_for_export
TX:ENTC:LEAST_COST_SOLUTION,NemoMod :math:\text{N}_2\text{O} Emissions from Electricity Generation for Industrial Energy,emission_co2e_n2o_entc_generation_for_inen
TX:ENTC:LEAST_COST_SOLUTION,NemoMod :math:\text{N}_2\text{O} Emissions from Electricity Generation for SCOE,emission_co2e_n2o_entc_generation_for_scoe
TX:ENTC:LEAST_COST_SOLUTION,NemoMod :math:\text{N}_2\text{O} Emissions from Electricity Generation for Transportation,emission_co2e_n2o_entc_generation_for_trns
TX:ENTC:LEAST_COST_SOLUTION,NemoMod :math:\text{N}_2\text{O} Emissions from Electricity Generation,emission_co2e_n2o_entc_generation_pp_biomass
TX:ENTC:LEAST_COST_SOLUTION,NemoMod :math:\text{N}_2\text{O} Emissions from Electricity Generation,emission_co2e_n2o_entc_generation_pp_gas
TX:ENTC:LEAST_COST_SOLUTION,NemoMod :math:\text{N}_2\text{O} Emissions from Electricity Generation,emission_co2e_n2o_entc_generation_pp_oil
TX:ENTC:LEAST_COST_SOLUTION,NemoMod :math:\text{N}_2\text{O} Emissions from Fuel Processing and Refinement,emission_co2e_n2o_entc_processing_and_refinement_fp_natural_gas
TX:ENTC:LEAST_COST_SOLUTION,NemoMod :math:\text{N}_2\text{O} Emissions from Fuel Processing and Refinement,emission_co2e_n2o_entc_processing_and_refinement_fp_petroleum_refinement
TX:ENTC:LEAST_COST_SOLUTION,:math:\text{N}_2\text{O} Fugitive Emissions,emission_co2e_n2o_fgtv_fuel_natural_gas
TX:ENTC:LEAST_COST_SOLUTION,:math:\text{N}_2\text{O} Fugitive Emissions,emission_co2e_n2o_fgtv_fuel_oil
TX:ENTC:LEAST_COST_SOLUTION,emission_co2e_subsector_total_entc,emission_co2e_subsector_total_entc
TX:ENTC:LEAST_COST_SOLUTION,emission_co2e_subsector_total_fgtv,emission_co2e_subsector_total_fgtv
TX:ENTC:LEAST_COST_SOLUTION,NMVOC Fugitive Emissions,emission_nongas_fgtv_kt_nmvoc_fuel_natural_gas
TX:ENTC:LEAST_COST_SOLUTION,NMVOC Fugitive Emissions,emission_nongas_fgtv_kt_nmvoc_fuel_oil
TX:ENTC:LEAST_COST_SOLUTION,Energy Demand by Fuel in Energy Technology,energy_demand_enfu_subsector_total_pj_entc_fuel_biomass
TX:ENTC:LEAST_COST_SOLUTION,Energy Demand by Fuel in Energy Technology,energy_demand_enfu_subsector_total_pj_entc_fuel_coal
TX:ENTC:LEAST_COST_SOLUTION,Energy Demand by Fuel in Energy Technology,energy_demand_enfu_subsector_total_pj_entc_fuel_crude
TX:ENTC:LEAST_COST_SOLUTION,Energy Demand by Fuel in Energy Technology,energy_demand_enfu_subsector_total_pj_entc_fuel_diesel
TX:ENTC:LEAST_COST_SOLUTION,Energy Demand by Fuel in Energy Technology,energy_demand_enfu_subsector_total_pj_entc_fuel_electricity
TX:ENTC:LEAST_COST_SOLUTION,Energy Demand by Fuel in Energy Technology,energy_demand_enfu_subsector_total_pj_entc_fuel_gasoline
TX:ENTC:LEAST_COST_SOLUTION,Energy Demand by Fuel in Energy Technology,energy_demand_enfu_subsector_total_pj_entc_fuel_hydrogen
TX:ENTC:LEAST_COST_SOLUTION,Energy Demand by Fuel in Energy Technology,energy_demand_enfu_subsector_total_pj_entc_fuel_natural_gas
TX:ENTC:LEAST_COST_SOLUTION,Energy Demand by Fuel in Energy Technology,energy_demand_enfu_subsector_total_pj_entc_fuel_oil
TX:ENTC:LEAST_COST_SOLUTION,Energy Demand by Fuel in Energy Technology,energy_demand_enfu_subsector_total_pj_entc_fuel_solar
TX:ENTC:LEAST_COST_SOLUTION,Energy Demand by Fuel in Energy Technology,energy_demand_enfu_subsector_total_pj_entc_fuel_water
TX:ENTC:LEAST_COST_SOLUTION,Energy Demand by Fuel in Energy Technology,energy_demand_enfu_subsector_total_pj_entc_fuel_wind
TX:ENTC:LEAST_COST_SOLUTION,Total Energy Demand by Fuel,energy_demand_enfu_total_fuel_biomass
TX:ENTC:LEAST_COST_SOLUTION,Total Energy Demand by Fuel,energy_demand_enfu_total_fuel_coal
TX:ENTC:LEAST_COST_SOLUTION,Total Energy Demand by Fuel,energy_demand_enfu_total_fuel_crude
TX:ENTC:LEAST_COST_SOLUTION,Total Energy Demand by Fuel,energy_demand_enfu_total_fuel_diesel
TX:ENTC:LEAST_COST_SOLUTION,Total Energy Demand by Fuel,energy_demand_enfu_total_fuel_electricity
TX:ENTC:LEAST_COST_SOLUTION,Total Energy Demand by Fuel,energy_demand_enfu_total_fuel_gasoline
TX:ENTC:LEAST_COST_SOLUTION,Total Energy Demand by Fuel,energy_demand_enfu_total_fuel_hydrogen
TX:ENTC:LEAST_COST_SOLUTION,Total Energy Demand by Fuel,energy_demand_enfu_total_fuel_natural_gas
TX:ENTC:LEAST_COST_SOLUTION,Total Energy Demand by Fuel,energy_demand_enfu_total_fuel_oil
TX:ENTC:LEAST_COST_SOLUTION,Total Energy Demand by Fuel,energy_demand_enfu_total_fuel_solar
TX:ENTC:LEAST_COST_SOLUTION,Total Energy Demand by Fuel,energy_demand_enfu_total_fuel_water
TX:ENTC:LEAST_COST_SOLUTION,Total Energy Demand by Fuel,energy_demand_enfu_total_fuel_wind
TX:ENTC:LEAST_COST_SOLUTION,Electrical Transmission Loss,energylost_enfu_transmission_loss_fuel_electricity_pj
TX:ENTC:LEAST_COST_SOLUTION,Adjusted Fuel Exports,exportsadj_enfu_fuel_electricity
TX:ENTC:LEAST_COST_SOLUTION,Adjusted Fuel Exports,exportsadj_enfu_fuel_hydrocarbon_gas_liquids
TX:ENTC:LEAST_COST_SOLUTION,Adjusted Fuel Exports,exportsadj_enfu_fuel_hydrogen
TX:ENTC:LEAST_COST_SOLUTION,Adjusted Fuel Exports,exportsadj_enfu_fuel_kerosene
TX:ENTC:LEAST_COST_SOLUTION,Fuel Imports,imports_enfu_fuel_ammonia_pj
TX:ENTC:LEAST_COST_SOLUTION,Fuel Imports,imports_enfu_fuel_diesel_pj
TX:ENTC:LEAST_COST_SOLUTION,Fuel Imports,imports_enfu_fuel_gasoline_pj
TX:ENTC:LEAST_COST_SOLUTION,Fuel Imports,imports_enfu_fuel_hydrocarbon_gas_liquids_pj
TX:ENTC:LEAST_COST_SOLUTION,Fuel Imports,imports_enfu_fuel_kerosene_pj
TX:ENTC:LEAST_COST_SOLUTION,Fuel Imports,imports_enfu_fuel_oil_pj
TX:ENTC:LEAST_COST_SOLUTION,NemoMod Discounted Capital Investment Storage,nemomod_enst_discounted_capital_investment_st_batteries
TX:ENTC:LEAST_COST_SOLUTION,NemoMod Discounted Capital Investment Storage,nemomod_enst_discounted_capital_investment_st_compressed_air
TX:ENTC:LEAST_COST_SOLUTION,NemoMod Discounted Capital Investment Storage,nemomod_enst_discounted_capital_investment_st_pumped_hydro
TX:ENTC:LEAST_COST_SOLUTION,NemoMod Discounted Operating Costs Storage,nemomod_enst_discounted_operating_costs_st_batteries
TX:ENTC:LEAST_COST_SOLUTION,NemoMod Discounted Operating Costs Storage,nemomod_enst_discounted_operating_costs_st_compressed_air
TX:ENTC:LEAST_COST_SOLUTION,NemoMod Discounted Operating Costs Storage,nemomod_enst_discounted_operating_costs_st_pumped_hydro
TX:ENTC:LEAST_COST_SOLUTION,NemoMod Production by Technology,nemomod_entc_annual_production_by_technology_pp_biomass
TX:ENTC:LEAST_COST_SOLUTION,NemoMod Production by Technology,nemomod_entc_annual_production_by_technology_pp_gas
TX:ENTC:LEAST_COST_SOLUTION,NemoMod Production by Technology,nemomod_entc_annual_production_by_technology_pp_gas_ccs
TX:ENTC:LEAST_COST_SOLUTION,NemoMod Production by Technology,nemomod_entc_annual_production_by_technology_pp_oil
TX:ENTC:LEAST_COST_SOLUTION,NemoMod Production by Technology,nemomod_entc_annual_production_by_technology_pp_solar
TX:ENTC:LEAST_COST_SOLUTION,NemoMod Production by Technology,nemomod_entc_annual_production_by_technology_pp_wind
TX:ENTC:LEAST_COST_SOLUTION,NemoMod Production by Technology,nemomod_entc_annual_production_by_technology_st_batteries
TX:ENTC:LEAST_COST_SOLUTION,NemoMod Production by Technology,nemomod_entc_annual_production_by_technology_st_compressed_air
TX:ENTC:LEAST_COST_SOLUTION,NemoMod Production by Technology,nemomod_entc_annual_production_by_technology_st_pumped_hydro
TX:ENTC:LEAST_COST_SOLUTION,NemoMod Discounted Capital Investment,nemomod_entc_discounted_capital_investment_pp_biogas
TX:ENTC:LEAST_COST_SOLUTION,NemoMod Discounted Capital Investment,nemomod_entc_discounted_capital_investment_pp_biomass
TX:ENTC:LEAST_COST_SOLUTION,NemoMod Discounted Capital Investment,nemomod_entc_discounted_capital_investment_pp_gas
TX:ENTC:LEAST_COST_SOLUTION,NemoMod Discounted Capital Investment,nemomod_entc_discounted_capital_investment_pp_oil
TX:ENTC:LEAST_COST_SOLUTION,NemoMod Discounted Capital Investment,nemomod_entc_discounted_capital_investment_pp_solar
TX:ENTC:LEAST_COST_SOLUTION,NemoMod Discounted Capital Investment,nemomod_entc_discounted_capital_investment_pp_waste_incineration
TX:ENTC:LEAST_COST_SOLUTION,NemoMod Discounted Capital Investment,nemomod_entc_discounted_capital_investment_pp_wind
TX:ENTC:LEAST_COST_SOLUTION,NemoMod Discounted Operating Costs,nemomod_entc_discounted_operating_costs_fp_hydrogen_electrolysis
TX:ENTC:LEAST_COST_SOLUTION,NemoMod Discounted Operating Costs,nemomod_entc_discounted_operating_costs_pp_biogas
TX:ENTC:LEAST_COST_SOLUTION,NemoMod Discounted Operating Costs,nemomod_entc_discounted_operating_costs_pp_biomass
TX:ENTC:LEAST_COST_SOLUTION,NemoMod Discounted Operating Costs,nemomod_entc_discounted_operating_costs_pp_gas
TX:ENTC:LEAST_COST_SOLUTION,NemoMod Discounted Operating Costs,nemomod_entc_discounted_operating_costs_pp_oil
TX:ENTC:LEAST_COST_SOLUTION,NemoMod Discounted Operating Costs,nemomod_entc_discounted_operating_costs_pp_solar
TX:ENTC:LEAST_COST_SOLUTION,NemoMod Discounted Operating Costs,nemomod_entc_discounted_operating_costs_pp_waste_incineration
TX:ENTC:LEAST_COST_SOLUTION,NemoMod Discounted Operating Costs,nemomod_entc_discounted_operating_costs_pp_wind
TX:ENTC:LEAST_COST_SOLUTION,NemoMod Generation Capacity,nemomod_entc_total_annual_generation_capacity_pp_biogas
TX:ENTC:LEAST_COST_SOLUTION,NemoMod Generation Capacity,nemomod_entc_total_annual_generation_capacity_pp_biomass
TX:ENTC:LEAST_COST_SOLUTION,NemoMod Generation Capacity,nemomod_entc_total_annual_generation_capacity_pp_gas
TX:ENTC:LEAST_COST_SOLUTION,NemoMod Generation Capacity,nemomod_entc_total_annual_generation_capacity_pp_oil
TX:ENTC:LEAST_COST_SOLUTION,NemoMod Generation Capacity,nemomod_entc_total_annual_generation_capacity_pp_solar
TX:ENTC:LEAST_COST_SOLUTION,NemoMod Generation Capacity,nemomod_entc_total_annual_generation_capacity_pp_waste_incineration
TX:ENTC:LEAST_COST_SOLUTION,NemoMod Generation Capacity,nemomod_entc_total_annual_generation_capacity_pp_wind
TX:ENTC:LEAST_COST_SOLUTION,Fuel Production,prod_enfu_fuel_ammonia_pj
TX:ENTC:LEAST_COST_SOLUTION,Fuel Production,prod_enfu_fuel_coal_pj
TX:ENTC:LEAST_COST_SOLUTION,Fuel Production,prod_enfu_fuel_diesel_pj
TX:ENTC:LEAST_COST_SOLUTION,Fuel Production,prod_enfu_fuel_electricity_pj
TX:ENTC:LEAST_COST_SOLUTION,Fuel Production,prod_enfu_fuel_gasoline_pj
TX:ENTC:LEAST_COST_SOLUTION,Fuel Production,prod_enfu_fuel_hydrocarbon_gas_liquids_pj
TX:ENTC:LEAST_COST_SOLUTION,Fuel Production,prod_enfu_fuel_hydrogen_pj
TX:ENTC:LEAST_COST_SOLUTION,Fuel Production,prod_enfu_fuel_kerosene_pj
TX:ENTC:LEAST_COST_SOLUTION,Fuel Production,prod_enfu_fuel_natural_gas_pj
TX:ENTC:LEAST_COST_SOLUTION,Fuel Production,prod_enfu_fuel_oil_pj
TX:ENTC:LEAST_COST_SOLUTION,Value of Fuel Consumed in Energy Technology,totalvalue_enfu_fuel_consumed_entc_fuel_biomass
TX:ENTC:LEAST_COST_SOLUTION,Value of Fuel Consumed in Energy Technology,totalvalue_enfu_fuel_consumed_entc_fuel_coal
TX:ENTC:LEAST_COST_SOLUTION,Value of Fuel Consumed in Energy Technology,totalvalue_enfu_fuel_consumed_entc_fuel_crude
TX:ENTC:LEAST_COST_SOLUTION,Value of Fuel Consumed in Energy Technology,totalvalue_enfu_fuel_consumed_entc_fuel_diesel
TX:ENTC:LEAST_COST_SOLUTION,Value of Fuel Consumed in Energy Technology,totalvalue_enfu_fuel_consumed_entc_fuel_electricity
TX:ENTC:LEAST_COST_SOLUTION,Value of Fuel Consumed in Energy Technology,totalvalue_enfu_fuel_consumed_entc_fuel_gasoline
TX:ENTC:LEAST_COST_SOLUTION,Value of Fuel Consumed in Energy Technology,totalvalue_enfu_fuel_consumed_entc_fuel_hydrogen
TX:ENTC:LEAST_COST_SOLUTION,Value of Fuel Consumed in Energy Technology,totalvalue_enfu_fuel_consumed_entc_fuel_natural_gas
TX:ENTC:LEAST_COST_SOLUTION,Value of Fuel Consumed in Energy Technology,totalvalue_enfu_fuel_consumed_entc_fuel_oil
TX:ENTC:TARGET_CLEAN_HYDROGEN,Adjusted Fuel Exports,exportsadj_enfu_fuel_hydrogen
TX:ENTC:TARGET_CLEAN_HYDROGEN,NemoMod Production by Technology,nemomod_entc_annual_production_by_technology_pp_biomass
TX:ENTC:TARGET_CLEAN_HYDROGEN,NemoMod Discounted Capital Investment,nemomod_entc_discounted_capital_investment_pp_gas
TX:ENTC:TARGET_CLEAN_HYDROGEN,NemoMod Discounted Operating Costs,nemomod_entc_discounted_operating_costs_pp_gas
TX:ENTC:TARGET_CLEAN_HYDROGEN,NemoMod Generation Capacity,nemomod_entc_total_annual_generation_capacity_pp_gas
TX:ENTC:TARGET_RENEWABLE_ELEC,NemoMod :math:\text{CH}_4 Emissions from Fuel Mining and Extraction,emission_co2e_ch4_entc_fuel_mining_and_extraction_me_coal
TX:ENTC:TARGET_RENEWABLE_ELEC,NemoMod :math:\text{CH}_4 Emissions from Fuel Mining and Extraction,emission_co2e_ch4_entc_fuel_mining_and_extraction_me_natural_gas
TX:ENTC:TARGET_RENEWABLE_ELEC,NemoMod :math:\text{CH}_4 Emissions from Electricity Generation for Energy Technology,emission_co2e_ch4_entc_generation_for_entc
TX:ENTC:TARGET_RENEWABLE_ELEC,NemoMod :math:\text{CH}_4 Emissions from Electricity Generation for Export,emission_co2e_ch4_entc_generation_for_export
TX:ENTC:TARGET_RENEWABLE_ELEC,NemoMod :math:\text{CH}_4 Emissions from Electricity Generation for Industrial Energy,emission_co2e_ch4_entc_generation_for_inen
TX:ENTC:TARGET_RENEWABLE_ELEC,NemoMod :math:\text{CH}_4 Emissions from Electricity Generation for SCOE,emission_co2e_ch4_entc_generation_for_scoe
TX:ENTC:TARGET_RENEWABLE_ELEC,NemoMod :math:\text{CH}_4 Emissions from Electricity Generation for Transportation,emission_co2e_ch4_entc_generation_for_trns
TX:ENTC:TARGET_RENEWABLE_ELEC,NemoMod :math:\text{CH}_4 Emissions from Electricity Generation,emission_co2e_ch4_entc_generation_pp_biomass
TX:ENTC:TARGET_RENEWABLE_ELEC,NemoMod :math:\text{CH}_4 Emissions from Electricity Generation,emission_co2e_ch4_entc_generation_pp_gas
TX:ENTC:TARGET_RENEWABLE_ELEC,NemoMod :math:\text{CH}_4 Emissions from Electricity Generation,emission_co2e_ch4_entc_generation_pp_oil
TX:ENTC:TARGET_RENEWABLE_ELEC,NemoMod :math:\text{CH}_4 Emissions from Fuel Processing and Refinement,emission_co2e_ch4_entc_processing_and_refinement_fp_natural_gas
TX:ENTC:TARGET_RENEWABLE_ELEC,NemoMod :math:\text{CH}_4 Emissions from Fuel Processing and Refinement,emission_co2e_ch4_entc_processing_and_refinement_fp_petroleum_refinement
TX:ENTC:TARGET_RENEWABLE_ELEC,:math:\text{CH}_4 Fugitive Emissions,emission_co2e_ch4_fgtv_fuel_coal
TX:ENTC:TARGET_RENEWABLE_ELEC,:math:\text{CH}_4 Fugitive Emissions,emission_co2e_ch4_fgtv_fuel_natural_gas
TX:ENTC:TARGET_RENEWABLE_ELEC,:math:\text{CH}_4 Fugitive Emissions,emission_co2e_ch4_fgtv_fuel_oil
TX:ENTC:TARGET_RENEWABLE_ELEC,NemoMod :math:\text{CO}_2 Emissions from Electricity Generation for Energy Technology,emission_co2e_co2_entc_generation_for_entc
TX:ENTC:TARGET_RENEWABLE_ELEC,NemoMod :math:\text{CO}_2 Emissions from Electricity Generation for Export,emission_co2e_co2_entc_generation_for_export
TX:ENTC:TARGET_RENEWABLE_ELEC,NemoMod :math:\text{CO}_2 Emissions from Electricity Generation for Industrial Energy,emission_co2e_co2_entc_generation_for_inen
TX:ENTC:TARGET_RENEWABLE_ELEC,NemoMod :math:\text{CO}_2 Emissions from Electricity Generation for SCOE,emission_co2e_co2_entc_generation_for_scoe
TX:ENTC:TARGET_RENEWABLE_ELEC,NemoMod :math:\text{CO}_2 Emissions from Electricity Generation for Transportation,emission_co2e_co2_entc_generation_for_trns
TX:ENTC:TARGET_RENEWABLE_ELEC,NemoMod :math:\text{CO}_2 Emissions from Electricity Generation,emission_co2e_co2_entc_generation_pp_biomass
TX:ENTC:TARGET_RENEWABLE_ELEC,NemoMod :math:\text{CO}_2 Emissions from Electricity Generation,emission_co2e_co2_entc_generation_pp_gas
TX:ENTC:TARGET_RENEWABLE_ELEC,NemoMod :math:\text{CO}_2 Emissions from Electricity Generation,emission_co2e_co2_entc_generation_pp_oil
TX:ENTC:TARGET_RENEWABLE_ELEC,NemoMod :math:\text{CO}_2 Emissions from Fuel Mining and Extraction,emission_co2e_co2_entc_mining_and_extraction_me_coal
TX:ENTC:TARGET_RENEWABLE_ELEC,NemoMod :math:\text{CO}_2 Emissions from Fuel Mining and Extraction,emission_co2e_co2_entc_mining_and_extraction_me_natural_gas
TX:ENTC:TARGET_RENEWABLE_ELEC,NemoMod :math:\text{CO}_2 Non-Biomass Emissions from Fuel Processing and Refinement,emission_co2e_co2_entc_nbmass_processing_and_refinement_fp_hydrogen_gasification
TX:ENTC:TARGET_RENEWABLE_ELEC,NemoMod :math:\text{CO}_2 Non-Biomass Emissions from Fuel Processing and Refinement,emission_co2e_co2_entc_nbmass_processing_and_refinement_fp_natural_gas
TX:ENTC:TARGET_RENEWABLE_ELEC,NemoMod :math:\text{CO}_2 Non-Biomass Emissions from Fuel Processing and Refinement,emission_co2e_co2_entc_nbmass_processing_and_refinement_fp_petroleum_refinement
TX:ENTC:TARGET_RENEWABLE_ELEC,:math:\text{CO}_2 Fugitive Emissions,emission_co2e_co2_fgtv_fuel_coal
TX:ENTC:TARGET_RENEWABLE_ELEC,:math:\text{CO}_2 Fugitive Emissions,emission_co2e_co2_fgtv_fuel_natural_gas
TX:ENTC:TARGET_RENEWABLE_ELEC,:math:\text{CO}_2 Fugitive Emissions,emission_co2e_co2_fgtv_fuel_oil
TX:ENTC:TARGET_RENEWABLE_ELEC,NemoMod :math:\text{N}_2\text{O} Emissions from Fuel Mining and Extraction,emission_co2e_n2o_entc_fuel_mining_and_extraction_me_coal
TX:ENTC:TARGET_RENEWABLE_ELEC,NemoMod :math:\text{N}_2\text{O} Emissions from Fuel Mining and Extraction,emission_co2e_n2o_entc_fuel_mining_and_extraction_me_natural_gas
TX:ENTC:TARGET_RENEWABLE_ELEC,NemoMod :math:\text{N}_2\text{O} Emissions from Electricity Generation for Energy Technology,emission_co2e_n2o_entc_generation_for_entc
TX:ENTC:TARGET_RENEWABLE_ELEC,NemoMod :math:\text{N}_2\text{O} Emissions from Electricity Generation for Export,emission_co2e_n2o_entc_generation_for_export
TX:ENTC:TARGET_RENEWABLE_ELEC,NemoMod :math:\text{N}_2\text{O} Emissions from Electricity Generation for Industrial Energy,emission_co2e_n2o_entc_generation_for_inen
TX:ENTC:TARGET_RENEWABLE_ELEC,NemoMod :math:\text{N}_2\text{O} Emissions from Electricity Generation for SCOE,emission_co2e_n2o_entc_generation_for_scoe
TX:ENTC:TARGET_RENEWABLE_ELEC,NemoMod :math:\text{N}_2\text{O} Emissions from Electricity Generation for Transportation,emission_co2e_n2o_entc_generation_for_trns
TX:ENTC:TARGET_RENEWABLE_ELEC,NemoMod :math:\text{N}_2\text{O} Emissions from Electricity Generation,emission_co2e_n2o_entc_generation_pp_biomass
TX:ENTC:TARGET_RENEWABLE_ELEC,NemoMod :math:\text{N}_2\text{O} Emissions from Electricity Generation,emission_co2e_n2o_entc_generation_pp_gas
TX:ENTC:TARGET_RENEWABLE_ELEC,NemoMod :math:\text{N}_2\text{O} Emissions from Electricity Generation,emission_co2e_n2o_entc_generation_pp_oil
TX:ENTC:TARGET_RENEWABLE_ELEC,NemoMod :math:\text{N}_2\text{O} Emissions from Fuel Processing and Refinement,emission_co2e_n2o_entc_processing_and_refinement_fp_natural_gas
TX:ENTC:TARGET_RENEWABLE_ELEC,NemoMod :math:\text{N}_2\text{O} Emissions from Fuel Processing and Refinement,emission_co2e_n2o_entc_processing_and_refinement_fp_petroleum_refinement
TX:ENTC:TARGET_RENEWABLE_ELEC,:math:\text{N}_2\text{O} Fugitive Emissions,emission_co2e_n2o_fgtv_fuel_natural_gas
TX:ENTC:TARGET_RENEWABLE_ELEC,:math:\text{N}_2\text{O} Fugitive Emissions,emission_co2e_n2o_fgtv_fuel_oil
TX:ENTC:TARGET_RENEWABLE_ELEC,emission_co2e_subsector_total_entc,emission_co2e_subsector_total_entc
TX:ENTC:TARGET_RENEWABLE_ELEC,emission_co2e_subsector_total_fgtv,emission_co2e_subsector_total_fgtv
TX:ENTC:TARGET_RENEWABLE_ELEC,NMVOC Fugitive Emissions,emission_nongas_fgtv_kt_nmvoc_fuel_natural_gas
TX:ENTC:TARGET_RENEWABLE_ELEC,NMVOC Fugitive Emissions,emission_nongas_fgtv_kt_nmvoc_fuel_oil
TX:ENTC:TARGET_RENEWABLE_ELEC,Energy Demand by Fuel in Energy Technology,energy_demand_enfu_subsector_total_pj_entc_fuel_biomass
TX:ENTC:TARGET_RENEWABLE_ELEC,Energy Demand by Fuel in Energy Technology,energy_demand_enfu_subsector_total_pj_entc_fuel_coal
TX:ENTC:TARGET_RENEWABLE_ELEC,Energy Demand by Fuel in Energy Technology,energy_demand_enfu_subsector_total_pj_entc_fuel_crude
TX:ENTC:TARGET_RENEWABLE_ELEC,Energy Demand by Fuel in Energy Technology,energy_demand_enfu_subsector_total_pj_entc_fuel_diesel
TX:ENTC:TARGET_RENEWABLE_ELEC,Energy Demand by Fuel in Energy Technology,energy_demand_enfu_subsector_total_pj_entc_fuel_electricity
TX:ENTC:TARGET_RENEWABLE_ELEC,Energy Demand by Fuel in Energy Technology,energy_demand_enfu_subsector_total_pj_entc_fuel_gasoline
TX:ENTC:TARGET_RENEWABLE_ELEC,Energy Demand by Fuel in Energy Technology,energy_demand_enfu_subsector_total_pj_entc_fuel_hydrogen
TX:ENTC:TARGET_RENEWABLE_ELEC,Energy Demand by Fuel in Energy Technology,energy_demand_enfu_subsector_total_pj_entc_fuel_natural_gas
TX:ENTC:TARGET_RENEWABLE_ELEC,Energy Demand by Fuel in Energy Technology,energy_demand_enfu_subsector_total_pj_entc_fuel_oil
TX:ENTC:TARGET_RENEWABLE_ELEC,Energy Demand by Fuel in Energy Technology,energy_demand_enfu_subsector_total_pj_entc_fuel_solar
TX:ENTC:TARGET_RENEWABLE_ELEC,Energy Demand by Fuel in Energy Technology,energy_demand_enfu_subsector_total_pj_entc_fuel_water
TX:ENTC:TARGET_RENEWABLE_ELEC,Energy Demand by Fuel in Energy Technology,energy_demand_enfu_subsector_total_pj_entc_fuel_wind
TX:ENTC:TARGET_RENEWABLE_ELEC,Total Energy Demand by Fuel,energy_demand_enfu_total_fuel_biomass
TX:ENTC:TARGET_RENEWABLE_ELEC,Total Energy Demand by Fuel,energy_demand_enfu_total_fuel_coal
TX:ENTC:TARGET_RENEWABLE_ELEC,Total Energy Demand by Fuel,energy_demand_enfu_total_fuel_crude
TX:ENTC:TARGET_RENEWABLE_ELEC,Total Energy Demand by Fuel,energy_demand_enfu_total_fuel_diesel
TX:ENTC:TARGET_RENEWABLE_ELEC,Total Energy Demand by Fuel,energy_demand_enfu_total_fuel_electricity
TX:ENTC:TARGET_RENEWABLE_ELEC,Total Energy Demand by Fuel,energy_demand_enfu_total_fuel_gasoline
TX:ENTC:TARGET_RENEWABLE_ELEC,Total Energy Demand by Fuel,energy_demand_enfu_total_fuel_hydrogen
TX:ENTC:TARGET_RENEWABLE_ELEC,Total Energy Demand by Fuel,energy_demand_enfu_total_fuel_natural_gas
TX:ENTC:TARGET_RENEWABLE_ELEC,Total Energy Demand by Fuel,energy_demand_enfu_total_fuel_oil
TX:ENTC:TARGET_RENEWABLE_ELEC,Total Energy Demand by Fuel,energy_demand_enfu_total_fuel_solar
TX:ENTC:TARGET_RENEWABLE_ELEC,Total Energy Demand by Fuel,energy_demand_enfu_total_fuel_water
TX:ENTC:TARGET_RENEWABLE_ELEC,Total Energy Demand by Fuel,energy_demand_enfu_total_fuel_wind
TX:ENTC:TARGET_RENEWABLE_ELEC,Electrical Transmission Loss,energylost_enfu_transmission_loss_fuel_electricity_pj
TX:ENTC:TARGET_RENEWABLE_ELEC,Adjusted Fuel Exports,exportsadj_enfu_fuel_electricity
TX:ENTC:TARGET_RENEWABLE_ELEC,Adjusted Fuel Exports,exportsadj_enfu_fuel_hydrocarbon_gas_liquids
TX:ENTC:TARGET_RENEWABLE_ELEC,Adjusted Fuel Exports,exportsadj_enfu_fuel_hydrogen
TX:ENTC:TARGET_RENEWABLE_ELEC,Adjusted Fuel Exports,exportsadj_enfu_fuel_kerosene
TX:ENTC:TARGET_RENEWABLE_ELEC,Fuel Imports,imports_enfu_fuel_ammonia_pj
TX:ENTC:TARGET_RENEWABLE_ELEC,Fuel Imports,imports_enfu_fuel_diesel_pj
TX:ENTC:TARGET_RENEWABLE_ELEC,Fuel Imports,imports_enfu_fuel_gasoline_pj
TX:ENTC:TARGET_RENEWABLE_ELEC,Fuel Imports,imports_enfu_fuel_hydrocarbon_gas_liquids_pj
TX:ENTC:TARGET_RENEWABLE_ELEC,Fuel Imports,imports_enfu_fuel_kerosene_pj
TX:ENTC:TARGET_RENEWABLE_ELEC,Fuel Imports,imports_enfu_fuel_oil_pj
TX:ENTC:TARGET_RENEWABLE_ELEC,NemoMod Discounted Capital Investment Storage,nemomod_enst_discounted_capital_investment_st_batteries
TX:ENTC:TARGET_RENEWABLE_ELEC,NemoMod Discounted Capital Investment Storage,nemomod_enst_discounted_capital_investment_st_compressed_air
TX:ENTC:TARGET_RENEWABLE_ELEC,NemoMod Discounted Capital Investment Storage,nemomod_enst_discounted_capital_investment_st_pumped_hydro
TX:ENTC:TARGET_RENEWABLE_ELEC,NemoMod Discounted Operating Costs Storage,nemomod_enst_discounted_operating_costs_st_batteries
TX:ENTC:TARGET_RENEWABLE_ELEC,NemoMod Discounted Operating Costs Storage,nemomod_enst_discounted_operating_costs_st_compressed_air
TX:ENTC:TARGET_RENEWABLE_ELEC,NemoMod Discounted Operating Costs Storage,nemomod_enst_discounted_operating_costs_st_pumped_hydro
TX:ENTC:TARGET_RENEWABLE_ELEC,NemoMod Production by Technology,nemomod_entc_annual_production_by_technology_pp_biomass
TX:ENTC:TARGET_RENEWABLE_ELEC,NemoMod Production by Technology,nemomod_entc_annual_production_by_technology_pp_gas
TX:ENTC:TARGET_RENEWABLE_ELEC,NemoMod Production by Technology,nemomod_entc_annual_production_by_technology_pp_oil
TX:ENTC:TARGET_RENEWABLE_ELEC,NemoMod Production by Technology,nemomod_entc_annual_production_by_technology_pp_solar
TX:ENTC:TARGET_RENEWABLE_ELEC,NemoMod Production by Technology,nemomod_entc_annual_production_by_technology_pp_wind
TX:ENTC:TARGET_RENEWABLE_ELEC,NemoMod Production by Technology,nemomod_entc_annual_production_by_technology_st_batteries
TX:ENTC:TARGET_RENEWABLE_ELEC,NemoMod Production by Technology,nemomod_entc_annual_production_by_technology_st_compressed_air
TX:ENTC:TARGET_RENEWABLE_ELEC,NemoMod Production by Technology,nemomod_entc_annual_production_by_technology_st_pumped_hydro
TX:ENTC:TARGET_RENEWABLE_ELEC,NemoMod Discounted Capital Investment,nemomod_entc_discounted_capital_investment_pp_biogas
TX:ENTC:TARGET_RENEWABLE_ELEC,NemoMod Discounted Capital Investment,nemomod_entc_discounted_capital_investment_pp_biomass
TX:ENTC:TARGET_RENEWABLE_ELEC,NemoMod Discounted Capital Investment,nemomod_entc_discounted_capital_investment_pp_gas
TX:ENTC:TARGET_RENEWABLE_ELEC,NemoMod Discounted Capital Investment,nemomod_entc_discounted_capital_investment_pp_oil
TX:ENTC:TARGET_RENEWABLE_ELEC,NemoMod Discounted Capital Investment,nemomod_entc_discounted_capital_investment_pp_solar
TX:ENTC:TARGET_RENEWABLE_ELEC,NemoMod Discounted Capital Investment,nemomod_entc_discounted_capital_investment_pp_waste_incineration
TX:ENTC:TARGET_RENEWABLE_ELEC,NemoMod Discounted Capital Investment,nemomod_entc_discounted_capital_investment_pp_wind
TX:ENTC:TARGET_RENEWABLE_ELEC,NemoMod Discounted Operating Costs,nemomod_entc_discounted_operating_costs_fp_hydrogen_electrolysis
TX:ENTC:TARGET_RENEWABLE_ELEC,NemoMod Discounted Operating Costs,nemomod_entc_discounted_operating_costs_pp_biogas
TX:ENTC:TARGET_RENEWABLE_ELEC,NemoMod Discounted Operating Costs,nemomod_entc_discounted_operating_costs_pp_biomass
TX:ENTC:TARGET_RENEWABLE_ELEC,NemoMod Discounted Operating Costs,nemomod_entc_discounted_operating_costs_pp_gas
TX:ENTC:TARGET_RENEWABLE_ELEC,NemoMod Discounted Operating Costs,nemomod_entc_discounted_operating_costs_pp_oil
TX:ENTC:TARGET_RENEWABLE_ELEC,NemoMod Discounted Operating Costs,nemomod_entc_discounted_operating_costs_pp_solar
TX:ENTC:TARGET_RENEWABLE_ELEC,NemoMod Discounted Operating Costs,nemomod_entc_discounted_operating_costs_pp_waste_incineration
TX:ENTC:TARGET_RENEWABLE_ELEC,NemoMod Discounted Operating Costs,nemomod_entc_discounted_operating_costs_pp_wind
TX:ENTC:TARGET_RENEWABLE_ELEC,NemoMod Generation Capacity,nemomod_entc_total_annual_generation_capacity_pp_biogas
TX:ENTC:TARGET_RENEWABLE_ELEC,NemoMod Generation Capacity,nemomod_entc_total_annual_generation_capacity_pp_biomass
TX:ENTC:TARGET_RENEWABLE_ELEC,NemoMod Generation Capacity,nemomod_entc_total_annual_generation_capacity_pp_gas
TX:ENTC:TARGET_RENEWABLE_ELEC,NemoMod Generation Capacity,nemomod_entc_total_annual_generation_capacity_pp_oil
TX:ENTC:TARGET_RENEWABLE_ELEC,NemoMod Generation Capacity,nemomod_entc_total_annual_generation_capacity_pp_solar
TX:ENTC:TARGET_RENEWABLE_ELEC,NemoMod Generation Capacity,nemomod_entc_total_annual_generation_capacity_pp_waste_incineration
TX:ENTC:TARGET_RENEWABLE_ELEC,NemoMod Generation Capacity,nemomod_entc_total_annual_generation_capacity_pp_wind
TX:ENTC:TARGET_RENEWABLE_ELEC,Fuel Production,prod_enfu_fuel_ammonia_pj
TX:ENTC:TARGET_RENEWABLE_ELEC,Fuel Production,prod_enfu_fuel_coal_pj
TX:ENTC:TARGET_RENEWABLE_ELEC,Fuel Production,prod_enfu_fuel_diesel_pj
TX:ENTC:TARGET_RENEWABLE_ELEC,Fuel Production,prod_enfu_fuel_electricity_pj
TX:ENTC:TARGET_RENEWABLE_ELEC,Fuel Production,prod_enfu_fuel_gasoline_pj
TX:ENTC:TARGET_RENEWABLE_ELEC,Fuel Production,prod_enfu_fuel_hydrocarbon_gas_liquids_pj
TX:ENTC:TARGET_RENEWABLE_ELEC,Fuel Production,prod_enfu_fuel_hydrogen_pj
TX:ENTC:TARGET_RENEWABLE_ELEC,Fuel Production,prod_enfu_fuel_kerosene_pj
TX:ENTC:TARGET_RENEWABLE_ELEC,Fuel Production,prod_enfu_fuel_natural_gas_pj
TX:ENTC:TARGET_RENEWABLE_ELEC,Fuel Production,prod_enfu_fuel_oil_pj
TX:ENTC:TARGET_RENEWABLE_ELEC,Value of Fuel Consumed in Energy Technology,totalvalue_enfu_fuel_consumed_entc_fuel_biomass
TX:ENTC:TARGET_RENEWABLE_ELEC,Value of Fuel Consumed in Energy Technology,totalvalue_enfu_fuel_consumed_entc_fuel_coal
TX:ENTC:TARGET_RENEWABLE_ELEC,Value of Fuel Consumed in Energy Technology,totalvalue_enfu_fuel_consumed_entc_fuel_crude
TX:ENTC:TARGET_RENEWABLE_ELEC,Value of Fuel Consumed in Energy Technology,totalvalue_enfu_fuel_consumed_entc_fuel_diesel
TX:ENTC:TARGET_RENEWABLE_ELEC,Value of Fuel Consumed in Energy Technology,totalvalue_enfu_fuel_consumed_entc_fuel_electricity
TX:ENTC:TARGET_RENEWABLE_ELEC,Value of Fuel Consumed in Energy Technology,totalvalue_enfu_fuel_consumed_entc_fuel_gasoline
TX:ENTC:TARGET_RENEWABLE_ELEC,Value of Fuel Consumed in Energy Technology,totalvalue_enfu_fuel_consumed_entc_fuel_hydrogen
TX:ENTC:TARGET_RENEWABLE_ELEC,Value of Fuel Consumed in Energy Technology,totalvalue_enfu_fuel_consumed_entc_fuel_natural_gas
TX:ENTC:TARGET_RENEWABLE_ELEC,Value of Fuel Consumed in Energy Technology,totalvalue_enfu_fuel_consumed_entc_fuel_oil
TX:ENTC:TARGET_RENEWABLE_ELEC_STRATEGY_CONDITIONAL,NemoMod :math:\text{CH}_4 Emissions from Fuel Mining and Extraction,emission_co2e_ch4_entc_fuel_mining_and_extraction_me_coal
TX:ENTC:TARGET_RENEWABLE_ELEC_STRATEGY_CONDITIONAL,NemoMod :math:\text{CH}_4 Emissions from Fuel Mining and Extraction,emission_co2e_ch4_entc_fuel_mining_and_extraction_me_natural_gas
TX:ENTC:TARGET_RENEWABLE_ELEC_STRATEGY_CONDITIONAL,NemoMod :math:\text{CH}_4 Emissions from Electricity Generation for Energy Technology,emission_co2e_ch4_entc_generation_for_entc
TX:ENTC:TARGET_RENEWABLE_ELEC_STRATEGY_CONDITIONAL,NemoMod :math:\text{CH}_4 Emissions from Electricity Generation for Export,emission_co2e_ch4_entc_generation_for_export
TX:ENTC:TARGET_RENEWABLE_ELEC_STRATEGY_CONDITIONAL,NemoMod :math:\text{CH}_4 Emissions from Electricity Generation for Industrial Energy,emission_co2e_ch4_entc_generation_for_inen
TX:ENTC:TARGET_RENEWABLE_ELEC_STRATEGY_CONDITIONAL,NemoMod :math:\text{CH}_4 Emissions from Electricity Generation for SCOE,emission_co2e_ch4_entc_generation_for_scoe
TX:ENTC:TARGET_RENEWABLE_ELEC_STRATEGY_CONDITIONAL,NemoMod :math:\text{CH}_4 Emissions from Electricity Generation for Transportation,emission_co2e_ch4_entc_generation_for_trns
TX:ENTC:TARGET_RENEWABLE_ELEC_STRATEGY_CONDITIONAL,NemoMod :math:\text{CH}_4 Emissions from Electricity Generation,emission_co2e_ch4_entc_generation_pp_biomass
TX:ENTC:TARGET_RENEWABLE_ELEC_STRATEGY_CONDITIONAL,NemoMod :math:\text{CH}_4 Emissions from Electricity Generation,emission_co2e_ch4_entc_generation_pp_gas
TX:ENTC:TARGET_RENEWABLE_ELEC_STRATEGY_CONDITIONAL,NemoMod :math:\text{CH}_4 Emissions from Electricity Generation,emission_co2e_ch4_entc_generation_pp_oil
TX:ENTC:TARGET_RENEWABLE_ELEC_STRATEGY_CONDITIONAL,NemoMod :math:\text{CH}_4 Emissions from Fuel Processing and Refinement,emission_co2e_ch4_entc_processing_and_refinement_fp_natural_gas
TX:ENTC:TARGET_RENEWABLE_ELEC_STRATEGY_CONDITIONAL,:math:\text{CH}_4 Fugitive Emissions,emission_co2e_ch4_fgtv_fuel_coal
TX:ENTC:TARGET_RENEWABLE_ELEC_STRATEGY_CONDITIONAL,:math:\text{CH}_4 Fugitive Emissions,emission_co2e_ch4_fgtv_fuel_natural_gas
TX:ENTC:TARGET_RENEWABLE_ELEC_STRATEGY_CONDITIONAL,:math:\text{CH}_4 Fugitive Emissions,emission_co2e_ch4_fgtv_fuel_oil
TX:ENTC:TARGET_RENEWABLE_ELEC_STRATEGY_CONDITIONAL,NemoMod :math:\text{CO}_2 Emissions from Electricity Generation for Energy Technology,emission_co2e_co2_entc_generation_for_entc
TX:ENTC:TARGET_RENEWABLE_ELEC_STRATEGY_CONDITIONAL,NemoMod :math:\text{CO}_2 Emissions from Electricity Generation for Export,emission_co2e_co2_entc_generation_for_export
TX:ENTC:TARGET_RENEWABLE_ELEC_STRATEGY_CONDITIONAL,NemoMod :math:\text{CO}_2 Emissions from Electricity Generation for Industrial Energy,emission_co2e_co2_entc_generation_for_inen
TX:ENTC:TARGET_RENEWABLE_ELEC_STRATEGY_CONDITIONAL,NemoMod :math:\text{CO}_2 Emissions from Electricity Generation for SCOE,emission_co2e_co2_entc_generation_for_scoe
TX:ENTC:TARGET_RENEWABLE_ELEC_STRATEGY_CONDITIONAL,NemoMod :math:\text{CO}_2 Emissions from Electricity Generation for Transportation,emission_co2e_co2_entc_generation_for_trns
TX:ENTC:TARGET_RENEWABLE_ELEC_STRATEGY_CONDITIONAL,NemoMod :math:\text{CO}_2 Emissions from Electricity Generation,emission_co2e_co2_entc_generation_pp_biomass
TX:ENTC:TARGET_RENEWABLE_ELEC_STRATEGY_CONDITIONAL,NemoMod :math:\text{CO}_2 Emissions from Electricity Generation,emission_co2e_co2_entc_generation_pp_gas
TX:ENTC:TARGET_RENEWABLE_ELEC_STRATEGY_CONDITIONAL,NemoMod :math:\text{CO}_2 Emissions from Electricity Generation,emission_co2e_co2_entc_generation_pp_oil
TX:ENTC:TARGET_RENEWABLE_ELEC_STRATEGY_CONDITIONAL,NemoMod :math:\text{CO}_2 Emissions from Fuel Mining and Extraction,emission_co2e_co2_entc_mining_and_extraction_me_coal
TX:ENTC:TARGET_RENEWABLE_ELEC_STRATEGY_CONDITIONAL,NemoMod :math:\text{CO}_2 Emissions from Fuel Mining and Extraction,emission_co2e_co2_entc_mining_and_extraction_me_natural_gas
TX:ENTC:TARGET_RENEWABLE_ELEC_STRATEGY_CONDITIONAL,NemoMod :math:\text{CO}_2 Non-Biomass Emissions from Fuel Processing and Refinement,emission_co2e_co2_entc_nbmass_processing_and_refinement_fp_hydrogen_gasification
TX:ENTC:TARGET_RENEWABLE_ELEC_STRATEGY_CONDITIONAL,NemoMod :math:\text{CO}_2 Non-Biomass Emissions from Fuel Processing and Refinement,emission_co2e_co2_entc_nbmass_processing_and_refinement_fp_natural_gas
TX:ENTC:TARGET_RENEWABLE_ELEC_STRATEGY_CONDITIONAL,:math:\text{CO}_2 Fugitive Emissions,emission_co2e_co2_fgtv_fuel_coal
TX:ENTC:TARGET_RENEWABLE_ELEC_STRATEGY_CONDITIONAL,:math:\text{CO}_2 Fugitive Emissions,emission_co2e_co2_fgtv_fuel_natural_gas
TX:ENTC:TARGET_RENEWABLE_ELEC_STRATEGY_CONDITIONAL,:math:\text{CO}_2 Fugitive Emissions,emission_co2e_co2_fgtv_fuel_oil
TX:ENTC:TARGET_RENEWABLE_ELEC_STRATEGY_CONDITIONAL,NemoMod :math:\text{N}_2\text{O} Emissions from Fuel Mining and Extraction,emission_co2e_n2o_entc_fuel_mining_and_extraction_me_coal
TX:ENTC:TARGET_RENEWABLE_ELEC_STRATEGY_CONDITIONAL,NemoMod :math:\text{N}_2\text{O} Emissions from Fuel Mining and Extraction,emission_co2e_n2o_entc_fuel_mining_and_extraction_me_natural_gas
TX:ENTC:TARGET_RENEWABLE_ELEC_STRATEGY_CONDITIONAL,NemoMod :math:\text{N}_2\text{O} Emissions from Electricity Generation for Energy Technology,emission_co2e_n2o_entc_generation_for_entc
TX:ENTC:TARGET_RENEWABLE_ELEC_STRATEGY_CONDITIONAL,NemoMod :math:\text{N}_2\text{O} Emissions from Electricity Generation for Export,emission_co2e_n2o_entc_generation_for_export
TX:ENTC:TARGET_RENEWABLE_ELEC_STRATEGY_CONDITIONAL,NemoMod :math:\text{N}_2\text{O} Emissions from Electricity Generation for Industrial Energy,emission_co2e_n2o_entc_generation_for_inen
TX:ENTC:TARGET_RENEWABLE_ELEC_STRATEGY_CONDITIONAL,NemoMod :math:\text{N}_2\text{O} Emissions from Electricity Generation for SCOE,emission_co2e_n2o_entc_generation_for_scoe
TX:ENTC:TARGET_RENEWABLE_ELEC_STRATEGY_CONDITIONAL,NemoMod :math:\text{N}_2\text{O} Emissions from Electricity Generation for Transportation,emission_co2e_n2o_entc_generation_for_trns
TX:ENTC:TARGET_RENEWABLE_ELEC_STRATEGY_CONDITIONAL,NemoMod :math:\text{N}_2\text{O} Emissions from Electricity Generation,emission_co2e_n2o_entc_generation_pp_biomass
TX:ENTC:TARGET_RENEWABLE_ELEC_STRATEGY_CONDITIONAL,NemoMod :math:\text{N}_2\text{O} Emissions from Electricity Generation,emission_co2e_n2o_entc_generation_pp_gas
TX:ENTC:TARGET_RENEWABLE_ELEC_STRATEGY_CONDITIONAL,NemoMod :math:\text{N}_2\text{O} Emissions from Electricity Generation,emission_co2e_n2o_entc_generation_pp_oil
TX:ENTC:TARGET_RENEWABLE_ELEC_STRATEGY_CONDITIONAL,NemoMod :math:\text{N}_2\text{O} Emissions from Fuel Processing and Refinement,emission_co2e_n2o_entc_processing_and_refinement_fp_natural_gas
TX:ENTC:TARGET_RENEWABLE_ELEC_STRATEGY_CONDITIONAL,:math:\text{N}_2\text{O} Fugitive Emissions,emission_co2e_n2o_fgtv_fuel_natural_gas
TX:ENTC:TARGET_RENEWABLE_ELEC_STRATEGY_CONDITIONAL,emission_co2e_subsector_total_entc,emission_co2e_subsector_total_entc
TX:ENTC:TARGET_RENEWABLE_ELEC_STRATEGY_CONDITIONAL,emission_co2e_subsector_total_fgtv,emission_co2e_subsector_total_fgtv
TX:ENTC:TARGET_RENEWABLE_ELEC_STRATEGY_CONDITIONAL,NMVOC Fugitive Emissions,emission_nongas_fgtv_kt_nmvoc_fuel_natural_gas
TX:ENTC:TARGET_RENEWABLE_ELEC_STRATEGY_CONDITIONAL,NMVOC Fugitive Emissions,emission_nongas_fgtv_kt_nmvoc_fuel_oil
TX:ENTC:TARGET_RENEWABLE_ELEC_STRATEGY_CONDITIONAL,Energy Demand by Fuel in Energy Technology,energy_demand_enfu_subsector_total_pj_entc_fuel_biomass
TX:ENTC:TARGET_RENEWABLE_ELEC_STRATEGY_CONDITIONAL,Energy Demand by Fuel in Energy Technology,energy_demand_enfu_subsector_total_pj_entc_fuel_coal
TX:ENTC:TARGET_RENEWABLE_ELEC_STRATEGY_CONDITIONAL,Energy Demand by Fuel in Energy Technology,energy_demand_enfu_subsector_total_pj_entc_fuel_diesel
TX:ENTC:TARGET_RENEWABLE_ELEC_STRATEGY_CONDITIONAL,Energy Demand by Fuel in Energy Technology,energy_demand_enfu_subsector_total_pj_entc_fuel_electricity
TX:ENTC:TARGET_RENEWABLE_ELEC_STRATEGY_CONDITIONAL,Energy Demand by Fuel in Energy Technology,energy_demand_enfu_subsector_total_pj_entc_fuel_gasoline
TX:ENTC:TARGET_RENEWABLE_ELEC_STRATEGY_CONDITIONAL,Energy Demand by Fuel in Energy Technology,energy_demand_enfu_subsector_total_pj_entc_fuel_hydrogen
TX:ENTC:TARGET_RENEWABLE_ELEC_STRATEGY_CONDITIONAL,Energy Demand by Fuel in Energy Technology,energy_demand_enfu_subsector_total_pj_entc_fuel_natural_gas
TX:ENTC:TARGET_RENEWABLE_ELEC_STRATEGY_CONDITIONAL,Energy Demand by Fuel in Energy Technology,energy_demand_enfu_subsector_total_pj_entc_fuel_oil
TX:ENTC:TARGET_RENEWABLE_ELEC_STRATEGY_CONDITIONAL,Energy Demand by Fuel in Energy Technology,energy_demand_enfu_subsector_total_pj_entc_fuel_solar
TX:ENTC:TARGET_RENEWABLE_ELEC_STRATEGY_CONDITIONAL,Energy Demand by Fuel in Energy Technology,energy_demand_enfu_subsector_total_pj_entc_fuel_water
TX:ENTC:TARGET_RENEWABLE_ELEC_STRATEGY_CONDITIONAL,Energy Demand by Fuel in Energy Technology,energy_demand_enfu_subsector_total_pj_entc_fuel_wind
TX:ENTC:TARGET_RENEWABLE_ELEC_STRATEGY_CONDITIONAL,Total Energy Demand by Fuel,energy_demand_enfu_total_fuel_biomass
TX:ENTC:TARGET_RENEWABLE_ELEC_STRATEGY_CONDITIONAL,Total Energy Demand by Fuel,energy_demand_enfu_total_fuel_coal
TX:ENTC:TARGET_RENEWABLE_ELEC_STRATEGY_CONDITIONAL,Total Energy Demand by Fuel,energy_demand_enfu_total_fuel_diesel
TX:ENTC:TARGET_RENEWABLE_ELEC_STRATEGY_CONDITIONAL,Total Energy Demand by Fuel,energy_demand_enfu_total_fuel_electricity
TX:ENTC:TARGET_RENEWABLE_ELEC_STRATEGY_CONDITIONAL,Total Energy Demand by Fuel,energy_demand_enfu_total_fuel_gasoline
TX:ENTC:TARGET_RENEWABLE_ELEC_STRATEGY_CONDITIONAL,Total Energy Demand by Fuel,energy_demand_enfu_total_fuel_hydrogen
TX:ENTC:TARGET_RENEWABLE_ELEC_STRATEGY_CONDITIONAL,Total Energy Demand by Fuel,energy_demand_enfu_total_fuel_natural_gas
TX:ENTC:TARGET_RENEWABLE_ELEC_STRATEGY_CONDITIONAL,Total Energy Demand by Fuel,energy_demand_enfu_total_fuel_oil
TX:ENTC:TARGET_RENEWABLE_ELEC_STRATEGY_CONDITIONAL,Total Energy Demand by Fuel,energy_demand_enfu_total_fuel_solar
TX:ENTC:TARGET_RENEWABLE_ELEC_STRATEGY_CONDITIONAL,Total Energy Demand by Fuel,energy_demand_enfu_total_fuel_water
TX:ENTC:TARGET_RENEWABLE_ELEC_STRATEGY_CONDITIONAL,Total Energy Demand by Fuel,energy_demand_enfu_total_fuel_wind
TX:ENTC:TARGET_RENEWABLE_ELEC_STRATEGY_CONDITIONAL,Electrical Transmission Loss,energylost_enfu_transmission_loss_fuel_electricity_pj
TX:ENTC:TARGET_RENEWABLE_ELEC_STRATEGY_CONDITIONAL,Adjusted Fuel Exports,exportsadj_enfu_fuel_electricity
TX:ENTC:TARGET_RENEWABLE_ELEC_STRATEGY_CONDITIONAL,Adjusted Fuel Exports,exportsadj_enfu_fuel_hydrocarbon_gas_liquids
TX:ENTC:TARGET_RENEWABLE_ELEC_STRATEGY_CONDITIONAL,Adjusted Fuel Exports,exportsadj_enfu_fuel_hydrogen
TX:ENTC:TARGET_RENEWABLE_ELEC_STRATEGY_CONDITIONAL,Adjusted Fuel Exports,exportsadj_enfu_fuel_kerosene
TX:ENTC:TARGET_RENEWABLE_ELEC_STRATEGY_CONDITIONAL,Fuel Imports,imports_enfu_fuel_ammonia_pj
TX:ENTC:TARGET_RENEWABLE_ELEC_STRATEGY_CONDITIONAL,Fuel Imports,imports_enfu_fuel_diesel_pj
TX:ENTC:TARGET_RENEWABLE_ELEC_STRATEGY_CONDITIONAL,Fuel Imports,imports_enfu_fuel_hydrocarbon_gas_liquids_pj
TX:ENTC:TARGET_RENEWABLE_ELEC_STRATEGY_CONDITIONAL,Fuel Imports,imports_enfu_fuel_oil_pj
TX:ENTC:TARGET_RENEWABLE_ELEC_STRATEGY_CONDITIONAL,NemoMod Discounted Capital Investment Storage,nemomod_enst_discounted_capital_investment_st_pumped_hydro
TX:ENTC:TARGET_RENEWABLE_ELEC_STRATEGY_CONDITIONAL,NemoMod Discounted Operating Costs Storage,nemomod_enst_discounted_operating_costs_st_pumped_hydro
TX:ENTC:TARGET_RENEWABLE_ELEC_STRATEGY_CONDITIONAL,NemoMod Production by Technology,nemomod_entc_annual_production_by_technology_pp_biomass
TX:ENTC:TARGET_RENEWABLE_ELEC_STRATEGY_CONDITIONAL,NemoMod Production by Technology,nemomod_entc_annual_production_by_technology_pp_gas
TX:ENTC:TARGET_RENEWABLE_ELEC_STRATEGY_CONDITIONAL,NemoMod Production by Technology,nemomod_entc_annual_production_by_technology_pp_oil
TX:ENTC:TARGET_RENEWABLE_ELEC_STRATEGY_CONDITIONAL,NemoMod Production by Technology,nemomod_entc_annual_production_by_technology_pp_solar
TX:ENTC:TARGET_RENEWABLE_ELEC_STRATEGY_CONDITIONAL,NemoMod Production by Technology,nemomod_entc_annual_production_by_technology_pp_wind
TX:ENTC:TARGET_RENEWABLE_ELEC_STRATEGY_CONDITIONAL,NemoMod Production by Technology,nemomod_entc_annual_production_by_technology_st_flywheels
TX:ENTC:TARGET_RENEWABLE_ELEC_STRATEGY_CONDITIONAL,NemoMod Production by Technology,nemomod_entc_annual_production_by_technology_st_pumped_hydro
TX:ENTC:TARGET_RENEWABLE_ELEC_STRATEGY_CONDITIONAL,NemoMod Discounted Capital Investment,nemomod_entc_discounted_capital_investment_pp_biogas
TX:ENTC:TARGET_RENEWABLE_ELEC_STRATEGY_CONDITIONAL,NemoMod Discounted Capital Investment,nemomod_entc_discounted_capital_investment_pp_biomass
TX:ENTC:TARGET_RENEWABLE_ELEC_STRATEGY_CONDITIONAL,NemoMod Discounted Capital Investment,nemomod_entc_discounted_capital_investment_pp_gas
TX:ENTC:TARGET_RENEWABLE_ELEC_STRATEGY_CONDITIONAL,NemoMod Discounted Capital Investment,nemomod_entc_discounted_capital_investment_pp_oil
TX:ENTC:TARGET_RENEWABLE_ELEC_STRATEGY_CONDITIONAL,NemoMod Discounted Capital Investment,nemomod_entc_discounted_capital_investment_pp_solar
TX:ENTC:TARGET_RENEWABLE_ELEC_STRATEGY_CONDITIONAL,NemoMod Discounted Capital Investment,nemomod_entc_discounted_capital_investment_pp_waste_incineration
TX:ENTC:TARGET_RENEWABLE_ELEC_STRATEGY_CONDITIONAL,NemoMod Discounted Capital Investment,nemomod_entc_discounted_capital_investment_pp_wind
TX:ENTC:TARGET_RENEWABLE_ELEC_STRATEGY_CONDITIONAL,NemoMod Discounted Operating Costs,nemomod_entc_discounted_operating_costs_fp_hydrogen_electrolysis
TX:ENTC:TARGET_RENEWABLE_ELEC_STRATEGY_CONDITIONAL,NemoMod Discounted Operating Costs,nemomod_entc_discounted_operating_costs_pp_biogas
TX:ENTC:TARGET_RENEWABLE_ELEC_STRATEGY_CONDITIONAL,NemoMod Discounted Operating Costs,nemomod_entc_discounted_operating_costs_pp_biomass
TX:ENTC:TARGET_RENEWABLE_ELEC_STRATEGY_CONDITIONAL,NemoMod Discounted Operating Costs,nemomod_entc_discounted_operating_costs_pp_gas
TX:ENTC:TARGET_RENEWABLE_ELEC_STRATEGY_CONDITIONAL,NemoMod Discounted Operating Costs,nemomod_entc_discounted_operating_costs_pp_oil
TX:ENTC:TARGET_RENEWABLE_ELEC_STRATEGY_CONDITIONAL,NemoMod Discounted Operating Costs,nemomod_entc_discounted_operating_costs_pp_solar
TX:ENTC:TARGET_RENEWABLE_ELEC_STRATEGY_CONDITIONAL,NemoMod Discounted Operating Costs,nemomod_entc_discounted_operating_costs_pp_waste_incineration
TX:ENTC:TARGET_RENEWABLE_ELEC_STRATEGY_CONDITIONAL,NemoMod Discounted Operating Costs,nemomod_entc_discounted_operating_costs_pp_wind
TX:ENTC:TARGET_RENEWABLE_ELEC_STRATEGY_CONDITIONAL,NemoMod Generation Capacity,nemomod_entc_total_annual_generation_capacity_pp_biogas
TX:ENTC:TARGET_RENEWABLE_ELEC_STRATEGY_CONDITIONAL,NemoMod Generation Capacity,nemomod_entc_total_annual_generation_capacity_pp_biomass
TX:ENTC:TARGET_RENEWABLE_ELEC_STRATEGY_CONDITIONAL,NemoMod Generation Capacity,nemomod_entc_total_annual_generation_capacity_pp_gas
TX:ENTC:TARGET_RENEWABLE_ELEC_STRATEGY_CONDITIONAL,NemoMod Generation Capacity,nemomod_entc_total_annual_generation_capacity_pp_oil
TX:ENTC:TARGET_RENEWABLE_ELEC_STRATEGY_CONDITIONAL,NemoMod Generation Capacity,nemomod_entc_total_annual_generation_capacity_pp_solar
TX:ENTC:TARGET_RENEWABLE_ELEC_STRATEGY_CONDITIONAL,NemoMod Generation Capacity,nemomod_entc_total_annual_generation_capacity_pp_waste_incineration
TX:ENTC:TARGET_RENEWABLE_ELEC_STRATEGY_CONDITIONAL,NemoMod Generation Capacity,nemomod_entc_total_annual_generation_capacity_pp_wind
TX:ENTC:TARGET_RENEWABLE_ELEC_STRATEGY_CONDITIONAL,Fuel Production,prod_enfu_fuel_ammonia_pj
TX:ENTC:TARGET_RENEWABLE_ELEC_STRATEGY_CONDITIONAL,Fuel Production,prod_enfu_fuel_coal_pj
TX:ENTC:TARGET_RENEWABLE_ELEC_STRATEGY_CONDITIONAL,Fuel Production,prod_enfu_fuel_electricity_pj
TX:ENTC:TARGET_RENEWABLE_ELEC_STRATEGY_CONDITIONAL,Fuel Production,prod_enfu_fuel_hydrocarbon_gas_liquids_pj
TX:ENTC:TARGET_RENEWABLE_ELEC_STRATEGY_CONDITIONAL,Fuel Production,prod_enfu_fuel_hydrogen_pj
TX:ENTC:TARGET_RENEWABLE_ELEC_STRATEGY_CONDITIONAL,Fuel Production,prod_enfu_fuel_natural_gas_pj
TX:ENTC:TARGET_RENEWABLE_ELEC_STRATEGY_CONDITIONAL,Value of Fuel Consumed in Energy Technology,totalvalue_enfu_fuel_consumed_entc_fuel_biomass
TX:ENTC:TARGET_RENEWABLE_ELEC_STRATEGY_CONDITIONAL,Value of Fuel Consumed in Energy Technology,totalvalue_enfu_fuel_consumed_entc_fuel_coal
TX:ENTC:TARGET_RENEWABLE_ELEC_STRATEGY_CONDITIONAL,Value of Fuel Consumed in Energy Technology,totalvalue_enfu_fuel_consumed_entc_fuel_diesel
TX:ENTC:TARGET_RENEWABLE_ELEC_STRATEGY_CONDITIONAL,Value of Fuel Consumed in Energy Technology,totalvalue_enfu_fuel_consumed_entc_fuel_electricity
TX:ENTC:TARGET_RENEWABLE_ELEC_STRATEGY_CONDITIONAL,Value of Fuel Consumed in Energy Technology,totalvalue_enfu_fuel_consumed_entc_fuel_gasoline
TX:ENTC:TARGET_RENEWABLE_ELEC_STRATEGY_CONDITIONAL,Value of Fuel Consumed in Energy Technology,totalvalue_enfu_fuel_consumed_entc_fuel_hydrogen
TX:ENTC:TARGET_RENEWABLE_ELEC_STRATEGY_CONDITIONAL,Value of Fuel Consumed in Energy Technology,totalvalue_enfu_fuel_consumed_entc_fuel_natural_gas
TX:ENTC:TARGET_RENEWABLE_ELEC_STRATEGY_CONDITIONAL,Value of Fuel Consumed in Energy Technology,totalvalue_enfu_fuel_consumed_entc_fuel_oil
TX:ENTC:TARGET_RENEWABLE_ELEC_STRATEGY_LEP,NemoMod :math:\text{CH}_4 Emissions from Fuel Mining and Extraction,emission_co2e_ch4_entc_fuel_mining_and_extraction_me_natural_gas
TX:ENTC:TARGET_RENEWABLE_ELEC_STRATEGY_LEP,NemoMod :math:\text{CH}_4 Emissions from Electricity Generation for Energy Technology,emission_co2e_ch4_entc_generation_for_entc
TX:ENTC:TARGET_RENEWABLE_ELEC_STRATEGY_LEP,NemoMod :math:\text{CH}_4 Emissions from Electricity Generation for Export,emission_co2e_ch4_entc_generation_for_export
TX:ENTC:TARGET_RENEWABLE_ELEC_STRATEGY_LEP,NemoMod :math:\text{CH}_4 Emissions from Electricity Generation for Industrial Energy,emission_co2e_ch4_entc_generation_for_inen
TX:ENTC:TARGET_RENEWABLE_ELEC_STRATEGY_LEP,NemoMod :math:\text{CH}_4 Emissions from Electricity Generation for SCOE,emission_co2e_ch4_entc_generation_for_scoe
TX:ENTC:TARGET_RENEWABLE_ELEC_STRATEGY_LEP,NemoMod :math:\text{CH}_4 Emissions from Electricity Generation for Transportation,emission_co2e_ch4_entc_generation_for_trns
TX:ENTC:TARGET_RENEWABLE_ELEC_STRATEGY_LEP,NemoMod :math:\text{CH}_4 Emissions from Electricity Generation,emission_co2e_ch4_entc_generation_pp_biomass
TX:ENTC:TARGET_RENEWABLE_ELEC_STRATEGY_LEP,NemoMod :math:\text{CH}_4 Emissions from Electricity Generation,emission_co2e_ch4_entc_generation_pp_gas
TX:ENTC:TARGET_RENEWABLE_ELEC_STRATEGY_LEP,NemoMod :math:\text{CH}_4 Emissions from Electricity Generation,emission_co2e_ch4_entc_generation_pp_oil
TX:ENTC:TARGET_RENEWABLE_ELEC_STRATEGY_LEP,NemoMod :math:\text{CH}_4 Emissions from Fuel Processing and Refinement,emission_co2e_ch4_entc_processing_and_refinement_fp_natural_gas
TX:ENTC:TARGET_RENEWABLE_ELEC_STRATEGY_LEP,NemoMod :math:\text{CH}_4 Emissions from Fuel Processing and Refinement,emission_co2e_ch4_entc_processing_and_refinement_fp_petroleum_refinement
TX:ENTC:TARGET_RENEWABLE_ELEC_STRATEGY_LEP,:math:\text{CH}_4 Fugitive Emissions,emission_co2e_ch4_fgtv_fuel_natural_gas
TX:ENTC:TARGET_RENEWABLE_ELEC_STRATEGY_LEP,:math:\text{CH}_4 Fugitive Emissions,emission_co2e_ch4_fgtv_fuel_oil
TX:ENTC:TARGET_RENEWABLE_ELEC_STRATEGY_LEP,NemoMod :math:\text{CO}_2 Emissions from Electricity Generation for Energy Technology,emission_co2e_co2_entc_generation_for_entc
TX:ENTC:TARGET_RENEWABLE_ELEC_STRATEGY_LEP,NemoMod :math:\text{CO}_2 Emissions from Electricity Generation for Export,emission_co2e_co2_entc_generation_for_export
TX:ENTC:TARGET_RENEWABLE_ELEC_STRATEGY_LEP,NemoMod :math:\text{CO}_2 Emissions from Electricity Generation for Industrial Energy,emission_co2e_co2_entc_generation_for_inen
TX:ENTC:TARGET_RENEWABLE_ELEC_STRATEGY_LEP,NemoMod :math:\text{CO}_2 Emissions from Electricity Generation for SCOE,emission_co2e_co2_entc_generation_for_scoe
TX:ENTC:TARGET_RENEWABLE_ELEC_STRATEGY_LEP,NemoMod :math:\text{CO}_2 Emissions from Electricity Generation for Transportation,emission_co2e_co2_entc_generation_for_trns
TX:ENTC:TARGET_RENEWABLE_ELEC_STRATEGY_LEP,NemoMod :math:\text{CO}_2 Emissions from Electricity Generation,emission_co2e_co2_entc_generation_pp_biomass
TX:ENTC:TARGET_RENEWABLE_ELEC_STRATEGY_LEP,NemoMod :math:\text{CO}_2 Emissions from Electricity Generation,emission_co2e_co2_entc_generation_pp_gas
TX:ENTC:TARGET_RENEWABLE_ELEC_STRATEGY_LEP,NemoMod :math:\text{CO}_2 Emissions from Electricity Generation,emission_co2e_co2_entc_generation_pp_oil
TX:ENTC:TARGET_RENEWABLE_ELEC_STRATEGY_LEP,NemoMod :math:\text{CO}_2 Emissions from Fuel Mining and Extraction,emission_co2e_co2_entc_mining_and_extraction_me_natural_gas
TX:ENTC:TARGET_RENEWABLE_ELEC_STRATEGY_LEP,NemoMod :math:\text{CO}_2 Non-Biomass Emissions from Fuel Processing and Refinement,emission_co2e_co2_entc_nbmass_processing_and_refinement_fp_natural_gas
TX:ENTC:TARGET_RENEWABLE_ELEC_STRATEGY_LEP,NemoMod :math:\text{CO}_2 Non-Biomass Emissions from Fuel Processing and Refinement,emission_co2e_co2_entc_nbmass_processing_and_refinement_fp_petroleum_refinement
TX:ENTC:TARGET_RENEWABLE_ELEC_STRATEGY_LEP,:math:\text{CO}_2 Fugitive Emissions,emission_co2e_co2_fgtv_fuel_natural_gas
TX:ENTC:TARGET_RENEWABLE_ELEC_STRATEGY_LEP,:math:\text{CO}_2 Fugitive Emissions,emission_co2e_co2_fgtv_fuel_oil
TX:ENTC:TARGET_RENEWABLE_ELEC_STRATEGY_LEP,NemoMod :math:\text{N}_2\text{O} Emissions from Fuel Mining and Extraction,emission_co2e_n2o_entc_fuel_mining_and_extraction_me_natural_gas
TX:ENTC:TARGET_RENEWABLE_ELEC_STRATEGY_LEP,NemoMod :math:\text{N}_2\text{O} Emissions from Electricity Generation for Energy Technology,emission_co2e_n2o_entc_generation_for_entc
TX:ENTC:TARGET_RENEWABLE_ELEC_STRATEGY_LEP,NemoMod :math:\text{N}_2\text{O} Emissions from Electricity Generation for Export,emission_co2e_n2o_entc_generation_for_export
TX:ENTC:TARGET_RENEWABLE_ELEC_STRATEGY_LEP,NemoMod :math:\text{N}_2\text{O} Emissions from Electricity Generation for Industrial Energy,emission_co2e_n2o_entc_generation_for_inen
TX:ENTC:TARGET_RENEWABLE_ELEC_STRATEGY_LEP,NemoMod :math:\text{N}_2\text{O} Emissions from Electricity Generation for SCOE,emission_co2e_n2o_entc_generation_for_scoe
TX:ENTC:TARGET_RENEWABLE_ELEC_STRATEGY_LEP,NemoMod :math:\text{N}_2\text{O} Emissions from Electricity Generation for Transportation,emission_co2e_n2o_entc_generation_for_trns
TX:ENTC:TARGET_RENEWABLE_ELEC_STRATEGY_LEP,NemoMod :math:\text{N}_2\text{O} Emissions from Electricity Generation,emission_co2e_n2o_entc_generation_pp_biomass
TX:ENTC:TARGET_RENEWABLE_ELEC_STRATEGY_LEP,NemoMod :math:\text{N}_2\text{O} Emissions from Electricity Generation,emission_co2e_n2o_entc_generation_pp_gas
TX:ENTC:TARGET_RENEWABLE_ELEC_STRATEGY_LEP,NemoMod :math:\text{N}_2\text{O} Emissions from Electricity Generation,emission_co2e_n2o_entc_generation_pp_oil
TX:ENTC:TARGET_RENEWABLE_ELEC_STRATEGY_LEP,NemoMod :math:\text{N}_2\text{O} Emissions from Fuel Processing and Refinement,emission_co2e_n2o_entc_processing_and_refinement_fp_natural_gas
TX:ENTC:TARGET_RENEWABLE_ELEC_STRATEGY_LEP,NemoMod :math:\text{N}_2\text{O} Emissions from Fuel Processing and Refinement,emission_co2e_n2o_entc_processing_and_refinement_fp_petroleum_refinement
TX:ENTC:TARGET_RENEWABLE_ELEC_STRATEGY_LEP,:math:\text{N}_2\text{O} Fugitive Emissions,emission_co2e_n2o_fgtv_fuel_natural_gas
TX:ENTC:TARGET_RENEWABLE_ELEC_STRATEGY_LEP,:math:\text{N}_2\text{O} Fugitive Emissions,emission_co2e_n2o_fgtv_fuel_oil
TX:ENTC:TARGET_RENEWABLE_ELEC_STRATEGY_LEP,emission_co2e_subsector_total_entc,emission_co2e_subsector_total_entc
TX:ENTC:TARGET_RENEWABLE_ELEC_STRATEGY_LEP,emission_co2e_subsector_total_fgtv,emission_co2e_subsector_total_fgtv
TX:ENTC:TARGET_RENEWABLE_ELEC_STRATEGY_LEP,NMVOC Fugitive Emissions,emission_nongas_fgtv_kt_nmvoc_fuel_natural_gas
TX:ENTC:TARGET_RENEWABLE_ELEC_STRATEGY_LEP,NMVOC Fugitive Emissions,emission_nongas_fgtv_kt_nmvoc_fuel_oil
TX:ENTC:TARGET_RENEWABLE_ELEC_STRATEGY_LEP,Energy Demand by Fuel in Energy Technology,energy_demand_enfu_subsector_total_pj_entc_fuel_biomass
TX:ENTC:TARGET_RENEWABLE_ELEC_STRATEGY_LEP,Energy Demand by Fuel in Energy Technology,energy_demand_enfu_subsector_total_pj_entc_fuel_crude
TX:ENTC:TARGET_RENEWABLE_ELEC_STRATEGY_LEP,Energy Demand by Fuel in Energy Technology,energy_demand_enfu_subsector_total_pj_entc_fuel_diesel
TX:ENTC:TARGET_RENEWABLE_ELEC_STRATEGY_LEP,Energy Demand by Fuel in Energy Technology,energy_demand_enfu_subsector_total_pj_entc_fuel_electricity
TX:ENTC:TARGET_RENEWABLE_ELEC_STRATEGY_LEP,Energy Demand by Fuel in Energy Technology,energy_demand_enfu_subsector_total_pj_entc_fuel_gasoline
TX:ENTC:TARGET_RENEWABLE_ELEC_STRATEGY_LEP,Energy Demand by Fuel in Energy Technology,energy_demand_enfu_subsector_total_pj_entc_fuel_natural_gas
TX:ENTC:TARGET_RENEWABLE_ELEC_STRATEGY_LEP,Energy Demand by Fuel in Energy Technology,energy_demand_enfu_subsector_total_pj_entc_fuel_oil
TX:ENTC:TARGET_RENEWABLE_ELEC_STRATEGY_LEP,Energy Demand by Fuel in Energy Technology,energy_demand_enfu_subsector_total_pj_entc_fuel_solar
TX:ENTC:TARGET_RENEWABLE_ELEC_STRATEGY_LEP,Energy Demand by Fuel in Energy Technology,energy_demand_enfu_subsector_total_pj_entc_fuel_wind
TX:ENTC:TARGET_RENEWABLE_ELEC_STRATEGY_LEP,Total Energy Demand by Fuel,energy_demand_enfu_total_fuel_biomass
TX:ENTC:TARGET_RENEWABLE_ELEC_STRATEGY_LEP,Total Energy Demand by Fuel,energy_demand_enfu_total_fuel_crude
TX:ENTC:TARGET_RENEWABLE_ELEC_STRATEGY_LEP,Total Energy Demand by Fuel,energy_demand_enfu_total_fuel_diesel
TX:ENTC:TARGET_RENEWABLE_ELEC_STRATEGY_LEP,Total Energy Demand by Fuel,energy_demand_enfu_total_fuel_electricity
TX:ENTC:TARGET_RENEWABLE_ELEC_STRATEGY_LEP,Total Energy Demand by Fuel,energy_demand_enfu_total_fuel_gasoline
TX:ENTC:TARGET_RENEWABLE_ELEC_STRATEGY_LEP,Total Energy Demand by Fuel,energy_demand_enfu_total_fuel_natural_gas
TX:ENTC:TARGET_RENEWABLE_ELEC_STRATEGY_LEP,Total Energy Demand by Fuel,energy_demand_enfu_total_fuel_oil
TX:ENTC:TARGET_RENEWABLE_ELEC_STRATEGY_LEP,Total Energy Demand by Fuel,energy_demand_enfu_total_fuel_solar
TX:ENTC:TARGET_RENEWABLE_ELEC_STRATEGY_LEP,Total Energy Demand by Fuel,energy_demand_enfu_total_fuel_wind
TX:ENTC:TARGET_RENEWABLE_ELEC_STRATEGY_LEP,Electrical Transmission Loss,energylost_enfu_transmission_loss_fuel_electricity_pj
TX:ENTC:TARGET_RENEWABLE_ELEC_STRATEGY_LEP,Adjusted Fuel Exports,exportsadj_enfu_fuel_hydrocarbon_gas_liquids
TX:ENTC:TARGET_RENEWABLE_ELEC_STRATEGY_LEP,Adjusted Fuel Exports,exportsadj_enfu_fuel_hydrogen
TX:ENTC:TARGET_RENEWABLE_ELEC_STRATEGY_LEP,Adjusted Fuel Exports,exportsadj_enfu_fuel_kerosene
TX:ENTC:TARGET_RENEWABLE_ELEC_STRATEGY_LEP,Fuel Imports,imports_enfu_fuel_diesel_pj
TX:ENTC:TARGET_RENEWABLE_ELEC_STRATEGY_LEP,Fuel Imports,imports_enfu_fuel_gasoline_pj
TX:ENTC:TARGET_RENEWABLE_ELEC_STRATEGY_LEP,Fuel Imports,imports_enfu_fuel_hydrocarbon_gas_liquids_pj
TX:ENTC:TARGET_RENEWABLE_ELEC_STRATEGY_LEP,Fuel Imports,imports_enfu_fuel_kerosene_pj
TX:ENTC:TARGET_RENEWABLE_ELEC_STRATEGY_LEP,Fuel Imports,imports_enfu_fuel_oil_pj
TX:ENTC:TARGET_RENEWABLE_ELEC_STRATEGY_LEP,NemoMod Production by Technology,nemomod_entc_annual_production_by_technology_pp_biomass
TX:ENTC:TARGET_RENEWABLE_ELEC_STRATEGY_LEP,NemoMod Production by Technology,nemomod_entc_annual_production_by_technology_pp_gas
TX:ENTC:TARGET_RENEWABLE_ELEC_STRATEGY_LEP,NemoMod Production by Technology,nemomod_entc_annual_production_by_technology_pp_oil
TX:ENTC:TARGET_RENEWABLE_ELEC_STRATEGY_LEP,NemoMod Production by Technology,nemomod_entc_annual_production_by_technology_pp_solar
TX:ENTC:TARGET_RENEWABLE_ELEC_STRATEGY_LEP,NemoMod Production by Technology,nemomod_entc_annual_production_by_technology_pp_wind
TX:ENTC:TARGET_RENEWABLE_ELEC_STRATEGY_LEP,NemoMod Discounted Capital Investment,nemomod_entc_discounted_capital_investment_pp_biogas
TX:ENTC:TARGET_RENEWABLE_ELEC_STRATEGY_LEP,NemoMod Discounted Capital Investment,nemomod_entc_discounted_capital_investment_pp_biomass
TX:ENTC:TARGET_RENEWABLE_ELEC_STRATEGY_LEP,NemoMod Discounted Capital Investment,nemomod_entc_discounted_capital_investment_pp_gas
TX:ENTC:TARGET_RENEWABLE_ELEC_STRATEGY_LEP,NemoMod Discounted Capital Investment,nemomod_entc_discounted_capital_investment_pp_oil
TX:ENTC:TARGET_RENEWABLE_ELEC_STRATEGY_LEP,NemoMod Discounted Capital Investment,nemomod_entc_discounted_capital_investment_pp_solar
TX:ENTC:TARGET_RENEWABLE_ELEC_STRATEGY_LEP,NemoMod Discounted Capital Investment,nemomod_entc_discounted_capital_investment_pp_waste_incineration
TX:ENTC:TARGET_RENEWABLE_ELEC_STRATEGY_LEP,NemoMod Discounted Capital Investment,nemomod_entc_discounted_capital_investment_pp_wind
TX:ENTC:TARGET_RENEWABLE_ELEC_STRATEGY_LEP,NemoMod Discounted Operating Costs,nemomod_entc_discounted_operating_costs_pp_biogas
TX:ENTC:TARGET_RENEWABLE_ELEC_STRATEGY_LEP,NemoMod Discounted Operating Costs,nemomod_entc_discounted_operating_costs_pp_biomass
TX:ENTC:TARGET_RENEWABLE_ELEC_STRATEGY_LEP,NemoMod Discounted Operating Costs,nemomod_entc_discounted_operating_costs_pp_gas
TX:ENTC:TARGET_RENEWABLE_ELEC_STRATEGY_LEP,NemoMod Discounted Operating Costs,nemomod_entc_discounted_operating_costs_pp_oil
TX:ENTC:TARGET_RENEWABLE_ELEC_STRATEGY_LEP,NemoMod Discounted Operating Costs,nemomod_entc_discounted_operating_costs_pp_solar
TX:ENTC:TARGET_RENEWABLE_ELEC_STRATEGY_LEP,NemoMod Discounted Operating Costs,nemomod_entc_discounted_operating_costs_pp_waste_incineration
TX:ENTC:TARGET_RENEWABLE_ELEC_STRATEGY_LEP,NemoMod Discounted Operating Costs,nemomod_entc_discounted_operating_costs_pp_wind
TX:ENTC:TARGET_RENEWABLE_ELEC_STRATEGY_LEP,NemoMod Generation Capacity,nemomod_entc_total_annual_generation_capacity_pp_biogas
TX:ENTC:TARGET_RENEWABLE_ELEC_STRATEGY_LEP,NemoMod Generation Capacity,nemomod_entc_total_annual_generation_capacity_pp_biomass
TX:ENTC:TARGET_RENEWABLE_ELEC_STRATEGY_LEP,NemoMod Generation Capacity,nemomod_entc_total_annual_generation_capacity_pp_gas
TX:ENTC:TARGET_RENEWABLE_ELEC_STRATEGY_LEP,NemoMod Generation Capacity,nemomod_entc_total_annual_generation_capacity_pp_oil
TX:ENTC:TARGET_RENEWABLE_ELEC_STRATEGY_LEP,NemoMod Generation Capacity,nemomod_entc_total_annual_generation_capacity_pp_solar
TX:ENTC:TARGET_RENEWABLE_ELEC_STRATEGY_LEP,NemoMod Generation Capacity,nemomod_entc_total_annual_generation_capacity_pp_waste_incineration
TX:ENTC:TARGET_RENEWABLE_ELEC_STRATEGY_LEP,NemoMod Generation Capacity,nemomod_entc_total_annual_generation_capacity_pp_wind
TX:ENTC:TARGET_RENEWABLE_ELEC_STRATEGY_LEP,Fuel Production,prod_enfu_fuel_diesel_pj
TX:ENTC:TARGET_RENEWABLE_ELEC_STRATEGY_LEP,Fuel Production,prod_enfu_fuel_electricity_pj
TX:ENTC:TARGET_RENEWABLE_ELEC_STRATEGY_LEP,Fuel Production,prod_enfu_fuel_gasoline_pj
TX:ENTC:TARGET_RENEWABLE_ELEC_STRATEGY_LEP,Fuel Production,prod_enfu_fuel_hydrocarbon_gas_liquids_pj
TX:ENTC:TARGET_RENEWABLE_ELEC_STRATEGY_LEP,Fuel Production,prod_enfu_fuel_kerosene_pj
TX:ENTC:TARGET_RENEWABLE_ELEC_STRATEGY_LEP,Fuel Production,prod_enfu_fuel_natural_gas_pj
TX:ENTC:TARGET_RENEWABLE_ELEC_STRATEGY_LEP,Fuel Production,prod_enfu_fuel_oil_pj
TX:ENTC:TARGET_RENEWABLE_ELEC_STRATEGY_LEP,Value of Fuel Consumed in Energy Technology,totalvalue_enfu_fuel_consumed_entc_fuel_biomass
TX:ENTC:TARGET_RENEWABLE_ELEC_STRATEGY_LEP,Value of Fuel Consumed in Energy Technology,totalvalue_enfu_fuel_consumed_entc_fuel_crude
TX:ENTC:TARGET_RENEWABLE_ELEC_STRATEGY_LEP,Value of Fuel Consumed in Energy Technology,totalvalue_enfu_fuel_consumed_entc_fuel_diesel
TX:ENTC:TARGET_RENEWABLE_ELEC_STRATEGY_LEP,Value of Fuel Consumed in Energy Technology,totalvalue_enfu_fuel_consumed_entc_fuel_electricity
TX:ENTC:TARGET_RENEWABLE_ELEC_STRATEGY_LEP,Value of Fuel Consumed in Energy Technology,totalvalue_enfu_fuel_consumed_entc_fuel_gasoline
TX:ENTC:TARGET_RENEWABLE_ELEC_STRATEGY_LEP,Value of Fuel Consumed in Energy Technology,totalvalue_enfu_fuel_consumed_entc_fuel_natural_gas
TX:ENTC:TARGET_RENEWABLE_ELEC_STRATEGY_LEP,Value of Fuel Consumed in Energy Technology,totalvalue_enfu_fuel_consumed_entc_fuel_oil
TX:ENTC:TARGET_RENEWABLE_ELEC_STRATEGY_NDC,NemoMod :math:\text{CH}_4 Emissions from Fuel Mining and Extraction,emission_co2e_ch4_entc_fuel_mining_and_extraction_me_coal
TX:ENTC:TARGET_RENEWABLE_ELEC_STRATEGY_NDC,NemoMod :math:\text{CH}_4 Emissions from Fuel Mining and Extraction,emission_co2e_ch4_entc_fuel_mining_and_extraction_me_natural_gas
TX:ENTC:TARGET_RENEWABLE_ELEC_STRATEGY_NDC,NemoMod :math:\text{CH}_4 Emissions from Electricity Generation for Energy Technology,emission_co2e_ch4_entc_generation_for_entc
TX:ENTC:TARGET_RENEWABLE_ELEC_STRATEGY_NDC,NemoMod :math:\text{CH}_4 Emissions from Electricity Generation for Export,emission_co2e_ch4_entc_generation_for_export
TX:ENTC:TARGET_RENEWABLE_ELEC_STRATEGY_NDC,NemoMod :math:\text{CH}_4 Emissions from Electricity Generation for Industrial Energy,emission_co2e_ch4_entc_generation_for_inen
TX:ENTC:TARGET_RENEWABLE_ELEC_STRATEGY_NDC,NemoMod :math:\text{CH}_4 Emissions from Electricity Generation for SCOE,emission_co2e_ch4_entc_generation_for_scoe
TX:ENTC:TARGET_RENEWABLE_ELEC_STRATEGY_NDC,NemoMod :math:\text{CH}_4 Emissions from Electricity Generation for Transportation,emission_co2e_ch4_entc_generation_for_trns
TX:ENTC:TARGET_RENEWABLE_ELEC_STRATEGY_NDC,NemoMod :math:\text{CH}_4 Emissions from Electricity Generation,emission_co2e_ch4_entc_generation_pp_biomass
TX:ENTC:TARGET_RENEWABLE_ELEC_STRATEGY_NDC,NemoMod :math:\text{CH}_4 Emissions from Electricity Generation,emission_co2e_ch4_entc_generation_pp_gas
TX:ENTC:TARGET_RENEWABLE_ELEC_STRATEGY_NDC,NemoMod :math:\text{CH}_4 Emissions from Electricity Generation,emission_co2e_ch4_entc_generation_pp_oil
TX:ENTC:TARGET_RENEWABLE_ELEC_STRATEGY_NDC,NemoMod :math:\text{CH}_4 Emissions from Fuel Processing and Refinement,emission_co2e_ch4_entc_processing_and_refinement_fp_natural_gas
TX:ENTC:TARGET_RENEWABLE_ELEC_STRATEGY_NDC,NemoMod :math:\text{CH}_4 Emissions from Fuel Processing and Refinement,emission_co2e_ch4_entc_processing_and_refinement_fp_petroleum_refinement
TX:ENTC:TARGET_RENEWABLE_ELEC_STRATEGY_NDC,:math:\text{CH}_4 Fugitive Emissions,emission_co2e_ch4_fgtv_fuel_coal
TX:ENTC:TARGET_RENEWABLE_ELEC_STRATEGY_NDC,:math:\text{CH}_4 Fugitive Emissions,emission_co2e_ch4_fgtv_fuel_natural_gas
TX:ENTC:TARGET_RENEWABLE_ELEC_STRATEGY_NDC,:math:\text{CH}_4 Fugitive Emissions,emission_co2e_ch4_fgtv_fuel_oil
TX:ENTC:TARGET_RENEWABLE_ELEC_STRATEGY_NDC,NemoMod :math:\text{CO}_2 Emissions from Electricity Generation for Energy Technology,emission_co2e_co2_entc_generation_for_entc
TX:ENTC:TARGET_RENEWABLE_ELEC_STRATEGY_NDC,NemoMod :math:\text{CO}_2 Emissions from Electricity Generation for Export,emission_co2e_co2_entc_generation_for_export
TX:ENTC:TARGET_RENEWABLE_ELEC_STRATEGY_NDC,NemoMod :math:\text{CO}_2 Emissions from Electricity Generation for Industrial Energy,emission_co2e_co2_entc_generation_for_inen
TX:ENTC:TARGET_RENEWABLE_ELEC_STRATEGY_NDC,NemoMod :math:\text{CO}_2 Emissions from Electricity Generation for SCOE,emission_co2e_co2_entc_generation_for_scoe
TX:ENTC:TARGET_RENEWABLE_ELEC_STRATEGY_NDC,NemoMod :math:\text{CO}_2 Emissions from Electricity Generation for Transportation,emission_co2e_co2_entc_generation_for_trns
TX:ENTC:TARGET_RENEWABLE_ELEC_STRATEGY_NDC,NemoMod :math:\text{CO}_2 Emissions from Electricity Generation,emission_co2e_co2_entc_generation_pp_biomass
TX:ENTC:TARGET_RENEWABLE_ELEC_STRATEGY_NDC,NemoMod :math:\text{CO}_2 Emissions from Electricity Generation,emission_co2e_co2_entc_generation_pp_gas
TX:ENTC:TARGET_RENEWABLE_ELEC_STRATEGY_NDC,NemoMod :math:\text{CO}_2 Emissions from Electricity Generation,emission_co2e_co2_entc_generation_pp_oil
TX:ENTC:TARGET_RENEWABLE_ELEC_STRATEGY_NDC,NemoMod :math:\text{CO}_2 Emissions from Fuel Mining and Extraction,emission_co2e_co2_entc_mining_and_extraction_me_coal
TX:ENTC:TARGET_RENEWABLE_ELEC_STRATEGY_NDC,NemoMod :math:\text{CO}_2 Emissions from Fuel Mining and Extraction,emission_co2e_co2_entc_mining_and_extraction_me_natural_gas
TX:ENTC:TARGET_RENEWABLE_ELEC_STRATEGY_NDC,NemoMod :math:\text{CO}_2 Non-Biomass Emissions from Fuel Processing and Refinement,emission_co2e_co2_entc_nbmass_processing_and_refinement_fp_hydrogen_gasification
TX:ENTC:TARGET_RENEWABLE_ELEC_STRATEGY_NDC,NemoMod :math:\text{CO}_2 Non-Biomass Emissions from Fuel Processing and Refinement,emission_co2e_co2_entc_nbmass_processing_and_refinement_fp_natural_gas
TX:ENTC:TARGET_RENEWABLE_ELEC_STRATEGY_NDC,NemoMod :math:\text{CO}_2 Non-Biomass Emissions from Fuel Processing and Refinement,emission_co2e_co2_entc_nbmass_processing_and_refinement_fp_petroleum_refinement
TX:ENTC:TARGET_RENEWABLE_ELEC_STRATEGY_NDC,:math:\text{CO}_2 Fugitive Emissions,emission_co2e_co2_fgtv_fuel_coal
TX:ENTC:TARGET_RENEWABLE_ELEC_STRATEGY_NDC,:math:\text{CO}_2 Fugitive Emissions,emission_co2e_co2_fgtv_fuel_natural_gas
TX:ENTC:TARGET_RENEWABLE_ELEC_STRATEGY_NDC,:math:\text{CO}_2 Fugitive Emissions,emission_co2e_co2_fgtv_fuel_oil
TX:ENTC:TARGET_RENEWABLE_ELEC_STRATEGY_NDC,NemoMod :math:\text{N}_2\text{O} Emissions from Fuel Mining and Extraction,emission_co2e_n2o_entc_fuel_mining_and_extraction_me_coal
TX:ENTC:TARGET_RENEWABLE_ELEC_STRATEGY_NDC,NemoMod :math:\text{N}_2\text{O} Emissions from Fuel Mining and Extraction,emission_co2e_n2o_entc_fuel_mining_and_extraction_me_natural_gas
TX:ENTC:TARGET_RENEWABLE_ELEC_STRATEGY_NDC,NemoMod :math:\text{N}_2\text{O} Emissions from Electricity Generation for Energy Technology,emission_co2e_n2o_entc_generation_for_entc
TX:ENTC:TARGET_RENEWABLE_ELEC_STRATEGY_NDC,NemoMod :math:\text{N}_2\text{O} Emissions from Electricity Generation for Export,emission_co2e_n2o_entc_generation_for_export
TX:ENTC:TARGET_RENEWABLE_ELEC_STRATEGY_NDC,NemoMod :math:\text{N}_2\text{O} Emissions from Electricity Generation for Industrial Energy,emission_co2e_n2o_entc_generation_for_inen
TX:ENTC:TARGET_RENEWABLE_ELEC_STRATEGY_NDC,NemoMod :math:\text{N}_2\text{O} Emissions from Electricity Generation for SCOE,emission_co2e_n2o_entc_generation_for_scoe
TX:ENTC:TARGET_RENEWABLE_ELEC_STRATEGY_NDC,NemoMod :math:\text{N}_2\text{O} Emissions from Electricity Generation for Transportation,emission_co2e_n2o_entc_generation_for_trns
TX:ENTC:TARGET_RENEWABLE_ELEC_STRATEGY_NDC,NemoMod :math:\text{N}_2\text{O} Emissions from Electricity Generation,emission_co2e_n2o_entc_generation_pp_biomass
TX:ENTC:TARGET_RENEWABLE_ELEC_STRATEGY_NDC,NemoMod :math:\text{N}_2\text{O} Emissions from Electricity Generation,emission_co2e_n2o_entc_generation_pp_gas
TX:ENTC:TARGET_RENEWABLE_ELEC_STRATEGY_NDC,NemoMod :math:\text{N}_2\text{O} Emissions from Electricity Generation,emission_co2e_n2o_entc_generation_pp_oil
TX:ENTC:TARGET_RENEWABLE_ELEC_STRATEGY_NDC,NemoMod :math:\text{N}_2\text{O} Emissions from Fuel Processing and Refinement,emission_co2e_n2o_entc_processing_and_refinement_fp_natural_gas
TX:ENTC:TARGET_RENEWABLE_ELEC_STRATEGY_NDC,NemoMod :math:\text{N}_2\text{O} Emissions from Fuel Processing and Refinement,emission_co2e_n2o_entc_processing_and_refinement_fp_petroleum_refinement
TX:ENTC:TARGET_RENEWABLE_ELEC_STRATEGY_NDC,:math:\text{N}_2\text{O} Fugitive Emissions,emission_co2e_n2o_fgtv_fuel_natural_gas
TX:ENTC:TARGET_RENEWABLE_ELEC_STRATEGY_NDC,:math:\text{N}_2\text{O} Fugitive Emissions,emission_co2e_n2o_fgtv_fuel_oil
TX:ENTC:TARGET_RENEWABLE_ELEC_STRATEGY_NDC,emission_co2e_subsector_total_entc,emission_co2e_subsector_total_entc
TX:ENTC:TARGET_RENEWABLE_ELEC_STRATEGY_NDC,emission_co2e_subsector_total_fgtv,emission_co2e_subsector_total_fgtv
TX:ENTC:TARGET_RENEWABLE_ELEC_STRATEGY_NDC,NMVOC Fugitive Emissions,emission_nongas_fgtv_kt_nmvoc_fuel_natural_gas
TX:ENTC:TARGET_RENEWABLE_ELEC_STRATEGY_NDC,NMVOC Fugitive Emissions,emission_nongas_fgtv_kt_nmvoc_fuel_oil
TX:ENTC:TARGET_RENEWABLE_ELEC_STRATEGY_NDC,Energy Demand by Fuel in Energy Technology,energy_demand_enfu_subsector_total_pj_entc_fuel_biomass
TX:ENTC:TARGET_RENEWABLE_ELEC_STRATEGY_NDC,Energy Demand by Fuel in Energy Technology,energy_demand_enfu_subsector_total_pj_entc_fuel_coal
TX:ENTC:TARGET_RENEWABLE_ELEC_STRATEGY_NDC,Energy Demand by Fuel in Energy Technology,energy_demand_enfu_subsector_total_pj_entc_fuel_crude
TX:ENTC:TARGET_RENEWABLE_ELEC_STRATEGY_NDC,Energy Demand by Fuel in Energy Technology,energy_demand_enfu_subsector_total_pj_entc_fuel_diesel
TX:ENTC:TARGET_RENEWABLE_ELEC_STRATEGY_NDC,Energy Demand by Fuel in Energy Technology,energy_demand_enfu_subsector_total_pj_entc_fuel_electricity
TX:ENTC:TARGET_RENEWABLE_ELEC_STRATEGY_NDC,Energy Demand by Fuel in Energy Technology,energy_demand_enfu_subsector_total_pj_entc_fuel_gasoline
TX:ENTC:TARGET_RENEWABLE_ELEC_STRATEGY_NDC,Energy Demand by Fuel in Energy Technology,energy_demand_enfu_subsector_total_pj_entc_fuel_hydrogen
TX:ENTC:TARGET_RENEWABLE_ELEC_STRATEGY_NDC,Energy Demand by Fuel in Energy Technology,energy_demand_enfu_subsector_total_pj_entc_fuel_natural_gas
TX:ENTC:TARGET_RENEWABLE_ELEC_STRATEGY_NDC,Energy Demand by Fuel in Energy Technology,energy_demand_enfu_subsector_total_pj_entc_fuel_oil
TX:ENTC:TARGET_RENEWABLE_ELEC_STRATEGY_NDC,Energy Demand by Fuel in Energy Technology,energy_demand_enfu_subsector_total_pj_entc_fuel_solar
TX:ENTC:TARGET_RENEWABLE_ELEC_STRATEGY_NDC,Energy Demand by Fuel in Energy Technology,energy_demand_enfu_subsector_total_pj_entc_fuel_water
TX:ENTC:TARGET_RENEWABLE_ELEC_STRATEGY_NDC,Energy Demand by Fuel in Energy Technology,energy_demand_enfu_subsector_total_pj_entc_fuel_wind
TX:ENTC:TARGET_RENEWABLE_ELEC_STRATEGY_NDC,Total Energy Demand by Fuel,energy_demand_enfu_total_fuel_biomass
TX:ENTC:TARGET_RENEWABLE_ELEC_STRATEGY_NDC,Total Energy Demand by Fuel,energy_demand_enfu_total_fuel_coal
TX:ENTC:TARGET_RENEWABLE_ELEC_STRATEGY_NDC,Total Energy Demand by Fuel,energy_demand_enfu_total_fuel_crude
TX:ENTC:TARGET_RENEWABLE_ELEC_STRATEGY_NDC,Total Energy Demand by Fuel,energy_demand_enfu_total_fuel_diesel
TX:ENTC:TARGET_RENEWABLE_ELEC_STRATEGY_NDC,Total Energy Demand by Fuel,energy_demand_enfu_total_fuel_electricity
TX:ENTC:TARGET_RENEWABLE_ELEC_STRATEGY_NDC,Total Energy Demand by Fuel,energy_demand_enfu_total_fuel_gasoline
TX:ENTC:TARGET_RENEWABLE_ELEC_STRATEGY_NDC,Total Energy Demand by Fuel,energy_demand_enfu_total_fuel_hydrogen
TX:ENTC:TARGET_RENEWABLE_ELEC_STRATEGY_NDC,Total Energy Demand by Fuel,energy_demand_enfu_total_fuel_natural_gas
TX:ENTC:TARGET_RENEWABLE_ELEC_STRATEGY_NDC,Total Energy Demand by Fuel,energy_demand_enfu_total_fuel_oil
TX:ENTC:TARGET_RENEWABLE_ELEC_STRATEGY_NDC,Total Energy Demand by Fuel,energy_demand_enfu_total_fuel_solar
TX:ENTC:TARGET_RENEWABLE_ELEC_STRATEGY_NDC,Total Energy Demand by Fuel,energy_demand_enfu_total_fuel_water
TX:ENTC:TARGET_RENEWABLE_ELEC_STRATEGY_NDC,Total Energy Demand by Fuel,energy_demand_enfu_total_fuel_wind
TX:ENTC:TARGET_RENEWABLE_ELEC_STRATEGY_NDC,Electrical Transmission Loss,energylost_enfu_transmission_loss_fuel_electricity_pj
TX:ENTC:TARGET_RENEWABLE_ELEC_STRATEGY_NDC,Adjusted Fuel Exports,exportsadj_enfu_fuel_electricity
TX:ENTC:TARGET_RENEWABLE_ELEC_STRATEGY_NDC,Adjusted Fuel Exports,exportsadj_enfu_fuel_hydrocarbon_gas_liquids
TX:ENTC:TARGET_RENEWABLE_ELEC_STRATEGY_NDC,Adjusted Fuel Exports,exportsadj_enfu_fuel_hydrogen
TX:ENTC:TARGET_RENEWABLE_ELEC_STRATEGY_NDC,Adjusted Fuel Exports,exportsadj_enfu_fuel_kerosene
TX:ENTC:TARGET_RENEWABLE_ELEC_STRATEGY_NDC,Fuel Imports,imports_enfu_fuel_ammonia_pj
TX:ENTC:TARGET_RENEWABLE_ELEC_STRATEGY_NDC,Fuel Imports,imports_enfu_fuel_diesel_pj
TX:ENTC:TARGET_RENEWABLE_ELEC_STRATEGY_NDC,Fuel Imports,imports_enfu_fuel_gasoline_pj
TX:ENTC:TARGET_RENEWABLE_ELEC_STRATEGY_NDC,Fuel Imports,imports_enfu_fuel_hydrocarbon_gas_liquids_pj
TX:ENTC:TARGET_RENEWABLE_ELEC_STRATEGY_NDC,Fuel Imports,imports_enfu_fuel_kerosene_pj
TX:ENTC:TARGET_RENEWABLE_ELEC_STRATEGY_NDC,Fuel Imports,imports_enfu_fuel_oil_pj
TX:ENTC:TARGET_RENEWABLE_ELEC_STRATEGY_NDC,NemoMod Discounted Capital Investment Storage,nemomod_enst_discounted_capital_investment_st_batteries
TX:ENTC:TARGET_RENEWABLE_ELEC_STRATEGY_NDC,NemoMod Discounted Capital Investment Storage,nemomod_enst_discounted_capital_investment_st_compressed_air
TX:ENTC:TARGET_RENEWABLE_ELEC_STRATEGY_NDC,NemoMod Discounted Capital Investment Storage,nemomod_enst_discounted_capital_investment_st_pumped_hydro
TX:ENTC:TARGET_RENEWABLE_ELEC_STRATEGY_NDC,NemoMod Discounted Operating Costs Storage,nemomod_enst_discounted_operating_costs_st_batteries
TX:ENTC:TARGET_RENEWABLE_ELEC_STRATEGY_NDC,NemoMod Discounted Operating Costs Storage,nemomod_enst_discounted_operating_costs_st_compressed_air
TX:ENTC:TARGET_RENEWABLE_ELEC_STRATEGY_NDC,NemoMod Discounted Operating Costs Storage,nemomod_enst_discounted_operating_costs_st_pumped_hydro
TX:ENTC:TARGET_RENEWABLE_ELEC_STRATEGY_NDC,NemoMod Production by Technology,nemomod_entc_annual_production_by_technology_pp_biomass
TX:ENTC:TARGET_RENEWABLE_ELEC_STRATEGY_NDC,NemoMod Production by Technology,nemomod_entc_annual_production_by_technology_pp_gas
TX:ENTC:TARGET_RENEWABLE_ELEC_STRATEGY_NDC,NemoMod Production by Technology,nemomod_entc_annual_production_by_technology_pp_oil
TX:ENTC:TARGET_RENEWABLE_ELEC_STRATEGY_NDC,NemoMod Production by Technology,nemomod_entc_annual_production_by_technology_pp_solar
TX:ENTC:TARGET_RENEWABLE_ELEC_STRATEGY_NDC,NemoMod Production by Technology,nemomod_entc_annual_production_by_technology_pp_wind
TX:ENTC:TARGET_RENEWABLE_ELEC_STRATEGY_NDC,NemoMod Production by Technology,nemomod_entc_annual_production_by_technology_st_batteries
TX:ENTC:TARGET_RENEWABLE_ELEC_STRATEGY_NDC,NemoMod Production by Technology,nemomod_entc_annual_production_by_technology_st_compressed_air
TX:ENTC:TARGET_RENEWABLE_ELEC_STRATEGY_NDC,NemoMod Production by Technology,nemomod_entc_annual_production_by_technology_st_pumped_hydro
TX:ENTC:TARGET_RENEWABLE_ELEC_STRATEGY_NDC,NemoMod Discounted Capital Investment,nemomod_entc_discounted_capital_investment_pp_biogas
TX:ENTC:TARGET_RENEWABLE_ELEC_STRATEGY_NDC,NemoMod Discounted Capital Investment,nemomod_entc_discounted_capital_investment_pp_biomass
TX:ENTC:TARGET_RENEWABLE_ELEC_STRATEGY_NDC,NemoMod Discounted Capital Investment,nemomod_entc_discounted_capital_investment_pp_gas
TX:ENTC:TARGET_RENEWABLE_ELEC_STRATEGY_NDC,NemoMod Discounted Capital Investment,nemomod_entc_discounted_capital_investment_pp_oil
TX:ENTC:TARGET_RENEWABLE_ELEC_STRATEGY_NDC,NemoMod Discounted Capital Investment,nemomod_entc_discounted_capital_investment_pp_solar
TX:ENTC:TARGET_RENEWABLE_ELEC_STRATEGY_NDC,NemoMod Discounted Capital Investment,nemomod_entc_discounted_capital_investment_pp_waste_incineration
TX:ENTC:TARGET_RENEWABLE_ELEC_STRATEGY_NDC,NemoMod Discounted Capital Investment,nemomod_entc_discounted_capital_investment_pp_wind
TX:ENTC:TARGET_RENEWABLE_ELEC_STRATEGY_NDC,NemoMod Discounted Operating Costs,nemomod_entc_discounted_operating_costs_fp_hydrogen_electrolysis
TX:ENTC:TARGET_RENEWABLE_ELEC_STRATEGY_NDC,NemoMod Discounted Operating Costs,nemomod_entc_discounted_operating_costs_pp_biogas
TX:ENTC:TARGET_RENEWABLE_ELEC_STRATEGY_NDC,NemoMod Discounted Operating Costs,nemomod_entc_discounted_operating_costs_pp_biomass
TX:ENTC:TARGET_RENEWABLE_ELEC_STRATEGY_NDC,NemoMod Discounted Operating Costs,nemomod_entc_discounted_operating_costs_pp_gas
TX:ENTC:TARGET_RENEWABLE_ELEC_STRATEGY_NDC,NemoMod Discounted Operating Costs,nemomod_entc_discounted_operating_costs_pp_oil
TX:ENTC:TARGET_RENEWABLE_ELEC_STRATEGY_NDC,NemoMod Discounted Operating Costs,nemomod_entc_discounted_operating_costs_pp_solar
TX:ENTC:TARGET_RENEWABLE_ELEC_STRATEGY_NDC,NemoMod Discounted Operating Costs,nemomod_entc_discounted_operating_costs_pp_waste_incineration
TX:ENTC:TARGET_RENEWABLE_ELEC_STRATEGY_NDC,NemoMod Discounted Operating Costs,nemomod_entc_discounted_operating_costs_pp_wind
TX:ENTC:TARGET_RENEWABLE_ELEC_STRATEGY_NDC,NemoMod Generation Capacity,nemomod_entc_total_annual_generation_capacity_pp_biogas
TX:ENTC:TARGET_RENEWABLE_ELEC_STRATEGY_NDC,NemoMod Generation Capacity,nemomod_entc_total_annual_generation_capacity_pp_biomass
TX:ENTC:TARGET_RENEWABLE_ELEC_STRATEGY_NDC,NemoMod Generation Capacity,nemomod_entc_total_annual_generation_capacity_pp_gas
TX:ENTC:TARGET_RENEWABLE_ELEC_STRATEGY_NDC,NemoMod Generation Capacity,nemomod_entc_total_annual_generation_capacity_pp_oil
TX:ENTC:TARGET_RENEWABLE_ELEC_STRATEGY_NDC,NemoMod Generation Capacity,nemomod_entc_total_annual_generation_capacity_pp_solar
TX:ENTC:TARGET_RENEWABLE_ELEC_STRATEGY_NDC,NemoMod Generation Capacity,nemomod_entc_total_annual_generation_capacity_pp_waste_incineration
TX:ENTC:TARGET_RENEWABLE_ELEC_STRATEGY_NDC,NemoMod Generation Capacity,nemomod_entc_total_annual_generation_capacity_pp_wind
TX:ENTC:TARGET_RENEWABLE_ELEC_STRATEGY_NDC,Fuel Production,prod_enfu_fuel_ammonia_pj
TX:ENTC:TARGET_RENEWABLE_ELEC_STRATEGY_NDC,Fuel Production,prod_enfu_fuel_coal_pj
TX:ENTC:TARGET_RENEWABLE_ELEC_STRATEGY_NDC,Fuel Production,prod_enfu_fuel_diesel_pj
TX:ENTC:TARGET_RENEWABLE_ELEC_STRATEGY_NDC,Fuel Production,prod_enfu_fuel_electricity_pj
TX:ENTC:TARGET_RENEWABLE_ELEC_STRATEGY_NDC,Fuel Production,prod_enfu_fuel_gasoline_pj
TX:ENTC:TARGET_RENEWABLE_ELEC_STRATEGY_NDC,Fuel Production,prod_enfu_fuel_hydrocarbon_gas_liquids_pj
TX:ENTC:TARGET_RENEWABLE_ELEC_STRATEGY_NDC,Fuel Production,prod_enfu_fuel_hydrogen_pj
TX:ENTC:TARGET_RENEWABLE_ELEC_STRATEGY_NDC,Fuel Production,prod_enfu_fuel_kerosene_pj
TX:ENTC:TARGET_RENEWABLE_ELEC_STRATEGY_NDC,Fuel Production,prod_enfu_fuel_natural_gas_pj
TX:ENTC:TARGET_RENEWABLE_ELEC_STRATEGY_NDC,Fuel Production,prod_enfu_fuel_oil_pj
TX:ENTC:TARGET_RENEWABLE_ELEC_STRATEGY_NDC,Value of Fuel Consumed in Energy Technology,totalvalue_enfu_fuel_consumed_entc_fuel_biomass
TX:ENTC:TARGET_RENEWABLE_ELEC_STRATEGY_NDC,Value of Fuel Consumed in Energy Technology,totalvalue_enfu_fuel_consumed_entc_fuel_coal
TX:ENTC:TARGET_RENEWABLE_ELEC_STRATEGY_NDC,Value of Fuel Consumed in Energy Technology,totalvalue_enfu_fuel_consumed_entc_fuel_crude
TX:ENTC:TARGET_RENEWABLE_ELEC_STRATEGY_NDC,Value of Fuel Consumed in Energy Technology,totalvalue_enfu_fuel_consumed_entc_fuel_diesel
TX:ENTC:TARGET_RENEWABLE_ELEC_STRATEGY_NDC,Value of Fuel Consumed in Energy Technology,totalvalue_enfu_fuel_consumed_entc_fuel_electricity
TX:ENTC:TARGET_RENEWABLE_ELEC_STRATEGY_NDC,Value of Fuel Consumed in Energy Technology,totalvalue_enfu_fuel_consumed_entc_fuel_gasoline
TX:ENTC:TARGET_RENEWABLE_ELEC_STRATEGY_NDC,Value of Fuel Consumed in Energy Technology,totalvalue_enfu_fuel_consumed_entc_fuel_hydrogen
TX:ENTC:TARGET_RENEWABLE_ELEC_STRATEGY_NDC,Value of Fuel Consumed in Energy Technology,totalvalue_enfu_fuel_consumed_entc_fuel_natural_gas
TX:ENTC:TARGET_RENEWABLE_ELEC_STRATEGY_NDC,Value of Fuel Consumed in Energy Technology,totalvalue_enfu_fuel_consumed_entc_fuel_oil
TX:FGTV:DEC_LEAKS,:math:\text{CH}_4 Fugitive Emissions,emission_co2e_ch4_fgtv_fuel_natural_gas
TX:FGTV:DEC_LEAKS,:math:\text{CH}_4 Fugitive Emissions,emission_co2e_ch4_fgtv_fuel_oil
TX:FGTV:DEC_LEAKS,:math:\text{CO}_2 Fugitive Emissions,emission_co2e_co2_fgtv_fuel_natural_gas
TX:FGTV:DEC_LEAKS,:math:\text{CO}_2 Fugitive Emissions,emission_co2e_co2_fgtv_fuel_oil
TX:FGTV:DEC_LEAKS,:math:\text{N}_2\text{O} Fugitive Emissions,emission_co2e_n2o_fgtv_fuel_oil
TX:FGTV:DEC_LEAKS,emission_co2e_subsector_total_fgtv,emission_co2e_subsector_total_fgtv
TX:FGTV:DEC_LEAKS,NMVOC Fugitive Emissions,emission_nongas_fgtv_kt_nmvoc_fuel_natural_gas
TX:FGTV:DEC_LEAKS,NMVOC Fugitive Emissions,emission_nongas_fgtv_kt_nmvoc_fuel_oil
TX:FGTV:DEC_LEAKS,Adjusted Fuel Exports,exportsadj_enfu_fuel_hydrogen
TX:FGTV:DEC_LEAKS,NemoMod Production by Technology,nemomod_entc_annual_production_by_technology_pp_biomass
TX:FGTV:DEC_LEAKS,NemoMod Production by Technology,nemomod_entc_annual_production_by_technology_pp_wind
TX:FGTV:DEC_LEAKS_STRATEGY_CONDITIONAL,:math:\text{CH}_4 Fugitive Emissions,emission_co2e_ch4_fgtv_fuel_natural_gas
TX:FGTV:DEC_LEAKS_STRATEGY_CONDITIONAL,:math:\text{CH}_4 Fugitive Emissions,emission_co2e_ch4_fgtv_fuel_oil
TX:FGTV:DEC_LEAKS_STRATEGY_CONDITIONAL,:math:\text{CO}_2 Fugitive Emissions,emission_co2e_co2_fgtv_fuel_natural_gas
TX:FGTV:DEC_LEAKS_STRATEGY_CONDITIONAL,:math:\text{CO}_2 Fugitive Emissions,emission_co2e_co2_fgtv_fuel_oil
TX:FGTV:DEC_LEAKS_STRATEGY_CONDITIONAL,:math:\text{N}_2\text{O} Fugitive Emissions,emission_co2e_n2o_fgtv_fuel_oil
TX:FGTV:DEC_LEAKS_STRATEGY_CONDITIONAL,emission_co2e_subsector_total_fgtv,emission_co2e_subsector_total_fgtv
TX:FGTV:DEC_LEAKS_STRATEGY_CONDITIONAL,NMVOC Fugitive Emissions,emission_nongas_fgtv_kt_nmvoc_fuel_natural_gas
TX:FGTV:DEC_LEAKS_STRATEGY_CONDITIONAL,NMVOC Fugitive Emissions,emission_nongas_fgtv_kt_nmvoc_fuel_oil
TX:FGTV:DEC_LEAKS_STRATEGY_CONDITIONAL,Adjusted Fuel Exports,exportsadj_enfu_fuel_hydrogen
TX:FGTV:DEC_LEAKS_STRATEGY_CONDITIONAL,NemoMod Production by Technology,nemomod_entc_annual_production_by_technology_pp_biomass
TX:FGTV:DEC_LEAKS_STRATEGY_LEP,:math:\text{CH}_4 Fugitive Emissions,emission_co2e_ch4_fgtv_fuel_natural_gas
TX:FGTV:DEC_LEAKS_STRATEGY_LEP,:math:\text{CH}_4 Fugitive Emissions,emission_co2e_ch4_fgtv_fuel_oil
TX:FGTV:DEC_LEAKS_STRATEGY_LEP,:math:\text{CO}_2 Fugitive Emissions,emission_co2e_co2_fgtv_fuel_natural_gas
TX:FGTV:DEC_LEAKS_STRATEGY_LEP,:math:\text{CO}_2 Fugitive Emissions,emission_co2e_co2_fgtv_fuel_oil
TX:FGTV:DEC_LEAKS_STRATEGY_LEP,:math:\text{N}_2\text{O} Fugitive Emissions,emission_co2e_n2o_fgtv_fuel_oil
TX:FGTV:DEC_LEAKS_STRATEGY_LEP,emission_co2e_subsector_total_fgtv,emission_co2e_subsector_total_fgtv
TX:FGTV:DEC_LEAKS_STRATEGY_LEP,NMVOC Fugitive Emissions,emission_nongas_fgtv_kt_nmvoc_fuel_natural_gas
TX:FGTV:DEC_LEAKS_STRATEGY_LEP,NMVOC Fugitive Emissions,emission_nongas_fgtv_kt_nmvoc_fuel_oil
TX:FGTV:DEC_LEAKS_STRATEGY_LEP,Adjusted Fuel Exports,exportsadj_enfu_fuel_hydrogen
TX:FGTV:DEC_LEAKS_STRATEGY_LEP,NemoMod Production by Technology,nemomod_entc_annual_production_by_technology_pp_biomass
TX:FGTV:DEC_LEAKS_STRATEGY_LEP,NemoMod Production by Technology,nemomod_entc_annual_production_by_technology_st_flywheels
TX:FGTV:DEC_LEAKS_STRATEGY_NDC,:math:\text{CH}_4 Fugitive Emissions,emission_co2e_ch4_fgtv_fuel_natural_gas
TX:FGTV:DEC_LEAKS_STRATEGY_NDC,:math:\text{CH}_4 Fugitive Emissions,emission_co2e_ch4_fgtv_fuel_oil
TX:FGTV:DEC_LEAKS_STRATEGY_NDC,:math:\text{CO}_2 Fugitive Emissions,emission_co2e_co2_fgtv_fuel_natural_gas
TX:FGTV:DEC_LEAKS_STRATEGY_NDC,:math:\text{CO}_2 Fugitive Emissions,emission_co2e_co2_fgtv_fuel_oil
TX:FGTV:DEC_LEAKS_STRATEGY_NDC,:math:\text{N}_2\text{O} Fugitive Emissions,emission_co2e_n2o_fgtv_fuel_oil
TX:FGTV:DEC_LEAKS_STRATEGY_NDC,emission_co2e_subsector_total_fgtv,emission_co2e_subsector_total_fgtv
TX:FGTV:DEC_LEAKS_STRATEGY_NDC,NMVOC Fugitive Emissions,emission_nongas_fgtv_kt_nmvoc_fuel_natural_gas
TX:FGTV:DEC_LEAKS_STRATEGY_NDC,NMVOC Fugitive Emissions,emission_nongas_fgtv_kt_nmvoc_fuel_oil
TX:FGTV:DEC_LEAKS_STRATEGY_NDC,Adjusted Fuel Exports,exportsadj_enfu_fuel_hydrogen
TX:FGTV:DEC_LEAKS_STRATEGY_NDC,NemoMod Production by Technology,nemomod_entc_annual_production_by_technology_pp_biomass
TX:FGTV:INC_FLARE,:math:\text{CH}_4 Fugitive Emissions,emission_co2e_ch4_fgtv_fuel_coal
TX:FGTV:INC_FLARE,:math:\text{CH}_4 Fugitive Emissions,emission_co2e_ch4_fgtv_fuel_oil
TX:FGTV:INC_FLARE,:math:\text{CO}_2 Fugitive Emissions,emission_co2e_co2_fgtv_fuel_coal
TX:FGTV:INC_FLARE,:math:\text{CO}_2 Fugitive Emissions,emission_co2e_co2_fgtv_fuel_oil
TX:FGTV:INC_FLARE,:math:\text{N}_2\text{O} Fugitive Emissions,emission_co2e_n2o_fgtv_fuel_oil
TX:FGTV:INC_FLARE,emission_co2e_subsector_total_fgtv,emission_co2e_subsector_total_fgtv
TX:FGTV:INC_FLARE,NMVOC Fugitive Emissions,emission_nongas_fgtv_kt_nmvoc_fuel_oil
TX:FGTV:INC_FLARE_STRATEGY_CONDITIONAL,:math:\text{CH}_4 Fugitive Emissions,emission_co2e_ch4_fgtv_fuel_coal
TX:FGTV:INC_FLARE_STRATEGY_CONDITIONAL,:math:\text{CH}_4 Fugitive Emissions,emission_co2e_ch4_fgtv_fuel_oil
TX:FGTV:INC_FLARE_STRATEGY_CONDITIONAL,:math:\text{CO}_2 Fugitive Emissions,emission_co2e_co2_fgtv_fuel_coal
TX:FGTV:INC_FLARE_STRATEGY_CONDITIONAL,:math:\text{CO}_2 Fugitive Emissions,emission_co2e_co2_fgtv_fuel_oil
TX:FGTV:INC_FLARE_STRATEGY_CONDITIONAL,:math:\text{N}_2\text{O} Fugitive Emissions,emission_co2e_n2o_fgtv_fuel_oil
TX:FGTV:INC_FLARE_STRATEGY_CONDITIONAL,emission_co2e_subsector_total_fgtv,emission_co2e_subsector_total_fgtv
TX:FGTV:INC_FLARE_STRATEGY_CONDITIONAL,NMVOC Fugitive Emissions,emission_nongas_fgtv_kt_nmvoc_fuel_oil
TX:FGTV:INC_FLARE_STRATEGY_LEP,:math:\text{CH}_4 Fugitive Emissions,emission_co2e_ch4_fgtv_fuel_coal
TX:FGTV:INC_FLARE_STRATEGY_LEP,:math:\text{CH}_4 Fugitive Emissions,emission_co2e_ch4_fgtv_fuel_oil
TX:FGTV:INC_FLARE_STRATEGY_LEP,:math:\text{CO}_2 Fugitive Emissions,emission_co2e_co2_fgtv_fuel_coal
TX:FGTV:INC_FLARE_STRATEGY_LEP,:math:\text{CO}_2 Fugitive Emissions,emission_co2e_co2_fgtv_fuel_oil
TX:FGTV:INC_FLARE_STRATEGY_LEP,:math:\text{N}_2\text{O} Fugitive Emissions,emission_co2e_n2o_fgtv_fuel_oil
TX:FGTV:INC_FLARE_STRATEGY_LEP,emission_co2e_subsector_total_fgtv,emission_co2e_subsector_total_fgtv
TX:FGTV:INC_FLARE_STRATEGY_LEP,NMVOC Fugitive Emissions,emission_nongas_fgtv_kt_nmvoc_fuel_oil
TX:FGTV:INC_FLARE_STRATEGY_NDC,:math:\text{CH}_4 Fugitive Emissions,emission_co2e_ch4_fgtv_fuel_coal
TX:FGTV:INC_FLARE_STRATEGY_NDC,:math:\text{CH}_4 Fugitive Emissions,emission_co2e_ch4_fgtv_fuel_oil
TX:FGTV:INC_FLARE_STRATEGY_NDC,:math:\text{CO}_2 Fugitive Emissions,emission_co2e_co2_fgtv_fuel_coal
TX:FGTV:INC_FLARE_STRATEGY_NDC,:math:\text{CO}_2 Fugitive Emissions,emission_co2e_co2_fgtv_fuel_oil
TX:FGTV:INC_FLARE_STRATEGY_NDC,:math:\text{N}_2\text{O} Fugitive Emissions,emission_co2e_n2o_fgtv_fuel_oil
TX:FGTV:INC_FLARE_STRATEGY_NDC,emission_co2e_subsector_total_fgtv,emission_co2e_subsector_total_fgtv
TX:FGTV:INC_FLARE_STRATEGY_NDC,NMVOC Fugitive Emissions,emission_nongas_fgtv_kt_nmvoc_fuel_oil
